fish_id,plane_idx,plane_label,z_idx,ncc_score,best_z,best_score
L395_f11,0,L395_f11_plane0_mcorrected_flipX,0,0.5807920098304749,124,0.8539106845855713
L395_f11,0,L395_f11_plane0_mcorrected_flipX,1,0.5726255178451538,124,0.8539106845855713
L395_f11,0,L395_f11_plane0_mcorrected_flipX,2,0.5623692870140076,124,0.8539106845855713
L395_f11,0,L395_f11_plane0_mcorrected_flipX,3,0.5496433973312378,124,0.8539106845855713
L395_f11,0,L395_f11_plane0_mcorrected_flipX,4,0.53727787733078,124,0.8539106845855713
L395_f11,0,L395_f11_plane0_mcorrected_flipX,5,0.5220603346824646,124,0.8539106845855713
L395_f11,0,L395_f11_plane0_mcorrected_flipX,6,0.5003971457481384,124,0.8539106845855713
L395_f11,0,L395_f11_plane0_mcorrected_flipX,7,0.48674076795578003,124,0.8539106845855713
L395_f11,0,L395_f11_plane0_mcorrected_flipX,8,0.4833989441394806,124,0.8539106845855713
L395_f11,0,L395_f11_plane0_mcorrected_flipX,9,0.49545037746429443,124,0.8539106845855713
L395_f11,0,L395_f11_plane0_mcorrected_flipX,10,0.5017890334129333,124,0.8539106845855713
L395_f11,0,L395_f11_plane0_mcorrected_flipX,11,0.5061652660369873,124,0.8539106845855713
L395_f11,0,L395_f11_plane0_mcorrected_flipX,12,0.5135884881019592,124,0.8539106845855713
L395_f11,0,L395_f11_plane0_mcorrected_flipX,13,0.5118175148963928,124,0.8539106845855713
L395_f11,0,L395_f11_plane0_mcorrected_flipX,14,0.5150381922721863,124,0.8539106845855713
L395_f11,0,L395_f11_plane0_mcorrected_flipX,15,0.5163326859474182,124,0.8539106845855713
L395_f11,0,L395_f11_plane0_mcorrected_flipX,16,0.5156035423278809,124,0.8539106845855713
L395_f11,0,L395_f11_plane0_mcorrected_flipX,17,0.5114591717720032,124,0.8539106845855713
L395_f11,0,L395_f11_plane0_mcorrected_flipX,18,0.5045406222343445,124,0.8539106845855713
L395_f11,0,L395_f11_plane0_mcorrected_flipX,19,0.4976973235607147,124,0.8539106845855713
L395_f11,0,L395_f11_plane0_mcorrected_flipX,20,0.5010059475898743,124,0.8539106845855713
L395_f11,0,L395_f11_plane0_mcorrected_flipX,21,0.5015894770622253,124,0.8539106845855713
L395_f11,0,L395_f11_plane0_mcorrected_flipX,22,0.5100634694099426,124,0.8539106845855713
L395_f11,0,L395_f11_plane0_mcorrected_flipX,23,0.5186082720756531,124,0.8539106845855713
L395_f11,0,L395_f11_plane0_mcorrected_flipX,24,0.5228409767150879,124,0.8539106845855713
L395_f11,0,L395_f11_plane0_mcorrected_flipX,25,0.5279809832572937,124,0.8539106845855713
L395_f11,0,L395_f11_plane0_mcorrected_flipX,26,0.5345457792282104,124,0.8539106845855713
L395_f11,0,L395_f11_plane0_mcorrected_flipX,27,0.5332310795783997,124,0.8539106845855713
L395_f11,0,L395_f11_plane0_mcorrected_flipX,28,0.5306897163391113,124,0.8539106845855713
L395_f11,0,L395_f11_plane0_mcorrected_flipX,29,0.5325264930725098,124,0.8539106845855713
L395_f11,0,L395_f11_plane0_mcorrected_flipX,30,0.5301129221916199,124,0.8539106845855713
L395_f11,0,L395_f11_plane0_mcorrected_flipX,31,0.5320884585380554,124,0.8539106845855713
L395_f11,0,L395_f11_plane0_mcorrected_flipX,32,0.5314631462097168,124,0.8539106845855713
L395_f11,0,L395_f11_plane0_mcorrected_flipX,33,0.5267146229743958,124,0.8539106845855713
L395_f11,0,L395_f11_plane0_mcorrected_flipX,34,0.5227930545806885,124,0.8539106845855713
L395_f11,0,L395_f11_plane0_mcorrected_flipX,35,0.5207476019859314,124,0.8539106845855713
L395_f11,0,L395_f11_plane0_mcorrected_flipX,36,0.5162100791931152,124,0.8539106845855713
L395_f11,0,L395_f11_plane0_mcorrected_flipX,37,0.5125091671943665,124,0.8539106845855713
L395_f11,0,L395_f11_plane0_mcorrected_flipX,38,0.5104174613952637,124,0.8539106845855713
L395_f11,0,L395_f11_plane0_mcorrected_flipX,39,0.5067794322967529,124,0.8539106845855713
L395_f11,0,L395_f11_plane0_mcorrected_flipX,40,0.5081393122673035,124,0.8539106845855713
L395_f11,0,L395_f11_plane0_mcorrected_flipX,41,0.5127468109130859,124,0.8539106845855713
L395_f11,0,L395_f11_plane0_mcorrected_flipX,42,0.5130582451820374,124,0.8539106845855713
L395_f11,0,L395_f11_plane0_mcorrected_flipX,43,0.5162825584411621,124,0.8539106845855713
L395_f11,0,L395_f11_plane0_mcorrected_flipX,44,0.5165788531303406,124,0.8539106845855713
L395_f11,0,L395_f11_plane0_mcorrected_flipX,45,0.5109158158302307,124,0.8539106845855713
L395_f11,0,L395_f11_plane0_mcorrected_flipX,46,0.5100461840629578,124,0.8539106845855713
L395_f11,0,L395_f11_plane0_mcorrected_flipX,47,0.513097882270813,124,0.8539106845855713
L395_f11,0,L395_f11_plane0_mcorrected_flipX,48,0.5134212970733643,124,0.8539106845855713
L395_f11,0,L395_f11_plane0_mcorrected_flipX,49,0.511020839214325,124,0.8539106845855713
L395_f11,0,L395_f11_plane0_mcorrected_flipX,50,0.5096412897109985,124,0.8539106845855713
L395_f11,0,L395_f11_plane0_mcorrected_flipX,51,0.5026193857192993,124,0.8539106845855713
L395_f11,0,L395_f11_plane0_mcorrected_flipX,52,0.4986075758934021,124,0.8539106845855713
L395_f11,0,L395_f11_plane0_mcorrected_flipX,53,0.49461090564727783,124,0.8539106845855713
L395_f11,0,L395_f11_plane0_mcorrected_flipX,54,0.49596863985061646,124,0.8539106845855713
L395_f11,0,L395_f11_plane0_mcorrected_flipX,55,0.49256500601768494,124,0.8539106845855713
L395_f11,0,L395_f11_plane0_mcorrected_flipX,56,0.48491159081459045,124,0.8539106845855713
L395_f11,0,L395_f11_plane0_mcorrected_flipX,57,0.4820326268672943,124,0.8539106845855713
L395_f11,0,L395_f11_plane0_mcorrected_flipX,58,0.4839411675930023,124,0.8539106845855713
L395_f11,0,L395_f11_plane0_mcorrected_flipX,59,0.4816921651363373,124,0.8539106845855713
L395_f11,0,L395_f11_plane0_mcorrected_flipX,60,0.4856889545917511,124,0.8539106845855713
L395_f11,0,L395_f11_plane0_mcorrected_flipX,61,0.47905951738357544,124,0.8539106845855713
L395_f11,0,L395_f11_plane0_mcorrected_flipX,62,0.48224833607673645,124,0.8539106845855713
L395_f11,0,L395_f11_plane0_mcorrected_flipX,63,0.49019598960876465,124,0.8539106845855713
L395_f11,0,L395_f11_plane0_mcorrected_flipX,64,0.49172917008399963,124,0.8539106845855713
L395_f11,0,L395_f11_plane0_mcorrected_flipX,65,0.48345425724983215,124,0.8539106845855713
L395_f11,0,L395_f11_plane0_mcorrected_flipX,66,0.4785720109939575,124,0.8539106845855713
L395_f11,0,L395_f11_plane0_mcorrected_flipX,67,0.47940996289253235,124,0.8539106845855713
L395_f11,0,L395_f11_plane0_mcorrected_flipX,68,0.4792617857456207,124,0.8539106845855713
L395_f11,0,L395_f11_plane0_mcorrected_flipX,69,0.48118579387664795,124,0.8539106845855713
L395_f11,0,L395_f11_plane0_mcorrected_flipX,70,0.47977644205093384,124,0.8539106845855713
L395_f11,0,L395_f11_plane0_mcorrected_flipX,71,0.4790651500225067,124,0.8539106845855713
L395_f11,0,L395_f11_plane0_mcorrected_flipX,72,0.48055779933929443,124,0.8539106845855713
L395_f11,0,L395_f11_plane0_mcorrected_flipX,73,0.47799643874168396,124,0.8539106845855713
L395_f11,0,L395_f11_plane0_mcorrected_flipX,74,0.4752940237522125,124,0.8539106845855713
L395_f11,0,L395_f11_plane0_mcorrected_flipX,75,0.4705677926540375,124,0.8539106845855713
L395_f11,0,L395_f11_plane0_mcorrected_flipX,76,0.46821334958076477,124,0.8539106845855713
L395_f11,0,L395_f11_plane0_mcorrected_flipX,77,0.47257286310195923,124,0.8539106845855713
L395_f11,0,L395_f11_plane0_mcorrected_flipX,78,0.4760407507419586,124,0.8539106845855713
L395_f11,0,L395_f11_plane0_mcorrected_flipX,79,0.4697863757610321,124,0.8539106845855713
L395_f11,0,L395_f11_plane0_mcorrected_flipX,80,0.46722733974456787,124,0.8539106845855713
L395_f11,0,L395_f11_plane0_mcorrected_flipX,81,0.4678443968296051,124,0.8539106845855713
L395_f11,0,L395_f11_plane0_mcorrected_flipX,82,0.46738579869270325,124,0.8539106845855713
L395_f11,0,L395_f11_plane0_mcorrected_flipX,83,0.4713483154773712,124,0.8539106845855713
L395_f11,0,L395_f11_plane0_mcorrected_flipX,84,0.4816395938396454,124,0.8539106845855713
L395_f11,0,L395_f11_plane0_mcorrected_flipX,85,0.4878479242324829,124,0.8539106845855713
L395_f11,0,L395_f11_plane0_mcorrected_flipX,86,0.49578824639320374,124,0.8539106845855713
L395_f11,0,L395_f11_plane0_mcorrected_flipX,87,0.5062375068664551,124,0.8539106845855713
L395_f11,0,L395_f11_plane0_mcorrected_flipX,88,0.5175264477729797,124,0.8539106845855713
L395_f11,0,L395_f11_plane0_mcorrected_flipX,89,0.5218532681465149,124,0.8539106845855713
L395_f11,0,L395_f11_plane0_mcorrected_flipX,90,0.528179407119751,124,0.8539106845855713
L395_f11,0,L395_f11_plane0_mcorrected_flipX,91,0.5335060954093933,124,0.8539106845855713
L395_f11,0,L395_f11_plane0_mcorrected_flipX,92,0.5357757806777954,124,0.8539106845855713
L395_f11,0,L395_f11_plane0_mcorrected_flipX,93,0.534635603427887,124,0.8539106845855713
L395_f11,0,L395_f11_plane0_mcorrected_flipX,94,0.535687267780304,124,0.8539106845855713
L395_f11,0,L395_f11_plane0_mcorrected_flipX,95,0.5328161120414734,124,0.8539106845855713
L395_f11,0,L395_f11_plane0_mcorrected_flipX,96,0.5289827585220337,124,0.8539106845855713
L395_f11,0,L395_f11_plane0_mcorrected_flipX,97,0.5316056609153748,124,0.8539106845855713
L395_f11,0,L395_f11_plane0_mcorrected_flipX,98,0.536064088344574,124,0.8539106845855713
L395_f11,0,L395_f11_plane0_mcorrected_flipX,99,0.5493026375770569,124,0.8539106845855713
L395_f11,0,L395_f11_plane0_mcorrected_flipX,100,0.5528255701065063,124,0.8539106845855713
L395_f11,0,L395_f11_plane0_mcorrected_flipX,101,0.5590137839317322,124,0.8539106845855713
L395_f11,0,L395_f11_plane0_mcorrected_flipX,102,0.5621110200881958,124,0.8539106845855713
L395_f11,0,L395_f11_plane0_mcorrected_flipX,103,0.5611974596977234,124,0.8539106845855713
L395_f11,0,L395_f11_plane0_mcorrected_flipX,104,0.5630337595939636,124,0.8539106845855713
L395_f11,0,L395_f11_plane0_mcorrected_flipX,105,0.5662911534309387,124,0.8539106845855713
L395_f11,0,L395_f11_plane0_mcorrected_flipX,106,0.5714757442474365,124,0.8539106845855713
L395_f11,0,L395_f11_plane0_mcorrected_flipX,107,0.5717014670372009,124,0.8539106845855713
L395_f11,0,L395_f11_plane0_mcorrected_flipX,108,0.5742818713188171,124,0.8539106845855713
L395_f11,0,L395_f11_plane0_mcorrected_flipX,109,0.575379490852356,124,0.8539106845855713
L395_f11,0,L395_f11_plane0_mcorrected_flipX,110,0.5827332139015198,124,0.8539106845855713
L395_f11,0,L395_f11_plane0_mcorrected_flipX,111,0.5887121558189392,124,0.8539106845855713
L395_f11,0,L395_f11_plane0_mcorrected_flipX,112,0.5960645079612732,124,0.8539106845855713
L395_f11,0,L395_f11_plane0_mcorrected_flipX,113,0.6034411787986755,124,0.8539106845855713
L395_f11,0,L395_f11_plane0_mcorrected_flipX,114,0.6094677448272705,124,0.8539106845855713
L395_f11,0,L395_f11_plane0_mcorrected_flipX,115,0.6199333667755127,124,0.8539106845855713
L395_f11,0,L395_f11_plane0_mcorrected_flipX,116,0.6287229657173157,124,0.8539106845855713
L395_f11,0,L395_f11_plane0_mcorrected_flipX,117,0.6422263979911804,124,0.8539106845855713
L395_f11,0,L395_f11_plane0_mcorrected_flipX,118,0.6568421125411987,124,0.8539106845855713
L395_f11,0,L395_f11_plane0_mcorrected_flipX,119,0.673099935054779,124,0.8539106845855713
L395_f11,0,L395_f11_plane0_mcorrected_flipX,120,0.7022804021835327,124,0.8539106845855713
L395_f11,0,L395_f11_plane0_mcorrected_flipX,121,0.7465966939926147,124,0.8539106845855713
L395_f11,0,L395_f11_plane0_mcorrected_flipX,122,0.788737416267395,124,0.8539106845855713
L395_f11,0,L395_f11_plane0_mcorrected_flipX,123,0.8322190046310425,124,0.8539106845855713
L395_f11,0,L395_f11_plane0_mcorrected_flipX,124,0.8539106845855713,124,0.8539106845855713
L395_f11,0,L395_f11_plane0_mcorrected_flipX,125,0.8366016149520874,124,0.8539106845855713
L395_f11,0,L395_f11_plane0_mcorrected_flipX,126,0.7943748235702515,124,0.8539106845855713
L395_f11,0,L395_f11_plane0_mcorrected_flipX,127,0.7432693839073181,124,0.8539106845855713
L395_f11,0,L395_f11_plane0_mcorrected_flipX,128,0.7002322673797607,124,0.8539106845855713
L395_f11,0,L395_f11_plane0_mcorrected_flipX,129,0.6692245006561279,124,0.8539106845855713
L395_f11,0,L395_f11_plane0_mcorrected_flipX,130,0.6537237167358398,124,0.8539106845855713
L395_f11,0,L395_f11_plane0_mcorrected_flipX,131,0.6417322158813477,124,0.8539106845855713
L395_f11,0,L395_f11_plane0_mcorrected_flipX,132,0.62724369764328,124,0.8539106845855713
L395_f11,0,L395_f11_plane0_mcorrected_flipX,133,0.6065512299537659,124,0.8539106845855713
L395_f11,0,L395_f11_plane0_mcorrected_flipX,134,0.5942755937576294,124,0.8539106845855713
L395_f11,0,L395_f11_plane0_mcorrected_flipX,135,0.5780981779098511,124,0.8539106845855713
L395_f11,0,L395_f11_plane0_mcorrected_flipX,136,0.5647739171981812,124,0.8539106845855713
L395_f11,0,L395_f11_plane0_mcorrected_flipX,137,0.5585213303565979,124,0.8539106845855713
L395_f11,0,L395_f11_plane0_mcorrected_flipX,138,0.5598194599151611,124,0.8539106845855713
L395_f11,0,L395_f11_plane0_mcorrected_flipX,139,0.5615994930267334,124,0.8539106845855713
L395_f11,0,L395_f11_plane0_mcorrected_flipX,140,0.5576673746109009,124,0.8539106845855713
L395_f11,0,L395_f11_plane0_mcorrected_flipX,141,0.5571205615997314,124,0.8539106845855713
L395_f11,0,L395_f11_plane0_mcorrected_flipX,142,0.5587100386619568,124,0.8539106845855713
L395_f11,0,L395_f11_plane0_mcorrected_flipX,143,0.5541683435440063,124,0.8539106845855713
L395_f11,0,L395_f11_plane0_mcorrected_flipX,144,0.555898129940033,124,0.8539106845855713
L395_f11,0,L395_f11_plane0_mcorrected_flipX,145,0.5567548274993896,124,0.8539106845855713
L395_f11,0,L395_f11_plane0_mcorrected_flipX,146,0.5555827021598816,124,0.8539106845855713
L395_f11,0,L395_f11_plane0_mcorrected_flipX,147,0.5512271523475647,124,0.8539106845855713
L395_f11,0,L395_f11_plane0_mcorrected_flipX,148,0.5473472476005554,124,0.8539106845855713
L395_f11,0,L395_f11_plane0_mcorrected_flipX,149,0.5340330004692078,124,0.8539106845855713
L395_f11,0,L395_f11_plane0_mcorrected_flipX,150,0.5393141508102417,124,0.8539106845855713
L395_f11,0,L395_f11_plane0_mcorrected_flipX,151,0.551337718963623,124,0.8539106845855713
L395_f11,0,L395_f11_plane0_mcorrected_flipX,152,0.560766339302063,124,0.8539106845855713
L395_f11,0,L395_f11_plane0_mcorrected_flipX,153,0.5653170347213745,124,0.8539106845855713
L395_f11,0,L395_f11_plane0_mcorrected_flipX,154,0.5680680871009827,124,0.8539106845855713
L395_f11,0,L395_f11_plane0_mcorrected_flipX,155,0.5689267516136169,124,0.8539106845855713
L395_f11,0,L395_f11_plane0_mcorrected_flipX,156,0.5659703016281128,124,0.8539106845855713
L395_f11,0,L395_f11_plane0_mcorrected_flipX,157,0.5606353878974915,124,0.8539106845855713
L395_f11,0,L395_f11_plane0_mcorrected_flipX,158,0.5547384023666382,124,0.8539106845855713
L395_f11,0,L395_f11_plane0_mcorrected_flipX,159,0.5504970550537109,124,0.8539106845855713
L395_f11,0,L395_f11_plane0_mcorrected_flipX,160,0.544959306716919,124,0.8539106845855713
L395_f11,0,L395_f11_plane0_mcorrected_flipX,161,0.5431205630302429,124,0.8539106845855713
L395_f11,0,L395_f11_plane0_mcorrected_flipX,162,0.5443074107170105,124,0.8539106845855713
L395_f11,0,L395_f11_plane0_mcorrected_flipX,163,0.547644853591919,124,0.8539106845855713
L395_f11,0,L395_f11_plane0_mcorrected_flipX,164,0.5472956895828247,124,0.8539106845855713
L395_f11,0,L395_f11_plane0_mcorrected_flipX,165,0.5504599809646606,124,0.8539106845855713
L395_f11,0,L395_f11_plane0_mcorrected_flipX,166,0.5528939962387085,124,0.8539106845855713
L395_f11,0,L395_f11_plane0_mcorrected_flipX,167,0.5619382262229919,124,0.8539106845855713
L395_f11,0,L395_f11_plane0_mcorrected_flipX,168,0.5625882744789124,124,0.8539106845855713
L395_f11,0,L395_f11_plane0_mcorrected_flipX,169,0.559386670589447,124,0.8539106845855713
L395_f11,0,L395_f11_plane0_mcorrected_flipX,170,0.5582717061042786,124,0.8539106845855713
L395_f11,0,L395_f11_plane0_mcorrected_flipX,171,0.5589805245399475,124,0.8539106845855713
L395_f11,0,L395_f11_plane0_mcorrected_flipX,172,0.5586668252944946,124,0.8539106845855713
L395_f11,0,L395_f11_plane0_mcorrected_flipX,173,0.5593851804733276,124,0.8539106845855713
L395_f11,0,L395_f11_plane0_mcorrected_flipX,174,0.5620079636573792,124,0.8539106845855713
L395_f11,0,L395_f11_plane0_mcorrected_flipX,175,0.565815269947052,124,0.8539106845855713
L395_f11,0,L395_f11_plane0_mcorrected_flipX,176,0.5659566521644592,124,0.8539106845855713
L395_f11,0,L395_f11_plane0_mcorrected_flipX,177,0.573218822479248,124,0.8539106845855713
L395_f11,0,L395_f11_plane0_mcorrected_flipX,178,0.5818449258804321,124,0.8539106845855713
L395_f11,0,L395_f11_plane0_mcorrected_flipX,179,0.5782687067985535,124,0.8539106845855713
L395_f11,0,L395_f11_plane0_mcorrected_flipX,180,0.5769587159156799,124,0.8539106845855713
L395_f11,0,L395_f11_plane0_mcorrected_flipX,181,0.5712217092514038,124,0.8539106845855713
L395_f11,0,L395_f11_plane0_mcorrected_flipX,182,0.5759583115577698,124,0.8539106845855713
L395_f11,0,L395_f11_plane0_mcorrected_flipX,183,0.5702407360076904,124,0.8539106845855713
L395_f11,0,L395_f11_plane0_mcorrected_flipX,184,0.5616265535354614,124,0.8539106845855713
L395_f11,0,L395_f11_plane0_mcorrected_flipX,185,0.5454769134521484,124,0.8539106845855713
L395_f11,0,L395_f11_plane0_mcorrected_flipX,186,0.5368790030479431,124,0.8539106845855713
L395_f11,0,L395_f11_plane0_mcorrected_flipX,187,0.5246915817260742,124,0.8539106845855713
L395_f11,0,L395_f11_plane0_mcorrected_flipX,188,0.5123676657676697,124,0.8539106845855713
L395_f11,0,L395_f11_plane0_mcorrected_flipX,189,0.4956945478916168,124,0.8539106845855713
L395_f11,0,L395_f11_plane0_mcorrected_flipX,190,0.48557597398757935,124,0.8539106845855713
L395_f11,0,L395_f11_plane0_mcorrected_flipX,191,0.5018369555473328,124,0.8539106845855713
L395_f11,0,L395_f11_plane0_mcorrected_flipX,192,0.5027729868888855,124,0.8539106845855713
L395_f11,0,L395_f11_plane0_mcorrected_flipX,193,0.4917064309120178,124,0.8539106845855713
L395_f11,0,L395_f11_plane0_mcorrected_flipX,194,0.4786316156387329,124,0.8539106845855713
L395_f11,0,L395_f11_plane0_mcorrected_flipX,195,0.513792872428894,124,0.8539106845855713
L395_f11,0,L395_f11_plane0_mcorrected_flipX,196,0.5237125754356384,124,0.8539106845855713
L395_f11,0,L395_f11_plane0_mcorrected_flipX,197,0.5227871537208557,124,0.8539106845855713
L395_f11,0,L395_f11_plane0_mcorrected_flipX,198,0.5310898423194885,124,0.8539106845855713
L395_f11,0,L395_f11_plane0_mcorrected_flipX,199,0.5416486263275146,124,0.8539106845855713
L395_f11,0,L395_f11_plane0_mcorrected_flipX,200,0.544619083404541,124,0.8539106845855713
L395_f11,0,L395_f11_plane0_mcorrected_flipX,201,0.547606348991394,124,0.8539106845855713
L395_f11,0,L395_f11_plane0_mcorrected_flipX,202,0.5608164072036743,124,0.8539106845855713
L395_f11,0,L395_f11_plane0_mcorrected_flipX,203,0.5514019131660461,124,0.8539106845855713
L395_f11,0,L395_f11_plane0_mcorrected_flipX,204,0.5637850165367126,124,0.8539106845855713
L395_f11,0,L395_f11_plane0_mcorrected_flipX,205,0.5686348080635071,124,0.8539106845855713
L395_f11,0,L395_f11_plane0_mcorrected_flipX,206,0.5529308319091797,124,0.8539106845855713
L395_f11,0,L395_f11_plane0_mcorrected_flipX,207,0.5486512184143066,124,0.8539106845855713
L395_f11,0,L395_f11_plane0_mcorrected_flipX,208,0.5414227843284607,124,0.8539106845855713
L395_f11,0,L395_f11_plane0_mcorrected_flipX,209,0.5523532629013062,124,0.8539106845855713
L395_f11,0,L395_f11_plane0_mcorrected_flipX,210,0.5456720590591431,124,0.8539106845855713
L395_f11,0,L395_f11_plane0_mcorrected_flipX,211,0.5546129941940308,124,0.8539106845855713
L395_f11,0,L395_f11_plane0_mcorrected_flipX,212,0.5585145950317383,124,0.8539106845855713
L395_f11,0,L395_f11_plane0_mcorrected_flipX,213,0.5127263069152832,124,0.8539106845855713
L395_f11,0,L395_f11_plane0_mcorrected_flipX,214,0.45016801357269287,124,0.8539106845855713
L395_f11,0,L395_f11_plane0_mcorrected_flipX,215,0.4376462996006012,124,0.8539106845855713
L395_f11,1,L395_f11_plane1_mcorrected_flipX,0,0.5581750273704529,122,0.8517797589302063
L395_f11,1,L395_f11_plane1_mcorrected_flipX,1,0.5516163110733032,122,0.8517797589302063
L395_f11,1,L395_f11_plane1_mcorrected_flipX,2,0.5418757796287537,122,0.8517797589302063
L395_f11,1,L395_f11_plane1_mcorrected_flipX,3,0.5310361981391907,122,0.8517797589302063
L395_f11,1,L395_f11_plane1_mcorrected_flipX,4,0.5168946981430054,122,0.8517797589302063
L395_f11,1,L395_f11_plane1_mcorrected_flipX,5,0.5003928542137146,122,0.8517797589302063
L395_f11,1,L395_f11_plane1_mcorrected_flipX,6,0.476976215839386,122,0.8517797589302063
L395_f11,1,L395_f11_plane1_mcorrected_flipX,7,0.4611837565898895,122,0.8517797589302063
L395_f11,1,L395_f11_plane1_mcorrected_flipX,8,0.45901399850845337,122,0.8517797589302063
L395_f11,1,L395_f11_plane1_mcorrected_flipX,9,0.47273877263069153,122,0.8517797589302063
L395_f11,1,L395_f11_plane1_mcorrected_flipX,10,0.48106133937835693,122,0.8517797589302063
L395_f11,1,L395_f11_plane1_mcorrected_flipX,11,0.486532062292099,122,0.8517797589302063
L395_f11,1,L395_f11_plane1_mcorrected_flipX,12,0.4924843907356262,122,0.8517797589302063
L395_f11,1,L395_f11_plane1_mcorrected_flipX,13,0.4894072711467743,122,0.8517797589302063
L395_f11,1,L395_f11_plane1_mcorrected_flipX,14,0.4887855350971222,122,0.8517797589302063
L395_f11,1,L395_f11_plane1_mcorrected_flipX,15,0.48704203963279724,122,0.8517797589302063
L395_f11,1,L395_f11_plane1_mcorrected_flipX,16,0.48397570848464966,122,0.8517797589302063
L395_f11,1,L395_f11_plane1_mcorrected_flipX,17,0.4767611622810364,122,0.8517797589302063
L395_f11,1,L395_f11_plane1_mcorrected_flipX,18,0.4684102237224579,122,0.8517797589302063
L395_f11,1,L395_f11_plane1_mcorrected_flipX,19,0.4699628949165344,122,0.8517797589302063
L395_f11,1,L395_f11_plane1_mcorrected_flipX,20,0.4756739139556885,122,0.8517797589302063
L395_f11,1,L395_f11_plane1_mcorrected_flipX,21,0.47218582034111023,122,0.8517797589302063
L395_f11,1,L395_f11_plane1_mcorrected_flipX,22,0.4755855202674866,122,0.8517797589302063
L395_f11,1,L395_f11_plane1_mcorrected_flipX,23,0.476695716381073,122,0.8517797589302063
L395_f11,1,L395_f11_plane1_mcorrected_flipX,24,0.4834066927433014,122,0.8517797589302063
L395_f11,1,L395_f11_plane1_mcorrected_flipX,25,0.4953653812408447,122,0.8517797589302063
L395_f11,1,L395_f11_plane1_mcorrected_flipX,26,0.5070424675941467,122,0.8517797589302063
L395_f11,1,L395_f11_plane1_mcorrected_flipX,27,0.5085376501083374,122,0.8517797589302063
L395_f11,1,L395_f11_plane1_mcorrected_flipX,28,0.5103809833526611,122,0.8517797589302063
L395_f11,1,L395_f11_plane1_mcorrected_flipX,29,0.5143129229545593,122,0.8517797589302063
L395_f11,1,L395_f11_plane1_mcorrected_flipX,30,0.5143224000930786,122,0.8517797589302063
L395_f11,1,L395_f11_plane1_mcorrected_flipX,31,0.5172316431999207,122,0.8517797589302063
L395_f11,1,L395_f11_plane1_mcorrected_flipX,32,0.5201398134231567,122,0.8517797589302063
L395_f11,1,L395_f11_plane1_mcorrected_flipX,33,0.5177760124206543,122,0.8517797589302063
L395_f11,1,L395_f11_plane1_mcorrected_flipX,34,0.5136131644248962,122,0.8517797589302063
L395_f11,1,L395_f11_plane1_mcorrected_flipX,35,0.5109333992004395,122,0.8517797589302063
L395_f11,1,L395_f11_plane1_mcorrected_flipX,36,0.5068081021308899,122,0.8517797589302063
L395_f11,1,L395_f11_plane1_mcorrected_flipX,37,0.502376139163971,122,0.8517797589302063
L395_f11,1,L395_f11_plane1_mcorrected_flipX,38,0.49957001209259033,122,0.8517797589302063
L395_f11,1,L395_f11_plane1_mcorrected_flipX,39,0.49538761377334595,122,0.8517797589302063
L395_f11,1,L395_f11_plane1_mcorrected_flipX,40,0.4922090172767639,122,0.8517797589302063
L395_f11,1,L395_f11_plane1_mcorrected_flipX,41,0.4937007427215576,122,0.8517797589302063
L395_f11,1,L395_f11_plane1_mcorrected_flipX,42,0.49437955021858215,122,0.8517797589302063
L395_f11,1,L395_f11_plane1_mcorrected_flipX,43,0.4943704903125763,122,0.8517797589302063
L395_f11,1,L395_f11_plane1_mcorrected_flipX,44,0.49352937936782837,122,0.8517797589302063
L395_f11,1,L395_f11_plane1_mcorrected_flipX,45,0.48965346813201904,122,0.8517797589302063
L395_f11,1,L395_f11_plane1_mcorrected_flipX,46,0.4882015287876129,122,0.8517797589302063
L395_f11,1,L395_f11_plane1_mcorrected_flipX,47,0.48509007692337036,122,0.8517797589302063
L395_f11,1,L395_f11_plane1_mcorrected_flipX,48,0.4803937077522278,122,0.8517797589302063
L395_f11,1,L395_f11_plane1_mcorrected_flipX,49,0.4769822657108307,122,0.8517797589302063
L395_f11,1,L395_f11_plane1_mcorrected_flipX,50,0.47507402300834656,122,0.8517797589302063
L395_f11,1,L395_f11_plane1_mcorrected_flipX,51,0.4687601625919342,122,0.8517797589302063
L395_f11,1,L395_f11_plane1_mcorrected_flipX,52,0.47157880663871765,122,0.8517797589302063
L395_f11,1,L395_f11_plane1_mcorrected_flipX,53,0.4727129340171814,122,0.8517797589302063
L395_f11,1,L395_f11_plane1_mcorrected_flipX,54,0.47003981471061707,122,0.8517797589302063
L395_f11,1,L395_f11_plane1_mcorrected_flipX,55,0.46457409858703613,122,0.8517797589302063
L395_f11,1,L395_f11_plane1_mcorrected_flipX,56,0.4633364677429199,122,0.8517797589302063
L395_f11,1,L395_f11_plane1_mcorrected_flipX,57,0.4595825672149658,122,0.8517797589302063
L395_f11,1,L395_f11_plane1_mcorrected_flipX,58,0.45925450325012207,122,0.8517797589302063
L395_f11,1,L395_f11_plane1_mcorrected_flipX,59,0.45993226766586304,122,0.8517797589302063
L395_f11,1,L395_f11_plane1_mcorrected_flipX,60,0.464928537607193,122,0.8517797589302063
L395_f11,1,L395_f11_plane1_mcorrected_flipX,61,0.46610936522483826,122,0.8517797589302063
L395_f11,1,L395_f11_plane1_mcorrected_flipX,62,0.4726009666919708,122,0.8517797589302063
L395_f11,1,L395_f11_plane1_mcorrected_flipX,63,0.4809213876724243,122,0.8517797589302063
L395_f11,1,L395_f11_plane1_mcorrected_flipX,64,0.48278969526290894,122,0.8517797589302063
L395_f11,1,L395_f11_plane1_mcorrected_flipX,65,0.4739777147769928,122,0.8517797589302063
L395_f11,1,L395_f11_plane1_mcorrected_flipX,66,0.47524723410606384,122,0.8517797589302063
L395_f11,1,L395_f11_plane1_mcorrected_flipX,67,0.4745815396308899,122,0.8517797589302063
L395_f11,1,L395_f11_plane1_mcorrected_flipX,68,0.47082018852233887,122,0.8517797589302063
L395_f11,1,L395_f11_plane1_mcorrected_flipX,69,0.46691519021987915,122,0.8517797589302063
L395_f11,1,L395_f11_plane1_mcorrected_flipX,70,0.46542730927467346,122,0.8517797589302063
L395_f11,1,L395_f11_plane1_mcorrected_flipX,71,0.46471282839775085,122,0.8517797589302063
L395_f11,1,L395_f11_plane1_mcorrected_flipX,72,0.4669199287891388,122,0.8517797589302063
L395_f11,1,L395_f11_plane1_mcorrected_flipX,73,0.4574572443962097,122,0.8517797589302063
L395_f11,1,L395_f11_plane1_mcorrected_flipX,74,0.4526500701904297,122,0.8517797589302063
L395_f11,1,L395_f11_plane1_mcorrected_flipX,75,0.4486567974090576,122,0.8517797589302063
L395_f11,1,L395_f11_plane1_mcorrected_flipX,76,0.44601476192474365,122,0.8517797589302063
L395_f11,1,L395_f11_plane1_mcorrected_flipX,77,0.44775885343551636,122,0.8517797589302063
L395_f11,1,L395_f11_plane1_mcorrected_flipX,78,0.45009198784828186,122,0.8517797589302063
L395_f11,1,L395_f11_plane1_mcorrected_flipX,79,0.44601643085479736,122,0.8517797589302063
L395_f11,1,L395_f11_plane1_mcorrected_flipX,80,0.4406927525997162,122,0.8517797589302063
L395_f11,1,L395_f11_plane1_mcorrected_flipX,81,0.44147980213165283,122,0.8517797589302063
L395_f11,1,L395_f11_plane1_mcorrected_flipX,82,0.4438348412513733,122,0.8517797589302063
L395_f11,1,L395_f11_plane1_mcorrected_flipX,83,0.44389811158180237,122,0.8517797589302063
L395_f11,1,L395_f11_plane1_mcorrected_flipX,84,0.45122164487838745,122,0.8517797589302063
L395_f11,1,L395_f11_plane1_mcorrected_flipX,85,0.45721712708473206,122,0.8517797589302063
L395_f11,1,L395_f11_plane1_mcorrected_flipX,86,0.46539580821990967,122,0.8517797589302063
L395_f11,1,L395_f11_plane1_mcorrected_flipX,87,0.47232845425605774,122,0.8517797589302063
L395_f11,1,L395_f11_plane1_mcorrected_flipX,88,0.48059436678886414,122,0.8517797589302063
L395_f11,1,L395_f11_plane1_mcorrected_flipX,89,0.48202696442604065,122,0.8517797589302063
L395_f11,1,L395_f11_plane1_mcorrected_flipX,90,0.48704349994659424,122,0.8517797589302063
L395_f11,1,L395_f11_plane1_mcorrected_flipX,91,0.4891566336154938,122,0.8517797589302063
L395_f11,1,L395_f11_plane1_mcorrected_flipX,92,0.49041396379470825,122,0.8517797589302063
L395_f11,1,L395_f11_plane1_mcorrected_flipX,93,0.49154311418533325,122,0.8517797589302063
L395_f11,1,L395_f11_plane1_mcorrected_flipX,94,0.4958688020706177,122,0.8517797589302063
L395_f11,1,L395_f11_plane1_mcorrected_flipX,95,0.4960612952709198,122,0.8517797589302063
L395_f11,1,L395_f11_plane1_mcorrected_flipX,96,0.49318036437034607,122,0.8517797589302063
L395_f11,1,L395_f11_plane1_mcorrected_flipX,97,0.49709460139274597,122,0.8517797589302063
L395_f11,1,L395_f11_plane1_mcorrected_flipX,98,0.5042386651039124,122,0.8517797589302063
L395_f11,1,L395_f11_plane1_mcorrected_flipX,99,0.5163857936859131,122,0.8517797589302063
L395_f11,1,L395_f11_plane1_mcorrected_flipX,100,0.5193019509315491,122,0.8517797589302063
L395_f11,1,L395_f11_plane1_mcorrected_flipX,101,0.5222592353820801,122,0.8517797589302063
L395_f11,1,L395_f11_plane1_mcorrected_flipX,102,0.5263485312461853,122,0.8517797589302063
L395_f11,1,L395_f11_plane1_mcorrected_flipX,103,0.5295305252075195,122,0.8517797589302063
L395_f11,1,L395_f11_plane1_mcorrected_flipX,104,0.5337160229682922,122,0.8517797589302063
L395_f11,1,L395_f11_plane1_mcorrected_flipX,105,0.540005624294281,122,0.8517797589302063
L395_f11,1,L395_f11_plane1_mcorrected_flipX,106,0.5459467172622681,122,0.8517797589302063
L395_f11,1,L395_f11_plane1_mcorrected_flipX,107,0.5452623963356018,122,0.8517797589302063
L395_f11,1,L395_f11_plane1_mcorrected_flipX,108,0.5445426106452942,122,0.8517797589302063
L395_f11,1,L395_f11_plane1_mcorrected_flipX,109,0.5518284440040588,122,0.8517797589302063
L395_f11,1,L395_f11_plane1_mcorrected_flipX,110,0.5658577680587769,122,0.8517797589302063
L395_f11,1,L395_f11_plane1_mcorrected_flipX,111,0.5718779563903809,122,0.8517797589302063
L395_f11,1,L395_f11_plane1_mcorrected_flipX,112,0.5793279409408569,122,0.8517797589302063
L395_f11,1,L395_f11_plane1_mcorrected_flipX,113,0.5964720845222473,122,0.8517797589302063
L395_f11,1,L395_f11_plane1_mcorrected_flipX,114,0.6082755923271179,122,0.8517797589302063
L395_f11,1,L395_f11_plane1_mcorrected_flipX,115,0.622433066368103,122,0.8517797589302063
L395_f11,1,L395_f11_plane1_mcorrected_flipX,116,0.6360040903091431,122,0.8517797589302063
L395_f11,1,L395_f11_plane1_mcorrected_flipX,117,0.6605350971221924,122,0.8517797589302063
L395_f11,1,L395_f11_plane1_mcorrected_flipX,118,0.6880360841751099,122,0.8517797589302063
L395_f11,1,L395_f11_plane1_mcorrected_flipX,119,0.7210739254951477,122,0.8517797589302063
L395_f11,1,L395_f11_plane1_mcorrected_flipX,120,0.7728701233863831,122,0.8517797589302063
L395_f11,1,L395_f11_plane1_mcorrected_flipX,121,0.8308824896812439,122,0.8517797589302063
L395_f11,1,L395_f11_plane1_mcorrected_flipX,122,0.8517797589302063,122,0.8517797589302063
L395_f11,1,L395_f11_plane1_mcorrected_flipX,123,0.8307947516441345,122,0.8517797589302063
L395_f11,1,L395_f11_plane1_mcorrected_flipX,124,0.7871759533882141,122,0.8517797589302063
L395_f11,1,L395_f11_plane1_mcorrected_flipX,125,0.7226235270500183,122,0.8517797589302063
L395_f11,1,L395_f11_plane1_mcorrected_flipX,126,0.6810937523841858,122,0.8517797589302063
L395_f11,1,L395_f11_plane1_mcorrected_flipX,127,0.6482430696487427,122,0.8517797589302063
L395_f11,1,L395_f11_plane1_mcorrected_flipX,128,0.6244316101074219,122,0.8517797589302063
L395_f11,1,L395_f11_plane1_mcorrected_flipX,129,0.6043954491615295,122,0.8517797589302063
L395_f11,1,L395_f11_plane1_mcorrected_flipX,130,0.5930644869804382,122,0.8517797589302063
L395_f11,1,L395_f11_plane1_mcorrected_flipX,131,0.5863960981369019,122,0.8517797589302063
L395_f11,1,L395_f11_plane1_mcorrected_flipX,132,0.57952481508255,122,0.8517797589302063
L395_f11,1,L395_f11_plane1_mcorrected_flipX,133,0.5663067698478699,122,0.8517797589302063
L395_f11,1,L395_f11_plane1_mcorrected_flipX,134,0.5510887503623962,122,0.8517797589302063
L395_f11,1,L395_f11_plane1_mcorrected_flipX,135,0.5318924188613892,122,0.8517797589302063
L395_f11,1,L395_f11_plane1_mcorrected_flipX,136,0.5239774584770203,122,0.8517797589302063
L395_f11,1,L395_f11_plane1_mcorrected_flipX,137,0.5262412428855896,122,0.8517797589302063
L395_f11,1,L395_f11_plane1_mcorrected_flipX,138,0.5298527479171753,122,0.8517797589302063
L395_f11,1,L395_f11_plane1_mcorrected_flipX,139,0.537450909614563,122,0.8517797589302063
L395_f11,1,L395_f11_plane1_mcorrected_flipX,140,0.5429128408432007,122,0.8517797589302063
L395_f11,1,L395_f11_plane1_mcorrected_flipX,141,0.5388678908348083,122,0.8517797589302063
L395_f11,1,L395_f11_plane1_mcorrected_flipX,142,0.532580554485321,122,0.8517797589302063
L395_f11,1,L395_f11_plane1_mcorrected_flipX,143,0.5257166624069214,122,0.8517797589302063
L395_f11,1,L395_f11_plane1_mcorrected_flipX,144,0.527395486831665,122,0.8517797589302063
L395_f11,1,L395_f11_plane1_mcorrected_flipX,145,0.5295490026473999,122,0.8517797589302063
L395_f11,1,L395_f11_plane1_mcorrected_flipX,146,0.5292844176292419,122,0.8517797589302063
L395_f11,1,L395_f11_plane1_mcorrected_flipX,147,0.5243374109268188,122,0.8517797589302063
L395_f11,1,L395_f11_plane1_mcorrected_flipX,148,0.5218421220779419,122,0.8517797589302063
L395_f11,1,L395_f11_plane1_mcorrected_flipX,149,0.5151339173316956,122,0.8517797589302063
L395_f11,1,L395_f11_plane1_mcorrected_flipX,150,0.5199192762374878,122,0.8517797589302063
L395_f11,1,L395_f11_plane1_mcorrected_flipX,151,0.5305144786834717,122,0.8517797589302063
L395_f11,1,L395_f11_plane1_mcorrected_flipX,152,0.5354697108268738,122,0.8517797589302063
L395_f11,1,L395_f11_plane1_mcorrected_flipX,153,0.5355885028839111,122,0.8517797589302063
L395_f11,1,L395_f11_plane1_mcorrected_flipX,154,0.5344116687774658,122,0.8517797589302063
L395_f11,1,L395_f11_plane1_mcorrected_flipX,155,0.5368776321411133,122,0.8517797589302063
L395_f11,1,L395_f11_plane1_mcorrected_flipX,156,0.5361918807029724,122,0.8517797589302063
L395_f11,1,L395_f11_plane1_mcorrected_flipX,157,0.5323027968406677,122,0.8517797589302063
L395_f11,1,L395_f11_plane1_mcorrected_flipX,158,0.5303919315338135,122,0.8517797589302063
L395_f11,1,L395_f11_plane1_mcorrected_flipX,159,0.5284069776535034,122,0.8517797589302063
L395_f11,1,L395_f11_plane1_mcorrected_flipX,160,0.5244476795196533,122,0.8517797589302063
L395_f11,1,L395_f11_plane1_mcorrected_flipX,161,0.5189687609672546,122,0.8517797589302063
L395_f11,1,L395_f11_plane1_mcorrected_flipX,162,0.5166218280792236,122,0.8517797589302063
L395_f11,1,L395_f11_plane1_mcorrected_flipX,163,0.5170427560806274,122,0.8517797589302063
L395_f11,1,L395_f11_plane1_mcorrected_flipX,164,0.5165045857429504,122,0.8517797589302063
L395_f11,1,L395_f11_plane1_mcorrected_flipX,165,0.5190128087997437,122,0.8517797589302063
L395_f11,1,L395_f11_plane1_mcorrected_flipX,166,0.5224528312683105,122,0.8517797589302063
L395_f11,1,L395_f11_plane1_mcorrected_flipX,167,0.5291091799736023,122,0.8517797589302063
L395_f11,1,L395_f11_plane1_mcorrected_flipX,168,0.5289595127105713,122,0.8517797589302063
L395_f11,1,L395_f11_plane1_mcorrected_flipX,169,0.5264219045639038,122,0.8517797589302063
L395_f11,1,L395_f11_plane1_mcorrected_flipX,170,0.5272390842437744,122,0.8517797589302063
L395_f11,1,L395_f11_plane1_mcorrected_flipX,171,0.5250580310821533,122,0.8517797589302063
L395_f11,1,L395_f11_plane1_mcorrected_flipX,172,0.5263760685920715,122,0.8517797589302063
L395_f11,1,L395_f11_plane1_mcorrected_flipX,173,0.5302951335906982,122,0.8517797589302063
L395_f11,1,L395_f11_plane1_mcorrected_flipX,174,0.531260073184967,122,0.8517797589302063
L395_f11,1,L395_f11_plane1_mcorrected_flipX,175,0.5383055806159973,122,0.8517797589302063
L395_f11,1,L395_f11_plane1_mcorrected_flipX,176,0.5402042865753174,122,0.8517797589302063
L395_f11,1,L395_f11_plane1_mcorrected_flipX,177,0.5442860722541809,122,0.8517797589302063
L395_f11,1,L395_f11_plane1_mcorrected_flipX,178,0.550723135471344,122,0.8517797589302063
L395_f11,1,L395_f11_plane1_mcorrected_flipX,179,0.5469805002212524,122,0.8517797589302063
L395_f11,1,L395_f11_plane1_mcorrected_flipX,180,0.5422829985618591,122,0.8517797589302063
L395_f11,1,L395_f11_plane1_mcorrected_flipX,181,0.5332500338554382,122,0.8517797589302063
L395_f11,1,L395_f11_plane1_mcorrected_flipX,182,0.538161039352417,122,0.8517797589302063
L395_f11,1,L395_f11_plane1_mcorrected_flipX,183,0.5298478603363037,122,0.8517797589302063
L395_f11,1,L395_f11_plane1_mcorrected_flipX,184,0.5243932604789734,122,0.8517797589302063
L395_f11,1,L395_f11_plane1_mcorrected_flipX,185,0.5136302709579468,122,0.8517797589302063
L395_f11,1,L395_f11_plane1_mcorrected_flipX,186,0.5041190385818481,122,0.8517797589302063
L395_f11,1,L395_f11_plane1_mcorrected_flipX,187,0.4908801317214966,122,0.8517797589302063
L395_f11,1,L395_f11_plane1_mcorrected_flipX,188,0.4789729118347168,122,0.8517797589302063
L395_f11,1,L395_f11_plane1_mcorrected_flipX,189,0.46399974822998047,122,0.8517797589302063
L395_f11,1,L395_f11_plane1_mcorrected_flipX,190,0.48161736130714417,122,0.8517797589302063
L395_f11,1,L395_f11_plane1_mcorrected_flipX,191,0.4984113872051239,122,0.8517797589302063
L395_f11,1,L395_f11_plane1_mcorrected_flipX,192,0.5016356110572815,122,0.8517797589302063
L395_f11,1,L395_f11_plane1_mcorrected_flipX,193,0.47690272331237793,122,0.8517797589302063
L395_f11,1,L395_f11_plane1_mcorrected_flipX,194,0.4608510136604309,122,0.8517797589302063
L395_f11,1,L395_f11_plane1_mcorrected_flipX,195,0.49874308705329895,122,0.8517797589302063
L395_f11,1,L395_f11_plane1_mcorrected_flipX,196,0.507587730884552,122,0.8517797589302063
L395_f11,1,L395_f11_plane1_mcorrected_flipX,197,0.5074853301048279,122,0.8517797589302063
L395_f11,1,L395_f11_plane1_mcorrected_flipX,198,0.5074712634086609,122,0.8517797589302063
L395_f11,1,L395_f11_plane1_mcorrected_flipX,199,0.5180387496948242,122,0.8517797589302063
L395_f11,1,L395_f11_plane1_mcorrected_flipX,200,0.5187991857528687,122,0.8517797589302063
L395_f11,1,L395_f11_plane1_mcorrected_flipX,201,0.5285242199897766,122,0.8517797589302063
L395_f11,1,L395_f11_plane1_mcorrected_flipX,202,0.5440092086791992,122,0.8517797589302063
L395_f11,1,L395_f11_plane1_mcorrected_flipX,203,0.5407527089118958,122,0.8517797589302063
L395_f11,1,L395_f11_plane1_mcorrected_flipX,204,0.5476859211921692,122,0.8517797589302063
L395_f11,1,L395_f11_plane1_mcorrected_flipX,205,0.5493072867393494,122,0.8517797589302063
L395_f11,1,L395_f11_plane1_mcorrected_flipX,206,0.535494327545166,122,0.8517797589302063
L395_f11,1,L395_f11_plane1_mcorrected_flipX,207,0.5345583558082581,122,0.8517797589302063
L395_f11,1,L395_f11_plane1_mcorrected_flipX,208,0.5289674401283264,122,0.8517797589302063
L395_f11,1,L395_f11_plane1_mcorrected_flipX,209,0.5391868948936462,122,0.8517797589302063
L395_f11,1,L395_f11_plane1_mcorrected_flipX,210,0.5280753374099731,122,0.8517797589302063
L395_f11,1,L395_f11_plane1_mcorrected_flipX,211,0.5356416702270508,122,0.8517797589302063
L395_f11,1,L395_f11_plane1_mcorrected_flipX,212,0.5315513610839844,122,0.8517797589302063
L395_f11,1,L395_f11_plane1_mcorrected_flipX,213,0.48036861419677734,122,0.8517797589302063
L395_f11,1,L395_f11_plane1_mcorrected_flipX,214,0.4189687669277191,122,0.8517797589302063
L395_f11,1,L395_f11_plane1_mcorrected_flipX,215,0.4064348340034485,122,0.8517797589302063
L395_f11,2,L395_f11_plane2_mcorrected_flipX,0,0.5564276576042175,118,0.8665862679481506
L395_f11,2,L395_f11_plane2_mcorrected_flipX,1,0.5475983619689941,118,0.8665862679481506
L395_f11,2,L395_f11_plane2_mcorrected_flipX,2,0.5347405672073364,118,0.8665862679481506
L395_f11,2,L395_f11_plane2_mcorrected_flipX,3,0.5226753950119019,118,0.8665862679481506
L395_f11,2,L395_f11_plane2_mcorrected_flipX,4,0.5057271122932434,118,0.8665862679481506
L395_f11,2,L395_f11_plane2_mcorrected_flipX,5,0.48988693952560425,118,0.8665862679481506
L395_f11,2,L395_f11_plane2_mcorrected_flipX,6,0.4690745770931244,118,0.8665862679481506
L395_f11,2,L395_f11_plane2_mcorrected_flipX,7,0.4597490131855011,118,0.8665862679481506
L395_f11,2,L395_f11_plane2_mcorrected_flipX,8,0.4549321234226227,118,0.8665862679481506
L395_f11,2,L395_f11_plane2_mcorrected_flipX,9,0.4644217789173126,118,0.8665862679481506
L395_f11,2,L395_f11_plane2_mcorrected_flipX,10,0.4719046652317047,118,0.8665862679481506
L395_f11,2,L395_f11_plane2_mcorrected_flipX,11,0.47855836153030396,118,0.8665862679481506
L395_f11,2,L395_f11_plane2_mcorrected_flipX,12,0.4827871322631836,118,0.8665862679481506
L395_f11,2,L395_f11_plane2_mcorrected_flipX,13,0.4764030873775482,118,0.8665862679481506
L395_f11,2,L395_f11_plane2_mcorrected_flipX,14,0.47544780373573303,118,0.8665862679481506
L395_f11,2,L395_f11_plane2_mcorrected_flipX,15,0.4783637225627899,118,0.8665862679481506
L395_f11,2,L395_f11_plane2_mcorrected_flipX,16,0.4832972586154938,118,0.8665862679481506
L395_f11,2,L395_f11_plane2_mcorrected_flipX,17,0.4860467314720154,118,0.8665862679481506
L395_f11,2,L395_f11_plane2_mcorrected_flipX,18,0.48261401057243347,118,0.8665862679481506
L395_f11,2,L395_f11_plane2_mcorrected_flipX,19,0.47801074385643005,118,0.8665862679481506
L395_f11,2,L395_f11_plane2_mcorrected_flipX,20,0.47849929332733154,118,0.8665862679481506
L395_f11,2,L395_f11_plane2_mcorrected_flipX,21,0.4694936275482178,118,0.8665862679481506
L395_f11,2,L395_f11_plane2_mcorrected_flipX,22,0.47116589546203613,118,0.8665862679481506
L395_f11,2,L395_f11_plane2_mcorrected_flipX,23,0.47439301013946533,118,0.8665862679481506
L395_f11,2,L395_f11_plane2_mcorrected_flipX,24,0.4751926362514496,118,0.8665862679481506
L395_f11,2,L395_f11_plane2_mcorrected_flipX,25,0.4744073450565338,118,0.8665862679481506
L395_f11,2,L395_f11_plane2_mcorrected_flipX,26,0.4802829325199127,118,0.8665862679481506
L395_f11,2,L395_f11_plane2_mcorrected_flipX,27,0.47952520847320557,118,0.8665862679481506
L395_f11,2,L395_f11_plane2_mcorrected_flipX,28,0.4812392294406891,118,0.8665862679481506
L395_f11,2,L395_f11_plane2_mcorrected_flipX,29,0.4878917336463928,118,0.8665862679481506
L395_f11,2,L395_f11_plane2_mcorrected_flipX,30,0.4897107183933258,118,0.8665862679481506
L395_f11,2,L395_f11_plane2_mcorrected_flipX,31,0.49760475754737854,118,0.8665862679481506
L395_f11,2,L395_f11_plane2_mcorrected_flipX,32,0.5063031315803528,118,0.8665862679481506
L395_f11,2,L395_f11_plane2_mcorrected_flipX,33,0.5096240639686584,118,0.8665862679481506
L395_f11,2,L395_f11_plane2_mcorrected_flipX,34,0.5108963847160339,118,0.8665862679481506
L395_f11,2,L395_f11_plane2_mcorrected_flipX,35,0.5106557607650757,118,0.8665862679481506
L395_f11,2,L395_f11_plane2_mcorrected_flipX,36,0.5056264400482178,118,0.8665862679481506
L395_f11,2,L395_f11_plane2_mcorrected_flipX,37,0.5014387965202332,118,0.8665862679481506
L395_f11,2,L395_f11_plane2_mcorrected_flipX,38,0.498201459646225,118,0.8665862679481506
L395_f11,2,L395_f11_plane2_mcorrected_flipX,39,0.49370506405830383,118,0.8665862679481506
L395_f11,2,L395_f11_plane2_mcorrected_flipX,40,0.48869195580482483,118,0.8665862679481506
L395_f11,2,L395_f11_plane2_mcorrected_flipX,41,0.48478081822395325,118,0.8665862679481506
L395_f11,2,L395_f11_plane2_mcorrected_flipX,42,0.48452991247177124,118,0.8665862679481506
L395_f11,2,L395_f11_plane2_mcorrected_flipX,43,0.48467767238616943,118,0.8665862679481506
L395_f11,2,L395_f11_plane2_mcorrected_flipX,44,0.48461437225341797,118,0.8665862679481506
L395_f11,2,L395_f11_plane2_mcorrected_flipX,45,0.4789963364601135,118,0.8665862679481506
L395_f11,2,L395_f11_plane2_mcorrected_flipX,46,0.47717541456222534,118,0.8665862679481506
L395_f11,2,L395_f11_plane2_mcorrected_flipX,47,0.4790332019329071,118,0.8665862679481506
L395_f11,2,L395_f11_plane2_mcorrected_flipX,48,0.48083043098449707,118,0.8665862679481506
L395_f11,2,L395_f11_plane2_mcorrected_flipX,49,0.48840901255607605,118,0.8665862679481506
L395_f11,2,L395_f11_plane2_mcorrected_flipX,50,0.4940662384033203,118,0.8665862679481506
L395_f11,2,L395_f11_plane2_mcorrected_flipX,51,0.4954111576080322,118,0.8665862679481506
L395_f11,2,L395_f11_plane2_mcorrected_flipX,52,0.4888095557689667,118,0.8665862679481506
L395_f11,2,L395_f11_plane2_mcorrected_flipX,53,0.4794939458370209,118,0.8665862679481506
L395_f11,2,L395_f11_plane2_mcorrected_flipX,54,0.4742888808250427,118,0.8665862679481506
L395_f11,2,L395_f11_plane2_mcorrected_flipX,55,0.47732189297676086,118,0.8665862679481506
L395_f11,2,L395_f11_plane2_mcorrected_flipX,56,0.4769116938114166,118,0.8665862679481506
L395_f11,2,L395_f11_plane2_mcorrected_flipX,57,0.47225791215896606,118,0.8665862679481506
L395_f11,2,L395_f11_plane2_mcorrected_flipX,58,0.4694240093231201,118,0.8665862679481506
L395_f11,2,L395_f11_plane2_mcorrected_flipX,59,0.46615269780158997,118,0.8665862679481506
L395_f11,2,L395_f11_plane2_mcorrected_flipX,60,0.4760432839393616,118,0.8665862679481506
L395_f11,2,L395_f11_plane2_mcorrected_flipX,61,0.4776594042778015,118,0.8665862679481506
L395_f11,2,L395_f11_plane2_mcorrected_flipX,62,0.4781759977340698,118,0.8665862679481506
L395_f11,2,L395_f11_plane2_mcorrected_flipX,63,0.4891613721847534,118,0.8665862679481506
L395_f11,2,L395_f11_plane2_mcorrected_flipX,64,0.493255615234375,118,0.8665862679481506
L395_f11,2,L395_f11_plane2_mcorrected_flipX,65,0.48311692476272583,118,0.8665862679481506
L395_f11,2,L395_f11_plane2_mcorrected_flipX,66,0.47270381450653076,118,0.8665862679481506
L395_f11,2,L395_f11_plane2_mcorrected_flipX,67,0.4638747572898865,118,0.8665862679481506
L395_f11,2,L395_f11_plane2_mcorrected_flipX,68,0.4583347737789154,118,0.8665862679481506
L395_f11,2,L395_f11_plane2_mcorrected_flipX,69,0.4566996097564697,118,0.8665862679481506
L395_f11,2,L395_f11_plane2_mcorrected_flipX,70,0.4598649740219116,118,0.8665862679481506
L395_f11,2,L395_f11_plane2_mcorrected_flipX,71,0.4646396338939667,118,0.8665862679481506
L395_f11,2,L395_f11_plane2_mcorrected_flipX,72,0.468282550573349,118,0.8665862679481506
L395_f11,2,L395_f11_plane2_mcorrected_flipX,73,0.4647168517112732,118,0.8665862679481506
L395_f11,2,L395_f11_plane2_mcorrected_flipX,74,0.46202829480171204,118,0.8665862679481506
L395_f11,2,L395_f11_plane2_mcorrected_flipX,75,0.4617367088794708,118,0.8665862679481506
L395_f11,2,L395_f11_plane2_mcorrected_flipX,76,0.4612763822078705,118,0.8665862679481506
L395_f11,2,L395_f11_plane2_mcorrected_flipX,77,0.4669269323348999,118,0.8665862679481506
L395_f11,2,L395_f11_plane2_mcorrected_flipX,78,0.47297030687332153,118,0.8665862679481506
L395_f11,2,L395_f11_plane2_mcorrected_flipX,79,0.4694236218929291,118,0.8665862679481506
L395_f11,2,L395_f11_plane2_mcorrected_flipX,80,0.4645005464553833,118,0.8665862679481506
L395_f11,2,L395_f11_plane2_mcorrected_flipX,81,0.46160778403282166,118,0.8665862679481506
L395_f11,2,L395_f11_plane2_mcorrected_flipX,82,0.46071887016296387,118,0.8665862679481506
L395_f11,2,L395_f11_plane2_mcorrected_flipX,83,0.456297904253006,118,0.8665862679481506
L395_f11,2,L395_f11_plane2_mcorrected_flipX,84,0.4621375501155853,118,0.8665862679481506
L395_f11,2,L395_f11_plane2_mcorrected_flipX,85,0.46526747941970825,118,0.8665862679481506
L395_f11,2,L395_f11_plane2_mcorrected_flipX,86,0.47333043813705444,118,0.8665862679481506
L395_f11,2,L395_f11_plane2_mcorrected_flipX,87,0.47778037190437317,118,0.8665862679481506
L395_f11,2,L395_f11_plane2_mcorrected_flipX,88,0.4832354485988617,118,0.8665862679481506
L395_f11,2,L395_f11_plane2_mcorrected_flipX,89,0.4824642241001129,118,0.8665862679481506
L395_f11,2,L395_f11_plane2_mcorrected_flipX,90,0.4827670454978943,118,0.8665862679481506
L395_f11,2,L395_f11_plane2_mcorrected_flipX,91,0.4872390925884247,118,0.8665862679481506
L395_f11,2,L395_f11_plane2_mcorrected_flipX,92,0.4937455654144287,118,0.8665862679481506
L395_f11,2,L395_f11_plane2_mcorrected_flipX,93,0.502478301525116,118,0.8665862679481506
L395_f11,2,L395_f11_plane2_mcorrected_flipX,94,0.5062852501869202,118,0.8665862679481506
L395_f11,2,L395_f11_plane2_mcorrected_flipX,95,0.5041733980178833,118,0.8665862679481506
L395_f11,2,L395_f11_plane2_mcorrected_flipX,96,0.5013437271118164,118,0.8665862679481506
L395_f11,2,L395_f11_plane2_mcorrected_flipX,97,0.5044602155685425,118,0.8665862679481506
L395_f11,2,L395_f11_plane2_mcorrected_flipX,98,0.5142191052436829,118,0.8665862679481506
L395_f11,2,L395_f11_plane2_mcorrected_flipX,99,0.5294439792633057,118,0.8665862679481506
L395_f11,2,L395_f11_plane2_mcorrected_flipX,100,0.5358229279518127,118,0.8665862679481506
L395_f11,2,L395_f11_plane2_mcorrected_flipX,101,0.5413439273834229,118,0.8665862679481506
L395_f11,2,L395_f11_plane2_mcorrected_flipX,102,0.5448452234268188,118,0.8665862679481506
L395_f11,2,L395_f11_plane2_mcorrected_flipX,103,0.5443400740623474,118,0.8665862679481506
L395_f11,2,L395_f11_plane2_mcorrected_flipX,104,0.54839688539505,118,0.8665862679481506
L395_f11,2,L395_f11_plane2_mcorrected_flipX,105,0.5557864308357239,118,0.8665862679481506
L395_f11,2,L395_f11_plane2_mcorrected_flipX,106,0.5674636363983154,118,0.8665862679481506
L395_f11,2,L395_f11_plane2_mcorrected_flipX,107,0.5750976800918579,118,0.8665862679481506
L395_f11,2,L395_f11_plane2_mcorrected_flipX,108,0.5819900035858154,118,0.8665862679481506
L395_f11,2,L395_f11_plane2_mcorrected_flipX,109,0.5946587324142456,118,0.8665862679481506
L395_f11,2,L395_f11_plane2_mcorrected_flipX,110,0.6132252812385559,118,0.8665862679481506
L395_f11,2,L395_f11_plane2_mcorrected_flipX,111,0.6274175047874451,118,0.8665862679481506
L395_f11,2,L395_f11_plane2_mcorrected_flipX,112,0.6444554924964905,118,0.8665862679481506
L395_f11,2,L395_f11_plane2_mcorrected_flipX,113,0.6655178070068359,118,0.8665862679481506
L395_f11,2,L395_f11_plane2_mcorrected_flipX,114,0.6890243887901306,118,0.8665862679481506
L395_f11,2,L395_f11_plane2_mcorrected_flipX,115,0.7278340458869934,118,0.8665862679481506
L395_f11,2,L395_f11_plane2_mcorrected_flipX,116,0.7719831466674805,118,0.8665862679481506
L395_f11,2,L395_f11_plane2_mcorrected_flipX,117,0.8260722756385803,118,0.8665862679481506
L395_f11,2,L395_f11_plane2_mcorrected_flipX,118,0.8665862679481506,118,0.8665862679481506
L395_f11,2,L395_f11_plane2_mcorrected_flipX,119,0.8517213463783264,118,0.8665862679481506
L395_f11,2,L395_f11_plane2_mcorrected_flipX,120,0.8042078614234924,118,0.8665862679481506
L395_f11,2,L395_f11_plane2_mcorrected_flipX,121,0.7528550624847412,118,0.8665862679481506
L395_f11,2,L395_f11_plane2_mcorrected_flipX,122,0.7124581336975098,118,0.8665862679481506
L395_f11,2,L395_f11_plane2_mcorrected_flipX,123,0.6775486469268799,118,0.8665862679481506
L395_f11,2,L395_f11_plane2_mcorrected_flipX,124,0.6537025570869446,118,0.8665862679481506
L395_f11,2,L395_f11_plane2_mcorrected_flipX,125,0.6341881155967712,118,0.8665862679481506
L395_f11,2,L395_f11_plane2_mcorrected_flipX,126,0.6226112246513367,118,0.8665862679481506
L395_f11,2,L395_f11_plane2_mcorrected_flipX,127,0.6091244220733643,118,0.8665862679481506
L395_f11,2,L395_f11_plane2_mcorrected_flipX,128,0.5939935445785522,118,0.8665862679481506
L395_f11,2,L395_f11_plane2_mcorrected_flipX,129,0.5762882232666016,118,0.8665862679481506
L395_f11,2,L395_f11_plane2_mcorrected_flipX,130,0.568245530128479,118,0.8665862679481506
L395_f11,2,L395_f11_plane2_mcorrected_flipX,131,0.5671435594558716,118,0.8665862679481506
L395_f11,2,L395_f11_plane2_mcorrected_flipX,132,0.561347246170044,118,0.8665862679481506
L395_f11,2,L395_f11_plane2_mcorrected_flipX,133,0.5480429530143738,118,0.8665862679481506
L395_f11,2,L395_f11_plane2_mcorrected_flipX,134,0.5329404473304749,118,0.8665862679481506
L395_f11,2,L395_f11_plane2_mcorrected_flipX,135,0.5278088450431824,118,0.8665862679481506
L395_f11,2,L395_f11_plane2_mcorrected_flipX,136,0.5344230532646179,118,0.8665862679481506
L395_f11,2,L395_f11_plane2_mcorrected_flipX,137,0.5458382964134216,118,0.8665862679481506
L395_f11,2,L395_f11_plane2_mcorrected_flipX,138,0.5508998036384583,118,0.8665862679481506
L395_f11,2,L395_f11_plane2_mcorrected_flipX,139,0.5555549263954163,118,0.8665862679481506
L395_f11,2,L395_f11_plane2_mcorrected_flipX,140,0.5533038377761841,118,0.8665862679481506
L395_f11,2,L395_f11_plane2_mcorrected_flipX,141,0.5443106889724731,118,0.8665862679481506
L395_f11,2,L395_f11_plane2_mcorrected_flipX,142,0.529434859752655,118,0.8665862679481506
L395_f11,2,L395_f11_plane2_mcorrected_flipX,143,0.5194358825683594,118,0.8665862679481506
L395_f11,2,L395_f11_plane2_mcorrected_flipX,144,0.5207803845405579,118,0.8665862679481506
L395_f11,2,L395_f11_plane2_mcorrected_flipX,145,0.5257808566093445,118,0.8665862679481506
L395_f11,2,L395_f11_plane2_mcorrected_flipX,146,0.522693395614624,118,0.8665862679481506
L395_f11,2,L395_f11_plane2_mcorrected_flipX,147,0.5200093388557434,118,0.8665862679481506
L395_f11,2,L395_f11_plane2_mcorrected_flipX,148,0.520662784576416,118,0.8665862679481506
L395_f11,2,L395_f11_plane2_mcorrected_flipX,149,0.5232647657394409,118,0.8665862679481506
L395_f11,2,L395_f11_plane2_mcorrected_flipX,150,0.5271278619766235,118,0.8665862679481506
L395_f11,2,L395_f11_plane2_mcorrected_flipX,151,0.5338680148124695,118,0.8665862679481506
L395_f11,2,L395_f11_plane2_mcorrected_flipX,152,0.532750129699707,118,0.8665862679481506
L395_f11,2,L395_f11_plane2_mcorrected_flipX,153,0.5311448574066162,118,0.8665862679481506
L395_f11,2,L395_f11_plane2_mcorrected_flipX,154,0.5333449244499207,118,0.8665862679481506
L395_f11,2,L395_f11_plane2_mcorrected_flipX,155,0.5399943590164185,118,0.8665862679481506
L395_f11,2,L395_f11_plane2_mcorrected_flipX,156,0.542477011680603,118,0.8665862679481506
L395_f11,2,L395_f11_plane2_mcorrected_flipX,157,0.5439817309379578,118,0.8665862679481506
L395_f11,2,L395_f11_plane2_mcorrected_flipX,158,0.5448253154754639,118,0.8665862679481506
L395_f11,2,L395_f11_plane2_mcorrected_flipX,159,0.542018711566925,118,0.8665862679481506
L395_f11,2,L395_f11_plane2_mcorrected_flipX,160,0.536824107170105,118,0.8665862679481506
L395_f11,2,L395_f11_plane2_mcorrected_flipX,161,0.5330407619476318,118,0.8665862679481506
L395_f11,2,L395_f11_plane2_mcorrected_flipX,162,0.5302919149398804,118,0.8665862679481506
L395_f11,2,L395_f11_plane2_mcorrected_flipX,163,0.525765061378479,118,0.8665862679481506
L395_f11,2,L395_f11_plane2_mcorrected_flipX,164,0.5222094058990479,118,0.8665862679481506
L395_f11,2,L395_f11_plane2_mcorrected_flipX,165,0.5139773488044739,118,0.8665862679481506
L395_f11,2,L395_f11_plane2_mcorrected_flipX,166,0.5049442052841187,118,0.8665862679481506
L395_f11,2,L395_f11_plane2_mcorrected_flipX,167,0.5091696977615356,118,0.8665862679481506
L395_f11,2,L395_f11_plane2_mcorrected_flipX,168,0.5089393854141235,118,0.8665862679481506
L395_f11,2,L395_f11_plane2_mcorrected_flipX,169,0.506717324256897,118,0.8665862679481506
L395_f11,2,L395_f11_plane2_mcorrected_flipX,170,0.5094777941703796,118,0.8665862679481506
L395_f11,2,L395_f11_plane2_mcorrected_flipX,171,0.5117929577827454,118,0.8665862679481506
L395_f11,2,L395_f11_plane2_mcorrected_flipX,172,0.516155481338501,118,0.8665862679481506
L395_f11,2,L395_f11_plane2_mcorrected_flipX,173,0.5174078345298767,118,0.8665862679481506
L395_f11,2,L395_f11_plane2_mcorrected_flipX,174,0.5212181806564331,118,0.8665862679481506
L395_f11,2,L395_f11_plane2_mcorrected_flipX,175,0.5291785001754761,118,0.8665862679481506
L395_f11,2,L395_f11_plane2_mcorrected_flipX,176,0.5324481129646301,118,0.8665862679481506
L395_f11,2,L395_f11_plane2_mcorrected_flipX,177,0.5342212915420532,118,0.8665862679481506
L395_f11,2,L395_f11_plane2_mcorrected_flipX,178,0.5367941856384277,118,0.8665862679481506
L395_f11,2,L395_f11_plane2_mcorrected_flipX,179,0.5360404849052429,118,0.8665862679481506
L395_f11,2,L395_f11_plane2_mcorrected_flipX,180,0.5330473184585571,118,0.8665862679481506
L395_f11,2,L395_f11_plane2_mcorrected_flipX,181,0.5274133086204529,118,0.8665862679481506
L395_f11,2,L395_f11_plane2_mcorrected_flipX,182,0.5284940004348755,118,0.8665862679481506
L395_f11,2,L395_f11_plane2_mcorrected_flipX,183,0.5205829739570618,118,0.8665862679481506
L395_f11,2,L395_f11_plane2_mcorrected_flipX,184,0.5096086859703064,118,0.8665862679481506
L395_f11,2,L395_f11_plane2_mcorrected_flipX,185,0.49640098214149475,118,0.8665862679481506
L395_f11,2,L395_f11_plane2_mcorrected_flipX,186,0.4940703213214874,118,0.8665862679481506
L395_f11,2,L395_f11_plane2_mcorrected_flipX,187,0.4821377098560333,118,0.8665862679481506
L395_f11,2,L395_f11_plane2_mcorrected_flipX,188,0.46969521045684814,118,0.8665862679481506
L395_f11,2,L395_f11_plane2_mcorrected_flipX,189,0.4686697721481323,118,0.8665862679481506
L395_f11,2,L395_f11_plane2_mcorrected_flipX,190,0.48711881041526794,118,0.8665862679481506
L395_f11,2,L395_f11_plane2_mcorrected_flipX,191,0.49113574624061584,118,0.8665862679481506
L395_f11,2,L395_f11_plane2_mcorrected_flipX,192,0.49079909920692444,118,0.8665862679481506
L395_f11,2,L395_f11_plane2_mcorrected_flipX,193,0.47224050760269165,118,0.8665862679481506
L395_f11,2,L395_f11_plane2_mcorrected_flipX,194,0.4613308012485504,118,0.8665862679481506
L395_f11,2,L395_f11_plane2_mcorrected_flipX,195,0.501855731010437,118,0.8665862679481506
L395_f11,2,L395_f11_plane2_mcorrected_flipX,196,0.5115299820899963,118,0.8665862679481506
L395_f11,2,L395_f11_plane2_mcorrected_flipX,197,0.5134184956550598,118,0.8665862679481506
L395_f11,2,L395_f11_plane2_mcorrected_flipX,198,0.5185554623603821,118,0.8665862679481506
L395_f11,2,L395_f11_plane2_mcorrected_flipX,199,0.5352032780647278,118,0.8665862679481506
L395_f11,2,L395_f11_plane2_mcorrected_flipX,200,0.5397802591323853,118,0.8665862679481506
L395_f11,2,L395_f11_plane2_mcorrected_flipX,201,0.539620578289032,118,0.8665862679481506
L395_f11,2,L395_f11_plane2_mcorrected_flipX,202,0.5536690950393677,118,0.8665862679481506
L395_f11,2,L395_f11_plane2_mcorrected_flipX,203,0.5565316677093506,118,0.8665862679481506
L395_f11,2,L395_f11_plane2_mcorrected_flipX,204,0.5683964490890503,118,0.8665862679481506
L395_f11,2,L395_f11_plane2_mcorrected_flipX,205,0.565276563167572,118,0.8665862679481506
L395_f11,2,L395_f11_plane2_mcorrected_flipX,206,0.548734188079834,118,0.8665862679481506
L395_f11,2,L395_f11_plane2_mcorrected_flipX,207,0.5436996221542358,118,0.8665862679481506
L395_f11,2,L395_f11_plane2_mcorrected_flipX,208,0.5351673364639282,118,0.8665862679481506
L395_f11,2,L395_f11_plane2_mcorrected_flipX,209,0.5434561967849731,118,0.8665862679481506
L395_f11,2,L395_f11_plane2_mcorrected_flipX,210,0.5378981232643127,118,0.8665862679481506
L395_f11,2,L395_f11_plane2_mcorrected_flipX,211,0.5532111525535583,118,0.8665862679481506
L395_f11,2,L395_f11_plane2_mcorrected_flipX,212,0.5459980964660645,118,0.8665862679481506
L395_f11,2,L395_f11_plane2_mcorrected_flipX,213,0.4866742789745331,118,0.8665862679481506
L395_f11,2,L395_f11_plane2_mcorrected_flipX,214,0.4331832826137543,118,0.8665862679481506
L395_f11,2,L395_f11_plane2_mcorrected_flipX,215,0.41808071732521057,118,0.8665862679481506
L395_f11,3,L395_f11_plane3_mcorrected_flipX,0,0.5981581807136536,113,0.8798812627792358
L395_f11,3,L395_f11_plane3_mcorrected_flipX,1,0.5852491855621338,113,0.8798812627792358
L395_f11,3,L395_f11_plane3_mcorrected_flipX,2,0.5682826638221741,113,0.8798812627792358
L395_f11,3,L395_f11_plane3_mcorrected_flipX,3,0.5535626411437988,113,0.8798812627792358
L395_f11,3,L395_f11_plane3_mcorrected_flipX,4,0.5402641892433167,113,0.8798812627792358
L395_f11,3,L395_f11_plane3_mcorrected_flipX,5,0.5350397229194641,113,0.8798812627792358
L395_f11,3,L395_f11_plane3_mcorrected_flipX,6,0.5232285857200623,113,0.8798812627792358
L395_f11,3,L395_f11_plane3_mcorrected_flipX,7,0.5185167789459229,113,0.8798812627792358
L395_f11,3,L395_f11_plane3_mcorrected_flipX,8,0.5176404118537903,113,0.8798812627792358
L395_f11,3,L395_f11_plane3_mcorrected_flipX,9,0.5204277038574219,113,0.8798812627792358
L395_f11,3,L395_f11_plane3_mcorrected_flipX,10,0.516391396522522,113,0.8798812627792358
L395_f11,3,L395_f11_plane3_mcorrected_flipX,11,0.5145462155342102,113,0.8798812627792358
L395_f11,3,L395_f11_plane3_mcorrected_flipX,12,0.5156056880950928,113,0.8798812627792358
L395_f11,3,L395_f11_plane3_mcorrected_flipX,13,0.5096868276596069,113,0.8798812627792358
L395_f11,3,L395_f11_plane3_mcorrected_flipX,14,0.5074565410614014,113,0.8798812627792358
L395_f11,3,L395_f11_plane3_mcorrected_flipX,15,0.5049052834510803,113,0.8798812627792358
L395_f11,3,L395_f11_plane3_mcorrected_flipX,16,0.5062698125839233,113,0.8798812627792358
L395_f11,3,L395_f11_plane3_mcorrected_flipX,17,0.5038827657699585,113,0.8798812627792358
L395_f11,3,L395_f11_plane3_mcorrected_flipX,18,0.49866020679473877,113,0.8798812627792358
L395_f11,3,L395_f11_plane3_mcorrected_flipX,19,0.4932229220867157,113,0.8798812627792358
L395_f11,3,L395_f11_plane3_mcorrected_flipX,20,0.4962703585624695,113,0.8798812627792358
L395_f11,3,L395_f11_plane3_mcorrected_flipX,21,0.49447205662727356,113,0.8798812627792358
L395_f11,3,L395_f11_plane3_mcorrected_flipX,22,0.5021910071372986,113,0.8798812627792358
L395_f11,3,L395_f11_plane3_mcorrected_flipX,23,0.5086080431938171,113,0.8798812627792358
L395_f11,3,L395_f11_plane3_mcorrected_flipX,24,0.5070295929908752,113,0.8798812627792358
L395_f11,3,L395_f11_plane3_mcorrected_flipX,25,0.5056903958320618,113,0.8798812627792358
L395_f11,3,L395_f11_plane3_mcorrected_flipX,26,0.5105116963386536,113,0.8798812627792358
L395_f11,3,L395_f11_plane3_mcorrected_flipX,27,0.5090439319610596,113,0.8798812627792358
L395_f11,3,L395_f11_plane3_mcorrected_flipX,28,0.5053778886795044,113,0.8798812627792358
L395_f11,3,L395_f11_plane3_mcorrected_flipX,29,0.5071044564247131,113,0.8798812627792358
L395_f11,3,L395_f11_plane3_mcorrected_flipX,30,0.5020316243171692,113,0.8798812627792358
L395_f11,3,L395_f11_plane3_mcorrected_flipX,31,0.5079869031906128,113,0.8798812627792358
L395_f11,3,L395_f11_plane3_mcorrected_flipX,32,0.5175224542617798,113,0.8798812627792358
L395_f11,3,L395_f11_plane3_mcorrected_flipX,33,0.5226836800575256,113,0.8798812627792358
L395_f11,3,L395_f11_plane3_mcorrected_flipX,34,0.5277870893478394,113,0.8798812627792358
L395_f11,3,L395_f11_plane3_mcorrected_flipX,35,0.5326030254364014,113,0.8798812627792358
L395_f11,3,L395_f11_plane3_mcorrected_flipX,36,0.5320837497711182,113,0.8798812627792358
L395_f11,3,L395_f11_plane3_mcorrected_flipX,37,0.5311790108680725,113,0.8798812627792358
L395_f11,3,L395_f11_plane3_mcorrected_flipX,38,0.5268965363502502,113,0.8798812627792358
L395_f11,3,L395_f11_plane3_mcorrected_flipX,39,0.5232846736907959,113,0.8798812627792358
L395_f11,3,L395_f11_plane3_mcorrected_flipX,40,0.5185662508010864,113,0.8798812627792358
L395_f11,3,L395_f11_plane3_mcorrected_flipX,41,0.5138420462608337,113,0.8798812627792358
L395_f11,3,L395_f11_plane3_mcorrected_flipX,42,0.5148767828941345,113,0.8798812627792358
L395_f11,3,L395_f11_plane3_mcorrected_flipX,43,0.515039324760437,113,0.8798812627792358
L395_f11,3,L395_f11_plane3_mcorrected_flipX,44,0.5177268981933594,113,0.8798812627792358
L395_f11,3,L395_f11_plane3_mcorrected_flipX,45,0.5150302052497864,113,0.8798812627792358
L395_f11,3,L395_f11_plane3_mcorrected_flipX,46,0.5148482322692871,113,0.8798812627792358
L395_f11,3,L395_f11_plane3_mcorrected_flipX,47,0.5206460952758789,113,0.8798812627792358
L395_f11,3,L395_f11_plane3_mcorrected_flipX,48,0.5235681533813477,113,0.8798812627792358
L395_f11,3,L395_f11_plane3_mcorrected_flipX,49,0.5296654105186462,113,0.8798812627792358
L395_f11,3,L395_f11_plane3_mcorrected_flipX,50,0.534394383430481,113,0.8798812627792358
L395_f11,3,L395_f11_plane3_mcorrected_flipX,51,0.5365667343139648,113,0.8798812627792358
L395_f11,3,L395_f11_plane3_mcorrected_flipX,52,0.5337064266204834,113,0.8798812627792358
L395_f11,3,L395_f11_plane3_mcorrected_flipX,53,0.5291196703910828,113,0.8798812627792358
L395_f11,3,L395_f11_plane3_mcorrected_flipX,54,0.5241333246231079,113,0.8798812627792358
L395_f11,3,L395_f11_plane3_mcorrected_flipX,55,0.5149611234664917,113,0.8798812627792358
L395_f11,3,L395_f11_plane3_mcorrected_flipX,56,0.5067657232284546,113,0.8798812627792358
L395_f11,3,L395_f11_plane3_mcorrected_flipX,57,0.5103179812431335,113,0.8798812627792358
L395_f11,3,L395_f11_plane3_mcorrected_flipX,58,0.5144118070602417,113,0.8798812627792358
L395_f11,3,L395_f11_plane3_mcorrected_flipX,59,0.5173482894897461,113,0.8798812627792358
L395_f11,3,L395_f11_plane3_mcorrected_flipX,60,0.5256165266036987,113,0.8798812627792358
L395_f11,3,L395_f11_plane3_mcorrected_flipX,61,0.5258351564407349,113,0.8798812627792358
L395_f11,3,L395_f11_plane3_mcorrected_flipX,62,0.523196280002594,113,0.8798812627792358
L395_f11,3,L395_f11_plane3_mcorrected_flipX,63,0.5194070339202881,113,0.8798812627792358
L395_f11,3,L395_f11_plane3_mcorrected_flipX,64,0.516547679901123,113,0.8798812627792358
L395_f11,3,L395_f11_plane3_mcorrected_flipX,65,0.5132132768630981,113,0.8798812627792358
L395_f11,3,L395_f11_plane3_mcorrected_flipX,66,0.5112945437431335,113,0.8798812627792358
L395_f11,3,L395_f11_plane3_mcorrected_flipX,67,0.5092604756355286,113,0.8798812627792358
L395_f11,3,L395_f11_plane3_mcorrected_flipX,68,0.5034351944923401,113,0.8798812627792358
L395_f11,3,L395_f11_plane3_mcorrected_flipX,69,0.5068411827087402,113,0.8798812627792358
L395_f11,3,L395_f11_plane3_mcorrected_flipX,70,0.5067475438117981,113,0.8798812627792358
L395_f11,3,L395_f11_plane3_mcorrected_flipX,71,0.5117520689964294,113,0.8798812627792358
L395_f11,3,L395_f11_plane3_mcorrected_flipX,72,0.5162858366966248,113,0.8798812627792358
L395_f11,3,L395_f11_plane3_mcorrected_flipX,73,0.5201139450073242,113,0.8798812627792358
L395_f11,3,L395_f11_plane3_mcorrected_flipX,74,0.527922511100769,113,0.8798812627792358
L395_f11,3,L395_f11_plane3_mcorrected_flipX,75,0.5368866324424744,113,0.8798812627792358
L395_f11,3,L395_f11_plane3_mcorrected_flipX,76,0.5406732559204102,113,0.8798812627792358
L395_f11,3,L395_f11_plane3_mcorrected_flipX,77,0.5460909605026245,113,0.8798812627792358
L395_f11,3,L395_f11_plane3_mcorrected_flipX,78,0.5498030781745911,113,0.8798812627792358
L395_f11,3,L395_f11_plane3_mcorrected_flipX,79,0.5477252006530762,113,0.8798812627792358
L395_f11,3,L395_f11_plane3_mcorrected_flipX,80,0.5445483326911926,113,0.8798812627792358
L395_f11,3,L395_f11_plane3_mcorrected_flipX,81,0.5473435521125793,113,0.8798812627792358
L395_f11,3,L395_f11_plane3_mcorrected_flipX,82,0.5464399456977844,113,0.8798812627792358
L395_f11,3,L395_f11_plane3_mcorrected_flipX,83,0.5433448553085327,113,0.8798812627792358
L395_f11,3,L395_f11_plane3_mcorrected_flipX,84,0.5443150401115417,113,0.8798812627792358
L395_f11,3,L395_f11_plane3_mcorrected_flipX,85,0.5449049472808838,113,0.8798812627792358
L395_f11,3,L395_f11_plane3_mcorrected_flipX,86,0.5487380623817444,113,0.8798812627792358
L395_f11,3,L395_f11_plane3_mcorrected_flipX,87,0.5534290671348572,113,0.8798812627792358
L395_f11,3,L395_f11_plane3_mcorrected_flipX,88,0.5585914850234985,113,0.8798812627792358
L395_f11,3,L395_f11_plane3_mcorrected_flipX,89,0.5629701018333435,113,0.8798812627792358
L395_f11,3,L395_f11_plane3_mcorrected_flipX,90,0.5698621869087219,113,0.8798812627792358
L395_f11,3,L395_f11_plane3_mcorrected_flipX,91,0.5798949003219604,113,0.8798812627792358
L395_f11,3,L395_f11_plane3_mcorrected_flipX,92,0.5898628234863281,113,0.8798812627792358
L395_f11,3,L395_f11_plane3_mcorrected_flipX,93,0.5948870778083801,113,0.8798812627792358
L395_f11,3,L395_f11_plane3_mcorrected_flipX,94,0.5974166989326477,113,0.8798812627792358
L395_f11,3,L395_f11_plane3_mcorrected_flipX,95,0.5939005613327026,113,0.8798812627792358
L395_f11,3,L395_f11_plane3_mcorrected_flipX,96,0.5877423286437988,113,0.8798812627792358
L395_f11,3,L395_f11_plane3_mcorrected_flipX,97,0.5836910009384155,113,0.8798812627792358
L395_f11,3,L395_f11_plane3_mcorrected_flipX,98,0.585808277130127,113,0.8798812627792358
L395_f11,3,L395_f11_plane3_mcorrected_flipX,99,0.5985580086708069,113,0.8798812627792358
L395_f11,3,L395_f11_plane3_mcorrected_flipX,100,0.6124082207679749,113,0.8798812627792358
L395_f11,3,L395_f11_plane3_mcorrected_flipX,101,0.6280304193496704,113,0.8798812627792358
L395_f11,3,L395_f11_plane3_mcorrected_flipX,102,0.6389358043670654,113,0.8798812627792358
L395_f11,3,L395_f11_plane3_mcorrected_flipX,103,0.6462336182594299,113,0.8798812627792358
L395_f11,3,L395_f11_plane3_mcorrected_flipX,104,0.6549100875854492,113,0.8798812627792358
L395_f11,3,L395_f11_plane3_mcorrected_flipX,105,0.6682540774345398,113,0.8798812627792358
L395_f11,3,L395_f11_plane3_mcorrected_flipX,106,0.6832858920097351,113,0.8798812627792358
L395_f11,3,L395_f11_plane3_mcorrected_flipX,107,0.6995333433151245,113,0.8798812627792358
L395_f11,3,L395_f11_plane3_mcorrected_flipX,108,0.7154516577720642,113,0.8798812627792358
L395_f11,3,L395_f11_plane3_mcorrected_flipX,109,0.7399579286575317,113,0.8798812627792358
L395_f11,3,L395_f11_plane3_mcorrected_flipX,110,0.7759055495262146,113,0.8798812627792358
L395_f11,3,L395_f11_plane3_mcorrected_flipX,111,0.818827748298645,113,0.8798812627792358
L395_f11,3,L395_f11_plane3_mcorrected_flipX,112,0.8558738827705383,113,0.8798812627792358
L395_f11,3,L395_f11_plane3_mcorrected_flipX,113,0.8798812627792358,113,0.8798812627792358
L395_f11,3,L395_f11_plane3_mcorrected_flipX,114,0.8669725656509399,113,0.8798812627792358
L395_f11,3,L395_f11_plane3_mcorrected_flipX,115,0.8323842883110046,113,0.8798812627792358
L395_f11,3,L395_f11_plane3_mcorrected_flipX,116,0.7890344262123108,113,0.8798812627792358
L395_f11,3,L395_f11_plane3_mcorrected_flipX,117,0.7512559294700623,113,0.8798812627792358
L395_f11,3,L395_f11_plane3_mcorrected_flipX,118,0.7191615700721741,113,0.8798812627792358
L395_f11,3,L395_f11_plane3_mcorrected_flipX,119,0.6833846569061279,113,0.8798812627792358
L395_f11,3,L395_f11_plane3_mcorrected_flipX,120,0.6601285934448242,113,0.8798812627792358
L395_f11,3,L395_f11_plane3_mcorrected_flipX,121,0.6436032056808472,113,0.8798812627792358
L395_f11,3,L395_f11_plane3_mcorrected_flipX,122,0.6341091394424438,113,0.8798812627792358
L395_f11,3,L395_f11_plane3_mcorrected_flipX,123,0.6286110281944275,113,0.8798812627792358
L395_f11,3,L395_f11_plane3_mcorrected_flipX,124,0.6256029605865479,113,0.8798812627792358
L395_f11,3,L395_f11_plane3_mcorrected_flipX,125,0.6213090419769287,113,0.8798812627792358
L395_f11,3,L395_f11_plane3_mcorrected_flipX,126,0.6135175228118896,113,0.8798812627792358
L395_f11,3,L395_f11_plane3_mcorrected_flipX,127,0.6101629137992859,113,0.8798812627792358
L395_f11,3,L395_f11_plane3_mcorrected_flipX,128,0.6051555275917053,113,0.8798812627792358
L395_f11,3,L395_f11_plane3_mcorrected_flipX,129,0.5936947464942932,113,0.8798812627792358
L395_f11,3,L395_f11_plane3_mcorrected_flipX,130,0.5856714844703674,113,0.8798812627792358
L395_f11,3,L395_f11_plane3_mcorrected_flipX,131,0.5775766372680664,113,0.8798812627792358
L395_f11,3,L395_f11_plane3_mcorrected_flipX,132,0.5690762400627136,113,0.8798812627792358
L395_f11,3,L395_f11_plane3_mcorrected_flipX,133,0.5626757740974426,113,0.8798812627792358
L395_f11,3,L395_f11_plane3_mcorrected_flipX,134,0.5661046504974365,113,0.8798812627792358
L395_f11,3,L395_f11_plane3_mcorrected_flipX,135,0.5718845725059509,113,0.8798812627792358
L395_f11,3,L395_f11_plane3_mcorrected_flipX,136,0.5771458745002747,113,0.8798812627792358
L395_f11,3,L395_f11_plane3_mcorrected_flipX,137,0.5794124603271484,113,0.8798812627792358
L395_f11,3,L395_f11_plane3_mcorrected_flipX,138,0.5777809023857117,113,0.8798812627792358
L395_f11,3,L395_f11_plane3_mcorrected_flipX,139,0.5729236006736755,113,0.8798812627792358
L395_f11,3,L395_f11_plane3_mcorrected_flipX,140,0.5615215301513672,113,0.8798812627792358
L395_f11,3,L395_f11_plane3_mcorrected_flipX,141,0.5457412004470825,113,0.8798812627792358
L395_f11,3,L395_f11_plane3_mcorrected_flipX,142,0.5306177735328674,113,0.8798812627792358
L395_f11,3,L395_f11_plane3_mcorrected_flipX,143,0.5110491514205933,113,0.8798812627792358
L395_f11,3,L395_f11_plane3_mcorrected_flipX,144,0.508309006690979,113,0.8798812627792358
L395_f11,3,L395_f11_plane3_mcorrected_flipX,145,0.5149600505828857,113,0.8798812627792358
L395_f11,3,L395_f11_plane3_mcorrected_flipX,146,0.521008312702179,113,0.8798812627792358
L395_f11,3,L395_f11_plane3_mcorrected_flipX,147,0.5304127335548401,113,0.8798812627792358
L395_f11,3,L395_f11_plane3_mcorrected_flipX,148,0.5345436334609985,113,0.8798812627792358
L395_f11,3,L395_f11_plane3_mcorrected_flipX,149,0.534752607345581,113,0.8798812627792358
L395_f11,3,L395_f11_plane3_mcorrected_flipX,150,0.5351864695549011,113,0.8798812627792358
L395_f11,3,L395_f11_plane3_mcorrected_flipX,151,0.5355055928230286,113,0.8798812627792358
L395_f11,3,L395_f11_plane3_mcorrected_flipX,152,0.533488392829895,113,0.8798812627792358
L395_f11,3,L395_f11_plane3_mcorrected_flipX,153,0.5409862399101257,113,0.8798812627792358
L395_f11,3,L395_f11_plane3_mcorrected_flipX,154,0.5514960885047913,113,0.8798812627792358
L395_f11,3,L395_f11_plane3_mcorrected_flipX,155,0.5652962327003479,113,0.8798812627792358
L395_f11,3,L395_f11_plane3_mcorrected_flipX,156,0.5739777088165283,113,0.8798812627792358
L395_f11,3,L395_f11_plane3_mcorrected_flipX,157,0.5793519020080566,113,0.8798812627792358
L395_f11,3,L395_f11_plane3_mcorrected_flipX,158,0.5815670490264893,113,0.8798812627792358
L395_f11,3,L395_f11_plane3_mcorrected_flipX,159,0.58425372838974,113,0.8798812627792358
L395_f11,3,L395_f11_plane3_mcorrected_flipX,160,0.583634614944458,113,0.8798812627792358
L395_f11,3,L395_f11_plane3_mcorrected_flipX,161,0.579778790473938,113,0.8798812627792358
L395_f11,3,L395_f11_plane3_mcorrected_flipX,162,0.578766405582428,113,0.8798812627792358
L395_f11,3,L395_f11_plane3_mcorrected_flipX,163,0.5774280428886414,113,0.8798812627792358
L395_f11,3,L395_f11_plane3_mcorrected_flipX,164,0.5716798901557922,113,0.8798812627792358
L395_f11,3,L395_f11_plane3_mcorrected_flipX,165,0.5670180916786194,113,0.8798812627792358
L395_f11,3,L395_f11_plane3_mcorrected_flipX,166,0.5565018057823181,113,0.8798812627792358
L395_f11,3,L395_f11_plane3_mcorrected_flipX,167,0.5460156798362732,113,0.8798812627792358
L395_f11,3,L395_f11_plane3_mcorrected_flipX,168,0.5374617576599121,113,0.8798812627792358
L395_f11,3,L395_f11_plane3_mcorrected_flipX,169,0.5278180837631226,113,0.8798812627792358
L395_f11,3,L395_f11_plane3_mcorrected_flipX,170,0.5234689712524414,113,0.8798812627792358
L395_f11,3,L395_f11_plane3_mcorrected_flipX,171,0.5237637758255005,113,0.8798812627792358
L395_f11,3,L395_f11_plane3_mcorrected_flipX,172,0.5315385460853577,113,0.8798812627792358
L395_f11,3,L395_f11_plane3_mcorrected_flipX,173,0.5423839092254639,113,0.8798812627792358
L395_f11,3,L395_f11_plane3_mcorrected_flipX,174,0.5475932359695435,113,0.8798812627792358
L395_f11,3,L395_f11_plane3_mcorrected_flipX,175,0.5566715598106384,113,0.8798812627792358
L395_f11,3,L395_f11_plane3_mcorrected_flipX,176,0.5577816963195801,113,0.8798812627792358
L395_f11,3,L395_f11_plane3_mcorrected_flipX,177,0.5580787658691406,113,0.8798812627792358
L395_f11,3,L395_f11_plane3_mcorrected_flipX,178,0.5606393218040466,113,0.8798812627792358
L395_f11,3,L395_f11_plane3_mcorrected_flipX,179,0.5587096810340881,113,0.8798812627792358
L395_f11,3,L395_f11_plane3_mcorrected_flipX,180,0.5538128614425659,113,0.8798812627792358
L395_f11,3,L395_f11_plane3_mcorrected_flipX,181,0.5456175208091736,113,0.8798812627792358
L395_f11,3,L395_f11_plane3_mcorrected_flipX,182,0.5455282330513,113,0.8798812627792358
L395_f11,3,L395_f11_plane3_mcorrected_flipX,183,0.5330260396003723,113,0.8798812627792358
L395_f11,3,L395_f11_plane3_mcorrected_flipX,184,0.5244864821434021,113,0.8798812627792358
L395_f11,3,L395_f11_plane3_mcorrected_flipX,185,0.513889491558075,113,0.8798812627792358
L395_f11,3,L395_f11_plane3_mcorrected_flipX,186,0.5081314444541931,113,0.8798812627792358
L395_f11,3,L395_f11_plane3_mcorrected_flipX,187,0.48916199803352356,113,0.8798812627792358
L395_f11,3,L395_f11_plane3_mcorrected_flipX,188,0.4858822822570801,113,0.8798812627792358
L395_f11,3,L395_f11_plane3_mcorrected_flipX,189,0.49312251806259155,113,0.8798812627792358
L395_f11,3,L395_f11_plane3_mcorrected_flipX,190,0.4956177771091461,113,0.8798812627792358
L395_f11,3,L395_f11_plane3_mcorrected_flipX,191,0.4985860586166382,113,0.8798812627792358
L395_f11,3,L395_f11_plane3_mcorrected_flipX,192,0.5024203658103943,113,0.8798812627792358
L395_f11,3,L395_f11_plane3_mcorrected_flipX,193,0.49569839239120483,113,0.8798812627792358
L395_f11,3,L395_f11_plane3_mcorrected_flipX,194,0.48722952604293823,113,0.8798812627792358
L395_f11,3,L395_f11_plane3_mcorrected_flipX,195,0.5197187662124634,113,0.8798812627792358
L395_f11,3,L395_f11_plane3_mcorrected_flipX,196,0.5248216986656189,113,0.8798812627792358
L395_f11,3,L395_f11_plane3_mcorrected_flipX,197,0.5244146585464478,113,0.8798812627792358
L395_f11,3,L395_f11_plane3_mcorrected_flipX,198,0.5305330157279968,113,0.8798812627792358
L395_f11,3,L395_f11_plane3_mcorrected_flipX,199,0.5488104224205017,113,0.8798812627792358
L395_f11,3,L395_f11_plane3_mcorrected_flipX,200,0.5498396158218384,113,0.8798812627792358
L395_f11,3,L395_f11_plane3_mcorrected_flipX,201,0.5467484593391418,113,0.8798812627792358
L395_f11,3,L395_f11_plane3_mcorrected_flipX,202,0.5621934533119202,113,0.8798812627792358
L395_f11,3,L395_f11_plane3_mcorrected_flipX,203,0.5602316856384277,113,0.8798812627792358
L395_f11,3,L395_f11_plane3_mcorrected_flipX,204,0.5813412070274353,113,0.8798812627792358
L395_f11,3,L395_f11_plane3_mcorrected_flipX,205,0.5765030980110168,113,0.8798812627792358
L395_f11,3,L395_f11_plane3_mcorrected_flipX,206,0.5607839226722717,113,0.8798812627792358
L395_f11,3,L395_f11_plane3_mcorrected_flipX,207,0.5572919845581055,113,0.8798812627792358
L395_f11,3,L395_f11_plane3_mcorrected_flipX,208,0.5373278856277466,113,0.8798812627792358
L395_f11,3,L395_f11_plane3_mcorrected_flipX,209,0.5486032366752625,113,0.8798812627792358
L395_f11,3,L395_f11_plane3_mcorrected_flipX,210,0.5550033450126648,113,0.8798812627792358
L395_f11,3,L395_f11_plane3_mcorrected_flipX,211,0.5649452209472656,113,0.8798812627792358
L395_f11,3,L395_f11_plane3_mcorrected_flipX,212,0.5586369633674622,113,0.8798812627792358
L395_f11,3,L395_f11_plane3_mcorrected_flipX,213,0.5293956995010376,113,0.8798812627792358
L395_f11,3,L395_f11_plane3_mcorrected_flipX,214,0.4809321463108063,113,0.8798812627792358
L395_f11,3,L395_f11_plane3_mcorrected_flipX,215,0.46805036067962646,113,0.8798812627792358
L395_f11,4,L395_f11_plane4_mcorrected_flipX,0,0.6322422623634338,107,0.8469234108924866
L395_f11,4,L395_f11_plane4_mcorrected_flipX,1,0.6226837038993835,107,0.8469234108924866
L395_f11,4,L395_f11_plane4_mcorrected_flipX,2,0.6090044975280762,107,0.8469234108924866
L395_f11,4,L395_f11_plane4_mcorrected_flipX,3,0.5930635333061218,107,0.8469234108924866
L395_f11,4,L395_f11_plane4_mcorrected_flipX,4,0.5780724287033081,107,0.8469234108924866
L395_f11,4,L395_f11_plane4_mcorrected_flipX,5,0.5684141516685486,107,0.8469234108924866
L395_f11,4,L395_f11_plane4_mcorrected_flipX,6,0.5499466061592102,107,0.8469234108924866
L395_f11,4,L395_f11_plane4_mcorrected_flipX,7,0.541316568851471,107,0.8469234108924866
L395_f11,4,L395_f11_plane4_mcorrected_flipX,8,0.5381990075111389,107,0.8469234108924866
L395_f11,4,L395_f11_plane4_mcorrected_flipX,9,0.5442692637443542,107,0.8469234108924866
L395_f11,4,L395_f11_plane4_mcorrected_flipX,10,0.5444243550300598,107,0.8469234108924866
L395_f11,4,L395_f11_plane4_mcorrected_flipX,11,0.5454016923904419,107,0.8469234108924866
L395_f11,4,L395_f11_plane4_mcorrected_flipX,12,0.548514723777771,107,0.8469234108924866
L395_f11,4,L395_f11_plane4_mcorrected_flipX,13,0.5405517220497131,107,0.8469234108924866
L395_f11,4,L395_f11_plane4_mcorrected_flipX,14,0.5367341637611389,107,0.8469234108924866
L395_f11,4,L395_f11_plane4_mcorrected_flipX,15,0.5281578898429871,107,0.8469234108924866
L395_f11,4,L395_f11_plane4_mcorrected_flipX,16,0.5214059948921204,107,0.8469234108924866
L395_f11,4,L395_f11_plane4_mcorrected_flipX,17,0.5276218056678772,107,0.8469234108924866
L395_f11,4,L395_f11_plane4_mcorrected_flipX,18,0.5300310254096985,107,0.8469234108924866
L395_f11,4,L395_f11_plane4_mcorrected_flipX,19,0.5325475931167603,107,0.8469234108924866
L395_f11,4,L395_f11_plane4_mcorrected_flipX,20,0.5368503332138062,107,0.8469234108924866
L395_f11,4,L395_f11_plane4_mcorrected_flipX,21,0.5347607731819153,107,0.8469234108924866
L395_f11,4,L395_f11_plane4_mcorrected_flipX,22,0.5357711911201477,107,0.8469234108924866
L395_f11,4,L395_f11_plane4_mcorrected_flipX,23,0.5331208109855652,107,0.8469234108924866
L395_f11,4,L395_f11_plane4_mcorrected_flipX,24,0.5276505947113037,107,0.8469234108924866
L395_f11,4,L395_f11_plane4_mcorrected_flipX,25,0.5217009782791138,107,0.8469234108924866
L395_f11,4,L395_f11_plane4_mcorrected_flipX,26,0.5197240710258484,107,0.8469234108924866
L395_f11,4,L395_f11_plane4_mcorrected_flipX,27,0.5107588171958923,107,0.8469234108924866
L395_f11,4,L395_f11_plane4_mcorrected_flipX,28,0.5054841041564941,107,0.8469234108924866
L395_f11,4,L395_f11_plane4_mcorrected_flipX,29,0.5048084855079651,107,0.8469234108924866
L395_f11,4,L395_f11_plane4_mcorrected_flipX,30,0.5013206005096436,107,0.8469234108924866
L395_f11,4,L395_f11_plane4_mcorrected_flipX,31,0.5066648721694946,107,0.8469234108924866
L395_f11,4,L395_f11_plane4_mcorrected_flipX,32,0.5119138956069946,107,0.8469234108924866
L395_f11,4,L395_f11_plane4_mcorrected_flipX,33,0.516688883304596,107,0.8469234108924866
L395_f11,4,L395_f11_plane4_mcorrected_flipX,34,0.5221785306930542,107,0.8469234108924866
L395_f11,4,L395_f11_plane4_mcorrected_flipX,35,0.5262448787689209,107,0.8469234108924866
L395_f11,4,L395_f11_plane4_mcorrected_flipX,36,0.5262094736099243,107,0.8469234108924866
L395_f11,4,L395_f11_plane4_mcorrected_flipX,37,0.5253601670265198,107,0.8469234108924866
L395_f11,4,L395_f11_plane4_mcorrected_flipX,38,0.5233511924743652,107,0.8469234108924866
L395_f11,4,L395_f11_plane4_mcorrected_flipX,39,0.5217698812484741,107,0.8469234108924866
L395_f11,4,L395_f11_plane4_mcorrected_flipX,40,0.5213667750358582,107,0.8469234108924866
L395_f11,4,L395_f11_plane4_mcorrected_flipX,41,0.5172227621078491,107,0.8469234108924866
L395_f11,4,L395_f11_plane4_mcorrected_flipX,42,0.5181500315666199,107,0.8469234108924866
L395_f11,4,L395_f11_plane4_mcorrected_flipX,43,0.520517885684967,107,0.8469234108924866
L395_f11,4,L395_f11_plane4_mcorrected_flipX,44,0.5237208008766174,107,0.8469234108924866
L395_f11,4,L395_f11_plane4_mcorrected_flipX,45,0.5238738656044006,107,0.8469234108924866
L395_f11,4,L395_f11_plane4_mcorrected_flipX,46,0.5277102589607239,107,0.8469234108924866
L395_f11,4,L395_f11_plane4_mcorrected_flipX,47,0.5381408929824829,107,0.8469234108924866
L395_f11,4,L395_f11_plane4_mcorrected_flipX,48,0.5449536442756653,107,0.8469234108924866
L395_f11,4,L395_f11_plane4_mcorrected_flipX,49,0.5530759692192078,107,0.8469234108924866
L395_f11,4,L395_f11_plane4_mcorrected_flipX,50,0.5578958988189697,107,0.8469234108924866
L395_f11,4,L395_f11_plane4_mcorrected_flipX,51,0.5561325550079346,107,0.8469234108924866
L395_f11,4,L395_f11_plane4_mcorrected_flipX,52,0.5556448698043823,107,0.8469234108924866
L395_f11,4,L395_f11_plane4_mcorrected_flipX,53,0.5524895787239075,107,0.8469234108924866
L395_f11,4,L395_f11_plane4_mcorrected_flipX,54,0.5466444492340088,107,0.8469234108924866
L395_f11,4,L395_f11_plane4_mcorrected_flipX,55,0.5448336005210876,107,0.8469234108924866
L395_f11,4,L395_f11_plane4_mcorrected_flipX,56,0.5466685891151428,107,0.8469234108924866
L395_f11,4,L395_f11_plane4_mcorrected_flipX,57,0.5448242425918579,107,0.8469234108924866
L395_f11,4,L395_f11_plane4_mcorrected_flipX,58,0.5521151423454285,107,0.8469234108924866
L395_f11,4,L395_f11_plane4_mcorrected_flipX,59,0.5569238066673279,107,0.8469234108924866
L395_f11,4,L395_f11_plane4_mcorrected_flipX,60,0.5665169358253479,107,0.8469234108924866
L395_f11,4,L395_f11_plane4_mcorrected_flipX,61,0.5672159194946289,107,0.8469234108924866
L395_f11,4,L395_f11_plane4_mcorrected_flipX,62,0.5648234486579895,107,0.8469234108924866
L395_f11,4,L395_f11_plane4_mcorrected_flipX,63,0.5627065300941467,107,0.8469234108924866
L395_f11,4,L395_f11_plane4_mcorrected_flipX,64,0.5571427345275879,107,0.8469234108924866
L395_f11,4,L395_f11_plane4_mcorrected_flipX,65,0.558048665523529,107,0.8469234108924866
L395_f11,4,L395_f11_plane4_mcorrected_flipX,66,0.5608392953872681,107,0.8469234108924866
L395_f11,4,L395_f11_plane4_mcorrected_flipX,67,0.5631591081619263,107,0.8469234108924866
L395_f11,4,L395_f11_plane4_mcorrected_flipX,68,0.5581991672515869,107,0.8469234108924866
L395_f11,4,L395_f11_plane4_mcorrected_flipX,69,0.568137526512146,107,0.8469234108924866
L395_f11,4,L395_f11_plane4_mcorrected_flipX,70,0.5744578242301941,107,0.8469234108924866
L395_f11,4,L395_f11_plane4_mcorrected_flipX,71,0.5839884281158447,107,0.8469234108924866
L395_f11,4,L395_f11_plane4_mcorrected_flipX,72,0.5957132577896118,107,0.8469234108924866
L395_f11,4,L395_f11_plane4_mcorrected_flipX,73,0.6053404211997986,107,0.8469234108924866
L395_f11,4,L395_f11_plane4_mcorrected_flipX,74,0.6146314144134521,107,0.8469234108924866
L395_f11,4,L395_f11_plane4_mcorrected_flipX,75,0.6249577403068542,107,0.8469234108924866
L395_f11,4,L395_f11_plane4_mcorrected_flipX,76,0.6323156356811523,107,0.8469234108924866
L395_f11,4,L395_f11_plane4_mcorrected_flipX,77,0.646411657333374,107,0.8469234108924866
L395_f11,4,L395_f11_plane4_mcorrected_flipX,78,0.6551188230514526,107,0.8469234108924866
L395_f11,4,L395_f11_plane4_mcorrected_flipX,79,0.6601787209510803,107,0.8469234108924866
L395_f11,4,L395_f11_plane4_mcorrected_flipX,80,0.6625654697418213,107,0.8469234108924866
L395_f11,4,L395_f11_plane4_mcorrected_flipX,81,0.6647789478302002,107,0.8469234108924866
L395_f11,4,L395_f11_plane4_mcorrected_flipX,82,0.6619361639022827,107,0.8469234108924866
L395_f11,4,L395_f11_plane4_mcorrected_flipX,83,0.6583296656608582,107,0.8469234108924866
L395_f11,4,L395_f11_plane4_mcorrected_flipX,84,0.6603609323501587,107,0.8469234108924866
L395_f11,4,L395_f11_plane4_mcorrected_flipX,85,0.6591458916664124,107,0.8469234108924866
L395_f11,4,L395_f11_plane4_mcorrected_flipX,86,0.6589679718017578,107,0.8469234108924866
L395_f11,4,L395_f11_plane4_mcorrected_flipX,87,0.6594510078430176,107,0.8469234108924866
L395_f11,4,L395_f11_plane4_mcorrected_flipX,88,0.6580847501754761,107,0.8469234108924866
L395_f11,4,L395_f11_plane4_mcorrected_flipX,89,0.6543914079666138,107,0.8469234108924866
L395_f11,4,L395_f11_plane4_mcorrected_flipX,90,0.6568250060081482,107,0.8469234108924866
L395_f11,4,L395_f11_plane4_mcorrected_flipX,91,0.6595345735549927,107,0.8469234108924866
L395_f11,4,L395_f11_plane4_mcorrected_flipX,92,0.6617155075073242,107,0.8469234108924866
L395_f11,4,L395_f11_plane4_mcorrected_flipX,93,0.663001298904419,107,0.8469234108924866
L395_f11,4,L395_f11_plane4_mcorrected_flipX,94,0.6626607775688171,107,0.8469234108924866
L395_f11,4,L395_f11_plane4_mcorrected_flipX,95,0.6615715622901917,107,0.8469234108924866
L395_f11,4,L395_f11_plane4_mcorrected_flipX,96,0.661791205406189,107,0.8469234108924866
L395_f11,4,L395_f11_plane4_mcorrected_flipX,97,0.6719650626182556,107,0.8469234108924866
L395_f11,4,L395_f11_plane4_mcorrected_flipX,98,0.6841741800308228,107,0.8469234108924866
L395_f11,4,L395_f11_plane4_mcorrected_flipX,99,0.6997162103652954,107,0.8469234108924866
L395_f11,4,L395_f11_plane4_mcorrected_flipX,100,0.7145408391952515,107,0.8469234108924866
L395_f11,4,L395_f11_plane4_mcorrected_flipX,101,0.7341845035552979,107,0.8469234108924866
L395_f11,4,L395_f11_plane4_mcorrected_flipX,102,0.7535674571990967,107,0.8469234108924866
L395_f11,4,L395_f11_plane4_mcorrected_flipX,103,0.7715433835983276,107,0.8469234108924866
L395_f11,4,L395_f11_plane4_mcorrected_flipX,104,0.79246586561203,107,0.8469234108924866
L395_f11,4,L395_f11_plane4_mcorrected_flipX,105,0.8173138499259949,107,0.8469234108924866
L395_f11,4,L395_f11_plane4_mcorrected_flipX,106,0.8354868292808533,107,0.8469234108924866
L395_f11,4,L395_f11_plane4_mcorrected_flipX,107,0.8469234108924866,107,0.8469234108924866
L395_f11,4,L395_f11_plane4_mcorrected_flipX,108,0.8436210751533508,107,0.8469234108924866
L395_f11,4,L395_f11_plane4_mcorrected_flipX,109,0.8261505961418152,107,0.8469234108924866
L395_f11,4,L395_f11_plane4_mcorrected_flipX,110,0.8060688376426697,107,0.8469234108924866
L395_f11,4,L395_f11_plane4_mcorrected_flipX,111,0.7723944187164307,107,0.8469234108924866
L395_f11,4,L395_f11_plane4_mcorrected_flipX,112,0.7433550953865051,107,0.8469234108924866
L395_f11,4,L395_f11_plane4_mcorrected_flipX,113,0.7122323513031006,107,0.8469234108924866
L395_f11,4,L395_f11_plane4_mcorrected_flipX,114,0.6912717819213867,107,0.8469234108924866
L395_f11,4,L395_f11_plane4_mcorrected_flipX,115,0.6739900708198547,107,0.8469234108924866
L395_f11,4,L395_f11_plane4_mcorrected_flipX,116,0.6524431705474854,107,0.8469234108924866
L395_f11,4,L395_f11_plane4_mcorrected_flipX,117,0.6377807855606079,107,0.8469234108924866
L395_f11,4,L395_f11_plane4_mcorrected_flipX,118,0.6220572590827942,107,0.8469234108924866
L395_f11,4,L395_f11_plane4_mcorrected_flipX,119,0.6031073927879333,107,0.8469234108924866
L395_f11,4,L395_f11_plane4_mcorrected_flipX,120,0.5902666449546814,107,0.8469234108924866
L395_f11,4,L395_f11_plane4_mcorrected_flipX,121,0.584575891494751,107,0.8469234108924866
L395_f11,4,L395_f11_plane4_mcorrected_flipX,122,0.5861131548881531,107,0.8469234108924866
L395_f11,4,L395_f11_plane4_mcorrected_flipX,123,0.5863001942634583,107,0.8469234108924866
L395_f11,4,L395_f11_plane4_mcorrected_flipX,124,0.5824589729309082,107,0.8469234108924866
L395_f11,4,L395_f11_plane4_mcorrected_flipX,125,0.5805069208145142,107,0.8469234108924866
L395_f11,4,L395_f11_plane4_mcorrected_flipX,126,0.5750790238380432,107,0.8469234108924866
L395_f11,4,L395_f11_plane4_mcorrected_flipX,127,0.5760290026664734,107,0.8469234108924866
L395_f11,4,L395_f11_plane4_mcorrected_flipX,128,0.5738021731376648,107,0.8469234108924866
L395_f11,4,L395_f11_plane4_mcorrected_flipX,129,0.569041907787323,107,0.8469234108924866
L395_f11,4,L395_f11_plane4_mcorrected_flipX,130,0.565244197845459,107,0.8469234108924866
L395_f11,4,L395_f11_plane4_mcorrected_flipX,131,0.5613807439804077,107,0.8469234108924866
L395_f11,4,L395_f11_plane4_mcorrected_flipX,132,0.5572841167449951,107,0.8469234108924866
L395_f11,4,L395_f11_plane4_mcorrected_flipX,133,0.558116614818573,107,0.8469234108924866
L395_f11,4,L395_f11_plane4_mcorrected_flipX,134,0.561676025390625,107,0.8469234108924866
L395_f11,4,L395_f11_plane4_mcorrected_flipX,135,0.5622555017471313,107,0.8469234108924866
L395_f11,4,L395_f11_plane4_mcorrected_flipX,136,0.5568560361862183,107,0.8469234108924866
L395_f11,4,L395_f11_plane4_mcorrected_flipX,137,0.5466670393943787,107,0.8469234108924866
L395_f11,4,L395_f11_plane4_mcorrected_flipX,138,0.536988377571106,107,0.8469234108924866
L395_f11,4,L395_f11_plane4_mcorrected_flipX,139,0.5274413228034973,107,0.8469234108924866
L395_f11,4,L395_f11_plane4_mcorrected_flipX,140,0.5254930257797241,107,0.8469234108924866
L395_f11,4,L395_f11_plane4_mcorrected_flipX,141,0.5320969820022583,107,0.8469234108924866
L395_f11,4,L395_f11_plane4_mcorrected_flipX,142,0.5346319675445557,107,0.8469234108924866
L395_f11,4,L395_f11_plane4_mcorrected_flipX,143,0.5418546795845032,107,0.8469234108924866
L395_f11,4,L395_f11_plane4_mcorrected_flipX,144,0.5456531047821045,107,0.8469234108924866
L395_f11,4,L395_f11_plane4_mcorrected_flipX,145,0.5480145215988159,107,0.8469234108924866
L395_f11,4,L395_f11_plane4_mcorrected_flipX,146,0.5449244976043701,107,0.8469234108924866
L395_f11,4,L395_f11_plane4_mcorrected_flipX,147,0.5441148281097412,107,0.8469234108924866
L395_f11,4,L395_f11_plane4_mcorrected_flipX,148,0.5436253547668457,107,0.8469234108924866
L395_f11,4,L395_f11_plane4_mcorrected_flipX,149,0.5497235655784607,107,0.8469234108924866
L395_f11,4,L395_f11_plane4_mcorrected_flipX,150,0.5568881630897522,107,0.8469234108924866
L395_f11,4,L395_f11_plane4_mcorrected_flipX,151,0.5583141446113586,107,0.8469234108924866
L395_f11,4,L395_f11_plane4_mcorrected_flipX,152,0.5544783473014832,107,0.8469234108924866
L395_f11,4,L395_f11_plane4_mcorrected_flipX,153,0.5589291453361511,107,0.8469234108924866
L395_f11,4,L395_f11_plane4_mcorrected_flipX,154,0.5636413097381592,107,0.8469234108924866
L395_f11,4,L395_f11_plane4_mcorrected_flipX,155,0.5703682899475098,107,0.8469234108924866
L395_f11,4,L395_f11_plane4_mcorrected_flipX,156,0.5771505832672119,107,0.8469234108924866
L395_f11,4,L395_f11_plane4_mcorrected_flipX,157,0.5803792476654053,107,0.8469234108924866
L395_f11,4,L395_f11_plane4_mcorrected_flipX,158,0.5806522965431213,107,0.8469234108924866
L395_f11,4,L395_f11_plane4_mcorrected_flipX,159,0.578501284122467,107,0.8469234108924866
L395_f11,4,L395_f11_plane4_mcorrected_flipX,160,0.5785044431686401,107,0.8469234108924866
L395_f11,4,L395_f11_plane4_mcorrected_flipX,161,0.5778414011001587,107,0.8469234108924866
L395_f11,4,L395_f11_plane4_mcorrected_flipX,162,0.581089973449707,107,0.8469234108924866
L395_f11,4,L395_f11_plane4_mcorrected_flipX,163,0.5811622142791748,107,0.8469234108924866
L395_f11,4,L395_f11_plane4_mcorrected_flipX,164,0.5781580805778503,107,0.8469234108924866
L395_f11,4,L395_f11_plane4_mcorrected_flipX,165,0.5758883953094482,107,0.8469234108924866
L395_f11,4,L395_f11_plane4_mcorrected_flipX,166,0.5687260031700134,107,0.8469234108924866
L395_f11,4,L395_f11_plane4_mcorrected_flipX,167,0.5647341012954712,107,0.8469234108924866
L395_f11,4,L395_f11_plane4_mcorrected_flipX,168,0.5551856160163879,107,0.8469234108924866
L395_f11,4,L395_f11_plane4_mcorrected_flipX,169,0.5486326217651367,107,0.8469234108924866
L395_f11,4,L395_f11_plane4_mcorrected_flipX,170,0.5452571511268616,107,0.8469234108924866
L395_f11,4,L395_f11_plane4_mcorrected_flipX,171,0.544099748134613,107,0.8469234108924866
L395_f11,4,L395_f11_plane4_mcorrected_flipX,172,0.5447235703468323,107,0.8469234108924866
L395_f11,4,L395_f11_plane4_mcorrected_flipX,173,0.5465847849845886,107,0.8469234108924866
L395_f11,4,L395_f11_plane4_mcorrected_flipX,174,0.5558961629867554,107,0.8469234108924866
L395_f11,4,L395_f11_plane4_mcorrected_flipX,175,0.5626248121261597,107,0.8469234108924866
L395_f11,4,L395_f11_plane4_mcorrected_flipX,176,0.5591481328010559,107,0.8469234108924866
L395_f11,4,L395_f11_plane4_mcorrected_flipX,177,0.5555862784385681,107,0.8469234108924866
L395_f11,4,L395_f11_plane4_mcorrected_flipX,178,0.5553903579711914,107,0.8469234108924866
L395_f11,4,L395_f11_plane4_mcorrected_flipX,179,0.554909348487854,107,0.8469234108924866
L395_f11,4,L395_f11_plane4_mcorrected_flipX,180,0.5500807762145996,107,0.8469234108924866
L395_f11,4,L395_f11_plane4_mcorrected_flipX,181,0.5373799204826355,107,0.8469234108924866
L395_f11,4,L395_f11_plane4_mcorrected_flipX,182,0.5359987020492554,107,0.8469234108924866
L395_f11,4,L395_f11_plane4_mcorrected_flipX,183,0.5209670066833496,107,0.8469234108924866
L395_f11,4,L395_f11_plane4_mcorrected_flipX,184,0.5102372765541077,107,0.8469234108924866
L395_f11,4,L395_f11_plane4_mcorrected_flipX,185,0.5008944869041443,107,0.8469234108924866
L395_f11,4,L395_f11_plane4_mcorrected_flipX,186,0.5008280277252197,107,0.8469234108924866
L395_f11,4,L395_f11_plane4_mcorrected_flipX,187,0.5002394318580627,107,0.8469234108924866
L395_f11,4,L395_f11_plane4_mcorrected_flipX,188,0.49896663427352905,107,0.8469234108924866
L395_f11,4,L395_f11_plane4_mcorrected_flipX,189,0.5036035180091858,107,0.8469234108924866
L395_f11,4,L395_f11_plane4_mcorrected_flipX,190,0.5104140043258667,107,0.8469234108924866
L395_f11,4,L395_f11_plane4_mcorrected_flipX,191,0.5184122323989868,107,0.8469234108924866
L395_f11,4,L395_f11_plane4_mcorrected_flipX,192,0.5200396180152893,107,0.8469234108924866
L395_f11,4,L395_f11_plane4_mcorrected_flipX,193,0.510350227355957,107,0.8469234108924866
L395_f11,4,L395_f11_plane4_mcorrected_flipX,194,0.5100763440132141,107,0.8469234108924866
L395_f11,4,L395_f11_plane4_mcorrected_flipX,195,0.5347246527671814,107,0.8469234108924866
L395_f11,4,L395_f11_plane4_mcorrected_flipX,196,0.5330429673194885,107,0.8469234108924866
L395_f11,4,L395_f11_plane4_mcorrected_flipX,197,0.5233376026153564,107,0.8469234108924866
L395_f11,4,L395_f11_plane4_mcorrected_flipX,198,0.5222795009613037,107,0.8469234108924866
L395_f11,4,L395_f11_plane4_mcorrected_flipX,199,0.5395103693008423,107,0.8469234108924866
L395_f11,4,L395_f11_plane4_mcorrected_flipX,200,0.5366479158401489,107,0.8469234108924866
L395_f11,4,L395_f11_plane4_mcorrected_flipX,201,0.5284521579742432,107,0.8469234108924866
L395_f11,4,L395_f11_plane4_mcorrected_flipX,202,0.5294129848480225,107,0.8469234108924866
L395_f11,4,L395_f11_plane4_mcorrected_flipX,203,0.5089073181152344,107,0.8469234108924866
L395_f11,4,L395_f11_plane4_mcorrected_flipX,204,0.5242916941642761,107,0.8469234108924866
L395_f11,4,L395_f11_plane4_mcorrected_flipX,205,0.5144824981689453,107,0.8469234108924866
L395_f11,4,L395_f11_plane4_mcorrected_flipX,206,0.5077962279319763,107,0.8469234108924866
L395_f11,4,L395_f11_plane4_mcorrected_flipX,207,0.524588942527771,107,0.8469234108924866
L395_f11,4,L395_f11_plane4_mcorrected_flipX,208,0.5140181183815002,107,0.8469234108924866
L395_f11,4,L395_f11_plane4_mcorrected_flipX,209,0.5278555154800415,107,0.8469234108924866
L395_f11,4,L395_f11_plane4_mcorrected_flipX,210,0.5219605565071106,107,0.8469234108924866
L395_f11,4,L395_f11_plane4_mcorrected_flipX,211,0.5346911549568176,107,0.8469234108924866
L395_f11,4,L395_f11_plane4_mcorrected_flipX,212,0.5365122556686401,107,0.8469234108924866
L395_f11,4,L395_f11_plane4_mcorrected_flipX,213,0.5037023425102234,107,0.8469234108924866
L395_f11,4,L395_f11_plane4_mcorrected_flipX,214,0.46362096071243286,107,0.8469234108924866
L395_f11,4,L395_f11_plane4_mcorrected_flipX,215,0.4544624984264374,107,0.8469234108924866
L396_f01,0,L396_f01_plane0_mcorrected_flipX,0,0.46541303396224976,124,0.8606398105621338
L396_f01,0,L396_f01_plane0_mcorrected_flipX,1,0.5199371576309204,124,0.8606398105621338
L396_f01,0,L396_f01_plane0_mcorrected_flipX,2,0.524344265460968,124,0.8606398105621338
L396_f01,0,L396_f01_plane0_mcorrected_flipX,3,0.5090540051460266,124,0.8606398105621338
L396_f01,0,L396_f01_plane0_mcorrected_flipX,4,0.46162891387939453,124,0.8606398105621338
L396_f01,0,L396_f01_plane0_mcorrected_flipX,5,0.4823575019836426,124,0.8606398105621338
L396_f01,0,L396_f01_plane0_mcorrected_flipX,6,0.44900384545326233,124,0.8606398105621338
L396_f01,0,L396_f01_plane0_mcorrected_flipX,7,0.4860500693321228,124,0.8606398105621338
L396_f01,0,L396_f01_plane0_mcorrected_flipX,8,0.4892851710319519,124,0.8606398105621338
L396_f01,0,L396_f01_plane0_mcorrected_flipX,9,0.4998268485069275,124,0.8606398105621338
L396_f01,0,L396_f01_plane0_mcorrected_flipX,10,0.4989510774612427,124,0.8606398105621338
L396_f01,0,L396_f01_plane0_mcorrected_flipX,11,0.5114951729774475,124,0.8606398105621338
L396_f01,0,L396_f01_plane0_mcorrected_flipX,12,0.5009097456932068,124,0.8606398105621338
L396_f01,0,L396_f01_plane0_mcorrected_flipX,13,0.4905968904495239,124,0.8606398105621338
L396_f01,0,L396_f01_plane0_mcorrected_flipX,14,0.4986739754676819,124,0.8606398105621338
L396_f01,0,L396_f01_plane0_mcorrected_flipX,15,0.5123170614242554,124,0.8606398105621338
L396_f01,0,L396_f01_plane0_mcorrected_flipX,16,0.5051663517951965,124,0.8606398105621338
L396_f01,0,L396_f01_plane0_mcorrected_flipX,17,0.48437976837158203,124,0.8606398105621338
L396_f01,0,L396_f01_plane0_mcorrected_flipX,18,0.4899352192878723,124,0.8606398105621338
L396_f01,0,L396_f01_plane0_mcorrected_flipX,19,0.49534040689468384,124,0.8606398105621338
L396_f01,0,L396_f01_plane0_mcorrected_flipX,20,0.49121958017349243,124,0.8606398105621338
L396_f01,0,L396_f01_plane0_mcorrected_flipX,21,0.48306748270988464,124,0.8606398105621338
L396_f01,0,L396_f01_plane0_mcorrected_flipX,22,0.4799637794494629,124,0.8606398105621338
L396_f01,0,L396_f01_plane0_mcorrected_flipX,23,0.4790615737438202,124,0.8606398105621338
L396_f01,0,L396_f01_plane0_mcorrected_flipX,24,0.4799012243747711,124,0.8606398105621338
L396_f01,0,L396_f01_plane0_mcorrected_flipX,25,0.4735526144504547,124,0.8606398105621338
L396_f01,0,L396_f01_plane0_mcorrected_flipX,26,0.5060244202613831,124,0.8606398105621338
L396_f01,0,L396_f01_plane0_mcorrected_flipX,27,0.4953325390815735,124,0.8606398105621338
L396_f01,0,L396_f01_plane0_mcorrected_flipX,28,0.5079330205917358,124,0.8606398105621338
L396_f01,0,L396_f01_plane0_mcorrected_flipX,29,0.5282512903213501,124,0.8606398105621338
L396_f01,0,L396_f01_plane0_mcorrected_flipX,30,0.535929799079895,124,0.8606398105621338
L396_f01,0,L396_f01_plane0_mcorrected_flipX,31,0.5313348174095154,124,0.8606398105621338
L396_f01,0,L396_f01_plane0_mcorrected_flipX,32,0.5256029963493347,124,0.8606398105621338
L396_f01,0,L396_f01_plane0_mcorrected_flipX,33,0.5545204281806946,124,0.8606398105621338
L396_f01,0,L396_f01_plane0_mcorrected_flipX,34,0.5286981463432312,124,0.8606398105621338
L396_f01,0,L396_f01_plane0_mcorrected_flipX,35,0.5383270382881165,124,0.8606398105621338
L396_f01,0,L396_f01_plane0_mcorrected_flipX,36,0.5531101822853088,124,0.8606398105621338
L396_f01,0,L396_f01_plane0_mcorrected_flipX,37,0.5555060505867004,124,0.8606398105621338
L396_f01,0,L396_f01_plane0_mcorrected_flipX,38,0.5400843024253845,124,0.8606398105621338
L396_f01,0,L396_f01_plane0_mcorrected_flipX,39,0.5306186676025391,124,0.8606398105621338
L396_f01,0,L396_f01_plane0_mcorrected_flipX,40,0.5340165495872498,124,0.8606398105621338
L396_f01,0,L396_f01_plane0_mcorrected_flipX,41,0.5287473201751709,124,0.8606398105621338
L396_f01,0,L396_f01_plane0_mcorrected_flipX,42,0.525191605091095,124,0.8606398105621338
L396_f01,0,L396_f01_plane0_mcorrected_flipX,43,0.5278266668319702,124,0.8606398105621338
L396_f01,0,L396_f01_plane0_mcorrected_flipX,44,0.5307344198226929,124,0.8606398105621338
L396_f01,0,L396_f01_plane0_mcorrected_flipX,45,0.5114185810089111,124,0.8606398105621338
L396_f01,0,L396_f01_plane0_mcorrected_flipX,46,0.5118717551231384,124,0.8606398105621338
L396_f01,0,L396_f01_plane0_mcorrected_flipX,47,0.5079213976860046,124,0.8606398105621338
L396_f01,0,L396_f01_plane0_mcorrected_flipX,48,0.4908581078052521,124,0.8606398105621338
L396_f01,0,L396_f01_plane0_mcorrected_flipX,49,0.49497339129447937,124,0.8606398105621338
L396_f01,0,L396_f01_plane0_mcorrected_flipX,50,0.4850652515888214,124,0.8606398105621338
L396_f01,0,L396_f01_plane0_mcorrected_flipX,51,0.49076852202415466,124,0.8606398105621338
L396_f01,0,L396_f01_plane0_mcorrected_flipX,52,0.4684557020664215,124,0.8606398105621338
L396_f01,0,L396_f01_plane0_mcorrected_flipX,53,0.46939170360565186,124,0.8606398105621338
L396_f01,0,L396_f01_plane0_mcorrected_flipX,54,0.4906434714794159,124,0.8606398105621338
L396_f01,0,L396_f01_plane0_mcorrected_flipX,55,0.48231270909309387,124,0.8606398105621338
L396_f01,0,L396_f01_plane0_mcorrected_flipX,56,0.4736330509185791,124,0.8606398105621338
L396_f01,0,L396_f01_plane0_mcorrected_flipX,57,0.46234938502311707,124,0.8606398105621338
L396_f01,0,L396_f01_plane0_mcorrected_flipX,58,0.46008065342903137,124,0.8606398105621338
L396_f01,0,L396_f01_plane0_mcorrected_flipX,59,0.4463823139667511,124,0.8606398105621338
L396_f01,0,L396_f01_plane0_mcorrected_flipX,60,0.4421081840991974,124,0.8606398105621338
L396_f01,0,L396_f01_plane0_mcorrected_flipX,61,0.44902199506759644,124,0.8606398105621338
L396_f01,0,L396_f01_plane0_mcorrected_flipX,62,0.4576612412929535,124,0.8606398105621338
L396_f01,0,L396_f01_plane0_mcorrected_flipX,63,0.46480149030685425,124,0.8606398105621338
L396_f01,0,L396_f01_plane0_mcorrected_flipX,64,0.468018114566803,124,0.8606398105621338
L396_f01,0,L396_f01_plane0_mcorrected_flipX,65,0.4823046922683716,124,0.8606398105621338
L396_f01,0,L396_f01_plane0_mcorrected_flipX,66,0.4777679741382599,124,0.8606398105621338
L396_f01,0,L396_f01_plane0_mcorrected_flipX,67,0.47912079095840454,124,0.8606398105621338
L396_f01,0,L396_f01_plane0_mcorrected_flipX,68,0.47682008147239685,124,0.8606398105621338
L396_f01,0,L396_f01_plane0_mcorrected_flipX,69,0.48273640871047974,124,0.8606398105621338
L396_f01,0,L396_f01_plane0_mcorrected_flipX,70,0.48354822397232056,124,0.8606398105621338
L396_f01,0,L396_f01_plane0_mcorrected_flipX,71,0.4874660074710846,124,0.8606398105621338
L396_f01,0,L396_f01_plane0_mcorrected_flipX,72,0.49894919991493225,124,0.8606398105621338
L396_f01,0,L396_f01_plane0_mcorrected_flipX,73,0.49109330773353577,124,0.8606398105621338
L396_f01,0,L396_f01_plane0_mcorrected_flipX,74,0.48707154393196106,124,0.8606398105621338
L396_f01,0,L396_f01_plane0_mcorrected_flipX,75,0.49349623918533325,124,0.8606398105621338
L396_f01,0,L396_f01_plane0_mcorrected_flipX,76,0.47421953082084656,124,0.8606398105621338
L396_f01,0,L396_f01_plane0_mcorrected_flipX,77,0.4810903072357178,124,0.8606398105621338
L396_f01,0,L396_f01_plane0_mcorrected_flipX,78,0.4787476360797882,124,0.8606398105621338
L396_f01,0,L396_f01_plane0_mcorrected_flipX,79,0.4852968752384186,124,0.8606398105621338
L396_f01,0,L396_f01_plane0_mcorrected_flipX,80,0.48438987135887146,124,0.8606398105621338
L396_f01,0,L396_f01_plane0_mcorrected_flipX,81,0.48409783840179443,124,0.8606398105621338
L396_f01,0,L396_f01_plane0_mcorrected_flipX,82,0.4861384332180023,124,0.8606398105621338
L396_f01,0,L396_f01_plane0_mcorrected_flipX,83,0.4908655285835266,124,0.8606398105621338
L396_f01,0,L396_f01_plane0_mcorrected_flipX,84,0.5061265230178833,124,0.8606398105621338
L396_f01,0,L396_f01_plane0_mcorrected_flipX,85,0.5213311910629272,124,0.8606398105621338
L396_f01,0,L396_f01_plane0_mcorrected_flipX,86,0.5261053442955017,124,0.8606398105621338
L396_f01,0,L396_f01_plane0_mcorrected_flipX,87,0.5213090777397156,124,0.8606398105621338
L396_f01,0,L396_f01_plane0_mcorrected_flipX,88,0.5161036849021912,124,0.8606398105621338
L396_f01,0,L396_f01_plane0_mcorrected_flipX,89,0.539485514163971,124,0.8606398105621338
L396_f01,0,L396_f01_plane0_mcorrected_flipX,90,0.5440031886100769,124,0.8606398105621338
L396_f01,0,L396_f01_plane0_mcorrected_flipX,91,0.5587525963783264,124,0.8606398105621338
L396_f01,0,L396_f01_plane0_mcorrected_flipX,92,0.567671000957489,124,0.8606398105621338
L396_f01,0,L396_f01_plane0_mcorrected_flipX,93,0.5631200075149536,124,0.8606398105621338
L396_f01,0,L396_f01_plane0_mcorrected_flipX,94,0.577542245388031,124,0.8606398105621338
L396_f01,0,L396_f01_plane0_mcorrected_flipX,95,0.590969443321228,124,0.8606398105621338
L396_f01,0,L396_f01_plane0_mcorrected_flipX,96,0.5950294137001038,124,0.8606398105621338
L396_f01,0,L396_f01_plane0_mcorrected_flipX,97,0.5882321000099182,124,0.8606398105621338
L396_f01,0,L396_f01_plane0_mcorrected_flipX,98,0.5798224210739136,124,0.8606398105621338
L396_f01,0,L396_f01_plane0_mcorrected_flipX,99,0.5784949660301208,124,0.8606398105621338
L396_f01,0,L396_f01_plane0_mcorrected_flipX,100,0.5769951343536377,124,0.8606398105621338
L396_f01,0,L396_f01_plane0_mcorrected_flipX,101,0.5811761617660522,124,0.8606398105621338
L396_f01,0,L396_f01_plane0_mcorrected_flipX,102,0.5829039216041565,124,0.8606398105621338
L396_f01,0,L396_f01_plane0_mcorrected_flipX,103,0.5780583620071411,124,0.8606398105621338
L396_f01,0,L396_f01_plane0_mcorrected_flipX,104,0.5716705322265625,124,0.8606398105621338
L396_f01,0,L396_f01_plane0_mcorrected_flipX,105,0.5784674286842346,124,0.8606398105621338
L396_f01,0,L396_f01_plane0_mcorrected_flipX,106,0.5766469836235046,124,0.8606398105621338
L396_f01,0,L396_f01_plane0_mcorrected_flipX,107,0.5704051852226257,124,0.8606398105621338
L396_f01,0,L396_f01_plane0_mcorrected_flipX,108,0.5803729891777039,124,0.8606398105621338
L396_f01,0,L396_f01_plane0_mcorrected_flipX,109,0.5901144742965698,124,0.8606398105621338
L396_f01,0,L396_f01_plane0_mcorrected_flipX,110,0.5911125540733337,124,0.8606398105621338
L396_f01,0,L396_f01_plane0_mcorrected_flipX,111,0.5968422293663025,124,0.8606398105621338
L396_f01,0,L396_f01_plane0_mcorrected_flipX,112,0.6180493235588074,124,0.8606398105621338
L396_f01,0,L396_f01_plane0_mcorrected_flipX,113,0.6292917132377625,124,0.8606398105621338
L396_f01,0,L396_f01_plane0_mcorrected_flipX,114,0.6405398845672607,124,0.8606398105621338
L396_f01,0,L396_f01_plane0_mcorrected_flipX,115,0.6535482406616211,124,0.8606398105621338
L396_f01,0,L396_f01_plane0_mcorrected_flipX,116,0.6607638597488403,124,0.8606398105621338
L396_f01,0,L396_f01_plane0_mcorrected_flipX,117,0.6586138606071472,124,0.8606398105621338
L396_f01,0,L396_f01_plane0_mcorrected_flipX,118,0.6794008016586304,124,0.8606398105621338
L396_f01,0,L396_f01_plane0_mcorrected_flipX,119,0.7014035582542419,124,0.8606398105621338
L396_f01,0,L396_f01_plane0_mcorrected_flipX,120,0.7379575967788696,124,0.8606398105621338
L396_f01,0,L396_f01_plane0_mcorrected_flipX,121,0.7694398760795593,124,0.8606398105621338
L396_f01,0,L396_f01_plane0_mcorrected_flipX,122,0.8206650614738464,124,0.8606398105621338
L396_f01,0,L396_f01_plane0_mcorrected_flipX,123,0.8570401668548584,124,0.8606398105621338
L396_f01,0,L396_f01_plane0_mcorrected_flipX,124,0.8606398105621338,124,0.8606398105621338
L396_f01,0,L396_f01_plane0_mcorrected_flipX,125,0.8314448595046997,124,0.8606398105621338
L396_f01,0,L396_f01_plane0_mcorrected_flipX,126,0.780378520488739,124,0.8606398105621338
L396_f01,0,L396_f01_plane0_mcorrected_flipX,127,0.7293837666511536,124,0.8606398105621338
L396_f01,0,L396_f01_plane0_mcorrected_flipX,128,0.6963348388671875,124,0.8606398105621338
L396_f01,0,L396_f01_plane0_mcorrected_flipX,129,0.6786249279975891,124,0.8606398105621338
L396_f01,0,L396_f01_plane0_mcorrected_flipX,130,0.6530809998512268,124,0.8606398105621338
L396_f01,0,L396_f01_plane0_mcorrected_flipX,131,0.6412332653999329,124,0.8606398105621338
L396_f01,0,L396_f01_plane0_mcorrected_flipX,132,0.6276084184646606,124,0.8606398105621338
L396_f01,0,L396_f01_plane0_mcorrected_flipX,133,0.623606264591217,124,0.8606398105621338
L396_f01,0,L396_f01_plane0_mcorrected_flipX,134,0.6064117550849915,124,0.8606398105621338
L396_f01,0,L396_f01_plane0_mcorrected_flipX,135,0.5969149470329285,124,0.8606398105621338
L396_f01,0,L396_f01_plane0_mcorrected_flipX,136,0.5903264284133911,124,0.8606398105621338
L396_f01,0,L396_f01_plane0_mcorrected_flipX,137,0.5758082866668701,124,0.8606398105621338
L396_f01,0,L396_f01_plane0_mcorrected_flipX,138,0.5653942227363586,124,0.8606398105621338
L396_f01,0,L396_f01_plane0_mcorrected_flipX,139,0.5537980198860168,124,0.8606398105621338
L396_f01,0,L396_f01_plane0_mcorrected_flipX,140,0.541597306728363,124,0.8606398105621338
L396_f01,0,L396_f01_plane0_mcorrected_flipX,141,0.531448483467102,124,0.8606398105621338
L396_f01,0,L396_f01_plane0_mcorrected_flipX,142,0.5294609069824219,124,0.8606398105621338
L396_f01,0,L396_f01_plane0_mcorrected_flipX,143,0.5366513729095459,124,0.8606398105621338
L396_f01,0,L396_f01_plane0_mcorrected_flipX,144,0.542457103729248,124,0.8606398105621338
L396_f01,0,L396_f01_plane0_mcorrected_flipX,145,0.556991696357727,124,0.8606398105621338
L396_f01,0,L396_f01_plane0_mcorrected_flipX,146,0.560157060623169,124,0.8606398105621338
L396_f01,0,L396_f01_plane0_mcorrected_flipX,147,0.5569764971733093,124,0.8606398105621338
L396_f01,0,L396_f01_plane0_mcorrected_flipX,148,0.5588247776031494,124,0.8606398105621338
L396_f01,0,L396_f01_plane0_mcorrected_flipX,149,0.5567655563354492,124,0.8606398105621338
L396_f01,0,L396_f01_plane0_mcorrected_flipX,150,0.5448119640350342,124,0.8606398105621338
L396_f01,0,L396_f01_plane0_mcorrected_flipX,151,0.5402572751045227,124,0.8606398105621338
L396_f01,0,L396_f01_plane0_mcorrected_flipX,152,0.5433872938156128,124,0.8606398105621338
L396_f01,0,L396_f01_plane0_mcorrected_flipX,153,0.5468320846557617,124,0.8606398105621338
L396_f01,0,L396_f01_plane0_mcorrected_flipX,154,0.553329348564148,124,0.8606398105621338
L396_f01,0,L396_f01_plane0_mcorrected_flipX,155,0.5607930421829224,124,0.8606398105621338
L396_f01,0,L396_f01_plane0_mcorrected_flipX,156,0.5687757134437561,124,0.8606398105621338
L396_f01,0,L396_f01_plane0_mcorrected_flipX,157,0.566853404045105,124,0.8606398105621338
L396_f01,0,L396_f01_plane0_mcorrected_flipX,158,0.5682024955749512,124,0.8606398105621338
L396_f01,0,L396_f01_plane0_mcorrected_flipX,159,0.5716589093208313,124,0.8606398105621338
L396_f01,0,L396_f01_plane0_mcorrected_flipX,160,0.5755543112754822,124,0.8606398105621338
L396_f01,0,L396_f01_plane0_mcorrected_flipX,161,0.5746961832046509,124,0.8606398105621338
L396_f01,0,L396_f01_plane0_mcorrected_flipX,162,0.5724049806594849,124,0.8606398105621338
L396_f01,0,L396_f01_plane0_mcorrected_flipX,163,0.5733241438865662,124,0.8606398105621338
L396_f01,0,L396_f01_plane0_mcorrected_flipX,164,0.5658369660377502,124,0.8606398105621338
L396_f01,0,L396_f01_plane0_mcorrected_flipX,165,0.5687553286552429,124,0.8606398105621338
L396_f01,0,L396_f01_plane0_mcorrected_flipX,166,0.5635820031166077,124,0.8606398105621338
L396_f01,0,L396_f01_plane0_mcorrected_flipX,167,0.5702311396598816,124,0.8606398105621338
L396_f01,0,L396_f01_plane0_mcorrected_flipX,168,0.5762984752655029,124,0.8606398105621338
L396_f01,0,L396_f01_plane0_mcorrected_flipX,169,0.5791702270507812,124,0.8606398105621338
L396_f01,0,L396_f01_plane0_mcorrected_flipX,170,0.5832736492156982,124,0.8606398105621338
L396_f01,0,L396_f01_plane0_mcorrected_flipX,171,0.5741791725158691,124,0.8606398105621338
L396_f01,0,L396_f01_plane0_mcorrected_flipX,172,0.56709223985672,124,0.8606398105621338
L396_f01,0,L396_f01_plane0_mcorrected_flipX,173,0.5658620595932007,124,0.8606398105621338
L396_f01,0,L396_f01_plane0_mcorrected_flipX,174,0.5651275515556335,124,0.8606398105621338
L396_f01,0,L396_f01_plane0_mcorrected_flipX,175,0.5669125318527222,124,0.8606398105621338
L396_f01,0,L396_f01_plane0_mcorrected_flipX,176,0.5628616213798523,124,0.8606398105621338
L396_f01,0,L396_f01_plane0_mcorrected_flipX,177,0.5606510639190674,124,0.8606398105621338
L396_f01,0,L396_f01_plane0_mcorrected_flipX,178,0.5655992031097412,124,0.8606398105621338
L396_f01,0,L396_f01_plane0_mcorrected_flipX,179,0.5640086531639099,124,0.8606398105621338
L396_f01,0,L396_f01_plane0_mcorrected_flipX,180,0.5700095891952515,124,0.8606398105621338
L396_f01,0,L396_f01_plane0_mcorrected_flipX,181,0.5722615122795105,124,0.8606398105621338
L396_f01,0,L396_f01_plane0_mcorrected_flipX,182,0.5716233849525452,124,0.8606398105621338
L396_f01,0,L396_f01_plane0_mcorrected_flipX,183,0.5827100276947021,124,0.8606398105621338
L396_f01,0,L396_f01_plane0_mcorrected_flipX,184,0.5595449805259705,124,0.8606398105621338
L396_f01,0,L396_f01_plane0_mcorrected_flipX,185,0.5608407258987427,124,0.8606398105621338
L396_f01,0,L396_f01_plane0_mcorrected_flipX,186,0.5632352828979492,124,0.8606398105621338
L396_f01,0,L396_f01_plane0_mcorrected_flipX,187,0.5486478209495544,124,0.8606398105621338
L396_f01,0,L396_f01_plane0_mcorrected_flipX,188,0.5355570316314697,124,0.8606398105621338
L396_f01,0,L396_f01_plane0_mcorrected_flipX,189,0.532913327217102,124,0.8606398105621338
L396_f01,0,L396_f01_plane0_mcorrected_flipX,190,0.5133747458457947,124,0.8606398105621338
L396_f01,0,L396_f01_plane0_mcorrected_flipX,191,0.4908472001552582,124,0.8606398105621338
L396_f01,0,L396_f01_plane0_mcorrected_flipX,192,0.48275113105773926,124,0.8606398105621338
L396_f01,0,L396_f01_plane0_mcorrected_flipX,193,0.47655707597732544,124,0.8606398105621338
L396_f01,0,L396_f01_plane0_mcorrected_flipX,194,0.45951732993125916,124,0.8606398105621338
L396_f01,0,L396_f01_plane0_mcorrected_flipX,195,0.464857280254364,124,0.8606398105621338
L396_f01,0,L396_f01_plane0_mcorrected_flipX,196,0.4336318373680115,124,0.8606398105621338
L396_f01,0,L396_f01_plane0_mcorrected_flipX,197,0.43333619832992554,124,0.8606398105621338
L396_f01,0,L396_f01_plane0_mcorrected_flipX,198,0.4356423020362854,124,0.8606398105621338
L396_f01,0,L396_f01_plane0_mcorrected_flipX,199,0.43638765811920166,124,0.8606398105621338
L396_f01,0,L396_f01_plane0_mcorrected_flipX,200,0.4287008047103882,124,0.8606398105621338
L396_f01,0,L396_f01_plane0_mcorrected_flipX,201,0.41878795623779297,124,0.8606398105621338
L396_f01,0,L396_f01_plane0_mcorrected_flipX,202,0.4199638068675995,124,0.8606398105621338
L396_f01,0,L396_f01_plane0_mcorrected_flipX,203,0.4017412066459656,124,0.8606398105621338
L396_f01,0,L396_f01_plane0_mcorrected_flipX,204,0.41229236125946045,124,0.8606398105621338
L396_f01,0,L396_f01_plane0_mcorrected_flipX,205,0.40351906418800354,124,0.8606398105621338
L396_f01,0,L396_f01_plane0_mcorrected_flipX,206,0.3941285014152527,124,0.8606398105621338
L396_f01,0,L396_f01_plane0_mcorrected_flipX,207,0.41500502824783325,124,0.8606398105621338
L396_f01,0,L396_f01_plane0_mcorrected_flipX,208,0.4217088520526886,124,0.8606398105621338
L396_f01,0,L396_f01_plane0_mcorrected_flipX,209,0.4277403950691223,124,0.8606398105621338
L396_f01,0,L396_f01_plane0_mcorrected_flipX,210,0.42711201310157776,124,0.8606398105621338
L396_f01,0,L396_f01_plane0_mcorrected_flipX,211,0.41746506094932556,124,0.8606398105621338
L396_f01,0,L396_f01_plane0_mcorrected_flipX,212,0.43521133065223694,124,0.8606398105621338
L396_f01,0,L396_f01_plane0_mcorrected_flipX,213,0.44356366991996765,124,0.8606398105621338
L396_f01,0,L396_f01_plane0_mcorrected_flipX,214,0.46358615159988403,124,0.8606398105621338
L396_f01,0,L396_f01_plane0_mcorrected_flipX,215,0.4817788302898407,124,0.8606398105621338
L396_f01,0,L396_f01_plane0_mcorrected_flipX,216,0.49726858735084534,124,0.8606398105621338
L396_f01,0,L396_f01_plane0_mcorrected_flipX,217,0.4973316788673401,124,0.8606398105621338
L396_f01,0,L396_f01_plane0_mcorrected_flipX,218,0.4782152473926544,124,0.8606398105621338
L396_f01,0,L396_f01_plane0_mcorrected_flipX,219,0.4894109070301056,124,0.8606398105621338
L396_f01,0,L396_f01_plane0_mcorrected_flipX,220,0.5030854940414429,124,0.8606398105621338
L396_f01,0,L396_f01_plane0_mcorrected_flipX,221,0.5210025906562805,124,0.8606398105621338
L396_f01,0,L396_f01_plane0_mcorrected_flipX,222,0.4843367636203766,124,0.8606398105621338
L396_f01,1,L396_f01_plane1_mcorrected_flipX,0,0.45040538907051086,122,0.8695045709609985
L396_f01,1,L396_f01_plane1_mcorrected_flipX,1,0.5048470497131348,122,0.8695045709609985
L396_f01,1,L396_f01_plane1_mcorrected_flipX,2,0.5110171437263489,122,0.8695045709609985
L396_f01,1,L396_f01_plane1_mcorrected_flipX,3,0.4976450502872467,122,0.8695045709609985
L396_f01,1,L396_f01_plane1_mcorrected_flipX,4,0.45450180768966675,122,0.8695045709609985
L396_f01,1,L396_f01_plane1_mcorrected_flipX,5,0.47967424988746643,122,0.8695045709609985
L396_f01,1,L396_f01_plane1_mcorrected_flipX,6,0.4473610818386078,122,0.8695045709609985
L396_f01,1,L396_f01_plane1_mcorrected_flipX,7,0.48641693592071533,122,0.8695045709609985
L396_f01,1,L396_f01_plane1_mcorrected_flipX,8,0.4877683222293854,122,0.8695045709609985
L396_f01,1,L396_f01_plane1_mcorrected_flipX,9,0.49535366892814636,122,0.8695045709609985
L396_f01,1,L396_f01_plane1_mcorrected_flipX,10,0.4911247193813324,122,0.8695045709609985
L396_f01,1,L396_f01_plane1_mcorrected_flipX,11,0.5040875673294067,122,0.8695045709609985
L396_f01,1,L396_f01_plane1_mcorrected_flipX,12,0.4895828664302826,122,0.8695045709609985
L396_f01,1,L396_f01_plane1_mcorrected_flipX,13,0.4803518056869507,122,0.8695045709609985
L396_f01,1,L396_f01_plane1_mcorrected_flipX,14,0.48474565148353577,122,0.8695045709609985
L396_f01,1,L396_f01_plane1_mcorrected_flipX,15,0.49614930152893066,122,0.8695045709609985
L396_f01,1,L396_f01_plane1_mcorrected_flipX,16,0.4861544072628021,122,0.8695045709609985
L396_f01,1,L396_f01_plane1_mcorrected_flipX,17,0.46404269337654114,122,0.8695045709609985
L396_f01,1,L396_f01_plane1_mcorrected_flipX,18,0.471215158700943,122,0.8695045709609985
L396_f01,1,L396_f01_plane1_mcorrected_flipX,19,0.47841668128967285,122,0.8695045709609985
L396_f01,1,L396_f01_plane1_mcorrected_flipX,20,0.47635406255722046,122,0.8695045709609985
L396_f01,1,L396_f01_plane1_mcorrected_flipX,21,0.4704241156578064,122,0.8695045709609985
L396_f01,1,L396_f01_plane1_mcorrected_flipX,22,0.4747669994831085,122,0.8695045709609985
L396_f01,1,L396_f01_plane1_mcorrected_flipX,23,0.4708395302295685,122,0.8695045709609985
L396_f01,1,L396_f01_plane1_mcorrected_flipX,24,0.464195191860199,122,0.8695045709609985
L396_f01,1,L396_f01_plane1_mcorrected_flipX,25,0.4540539085865021,122,0.8695045709609985
L396_f01,1,L396_f01_plane1_mcorrected_flipX,26,0.49248406291007996,122,0.8695045709609985
L396_f01,1,L396_f01_plane1_mcorrected_flipX,27,0.4938334822654724,122,0.8695045709609985
L396_f01,1,L396_f01_plane1_mcorrected_flipX,28,0.5091214179992676,122,0.8695045709609985
L396_f01,1,L396_f01_plane1_mcorrected_flipX,29,0.5341545939445496,122,0.8695045709609985
L396_f01,1,L396_f01_plane1_mcorrected_flipX,30,0.5435441732406616,122,0.8695045709609985
L396_f01,1,L396_f01_plane1_mcorrected_flipX,31,0.5420955419540405,122,0.8695045709609985
L396_f01,1,L396_f01_plane1_mcorrected_flipX,32,0.5393421649932861,122,0.8695045709609985
L396_f01,1,L396_f01_plane1_mcorrected_flipX,33,0.5678259134292603,122,0.8695045709609985
L396_f01,1,L396_f01_plane1_mcorrected_flipX,34,0.5459063053131104,122,0.8695045709609985
L396_f01,1,L396_f01_plane1_mcorrected_flipX,35,0.5552435517311096,122,0.8695045709609985
L396_f01,1,L396_f01_plane1_mcorrected_flipX,36,0.5697099566459656,122,0.8695045709609985
L396_f01,1,L396_f01_plane1_mcorrected_flipX,37,0.571340799331665,122,0.8695045709609985
L396_f01,1,L396_f01_plane1_mcorrected_flipX,38,0.554826021194458,122,0.8695045709609985
L396_f01,1,L396_f01_plane1_mcorrected_flipX,39,0.5425886511802673,122,0.8695045709609985
L396_f01,1,L396_f01_plane1_mcorrected_flipX,40,0.5401557087898254,122,0.8695045709609985
L396_f01,1,L396_f01_plane1_mcorrected_flipX,41,0.5346716046333313,122,0.8695045709609985
L396_f01,1,L396_f01_plane1_mcorrected_flipX,42,0.5259742736816406,122,0.8695045709609985
L396_f01,1,L396_f01_plane1_mcorrected_flipX,43,0.5307002067565918,122,0.8695045709609985
L396_f01,1,L396_f01_plane1_mcorrected_flipX,44,0.5373247861862183,122,0.8695045709609985
L396_f01,1,L396_f01_plane1_mcorrected_flipX,45,0.5183989405632019,122,0.8695045709609985
L396_f01,1,L396_f01_plane1_mcorrected_flipX,46,0.5189860463142395,122,0.8695045709609985
L396_f01,1,L396_f01_plane1_mcorrected_flipX,47,0.5152378082275391,122,0.8695045709609985
L396_f01,1,L396_f01_plane1_mcorrected_flipX,48,0.49902239441871643,122,0.8695045709609985
L396_f01,1,L396_f01_plane1_mcorrected_flipX,49,0.504224419593811,122,0.8695045709609985
L396_f01,1,L396_f01_plane1_mcorrected_flipX,50,0.49569329619407654,122,0.8695045709609985
L396_f01,1,L396_f01_plane1_mcorrected_flipX,51,0.5023256540298462,122,0.8695045709609985
L396_f01,1,L396_f01_plane1_mcorrected_flipX,52,0.48424679040908813,122,0.8695045709609985
L396_f01,1,L396_f01_plane1_mcorrected_flipX,53,0.484622597694397,122,0.8695045709609985
L396_f01,1,L396_f01_plane1_mcorrected_flipX,54,0.5057606101036072,122,0.8695045709609985
L396_f01,1,L396_f01_plane1_mcorrected_flipX,55,0.499255895614624,122,0.8695045709609985
L396_f01,1,L396_f01_plane1_mcorrected_flipX,56,0.4895217716693878,122,0.8695045709609985
L396_f01,1,L396_f01_plane1_mcorrected_flipX,57,0.47714194655418396,122,0.8695045709609985
L396_f01,1,L396_f01_plane1_mcorrected_flipX,58,0.4761848747730255,122,0.8695045709609985
L396_f01,1,L396_f01_plane1_mcorrected_flipX,59,0.4629831612110138,122,0.8695045709609985
L396_f01,1,L396_f01_plane1_mcorrected_flipX,60,0.46273180842399597,122,0.8695045709609985
L396_f01,1,L396_f01_plane1_mcorrected_flipX,61,0.4698198437690735,122,0.8695045709609985
L396_f01,1,L396_f01_plane1_mcorrected_flipX,62,0.4740319550037384,122,0.8695045709609985
L396_f01,1,L396_f01_plane1_mcorrected_flipX,63,0.4794551432132721,122,0.8695045709609985
L396_f01,1,L396_f01_plane1_mcorrected_flipX,64,0.47789472341537476,122,0.8695045709609985
L396_f01,1,L396_f01_plane1_mcorrected_flipX,65,0.4926385283470154,122,0.8695045709609985
L396_f01,1,L396_f01_plane1_mcorrected_flipX,66,0.4841375946998596,122,0.8695045709609985
L396_f01,1,L396_f01_plane1_mcorrected_flipX,67,0.47808727622032166,122,0.8695045709609985
L396_f01,1,L396_f01_plane1_mcorrected_flipX,68,0.47483137249946594,122,0.8695045709609985
L396_f01,1,L396_f01_plane1_mcorrected_flipX,69,0.48027828335762024,122,0.8695045709609985
L396_f01,1,L396_f01_plane1_mcorrected_flipX,70,0.4817405939102173,122,0.8695045709609985
L396_f01,1,L396_f01_plane1_mcorrected_flipX,71,0.4875359535217285,122,0.8695045709609985
L396_f01,1,L396_f01_plane1_mcorrected_flipX,72,0.49993234872817993,122,0.8695045709609985
L396_f01,1,L396_f01_plane1_mcorrected_flipX,73,0.4899645447731018,122,0.8695045709609985
L396_f01,1,L396_f01_plane1_mcorrected_flipX,74,0.486441433429718,122,0.8695045709609985
L396_f01,1,L396_f01_plane1_mcorrected_flipX,75,0.4986281394958496,122,0.8695045709609985
L396_f01,1,L396_f01_plane1_mcorrected_flipX,76,0.4862480163574219,122,0.8695045709609985
L396_f01,1,L396_f01_plane1_mcorrected_flipX,77,0.49651020765304565,122,0.8695045709609985
L396_f01,1,L396_f01_plane1_mcorrected_flipX,78,0.49347588419914246,122,0.8695045709609985
L396_f01,1,L396_f01_plane1_mcorrected_flipX,79,0.5036059617996216,122,0.8695045709609985
L396_f01,1,L396_f01_plane1_mcorrected_flipX,80,0.5028998851776123,122,0.8695045709609985
L396_f01,1,L396_f01_plane1_mcorrected_flipX,81,0.4985820949077606,122,0.8695045709609985
L396_f01,1,L396_f01_plane1_mcorrected_flipX,82,0.49137642979621887,122,0.8695045709609985
L396_f01,1,L396_f01_plane1_mcorrected_flipX,83,0.49346229434013367,122,0.8695045709609985
L396_f01,1,L396_f01_plane1_mcorrected_flipX,84,0.5073853135108948,122,0.8695045709609985
L396_f01,1,L396_f01_plane1_mcorrected_flipX,85,0.5197492837905884,122,0.8695045709609985
L396_f01,1,L396_f01_plane1_mcorrected_flipX,86,0.5217092633247375,122,0.8695045709609985
L396_f01,1,L396_f01_plane1_mcorrected_flipX,87,0.5224292278289795,122,0.8695045709609985
L396_f01,1,L396_f01_plane1_mcorrected_flipX,88,0.5153526663780212,122,0.8695045709609985
L396_f01,1,L396_f01_plane1_mcorrected_flipX,89,0.5378638505935669,122,0.8695045709609985
L396_f01,1,L396_f01_plane1_mcorrected_flipX,90,0.5422594547271729,122,0.8695045709609985
L396_f01,1,L396_f01_plane1_mcorrected_flipX,91,0.5571745038032532,122,0.8695045709609985
L396_f01,1,L396_f01_plane1_mcorrected_flipX,92,0.5698280930519104,122,0.8695045709609985
L396_f01,1,L396_f01_plane1_mcorrected_flipX,93,0.5667245388031006,122,0.8695045709609985
L396_f01,1,L396_f01_plane1_mcorrected_flipX,94,0.5790210366249084,122,0.8695045709609985
L396_f01,1,L396_f01_plane1_mcorrected_flipX,95,0.5913738012313843,122,0.8695045709609985
L396_f01,1,L396_f01_plane1_mcorrected_flipX,96,0.5963358879089355,122,0.8695045709609985
L396_f01,1,L396_f01_plane1_mcorrected_flipX,97,0.5884900689125061,122,0.8695045709609985
L396_f01,1,L396_f01_plane1_mcorrected_flipX,98,0.5759790539741516,122,0.8695045709609985
L396_f01,1,L396_f01_plane1_mcorrected_flipX,99,0.5723882913589478,122,0.8695045709609985
L396_f01,1,L396_f01_plane1_mcorrected_flipX,100,0.568897545337677,122,0.8695045709609985
L396_f01,1,L396_f01_plane1_mcorrected_flipX,101,0.574982762336731,122,0.8695045709609985
L396_f01,1,L396_f01_plane1_mcorrected_flipX,102,0.5787966251373291,122,0.8695045709609985
L396_f01,1,L396_f01_plane1_mcorrected_flipX,103,0.5826665759086609,122,0.8695045709609985
L396_f01,1,L396_f01_plane1_mcorrected_flipX,104,0.5779589414596558,122,0.8695045709609985
L396_f01,1,L396_f01_plane1_mcorrected_flipX,105,0.5897126197814941,122,0.8695045709609985
L396_f01,1,L396_f01_plane1_mcorrected_flipX,106,0.5887492895126343,122,0.8695045709609985
L396_f01,1,L396_f01_plane1_mcorrected_flipX,107,0.5820622444152832,122,0.8695045709609985
L396_f01,1,L396_f01_plane1_mcorrected_flipX,108,0.594825029373169,122,0.8695045709609985
L396_f01,1,L396_f01_plane1_mcorrected_flipX,109,0.6018649339675903,122,0.8695045709609985
L396_f01,1,L396_f01_plane1_mcorrected_flipX,110,0.6051846146583557,122,0.8695045709609985
L396_f01,1,L396_f01_plane1_mcorrected_flipX,111,0.6114820241928101,122,0.8695045709609985
L396_f01,1,L396_f01_plane1_mcorrected_flipX,112,0.6360033750534058,122,0.8695045709609985
L396_f01,1,L396_f01_plane1_mcorrected_flipX,113,0.6502525806427002,122,0.8695045709609985
L396_f01,1,L396_f01_plane1_mcorrected_flipX,114,0.660419225692749,122,0.8695045709609985
L396_f01,1,L396_f01_plane1_mcorrected_flipX,115,0.677533745765686,122,0.8695045709609985
L396_f01,1,L396_f01_plane1_mcorrected_flipX,116,0.6937163472175598,122,0.8695045709609985
L396_f01,1,L396_f01_plane1_mcorrected_flipX,117,0.698883593082428,122,0.8695045709609985
L396_f01,1,L396_f01_plane1_mcorrected_flipX,118,0.7299444675445557,122,0.8695045709609985
L396_f01,1,L396_f01_plane1_mcorrected_flipX,119,0.765997052192688,122,0.8695045709609985
L396_f01,1,L396_f01_plane1_mcorrected_flipX,120,0.823600172996521,122,0.8695045709609985
L396_f01,1,L396_f01_plane1_mcorrected_flipX,121,0.8584483861923218,122,0.8695045709609985
L396_f01,1,L396_f01_plane1_mcorrected_flipX,122,0.8695045709609985,122,0.8695045709609985
L396_f01,1,L396_f01_plane1_mcorrected_flipX,123,0.840430736541748,122,0.8695045709609985
L396_f01,1,L396_f01_plane1_mcorrected_flipX,124,0.780364990234375,122,0.8695045709609985
L396_f01,1,L396_f01_plane1_mcorrected_flipX,125,0.7437133193016052,122,0.8695045709609985
L396_f01,1,L396_f01_plane1_mcorrected_flipX,126,0.7121298909187317,122,0.8695045709609985
L396_f01,1,L396_f01_plane1_mcorrected_flipX,127,0.6771661043167114,122,0.8695045709609985
L396_f01,1,L396_f01_plane1_mcorrected_flipX,128,0.6570992469787598,122,0.8695045709609985
L396_f01,1,L396_f01_plane1_mcorrected_flipX,129,0.6428355574607849,122,0.8695045709609985
L396_f01,1,L396_f01_plane1_mcorrected_flipX,130,0.6214213371276855,122,0.8695045709609985
L396_f01,1,L396_f01_plane1_mcorrected_flipX,131,0.6132816672325134,122,0.8695045709609985
L396_f01,1,L396_f01_plane1_mcorrected_flipX,132,0.5994713306427002,122,0.8695045709609985
L396_f01,1,L396_f01_plane1_mcorrected_flipX,133,0.5969618558883667,122,0.8695045709609985
L396_f01,1,L396_f01_plane1_mcorrected_flipX,134,0.5833948850631714,122,0.8695045709609985
L396_f01,1,L396_f01_plane1_mcorrected_flipX,135,0.5717440843582153,122,0.8695045709609985
L396_f01,1,L396_f01_plane1_mcorrected_flipX,136,0.5659610033035278,122,0.8695045709609985
L396_f01,1,L396_f01_plane1_mcorrected_flipX,137,0.5553519129753113,122,0.8695045709609985
L396_f01,1,L396_f01_plane1_mcorrected_flipX,138,0.548233151435852,122,0.8695045709609985
L396_f01,1,L396_f01_plane1_mcorrected_flipX,139,0.5413475036621094,122,0.8695045709609985
L396_f01,1,L396_f01_plane1_mcorrected_flipX,140,0.5318040251731873,122,0.8695045709609985
L396_f01,1,L396_f01_plane1_mcorrected_flipX,141,0.5281450748443604,122,0.8695045709609985
L396_f01,1,L396_f01_plane1_mcorrected_flipX,142,0.5299443006515503,122,0.8695045709609985
L396_f01,1,L396_f01_plane1_mcorrected_flipX,143,0.53971266746521,122,0.8695045709609985
L396_f01,1,L396_f01_plane1_mcorrected_flipX,144,0.5465661287307739,122,0.8695045709609985
L396_f01,1,L396_f01_plane1_mcorrected_flipX,145,0.5555585622787476,122,0.8695045709609985
L396_f01,1,L396_f01_plane1_mcorrected_flipX,146,0.5577480792999268,122,0.8695045709609985
L396_f01,1,L396_f01_plane1_mcorrected_flipX,147,0.5546413660049438,122,0.8695045709609985
L396_f01,1,L396_f01_plane1_mcorrected_flipX,148,0.5566345453262329,122,0.8695045709609985
L396_f01,1,L396_f01_plane1_mcorrected_flipX,149,0.5519190430641174,122,0.8695045709609985
L396_f01,1,L396_f01_plane1_mcorrected_flipX,150,0.5398800373077393,122,0.8695045709609985
L396_f01,1,L396_f01_plane1_mcorrected_flipX,151,0.5473618507385254,122,0.8695045709609985
L396_f01,1,L396_f01_plane1_mcorrected_flipX,152,0.5480881929397583,122,0.8695045709609985
L396_f01,1,L396_f01_plane1_mcorrected_flipX,153,0.5489704608917236,122,0.8695045709609985
L396_f01,1,L396_f01_plane1_mcorrected_flipX,154,0.5515832304954529,122,0.8695045709609985
L396_f01,1,L396_f01_plane1_mcorrected_flipX,155,0.5599144697189331,122,0.8695045709609985
L396_f01,1,L396_f01_plane1_mcorrected_flipX,156,0.5660760998725891,122,0.8695045709609985
L396_f01,1,L396_f01_plane1_mcorrected_flipX,157,0.5663909316062927,122,0.8695045709609985
L396_f01,1,L396_f01_plane1_mcorrected_flipX,158,0.5685132741928101,122,0.8695045709609985
L396_f01,1,L396_f01_plane1_mcorrected_flipX,159,0.569999098777771,122,0.8695045709609985
L396_f01,1,L396_f01_plane1_mcorrected_flipX,160,0.5742413401603699,122,0.8695045709609985
L396_f01,1,L396_f01_plane1_mcorrected_flipX,161,0.5731513500213623,122,0.8695045709609985
L396_f01,1,L396_f01_plane1_mcorrected_flipX,162,0.5699461102485657,122,0.8695045709609985
L396_f01,1,L396_f01_plane1_mcorrected_flipX,163,0.57004314661026,122,0.8695045709609985
L396_f01,1,L396_f01_plane1_mcorrected_flipX,164,0.562769889831543,122,0.8695045709609985
L396_f01,1,L396_f01_plane1_mcorrected_flipX,165,0.5651730895042419,122,0.8695045709609985
L396_f01,1,L396_f01_plane1_mcorrected_flipX,166,0.5594326257705688,122,0.8695045709609985
L396_f01,1,L396_f01_plane1_mcorrected_flipX,167,0.5605344772338867,122,0.8695045709609985
L396_f01,1,L396_f01_plane1_mcorrected_flipX,168,0.5680068135261536,122,0.8695045709609985
L396_f01,1,L396_f01_plane1_mcorrected_flipX,169,0.5705169439315796,122,0.8695045709609985
L396_f01,1,L396_f01_plane1_mcorrected_flipX,170,0.5724960565567017,122,0.8695045709609985
L396_f01,1,L396_f01_plane1_mcorrected_flipX,171,0.5632624626159668,122,0.8695045709609985
L396_f01,1,L396_f01_plane1_mcorrected_flipX,172,0.5608139634132385,122,0.8695045709609985
L396_f01,1,L396_f01_plane1_mcorrected_flipX,173,0.5629026293754578,122,0.8695045709609985
L396_f01,1,L396_f01_plane1_mcorrected_flipX,174,0.5666598081588745,122,0.8695045709609985
L396_f01,1,L396_f01_plane1_mcorrected_flipX,175,0.5690365433692932,122,0.8695045709609985
L396_f01,1,L396_f01_plane1_mcorrected_flipX,176,0.5612534880638123,122,0.8695045709609985
L396_f01,1,L396_f01_plane1_mcorrected_flipX,177,0.5558615326881409,122,0.8695045709609985
L396_f01,1,L396_f01_plane1_mcorrected_flipX,178,0.5604317784309387,122,0.8695045709609985
L396_f01,1,L396_f01_plane1_mcorrected_flipX,179,0.5581545829772949,122,0.8695045709609985
L396_f01,1,L396_f01_plane1_mcorrected_flipX,180,0.5575509071350098,122,0.8695045709609985
L396_f01,1,L396_f01_plane1_mcorrected_flipX,181,0.5603602528572083,122,0.8695045709609985
L396_f01,1,L396_f01_plane1_mcorrected_flipX,182,0.5589040517807007,122,0.8695045709609985
L396_f01,1,L396_f01_plane1_mcorrected_flipX,183,0.5685363411903381,122,0.8695045709609985
L396_f01,1,L396_f01_plane1_mcorrected_flipX,184,0.5477221012115479,122,0.8695045709609985
L396_f01,1,L396_f01_plane1_mcorrected_flipX,185,0.5493392944335938,122,0.8695045709609985
L396_f01,1,L396_f01_plane1_mcorrected_flipX,186,0.5502980351448059,122,0.8695045709609985
L396_f01,1,L396_f01_plane1_mcorrected_flipX,187,0.539839506149292,122,0.8695045709609985
L396_f01,1,L396_f01_plane1_mcorrected_flipX,188,0.5268006920814514,122,0.8695045709609985
L396_f01,1,L396_f01_plane1_mcorrected_flipX,189,0.527506947517395,122,0.8695045709609985
L396_f01,1,L396_f01_plane1_mcorrected_flipX,190,0.5107985138893127,122,0.8695045709609985
L396_f01,1,L396_f01_plane1_mcorrected_flipX,191,0.49215081334114075,122,0.8695045709609985
L396_f01,1,L396_f01_plane1_mcorrected_flipX,192,0.48861849308013916,122,0.8695045709609985
L396_f01,1,L396_f01_plane1_mcorrected_flipX,193,0.4850837290287018,122,0.8695045709609985
L396_f01,1,L396_f01_plane1_mcorrected_flipX,194,0.4678962826728821,122,0.8695045709609985
L396_f01,1,L396_f01_plane1_mcorrected_flipX,195,0.4762754440307617,122,0.8695045709609985
L396_f01,1,L396_f01_plane1_mcorrected_flipX,196,0.44573572278022766,122,0.8695045709609985
L396_f01,1,L396_f01_plane1_mcorrected_flipX,197,0.4432884752750397,122,0.8695045709609985
L396_f01,1,L396_f01_plane1_mcorrected_flipX,198,0.43699899315834045,122,0.8695045709609985
L396_f01,1,L396_f01_plane1_mcorrected_flipX,199,0.4314102828502655,122,0.8695045709609985
L396_f01,1,L396_f01_plane1_mcorrected_flipX,200,0.4224069118499756,122,0.8695045709609985
L396_f01,1,L396_f01_plane1_mcorrected_flipX,201,0.4108036458492279,122,0.8695045709609985
L396_f01,1,L396_f01_plane1_mcorrected_flipX,202,0.4060467779636383,122,0.8695045709609985
L396_f01,1,L396_f01_plane1_mcorrected_flipX,203,0.3910830318927765,122,0.8695045709609985
L396_f01,1,L396_f01_plane1_mcorrected_flipX,204,0.4018958508968353,122,0.8695045709609985
L396_f01,1,L396_f01_plane1_mcorrected_flipX,205,0.397616982460022,122,0.8695045709609985
L396_f01,1,L396_f01_plane1_mcorrected_flipX,206,0.38732582330703735,122,0.8695045709609985
L396_f01,1,L396_f01_plane1_mcorrected_flipX,207,0.4069086015224457,122,0.8695045709609985
L396_f01,1,L396_f01_plane1_mcorrected_flipX,208,0.4082319438457489,122,0.8695045709609985
L396_f01,1,L396_f01_plane1_mcorrected_flipX,209,0.41253238916397095,122,0.8695045709609985
L396_f01,1,L396_f01_plane1_mcorrected_flipX,210,0.40836289525032043,122,0.8695045709609985
L396_f01,1,L396_f01_plane1_mcorrected_flipX,211,0.40551263093948364,122,0.8695045709609985
L396_f01,1,L396_f01_plane1_mcorrected_flipX,212,0.4248397946357727,122,0.8695045709609985
L396_f01,1,L396_f01_plane1_mcorrected_flipX,213,0.42941534519195557,122,0.8695045709609985
L396_f01,1,L396_f01_plane1_mcorrected_flipX,214,0.4573057293891907,122,0.8695045709609985
L396_f01,1,L396_f01_plane1_mcorrected_flipX,215,0.4781208336353302,122,0.8695045709609985
L396_f01,1,L396_f01_plane1_mcorrected_flipX,216,0.4901427924633026,122,0.8695045709609985
L396_f01,1,L396_f01_plane1_mcorrected_flipX,217,0.48676392436027527,122,0.8695045709609985
L396_f01,1,L396_f01_plane1_mcorrected_flipX,218,0.46986401081085205,122,0.8695045709609985
L396_f01,1,L396_f01_plane1_mcorrected_flipX,219,0.4772835075855255,122,0.8695045709609985
L396_f01,1,L396_f01_plane1_mcorrected_flipX,220,0.4995213747024536,122,0.8695045709609985
L396_f01,1,L396_f01_plane1_mcorrected_flipX,221,0.5182717442512512,122,0.8695045709609985
L396_f01,1,L396_f01_plane1_mcorrected_flipX,222,0.47924816608428955,122,0.8695045709609985
L396_f01,2,L396_f01_plane2_mcorrected_flipX,0,0.45808646082878113,118,0.8625848293304443
L396_f01,2,L396_f01_plane2_mcorrected_flipX,1,0.5231820344924927,118,0.8625848293304443
L396_f01,2,L396_f01_plane2_mcorrected_flipX,2,0.5314176678657532,118,0.8625848293304443
L396_f01,2,L396_f01_plane2_mcorrected_flipX,3,0.5150730013847351,118,0.8625848293304443
L396_f01,2,L396_f01_plane2_mcorrected_flipX,4,0.4667831361293793,118,0.8625848293304443
L396_f01,2,L396_f01_plane2_mcorrected_flipX,5,0.49092403054237366,118,0.8625848293304443
L396_f01,2,L396_f01_plane2_mcorrected_flipX,6,0.4471307396888733,118,0.8625848293304443
L396_f01,2,L396_f01_plane2_mcorrected_flipX,7,0.48419708013534546,118,0.8625848293304443
L396_f01,2,L396_f01_plane2_mcorrected_flipX,8,0.48006460070610046,118,0.8625848293304443
L396_f01,2,L396_f01_plane2_mcorrected_flipX,9,0.48556455969810486,118,0.8625848293304443
L396_f01,2,L396_f01_plane2_mcorrected_flipX,10,0.4745255708694458,118,0.8625848293304443
L396_f01,2,L396_f01_plane2_mcorrected_flipX,11,0.4818326532840729,118,0.8625848293304443
L396_f01,2,L396_f01_plane2_mcorrected_flipX,12,0.4595455229282379,118,0.8625848293304443
L396_f01,2,L396_f01_plane2_mcorrected_flipX,13,0.45135003328323364,118,0.8625848293304443
L396_f01,2,L396_f01_plane2_mcorrected_flipX,14,0.4574538469314575,118,0.8625848293304443
L396_f01,2,L396_f01_plane2_mcorrected_flipX,15,0.4752156138420105,118,0.8625848293304443
L396_f01,2,L396_f01_plane2_mcorrected_flipX,16,0.47007840871810913,118,0.8625848293304443
L396_f01,2,L396_f01_plane2_mcorrected_flipX,17,0.44810184836387634,118,0.8625848293304443
L396_f01,2,L396_f01_plane2_mcorrected_flipX,18,0.46178919076919556,118,0.8625848293304443
L396_f01,2,L396_f01_plane2_mcorrected_flipX,19,0.4806256890296936,118,0.8625848293304443
L396_f01,2,L396_f01_plane2_mcorrected_flipX,20,0.48427170515060425,118,0.8625848293304443
L396_f01,2,L396_f01_plane2_mcorrected_flipX,21,0.4817536175251007,118,0.8625848293304443
L396_f01,2,L396_f01_plane2_mcorrected_flipX,22,0.4883911907672882,118,0.8625848293304443
L396_f01,2,L396_f01_plane2_mcorrected_flipX,23,0.48911741375923157,118,0.8625848293304443
L396_f01,2,L396_f01_plane2_mcorrected_flipX,24,0.49108821153640747,118,0.8625848293304443
L396_f01,2,L396_f01_plane2_mcorrected_flipX,25,0.4857996702194214,118,0.8625848293304443
L396_f01,2,L396_f01_plane2_mcorrected_flipX,26,0.5260316729545593,118,0.8625848293304443
L396_f01,2,L396_f01_plane2_mcorrected_flipX,27,0.5229538679122925,118,0.8625848293304443
L396_f01,2,L396_f01_plane2_mcorrected_flipX,28,0.5349481105804443,118,0.8625848293304443
L396_f01,2,L396_f01_plane2_mcorrected_flipX,29,0.558759331703186,118,0.8625848293304443
L396_f01,2,L396_f01_plane2_mcorrected_flipX,30,0.5662075281143188,118,0.8625848293304443
L396_f01,2,L396_f01_plane2_mcorrected_flipX,31,0.5622082948684692,118,0.8625848293304443
L396_f01,2,L396_f01_plane2_mcorrected_flipX,32,0.5531999468803406,118,0.8625848293304443
L396_f01,2,L396_f01_plane2_mcorrected_flipX,33,0.579089343547821,118,0.8625848293304443
L396_f01,2,L396_f01_plane2_mcorrected_flipX,34,0.5494462847709656,118,0.8625848293304443
L396_f01,2,L396_f01_plane2_mcorrected_flipX,35,0.5551712512969971,118,0.8625848293304443
L396_f01,2,L396_f01_plane2_mcorrected_flipX,36,0.5696173906326294,118,0.8625848293304443
L396_f01,2,L396_f01_plane2_mcorrected_flipX,37,0.5700839161872864,118,0.8625848293304443
L396_f01,2,L396_f01_plane2_mcorrected_flipX,38,0.555643618106842,118,0.8625848293304443
L396_f01,2,L396_f01_plane2_mcorrected_flipX,39,0.5453450679779053,118,0.8625848293304443
L396_f01,2,L396_f01_plane2_mcorrected_flipX,40,0.5469139218330383,118,0.8625848293304443
L396_f01,2,L396_f01_plane2_mcorrected_flipX,41,0.5402256846427917,118,0.8625848293304443
L396_f01,2,L396_f01_plane2_mcorrected_flipX,42,0.5319260358810425,118,0.8625848293304443
L396_f01,2,L396_f01_plane2_mcorrected_flipX,43,0.537712574005127,118,0.8625848293304443
L396_f01,2,L396_f01_plane2_mcorrected_flipX,44,0.5438420176506042,118,0.8625848293304443
L396_f01,2,L396_f01_plane2_mcorrected_flipX,45,0.5249608755111694,118,0.8625848293304443
L396_f01,2,L396_f01_plane2_mcorrected_flipX,46,0.5279654860496521,118,0.8625848293304443
L396_f01,2,L396_f01_plane2_mcorrected_flipX,47,0.5250649452209473,118,0.8625848293304443
L396_f01,2,L396_f01_plane2_mcorrected_flipX,48,0.5175483822822571,118,0.8625848293304443
L396_f01,2,L396_f01_plane2_mcorrected_flipX,49,0.5251740217208862,118,0.8625848293304443
L396_f01,2,L396_f01_plane2_mcorrected_flipX,50,0.519069492816925,118,0.8625848293304443
L396_f01,2,L396_f01_plane2_mcorrected_flipX,51,0.5283867716789246,118,0.8625848293304443
L396_f01,2,L396_f01_plane2_mcorrected_flipX,52,0.5067803263664246,118,0.8625848293304443
L396_f01,2,L396_f01_plane2_mcorrected_flipX,53,0.5088980197906494,118,0.8625848293304443
L396_f01,2,L396_f01_plane2_mcorrected_flipX,54,0.5283753275871277,118,0.8625848293304443
L396_f01,2,L396_f01_plane2_mcorrected_flipX,55,0.5221123695373535,118,0.8625848293304443
L396_f01,2,L396_f01_plane2_mcorrected_flipX,56,0.5147423148155212,118,0.8625848293304443
L396_f01,2,L396_f01_plane2_mcorrected_flipX,57,0.5065054893493652,118,0.8625848293304443
L396_f01,2,L396_f01_plane2_mcorrected_flipX,58,0.5111426711082458,118,0.8625848293304443
L396_f01,2,L396_f01_plane2_mcorrected_flipX,59,0.49912798404693604,118,0.8625848293304443
L396_f01,2,L396_f01_plane2_mcorrected_flipX,60,0.4953245222568512,118,0.8625848293304443
L396_f01,2,L396_f01_plane2_mcorrected_flipX,61,0.499239981174469,118,0.8625848293304443
L396_f01,2,L396_f01_plane2_mcorrected_flipX,62,0.5016406178474426,118,0.8625848293304443
L396_f01,2,L396_f01_plane2_mcorrected_flipX,63,0.5060403347015381,118,0.8625848293304443
L396_f01,2,L396_f01_plane2_mcorrected_flipX,64,0.4984103739261627,118,0.8625848293304443
L396_f01,2,L396_f01_plane2_mcorrected_flipX,65,0.510578989982605,118,0.8625848293304443
L396_f01,2,L396_f01_plane2_mcorrected_flipX,66,0.5039753317832947,118,0.8625848293304443
L396_f01,2,L396_f01_plane2_mcorrected_flipX,67,0.5052799582481384,118,0.8625848293304443
L396_f01,2,L396_f01_plane2_mcorrected_flipX,68,0.5038549900054932,118,0.8625848293304443
L396_f01,2,L396_f01_plane2_mcorrected_flipX,69,0.5122913122177124,118,0.8625848293304443
L396_f01,2,L396_f01_plane2_mcorrected_flipX,70,0.513630211353302,118,0.8625848293304443
L396_f01,2,L396_f01_plane2_mcorrected_flipX,71,0.5231265425682068,118,0.8625848293304443
L396_f01,2,L396_f01_plane2_mcorrected_flipX,72,0.538792610168457,118,0.8625848293304443
L396_f01,2,L396_f01_plane2_mcorrected_flipX,73,0.5360448360443115,118,0.8625848293304443
L396_f01,2,L396_f01_plane2_mcorrected_flipX,74,0.5346256494522095,118,0.8625848293304443
L396_f01,2,L396_f01_plane2_mcorrected_flipX,75,0.55858314037323,118,0.8625848293304443
L396_f01,2,L396_f01_plane2_mcorrected_flipX,76,0.5454421043395996,118,0.8625848293304443
L396_f01,2,L396_f01_plane2_mcorrected_flipX,77,0.5548169612884521,118,0.8625848293304443
L396_f01,2,L396_f01_plane2_mcorrected_flipX,78,0.5521681904792786,118,0.8625848293304443
L396_f01,2,L396_f01_plane2_mcorrected_flipX,79,0.5613387823104858,118,0.8625848293304443
L396_f01,2,L396_f01_plane2_mcorrected_flipX,80,0.5583298206329346,118,0.8625848293304443
L396_f01,2,L396_f01_plane2_mcorrected_flipX,81,0.5516855716705322,118,0.8625848293304443
L396_f01,2,L396_f01_plane2_mcorrected_flipX,82,0.5421270132064819,118,0.8625848293304443
L396_f01,2,L396_f01_plane2_mcorrected_flipX,83,0.540803849697113,118,0.8625848293304443
L396_f01,2,L396_f01_plane2_mcorrected_flipX,84,0.5474708676338196,118,0.8625848293304443
L396_f01,2,L396_f01_plane2_mcorrected_flipX,85,0.5540127158164978,118,0.8625848293304443
L396_f01,2,L396_f01_plane2_mcorrected_flipX,86,0.5545972585678101,118,0.8625848293304443
L396_f01,2,L396_f01_plane2_mcorrected_flipX,87,0.5524073243141174,118,0.8625848293304443
L396_f01,2,L396_f01_plane2_mcorrected_flipX,88,0.5467539429664612,118,0.8625848293304443
L396_f01,2,L396_f01_plane2_mcorrected_flipX,89,0.5710276961326599,118,0.8625848293304443
L396_f01,2,L396_f01_plane2_mcorrected_flipX,90,0.5723286271095276,118,0.8625848293304443
L396_f01,2,L396_f01_plane2_mcorrected_flipX,91,0.5853567123413086,118,0.8625848293304443
L396_f01,2,L396_f01_plane2_mcorrected_flipX,92,0.5901018381118774,118,0.8625848293304443
L396_f01,2,L396_f01_plane2_mcorrected_flipX,93,0.5813001394271851,118,0.8625848293304443
L396_f01,2,L396_f01_plane2_mcorrected_flipX,94,0.587376058101654,118,0.8625848293304443
L396_f01,2,L396_f01_plane2_mcorrected_flipX,95,0.5988914370536804,118,0.8625848293304443
L396_f01,2,L396_f01_plane2_mcorrected_flipX,96,0.6097912192344666,118,0.8625848293304443
L396_f01,2,L396_f01_plane2_mcorrected_flipX,97,0.6082364916801453,118,0.8625848293304443
L396_f01,2,L396_f01_plane2_mcorrected_flipX,98,0.5957014560699463,118,0.8625848293304443
L396_f01,2,L396_f01_plane2_mcorrected_flipX,99,0.5982143878936768,118,0.8625848293304443
L396_f01,2,L396_f01_plane2_mcorrected_flipX,100,0.5961278676986694,118,0.8625848293304443
L396_f01,2,L396_f01_plane2_mcorrected_flipX,101,0.6019192934036255,118,0.8625848293304443
L396_f01,2,L396_f01_plane2_mcorrected_flipX,102,0.6108226776123047,118,0.8625848293304443
L396_f01,2,L396_f01_plane2_mcorrected_flipX,103,0.6124834418296814,118,0.8625848293304443
L396_f01,2,L396_f01_plane2_mcorrected_flipX,104,0.6066427826881409,118,0.8625848293304443
L396_f01,2,L396_f01_plane2_mcorrected_flipX,105,0.625586986541748,118,0.8625848293304443
L396_f01,2,L396_f01_plane2_mcorrected_flipX,106,0.6343182921409607,118,0.8625848293304443
L396_f01,2,L396_f01_plane2_mcorrected_flipX,107,0.6359339952468872,118,0.8625848293304443
L396_f01,2,L396_f01_plane2_mcorrected_flipX,108,0.653055727481842,118,0.8625848293304443
L396_f01,2,L396_f01_plane2_mcorrected_flipX,109,0.6611081957817078,118,0.8625848293304443
L396_f01,2,L396_f01_plane2_mcorrected_flipX,110,0.6662299036979675,118,0.8625848293304443
L396_f01,2,L396_f01_plane2_mcorrected_flipX,111,0.6724488735198975,118,0.8625848293304443
L396_f01,2,L396_f01_plane2_mcorrected_flipX,112,0.698763370513916,118,0.8625848293304443
L396_f01,2,L396_f01_plane2_mcorrected_flipX,113,0.7234630584716797,118,0.8625848293304443
L396_f01,2,L396_f01_plane2_mcorrected_flipX,114,0.7564908266067505,118,0.8625848293304443
L396_f01,2,L396_f01_plane2_mcorrected_flipX,115,0.7944803237915039,118,0.8625848293304443
L396_f01,2,L396_f01_plane2_mcorrected_flipX,116,0.8365250825881958,118,0.8625848293304443
L396_f01,2,L396_f01_plane2_mcorrected_flipX,117,0.8560697436332703,118,0.8625848293304443
L396_f01,2,L396_f01_plane2_mcorrected_flipX,118,0.8625848293304443,118,0.8625848293304443
L396_f01,2,L396_f01_plane2_mcorrected_flipX,119,0.8385524749755859,118,0.8625848293304443
L396_f01,2,L396_f01_plane2_mcorrected_flipX,120,0.791516125202179,118,0.8625848293304443
L396_f01,2,L396_f01_plane2_mcorrected_flipX,121,0.7504979968070984,118,0.8625848293304443
L396_f01,2,L396_f01_plane2_mcorrected_flipX,122,0.7184962034225464,118,0.8625848293304443
L396_f01,2,L396_f01_plane2_mcorrected_flipX,123,0.6866485476493835,118,0.8625848293304443
L396_f01,2,L396_f01_plane2_mcorrected_flipX,124,0.6545132398605347,118,0.8625848293304443
L396_f01,2,L396_f01_plane2_mcorrected_flipX,125,0.6417933702468872,118,0.8625848293304443
L396_f01,2,L396_f01_plane2_mcorrected_flipX,126,0.6297048926353455,118,0.8625848293304443
L396_f01,2,L396_f01_plane2_mcorrected_flipX,127,0.6071524620056152,118,0.8625848293304443
L396_f01,2,L396_f01_plane2_mcorrected_flipX,128,0.6014472842216492,118,0.8625848293304443
L396_f01,2,L396_f01_plane2_mcorrected_flipX,129,0.6001400947570801,118,0.8625848293304443
L396_f01,2,L396_f01_plane2_mcorrected_flipX,130,0.5889920592308044,118,0.8625848293304443
L396_f01,2,L396_f01_plane2_mcorrected_flipX,131,0.5875695943832397,118,0.8625848293304443
L396_f01,2,L396_f01_plane2_mcorrected_flipX,132,0.5798170566558838,118,0.8625848293304443
L396_f01,2,L396_f01_plane2_mcorrected_flipX,133,0.5779033899307251,118,0.8625848293304443
L396_f01,2,L396_f01_plane2_mcorrected_flipX,134,0.5640966892242432,118,0.8625848293304443
L396_f01,2,L396_f01_plane2_mcorrected_flipX,135,0.552389919757843,118,0.8625848293304443
L396_f01,2,L396_f01_plane2_mcorrected_flipX,136,0.5457149147987366,118,0.8625848293304443
L396_f01,2,L396_f01_plane2_mcorrected_flipX,137,0.534120500087738,118,0.8625848293304443
L396_f01,2,L396_f01_plane2_mcorrected_flipX,138,0.5302796959877014,118,0.8625848293304443
L396_f01,2,L396_f01_plane2_mcorrected_flipX,139,0.5304793119430542,118,0.8625848293304443
L396_f01,2,L396_f01_plane2_mcorrected_flipX,140,0.5260298848152161,118,0.8625848293304443
L396_f01,2,L396_f01_plane2_mcorrected_flipX,141,0.5216145515441895,118,0.8625848293304443
L396_f01,2,L396_f01_plane2_mcorrected_flipX,142,0.5207751393318176,118,0.8625848293304443
L396_f01,2,L396_f01_plane2_mcorrected_flipX,143,0.528214693069458,118,0.8625848293304443
L396_f01,2,L396_f01_plane2_mcorrected_flipX,144,0.5317558646202087,118,0.8625848293304443
L396_f01,2,L396_f01_plane2_mcorrected_flipX,145,0.5445190072059631,118,0.8625848293304443
L396_f01,2,L396_f01_plane2_mcorrected_flipX,146,0.5501787066459656,118,0.8625848293304443
L396_f01,2,L396_f01_plane2_mcorrected_flipX,147,0.5486135482788086,118,0.8625848293304443
L396_f01,2,L396_f01_plane2_mcorrected_flipX,148,0.548984706401825,118,0.8625848293304443
L396_f01,2,L396_f01_plane2_mcorrected_flipX,149,0.5540127158164978,118,0.8625848293304443
L396_f01,2,L396_f01_plane2_mcorrected_flipX,150,0.5539473295211792,118,0.8625848293304443
L396_f01,2,L396_f01_plane2_mcorrected_flipX,151,0.5580571889877319,118,0.8625848293304443
L396_f01,2,L396_f01_plane2_mcorrected_flipX,152,0.551541805267334,118,0.8625848293304443
L396_f01,2,L396_f01_plane2_mcorrected_flipX,153,0.5462344884872437,118,0.8625848293304443
L396_f01,2,L396_f01_plane2_mcorrected_flipX,154,0.5484567284584045,118,0.8625848293304443
L396_f01,2,L396_f01_plane2_mcorrected_flipX,155,0.5591840744018555,118,0.8625848293304443
L396_f01,2,L396_f01_plane2_mcorrected_flipX,156,0.5686830878257751,118,0.8625848293304443
L396_f01,2,L396_f01_plane2_mcorrected_flipX,157,0.568467378616333,118,0.8625848293304443
L396_f01,2,L396_f01_plane2_mcorrected_flipX,158,0.5715101361274719,118,0.8625848293304443
L396_f01,2,L396_f01_plane2_mcorrected_flipX,159,0.5725124478340149,118,0.8625848293304443
L396_f01,2,L396_f01_plane2_mcorrected_flipX,160,0.5765239596366882,118,0.8625848293304443
L396_f01,2,L396_f01_plane2_mcorrected_flipX,161,0.5797639489173889,118,0.8625848293304443
L396_f01,2,L396_f01_plane2_mcorrected_flipX,162,0.5774855613708496,118,0.8625848293304443
L396_f01,2,L396_f01_plane2_mcorrected_flipX,163,0.5787256956100464,118,0.8625848293304443
L396_f01,2,L396_f01_plane2_mcorrected_flipX,164,0.5740475058555603,118,0.8625848293304443
L396_f01,2,L396_f01_plane2_mcorrected_flipX,165,0.578141987323761,118,0.8625848293304443
L396_f01,2,L396_f01_plane2_mcorrected_flipX,166,0.571760356426239,118,0.8625848293304443
L396_f01,2,L396_f01_plane2_mcorrected_flipX,167,0.5750668048858643,118,0.8625848293304443
L396_f01,2,L396_f01_plane2_mcorrected_flipX,168,0.579742431640625,118,0.8625848293304443
L396_f01,2,L396_f01_plane2_mcorrected_flipX,169,0.5772714018821716,118,0.8625848293304443
L396_f01,2,L396_f01_plane2_mcorrected_flipX,170,0.5759938955307007,118,0.8625848293304443
L396_f01,2,L396_f01_plane2_mcorrected_flipX,171,0.5684424042701721,118,0.8625848293304443
L396_f01,2,L396_f01_plane2_mcorrected_flipX,172,0.5684038996696472,118,0.8625848293304443
L396_f01,2,L396_f01_plane2_mcorrected_flipX,173,0.5707846283912659,118,0.8625848293304443
L396_f01,2,L396_f01_plane2_mcorrected_flipX,174,0.5697373151779175,118,0.8625848293304443
L396_f01,2,L396_f01_plane2_mcorrected_flipX,175,0.5777841210365295,118,0.8625848293304443
L396_f01,2,L396_f01_plane2_mcorrected_flipX,176,0.5697547793388367,118,0.8625848293304443
L396_f01,2,L396_f01_plane2_mcorrected_flipX,177,0.5609894394874573,118,0.8625848293304443
L396_f01,2,L396_f01_plane2_mcorrected_flipX,178,0.5551548004150391,118,0.8625848293304443
L396_f01,2,L396_f01_plane2_mcorrected_flipX,179,0.5461931824684143,118,0.8625848293304443
L396_f01,2,L396_f01_plane2_mcorrected_flipX,180,0.5306321382522583,118,0.8625848293304443
L396_f01,2,L396_f01_plane2_mcorrected_flipX,181,0.532603919506073,118,0.8625848293304443
L396_f01,2,L396_f01_plane2_mcorrected_flipX,182,0.5374201536178589,118,0.8625848293304443
L396_f01,2,L396_f01_plane2_mcorrected_flipX,183,0.5454413294792175,118,0.8625848293304443
L396_f01,2,L396_f01_plane2_mcorrected_flipX,184,0.5258044600486755,118,0.8625848293304443
L396_f01,2,L396_f01_plane2_mcorrected_flipX,185,0.5315631628036499,118,0.8625848293304443
L396_f01,2,L396_f01_plane2_mcorrected_flipX,186,0.5305190682411194,118,0.8625848293304443
L396_f01,2,L396_f01_plane2_mcorrected_flipX,187,0.5220836997032166,118,0.8625848293304443
L396_f01,2,L396_f01_plane2_mcorrected_flipX,188,0.5107195377349854,118,0.8625848293304443
L396_f01,2,L396_f01_plane2_mcorrected_flipX,189,0.5128431916236877,118,0.8625848293304443
L396_f01,2,L396_f01_plane2_mcorrected_flipX,190,0.5001376271247864,118,0.8625848293304443
L396_f01,2,L396_f01_plane2_mcorrected_flipX,191,0.4857301115989685,118,0.8625848293304443
L396_f01,2,L396_f01_plane2_mcorrected_flipX,192,0.4873424172401428,118,0.8625848293304443
L396_f01,2,L396_f01_plane2_mcorrected_flipX,193,0.4872283935546875,118,0.8625848293304443
L396_f01,2,L396_f01_plane2_mcorrected_flipX,194,0.4749644696712494,118,0.8625848293304443
L396_f01,2,L396_f01_plane2_mcorrected_flipX,195,0.49029621481895447,118,0.8625848293304443
L396_f01,2,L396_f01_plane2_mcorrected_flipX,196,0.4630560576915741,118,0.8625848293304443
L396_f01,2,L396_f01_plane2_mcorrected_flipX,197,0.45911726355552673,118,0.8625848293304443
L396_f01,2,L396_f01_plane2_mcorrected_flipX,198,0.4519604742527008,118,0.8625848293304443
L396_f01,2,L396_f01_plane2_mcorrected_flipX,199,0.44846686720848083,118,0.8625848293304443
L396_f01,2,L396_f01_plane2_mcorrected_flipX,200,0.4416610896587372,118,0.8625848293304443
L396_f01,2,L396_f01_plane2_mcorrected_flipX,201,0.4312020540237427,118,0.8625848293304443
L396_f01,2,L396_f01_plane2_mcorrected_flipX,202,0.42024099826812744,118,0.8625848293304443
L396_f01,2,L396_f01_plane2_mcorrected_flipX,203,0.3967958986759186,118,0.8625848293304443
L396_f01,2,L396_f01_plane2_mcorrected_flipX,204,0.3960328698158264,118,0.8625848293304443
L396_f01,2,L396_f01_plane2_mcorrected_flipX,205,0.38649022579193115,118,0.8625848293304443
L396_f01,2,L396_f01_plane2_mcorrected_flipX,206,0.36587610840797424,118,0.8625848293304443
L396_f01,2,L396_f01_plane2_mcorrected_flipX,207,0.38070032000541687,118,0.8625848293304443
L396_f01,2,L396_f01_plane2_mcorrected_flipX,208,0.38563457131385803,118,0.8625848293304443
L396_f01,2,L396_f01_plane2_mcorrected_flipX,209,0.3855641782283783,118,0.8625848293304443
L396_f01,2,L396_f01_plane2_mcorrected_flipX,210,0.3890109360218048,118,0.8625848293304443
L396_f01,2,L396_f01_plane2_mcorrected_flipX,211,0.3848401606082916,118,0.8625848293304443
L396_f01,2,L396_f01_plane2_mcorrected_flipX,212,0.39981648325920105,118,0.8625848293304443
L396_f01,2,L396_f01_plane2_mcorrected_flipX,213,0.4131588041782379,118,0.8625848293304443
L396_f01,2,L396_f01_plane2_mcorrected_flipX,214,0.4274078607559204,118,0.8625848293304443
L396_f01,2,L396_f01_plane2_mcorrected_flipX,215,0.4413304626941681,118,0.8625848293304443
L396_f01,2,L396_f01_plane2_mcorrected_flipX,216,0.46038496494293213,118,0.8625848293304443
L396_f01,2,L396_f01_plane2_mcorrected_flipX,217,0.45006027817726135,118,0.8625848293304443
L396_f01,2,L396_f01_plane2_mcorrected_flipX,218,0.4316629469394684,118,0.8625848293304443
L396_f01,2,L396_f01_plane2_mcorrected_flipX,219,0.4329153597354889,118,0.8625848293304443
L396_f01,2,L396_f01_plane2_mcorrected_flipX,220,0.4644761085510254,118,0.8625848293304443
L396_f01,2,L396_f01_plane2_mcorrected_flipX,221,0.48359158635139465,118,0.8625848293304443
L396_f01,2,L396_f01_plane2_mcorrected_flipX,222,0.44442328810691833,118,0.8625848293304443
L396_f01,3,L396_f01_plane3_mcorrected_flipX,0,0.4902162551879883,113,0.846896231174469
L396_f01,3,L396_f01_plane3_mcorrected_flipX,1,0.5528793931007385,113,0.846896231174469
L396_f01,3,L396_f01_plane3_mcorrected_flipX,2,0.5617964267730713,113,0.846896231174469
L396_f01,3,L396_f01_plane3_mcorrected_flipX,3,0.550803005695343,113,0.846896231174469
L396_f01,3,L396_f01_plane3_mcorrected_flipX,4,0.504410445690155,113,0.846896231174469
L396_f01,3,L396_f01_plane3_mcorrected_flipX,5,0.528427004814148,113,0.846896231174469
L396_f01,3,L396_f01_plane3_mcorrected_flipX,6,0.48652568459510803,113,0.846896231174469
L396_f01,3,L396_f01_plane3_mcorrected_flipX,7,0.5246612429618835,113,0.846896231174469
L396_f01,3,L396_f01_plane3_mcorrected_flipX,8,0.5198906660079956,113,0.846896231174469
L396_f01,3,L396_f01_plane3_mcorrected_flipX,9,0.5267440676689148,113,0.846896231174469
L396_f01,3,L396_f01_plane3_mcorrected_flipX,10,0.5122778415679932,113,0.846896231174469
L396_f01,3,L396_f01_plane3_mcorrected_flipX,11,0.5180027484893799,113,0.846896231174469
L396_f01,3,L396_f01_plane3_mcorrected_flipX,12,0.49374452233314514,113,0.846896231174469
L396_f01,3,L396_f01_plane3_mcorrected_flipX,13,0.488223671913147,113,0.846896231174469
L396_f01,3,L396_f01_plane3_mcorrected_flipX,14,0.5000202059745789,113,0.846896231174469
L396_f01,3,L396_f01_plane3_mcorrected_flipX,15,0.5169339179992676,113,0.846896231174469
L396_f01,3,L396_f01_plane3_mcorrected_flipX,16,0.5145817399024963,113,0.846896231174469
L396_f01,3,L396_f01_plane3_mcorrected_flipX,17,0.48973873257637024,113,0.846896231174469
L396_f01,3,L396_f01_plane3_mcorrected_flipX,18,0.5038325190544128,113,0.846896231174469
L396_f01,3,L396_f01_plane3_mcorrected_flipX,19,0.5158835649490356,113,0.846896231174469
L396_f01,3,L396_f01_plane3_mcorrected_flipX,20,0.5180936455726624,113,0.846896231174469
L396_f01,3,L396_f01_plane3_mcorrected_flipX,21,0.5127888321876526,113,0.846896231174469
L396_f01,3,L396_f01_plane3_mcorrected_flipX,22,0.5154275894165039,113,0.846896231174469
L396_f01,3,L396_f01_plane3_mcorrected_flipX,23,0.5160540342330933,113,0.846896231174469
L396_f01,3,L396_f01_plane3_mcorrected_flipX,24,0.5123130679130554,113,0.846896231174469
L396_f01,3,L396_f01_plane3_mcorrected_flipX,25,0.5036730170249939,113,0.846896231174469
L396_f01,3,L396_f01_plane3_mcorrected_flipX,26,0.5366806983947754,113,0.846896231174469
L396_f01,3,L396_f01_plane3_mcorrected_flipX,27,0.5290198922157288,113,0.846896231174469
L396_f01,3,L396_f01_plane3_mcorrected_flipX,28,0.5324390530586243,113,0.846896231174469
L396_f01,3,L396_f01_plane3_mcorrected_flipX,29,0.5505821108818054,113,0.846896231174469
L396_f01,3,L396_f01_plane3_mcorrected_flipX,30,0.5580886006355286,113,0.846896231174469
L396_f01,3,L396_f01_plane3_mcorrected_flipX,31,0.5508612990379333,113,0.846896231174469
L396_f01,3,L396_f01_plane3_mcorrected_flipX,32,0.5383437871932983,113,0.846896231174469
L396_f01,3,L396_f01_plane3_mcorrected_flipX,33,0.5610072612762451,113,0.846896231174469
L396_f01,3,L396_f01_plane3_mcorrected_flipX,34,0.5250203609466553,113,0.846896231174469
L396_f01,3,L396_f01_plane3_mcorrected_flipX,35,0.5305968523025513,113,0.846896231174469
L396_f01,3,L396_f01_plane3_mcorrected_flipX,36,0.5447528958320618,113,0.846896231174469
L396_f01,3,L396_f01_plane3_mcorrected_flipX,37,0.5492671728134155,113,0.846896231174469
L396_f01,3,L396_f01_plane3_mcorrected_flipX,38,0.5369070172309875,113,0.846896231174469
L396_f01,3,L396_f01_plane3_mcorrected_flipX,39,0.5296686291694641,113,0.846896231174469
L396_f01,3,L396_f01_plane3_mcorrected_flipX,40,0.5373324751853943,113,0.846896231174469
L396_f01,3,L396_f01_plane3_mcorrected_flipX,41,0.5330101847648621,113,0.846896231174469
L396_f01,3,L396_f01_plane3_mcorrected_flipX,42,0.5260826945304871,113,0.846896231174469
L396_f01,3,L396_f01_plane3_mcorrected_flipX,43,0.5328932404518127,113,0.846896231174469
L396_f01,3,L396_f01_plane3_mcorrected_flipX,44,0.5389596819877625,113,0.846896231174469
L396_f01,3,L396_f01_plane3_mcorrected_flipX,45,0.5276761054992676,113,0.846896231174469
L396_f01,3,L396_f01_plane3_mcorrected_flipX,46,0.5370705127716064,113,0.846896231174469
L396_f01,3,L396_f01_plane3_mcorrected_flipX,47,0.5445325374603271,113,0.846896231174469
L396_f01,3,L396_f01_plane3_mcorrected_flipX,48,0.540669858455658,113,0.846896231174469
L396_f01,3,L396_f01_plane3_mcorrected_flipX,49,0.5499396324157715,113,0.846896231174469
L396_f01,3,L396_f01_plane3_mcorrected_flipX,50,0.5446735620498657,113,0.846896231174469
L396_f01,3,L396_f01_plane3_mcorrected_flipX,51,0.5526754856109619,113,0.846896231174469
L396_f01,3,L396_f01_plane3_mcorrected_flipX,52,0.5329022407531738,113,0.846896231174469
L396_f01,3,L396_f01_plane3_mcorrected_flipX,53,0.5354376435279846,113,0.846896231174469
L396_f01,3,L396_f01_plane3_mcorrected_flipX,54,0.558332085609436,113,0.846896231174469
L396_f01,3,L396_f01_plane3_mcorrected_flipX,55,0.5544418096542358,113,0.846896231174469
L396_f01,3,L396_f01_plane3_mcorrected_flipX,56,0.5537827014923096,113,0.846896231174469
L396_f01,3,L396_f01_plane3_mcorrected_flipX,57,0.550112247467041,113,0.846896231174469
L396_f01,3,L396_f01_plane3_mcorrected_flipX,58,0.5612784624099731,113,0.846896231174469
L396_f01,3,L396_f01_plane3_mcorrected_flipX,59,0.561301052570343,113,0.846896231174469
L396_f01,3,L396_f01_plane3_mcorrected_flipX,60,0.568600594997406,113,0.846896231174469
L396_f01,3,L396_f01_plane3_mcorrected_flipX,61,0.5753737092018127,113,0.846896231174469
L396_f01,3,L396_f01_plane3_mcorrected_flipX,62,0.582589864730835,113,0.846896231174469
L396_f01,3,L396_f01_plane3_mcorrected_flipX,63,0.5899665355682373,113,0.846896231174469
L396_f01,3,L396_f01_plane3_mcorrected_flipX,64,0.585227906703949,113,0.846896231174469
L396_f01,3,L396_f01_plane3_mcorrected_flipX,65,0.5978051424026489,113,0.846896231174469
L396_f01,3,L396_f01_plane3_mcorrected_flipX,66,0.590359091758728,113,0.846896231174469
L396_f01,3,L396_f01_plane3_mcorrected_flipX,67,0.5919982194900513,113,0.846896231174469
L396_f01,3,L396_f01_plane3_mcorrected_flipX,68,0.5904324650764465,113,0.846896231174469
L396_f01,3,L396_f01_plane3_mcorrected_flipX,69,0.5962471961975098,113,0.846896231174469
L396_f01,3,L396_f01_plane3_mcorrected_flipX,70,0.5979247093200684,113,0.846896231174469
L396_f01,3,L396_f01_plane3_mcorrected_flipX,71,0.605302095413208,113,0.846896231174469
L396_f01,3,L396_f01_plane3_mcorrected_flipX,72,0.6173343658447266,113,0.846896231174469
L396_f01,3,L396_f01_plane3_mcorrected_flipX,73,0.6119772791862488,113,0.846896231174469
L396_f01,3,L396_f01_plane3_mcorrected_flipX,74,0.6087297201156616,113,0.846896231174469
L396_f01,3,L396_f01_plane3_mcorrected_flipX,75,0.6277182102203369,113,0.846896231174469
L396_f01,3,L396_f01_plane3_mcorrected_flipX,76,0.6164244413375854,113,0.846896231174469
L396_f01,3,L396_f01_plane3_mcorrected_flipX,77,0.6246005296707153,113,0.846896231174469
L396_f01,3,L396_f01_plane3_mcorrected_flipX,78,0.6259937286376953,113,0.846896231174469
L396_f01,3,L396_f01_plane3_mcorrected_flipX,79,0.6364327669143677,113,0.846896231174469
L396_f01,3,L396_f01_plane3_mcorrected_flipX,80,0.6334396004676819,113,0.846896231174469
L396_f01,3,L396_f01_plane3_mcorrected_flipX,81,0.6303244233131409,113,0.846896231174469
L396_f01,3,L396_f01_plane3_mcorrected_flipX,82,0.6207824349403381,113,0.846896231174469
L396_f01,3,L396_f01_plane3_mcorrected_flipX,83,0.616508960723877,113,0.846896231174469
L396_f01,3,L396_f01_plane3_mcorrected_flipX,84,0.6246791481971741,113,0.846896231174469
L396_f01,3,L396_f01_plane3_mcorrected_flipX,85,0.6358855962753296,113,0.846896231174469
L396_f01,3,L396_f01_plane3_mcorrected_flipX,86,0.637080729007721,113,0.846896231174469
L396_f01,3,L396_f01_plane3_mcorrected_flipX,87,0.6331109404563904,113,0.846896231174469
L396_f01,3,L396_f01_plane3_mcorrected_flipX,88,0.6292597651481628,113,0.846896231174469
L396_f01,3,L396_f01_plane3_mcorrected_flipX,89,0.6535890698432922,113,0.846896231174469
L396_f01,3,L396_f01_plane3_mcorrected_flipX,90,0.6542844176292419,113,0.846896231174469
L396_f01,3,L396_f01_plane3_mcorrected_flipX,91,0.6630139350891113,113,0.846896231174469
L396_f01,3,L396_f01_plane3_mcorrected_flipX,92,0.6672807335853577,113,0.846896231174469
L396_f01,3,L396_f01_plane3_mcorrected_flipX,93,0.6564045548439026,113,0.846896231174469
L396_f01,3,L396_f01_plane3_mcorrected_flipX,94,0.6573718786239624,113,0.846896231174469
L396_f01,3,L396_f01_plane3_mcorrected_flipX,95,0.6655435562133789,113,0.846896231174469
L396_f01,3,L396_f01_plane3_mcorrected_flipX,96,0.6717287302017212,113,0.846896231174469
L396_f01,3,L396_f01_plane3_mcorrected_flipX,97,0.6706879734992981,113,0.846896231174469
L396_f01,3,L396_f01_plane3_mcorrected_flipX,98,0.6667957305908203,113,0.846896231174469
L396_f01,3,L396_f01_plane3_mcorrected_flipX,99,0.6708874106407166,113,0.846896231174469
L396_f01,3,L396_f01_plane3_mcorrected_flipX,100,0.6678031086921692,113,0.846896231174469
L396_f01,3,L396_f01_plane3_mcorrected_flipX,101,0.6695959568023682,113,0.846896231174469
L396_f01,3,L396_f01_plane3_mcorrected_flipX,102,0.6836408376693726,113,0.846896231174469
L396_f01,3,L396_f01_plane3_mcorrected_flipX,103,0.6906283497810364,113,0.846896231174469
L396_f01,3,L396_f01_plane3_mcorrected_flipX,104,0.6923349499702454,113,0.846896231174469
L396_f01,3,L396_f01_plane3_mcorrected_flipX,105,0.712105393409729,113,0.846896231174469
L396_f01,3,L396_f01_plane3_mcorrected_flipX,106,0.722162127494812,113,0.846896231174469
L396_f01,3,L396_f01_plane3_mcorrected_flipX,107,0.7262955904006958,113,0.846896231174469
L396_f01,3,L396_f01_plane3_mcorrected_flipX,108,0.7507868409156799,113,0.846896231174469
L396_f01,3,L396_f01_plane3_mcorrected_flipX,109,0.7714003324508667,113,0.846896231174469
L396_f01,3,L396_f01_plane3_mcorrected_flipX,110,0.7946333289146423,113,0.846896231174469
L396_f01,3,L396_f01_plane3_mcorrected_flipX,111,0.8176828622817993,113,0.846896231174469
L396_f01,3,L396_f01_plane3_mcorrected_flipX,112,0.8437893390655518,113,0.846896231174469
L396_f01,3,L396_f01_plane3_mcorrected_flipX,113,0.846896231174469,113,0.846896231174469
L396_f01,3,L396_f01_plane3_mcorrected_flipX,114,0.8271535038948059,113,0.846896231174469
L396_f01,3,L396_f01_plane3_mcorrected_flipX,115,0.799179196357727,113,0.846896231174469
L396_f01,3,L396_f01_plane3_mcorrected_flipX,116,0.7552213072776794,113,0.846896231174469
L396_f01,3,L396_f01_plane3_mcorrected_flipX,117,0.7215481996536255,113,0.846896231174469
L396_f01,3,L396_f01_plane3_mcorrected_flipX,118,0.6953552961349487,113,0.846896231174469
L396_f01,3,L396_f01_plane3_mcorrected_flipX,119,0.6689894795417786,113,0.846896231174469
L396_f01,3,L396_f01_plane3_mcorrected_flipX,120,0.6550629734992981,113,0.846896231174469
L396_f01,3,L396_f01_plane3_mcorrected_flipX,121,0.6422918438911438,113,0.846896231174469
L396_f01,3,L396_f01_plane3_mcorrected_flipX,122,0.6318303942680359,113,0.846896231174469
L396_f01,3,L396_f01_plane3_mcorrected_flipX,123,0.6102145910263062,113,0.846896231174469
L396_f01,3,L396_f01_plane3_mcorrected_flipX,124,0.5859981775283813,113,0.846896231174469
L396_f01,3,L396_f01_plane3_mcorrected_flipX,125,0.5865782499313354,113,0.846896231174469
L396_f01,3,L396_f01_plane3_mcorrected_flipX,126,0.5853922367095947,113,0.846896231174469
L396_f01,3,L396_f01_plane3_mcorrected_flipX,127,0.5617581009864807,113,0.846896231174469
L396_f01,3,L396_f01_plane3_mcorrected_flipX,128,0.5591084361076355,113,0.846896231174469
L396_f01,3,L396_f01_plane3_mcorrected_flipX,129,0.5616891384124756,113,0.846896231174469
L396_f01,3,L396_f01_plane3_mcorrected_flipX,130,0.5539674162864685,113,0.846896231174469
L396_f01,3,L396_f01_plane3_mcorrected_flipX,131,0.5568890571594238,113,0.846896231174469
L396_f01,3,L396_f01_plane3_mcorrected_flipX,132,0.5569844841957092,113,0.846896231174469
L396_f01,3,L396_f01_plane3_mcorrected_flipX,133,0.5603502988815308,113,0.846896231174469
L396_f01,3,L396_f01_plane3_mcorrected_flipX,134,0.5489708781242371,113,0.846896231174469
L396_f01,3,L396_f01_plane3_mcorrected_flipX,135,0.5411812663078308,113,0.846896231174469
L396_f01,3,L396_f01_plane3_mcorrected_flipX,136,0.5394961833953857,113,0.846896231174469
L396_f01,3,L396_f01_plane3_mcorrected_flipX,137,0.5309332013130188,113,0.846896231174469
L396_f01,3,L396_f01_plane3_mcorrected_flipX,138,0.522890031337738,113,0.846896231174469
L396_f01,3,L396_f01_plane3_mcorrected_flipX,139,0.515686571598053,113,0.846896231174469
L396_f01,3,L396_f01_plane3_mcorrected_flipX,140,0.5058454275131226,113,0.846896231174469
L396_f01,3,L396_f01_plane3_mcorrected_flipX,141,0.4997498095035553,113,0.846896231174469
L396_f01,3,L396_f01_plane3_mcorrected_flipX,142,0.4996834993362427,113,0.846896231174469
L396_f01,3,L396_f01_plane3_mcorrected_flipX,143,0.5051701664924622,113,0.846896231174469
L396_f01,3,L396_f01_plane3_mcorrected_flipX,144,0.5163642168045044,113,0.846896231174469
L396_f01,3,L396_f01_plane3_mcorrected_flipX,145,0.5324418544769287,113,0.846896231174469
L396_f01,3,L396_f01_plane3_mcorrected_flipX,146,0.5476937294006348,113,0.846896231174469
L396_f01,3,L396_f01_plane3_mcorrected_flipX,147,0.5534034371376038,113,0.846896231174469
L396_f01,3,L396_f01_plane3_mcorrected_flipX,148,0.5576728582382202,113,0.846896231174469
L396_f01,3,L396_f01_plane3_mcorrected_flipX,149,0.5525619387626648,113,0.846896231174469
L396_f01,3,L396_f01_plane3_mcorrected_flipX,150,0.5490552186965942,113,0.846896231174469
L396_f01,3,L396_f01_plane3_mcorrected_flipX,151,0.5519949793815613,113,0.846896231174469
L396_f01,3,L396_f01_plane3_mcorrected_flipX,152,0.547968327999115,113,0.846896231174469
L396_f01,3,L396_f01_plane3_mcorrected_flipX,153,0.5448004007339478,113,0.846896231174469
L396_f01,3,L396_f01_plane3_mcorrected_flipX,154,0.5553017854690552,113,0.846896231174469
L396_f01,3,L396_f01_plane3_mcorrected_flipX,155,0.5715650916099548,113,0.846896231174469
L396_f01,3,L396_f01_plane3_mcorrected_flipX,156,0.5852787494659424,113,0.846896231174469
L396_f01,3,L396_f01_plane3_mcorrected_flipX,157,0.5872902274131775,113,0.846896231174469
L396_f01,3,L396_f01_plane3_mcorrected_flipX,158,0.5888071060180664,113,0.846896231174469
L396_f01,3,L396_f01_plane3_mcorrected_flipX,159,0.5865501165390015,113,0.846896231174469
L396_f01,3,L396_f01_plane3_mcorrected_flipX,160,0.589051365852356,113,0.846896231174469
L396_f01,3,L396_f01_plane3_mcorrected_flipX,161,0.5923298001289368,113,0.846896231174469
L396_f01,3,L396_f01_plane3_mcorrected_flipX,162,0.5870459079742432,113,0.846896231174469
L396_f01,3,L396_f01_plane3_mcorrected_flipX,163,0.5844347476959229,113,0.846896231174469
L396_f01,3,L396_f01_plane3_mcorrected_flipX,164,0.5770547389984131,113,0.846896231174469
L396_f01,3,L396_f01_plane3_mcorrected_flipX,165,0.5794203281402588,113,0.846896231174469
L396_f01,3,L396_f01_plane3_mcorrected_flipX,166,0.5737174153327942,113,0.846896231174469
L396_f01,3,L396_f01_plane3_mcorrected_flipX,167,0.5763034224510193,113,0.846896231174469
L396_f01,3,L396_f01_plane3_mcorrected_flipX,168,0.5820317268371582,113,0.846896231174469
L396_f01,3,L396_f01_plane3_mcorrected_flipX,169,0.5843072533607483,113,0.846896231174469
L396_f01,3,L396_f01_plane3_mcorrected_flipX,170,0.5864307284355164,113,0.846896231174469
L396_f01,3,L396_f01_plane3_mcorrected_flipX,171,0.5736271142959595,113,0.846896231174469
L396_f01,3,L396_f01_plane3_mcorrected_flipX,172,0.5711643099784851,113,0.846896231174469
L396_f01,3,L396_f01_plane3_mcorrected_flipX,173,0.571974515914917,113,0.846896231174469
L396_f01,3,L396_f01_plane3_mcorrected_flipX,174,0.5700975656509399,113,0.846896231174469
L396_f01,3,L396_f01_plane3_mcorrected_flipX,175,0.5740396976470947,113,0.846896231174469
L396_f01,3,L396_f01_plane3_mcorrected_flipX,176,0.5630569458007812,113,0.846896231174469
L396_f01,3,L396_f01_plane3_mcorrected_flipX,177,0.5552319884300232,113,0.846896231174469
L396_f01,3,L396_f01_plane3_mcorrected_flipX,178,0.5477765202522278,113,0.846896231174469
L396_f01,3,L396_f01_plane3_mcorrected_flipX,179,0.5408968329429626,113,0.846896231174469
L396_f01,3,L396_f01_plane3_mcorrected_flipX,180,0.5284441709518433,113,0.846896231174469
L396_f01,3,L396_f01_plane3_mcorrected_flipX,181,0.5290592312812805,113,0.846896231174469
L396_f01,3,L396_f01_plane3_mcorrected_flipX,182,0.5320171117782593,113,0.846896231174469
L396_f01,3,L396_f01_plane3_mcorrected_flipX,183,0.544881284236908,113,0.846896231174469
L396_f01,3,L396_f01_plane3_mcorrected_flipX,184,0.5271661281585693,113,0.846896231174469
L396_f01,3,L396_f01_plane3_mcorrected_flipX,185,0.529346764087677,113,0.846896231174469
L396_f01,3,L396_f01_plane3_mcorrected_flipX,186,0.5311340093612671,113,0.846896231174469
L396_f01,3,L396_f01_plane3_mcorrected_flipX,187,0.527586817741394,113,0.846896231174469
L396_f01,3,L396_f01_plane3_mcorrected_flipX,188,0.5192320346832275,113,0.846896231174469
L396_f01,3,L396_f01_plane3_mcorrected_flipX,189,0.5238622426986694,113,0.846896231174469
L396_f01,3,L396_f01_plane3_mcorrected_flipX,190,0.5134732723236084,113,0.846896231174469
L396_f01,3,L396_f01_plane3_mcorrected_flipX,191,0.49598753452301025,113,0.846896231174469
L396_f01,3,L396_f01_plane3_mcorrected_flipX,192,0.5048917531967163,113,0.846896231174469
L396_f01,3,L396_f01_plane3_mcorrected_flipX,193,0.5072532296180725,113,0.846896231174469
L396_f01,3,L396_f01_plane3_mcorrected_flipX,194,0.4958442151546478,113,0.846896231174469
L396_f01,3,L396_f01_plane3_mcorrected_flipX,195,0.5065225958824158,113,0.846896231174469
L396_f01,3,L396_f01_plane3_mcorrected_flipX,196,0.4786745607852936,113,0.846896231174469
L396_f01,3,L396_f01_plane3_mcorrected_flipX,197,0.4791738986968994,113,0.846896231174469
L396_f01,3,L396_f01_plane3_mcorrected_flipX,198,0.47185778617858887,113,0.846896231174469
L396_f01,3,L396_f01_plane3_mcorrected_flipX,199,0.46673980355262756,113,0.846896231174469
L396_f01,3,L396_f01_plane3_mcorrected_flipX,200,0.45704761147499084,113,0.846896231174469
L396_f01,3,L396_f01_plane3_mcorrected_flipX,201,0.44671979546546936,113,0.846896231174469
L396_f01,3,L396_f01_plane3_mcorrected_flipX,202,0.4406197965145111,113,0.846896231174469
L396_f01,3,L396_f01_plane3_mcorrected_flipX,203,0.41631874442100525,113,0.846896231174469
L396_f01,3,L396_f01_plane3_mcorrected_flipX,204,0.4200911223888397,113,0.846896231174469
L396_f01,3,L396_f01_plane3_mcorrected_flipX,205,0.4091046452522278,113,0.846896231174469
L396_f01,3,L396_f01_plane3_mcorrected_flipX,206,0.3910014033317566,113,0.846896231174469
L396_f01,3,L396_f01_plane3_mcorrected_flipX,207,0.40427765250205994,113,0.846896231174469
L396_f01,3,L396_f01_plane3_mcorrected_flipX,208,0.39554518461227417,113,0.846896231174469
L396_f01,3,L396_f01_plane3_mcorrected_flipX,209,0.3847839832305908,113,0.846896231174469
L396_f01,3,L396_f01_plane3_mcorrected_flipX,210,0.37207385897636414,113,0.846896231174469
L396_f01,3,L396_f01_plane3_mcorrected_flipX,211,0.3473750054836273,113,0.846896231174469
L396_f01,3,L396_f01_plane3_mcorrected_flipX,212,0.35231250524520874,113,0.846896231174469
L396_f01,3,L396_f01_plane3_mcorrected_flipX,213,0.3497868776321411,113,0.846896231174469
L396_f01,3,L396_f01_plane3_mcorrected_flipX,214,0.35141223669052124,113,0.846896231174469
L396_f01,3,L396_f01_plane3_mcorrected_flipX,215,0.3507968485355377,113,0.846896231174469
L396_f01,3,L396_f01_plane3_mcorrected_flipX,216,0.3681327700614929,113,0.846896231174469
L396_f01,3,L396_f01_plane3_mcorrected_flipX,217,0.3696093261241913,113,0.846896231174469
L396_f01,3,L396_f01_plane3_mcorrected_flipX,218,0.35819265246391296,113,0.846896231174469
L396_f01,3,L396_f01_plane3_mcorrected_flipX,219,0.37484967708587646,113,0.846896231174469
L396_f01,3,L396_f01_plane3_mcorrected_flipX,220,0.39349305629730225,113,0.846896231174469
L396_f01,3,L396_f01_plane3_mcorrected_flipX,221,0.42456966638565063,113,0.846896231174469
L396_f01,3,L396_f01_plane3_mcorrected_flipX,222,0.38880422711372375,113,0.846896231174469
L396_f01,4,L396_f01_plane4_mcorrected_flipX,0,0.48343580961227417,106,0.8321048021316528
L396_f01,4,L396_f01_plane4_mcorrected_flipX,1,0.5437496304512024,106,0.8321048021316528
L396_f01,4,L396_f01_plane4_mcorrected_flipX,2,0.5489451885223389,106,0.8321048021316528
L396_f01,4,L396_f01_plane4_mcorrected_flipX,3,0.5347070693969727,106,0.8321048021316528
L396_f01,4,L396_f01_plane4_mcorrected_flipX,4,0.487834095954895,106,0.8321048021316528
L396_f01,4,L396_f01_plane4_mcorrected_flipX,5,0.5107126832008362,106,0.8321048021316528
L396_f01,4,L396_f01_plane4_mcorrected_flipX,6,0.4697103798389435,106,0.8321048021316528
L396_f01,4,L396_f01_plane4_mcorrected_flipX,7,0.5065940618515015,106,0.8321048021316528
L396_f01,4,L396_f01_plane4_mcorrected_flipX,8,0.5051868557929993,106,0.8321048021316528
L396_f01,4,L396_f01_plane4_mcorrected_flipX,9,0.5102311968803406,106,0.8321048021316528
L396_f01,4,L396_f01_plane4_mcorrected_flipX,10,0.4991340637207031,106,0.8321048021316528
L396_f01,4,L396_f01_plane4_mcorrected_flipX,11,0.5080264210700989,106,0.8321048021316528
L396_f01,4,L396_f01_plane4_mcorrected_flipX,12,0.48493048548698425,106,0.8321048021316528
L396_f01,4,L396_f01_plane4_mcorrected_flipX,13,0.47912055253982544,106,0.8321048021316528
L396_f01,4,L396_f01_plane4_mcorrected_flipX,14,0.4882553517818451,106,0.8321048021316528
L396_f01,4,L396_f01_plane4_mcorrected_flipX,15,0.5062991976737976,106,0.8321048021316528
L396_f01,4,L396_f01_plane4_mcorrected_flipX,16,0.4979027211666107,106,0.8321048021316528
L396_f01,4,L396_f01_plane4_mcorrected_flipX,17,0.4755127429962158,106,0.8321048021316528
L396_f01,4,L396_f01_plane4_mcorrected_flipX,18,0.4881851077079773,106,0.8321048021316528
L396_f01,4,L396_f01_plane4_mcorrected_flipX,19,0.4996541440486908,106,0.8321048021316528
L396_f01,4,L396_f01_plane4_mcorrected_flipX,20,0.49719035625457764,106,0.8321048021316528
L396_f01,4,L396_f01_plane4_mcorrected_flipX,21,0.49152740836143494,106,0.8321048021316528
L396_f01,4,L396_f01_plane4_mcorrected_flipX,22,0.4969049096107483,106,0.8321048021316528
L396_f01,4,L396_f01_plane4_mcorrected_flipX,23,0.4955318868160248,106,0.8321048021316528
L396_f01,4,L396_f01_plane4_mcorrected_flipX,24,0.4914115369319916,106,0.8321048021316528
L396_f01,4,L396_f01_plane4_mcorrected_flipX,25,0.4849880635738373,106,0.8321048021316528
L396_f01,4,L396_f01_plane4_mcorrected_flipX,26,0.5166234970092773,106,0.8321048021316528
L396_f01,4,L396_f01_plane4_mcorrected_flipX,27,0.5082617998123169,106,0.8321048021316528
L396_f01,4,L396_f01_plane4_mcorrected_flipX,28,0.5153762102127075,106,0.8321048021316528
L396_f01,4,L396_f01_plane4_mcorrected_flipX,29,0.5350762009620667,106,0.8321048021316528
L396_f01,4,L396_f01_plane4_mcorrected_flipX,30,0.5404218435287476,106,0.8321048021316528
L396_f01,4,L396_f01_plane4_mcorrected_flipX,31,0.5318655371665955,106,0.8321048021316528
L396_f01,4,L396_f01_plane4_mcorrected_flipX,32,0.5173356533050537,106,0.8321048021316528
L396_f01,4,L396_f01_plane4_mcorrected_flipX,33,0.5398038029670715,106,0.8321048021316528
L396_f01,4,L396_f01_plane4_mcorrected_flipX,34,0.5065685510635376,106,0.8321048021316528
L396_f01,4,L396_f01_plane4_mcorrected_flipX,35,0.5125385522842407,106,0.8321048021316528
L396_f01,4,L396_f01_plane4_mcorrected_flipX,36,0.5238463878631592,106,0.8321048021316528
L396_f01,4,L396_f01_plane4_mcorrected_flipX,37,0.5292707085609436,106,0.8321048021316528
L396_f01,4,L396_f01_plane4_mcorrected_flipX,38,0.5183067321777344,106,0.8321048021316528
L396_f01,4,L396_f01_plane4_mcorrected_flipX,39,0.5131419897079468,106,0.8321048021316528
L396_f01,4,L396_f01_plane4_mcorrected_flipX,40,0.5209879875183105,106,0.8321048021316528
L396_f01,4,L396_f01_plane4_mcorrected_flipX,41,0.5192716121673584,106,0.8321048021316528
L396_f01,4,L396_f01_plane4_mcorrected_flipX,42,0.5135822892189026,106,0.8321048021316528
L396_f01,4,L396_f01_plane4_mcorrected_flipX,43,0.521166205406189,106,0.8321048021316528
L396_f01,4,L396_f01_plane4_mcorrected_flipX,44,0.5300305485725403,106,0.8321048021316528
L396_f01,4,L396_f01_plane4_mcorrected_flipX,45,0.512059211730957,106,0.8321048021316528
L396_f01,4,L396_f01_plane4_mcorrected_flipX,46,0.5191180109977722,106,0.8321048021316528
L396_f01,4,L396_f01_plane4_mcorrected_flipX,47,0.522428572177887,106,0.8321048021316528
L396_f01,4,L396_f01_plane4_mcorrected_flipX,48,0.513843297958374,106,0.8321048021316528
L396_f01,4,L396_f01_plane4_mcorrected_flipX,49,0.523992121219635,106,0.8321048021316528
L396_f01,4,L396_f01_plane4_mcorrected_flipX,50,0.5225335359573364,106,0.8321048021316528
L396_f01,4,L396_f01_plane4_mcorrected_flipX,51,0.5380624532699585,106,0.8321048021316528
L396_f01,4,L396_f01_plane4_mcorrected_flipX,52,0.525940477848053,106,0.8321048021316528
L396_f01,4,L396_f01_plane4_mcorrected_flipX,53,0.5307227969169617,106,0.8321048021316528
L396_f01,4,L396_f01_plane4_mcorrected_flipX,54,0.5559267401695251,106,0.8321048021316528
L396_f01,4,L396_f01_plane4_mcorrected_flipX,55,0.553299605846405,106,0.8321048021316528
L396_f01,4,L396_f01_plane4_mcorrected_flipX,56,0.5580542683601379,106,0.8321048021316528
L396_f01,4,L396_f01_plane4_mcorrected_flipX,57,0.5601624250411987,106,0.8321048021316528
L396_f01,4,L396_f01_plane4_mcorrected_flipX,58,0.5748644471168518,106,0.8321048021316528
L396_f01,4,L396_f01_plane4_mcorrected_flipX,59,0.5776774287223816,106,0.8321048021316528
L396_f01,4,L396_f01_plane4_mcorrected_flipX,60,0.5900041460990906,106,0.8321048021316528
L396_f01,4,L396_f01_plane4_mcorrected_flipX,61,0.6019598245620728,106,0.8321048021316528
L396_f01,4,L396_f01_plane4_mcorrected_flipX,62,0.6091569662094116,106,0.8321048021316528
L396_f01,4,L396_f01_plane4_mcorrected_flipX,63,0.618265688419342,106,0.8321048021316528
L396_f01,4,L396_f01_plane4_mcorrected_flipX,64,0.6152691841125488,106,0.8321048021316528
L396_f01,4,L396_f01_plane4_mcorrected_flipX,65,0.6288700103759766,106,0.8321048021316528
L396_f01,4,L396_f01_plane4_mcorrected_flipX,66,0.6242331862449646,106,0.8321048021316528
L396_f01,4,L396_f01_plane4_mcorrected_flipX,67,0.6244930624961853,106,0.8321048021316528
L396_f01,4,L396_f01_plane4_mcorrected_flipX,68,0.6235693693161011,106,0.8321048021316528
L396_f01,4,L396_f01_plane4_mcorrected_flipX,69,0.6276546120643616,106,0.8321048021316528
L396_f01,4,L396_f01_plane4_mcorrected_flipX,70,0.6284535527229309,106,0.8321048021316528
L396_f01,4,L396_f01_plane4_mcorrected_flipX,71,0.6301779747009277,106,0.8321048021316528
L396_f01,4,L396_f01_plane4_mcorrected_flipX,72,0.6378335952758789,106,0.8321048021316528
L396_f01,4,L396_f01_plane4_mcorrected_flipX,73,0.6328496932983398,106,0.8321048021316528
L396_f01,4,L396_f01_plane4_mcorrected_flipX,74,0.6268607974052429,106,0.8321048021316528
L396_f01,4,L396_f01_plane4_mcorrected_flipX,75,0.6420645713806152,106,0.8321048021316528
L396_f01,4,L396_f01_plane4_mcorrected_flipX,76,0.6341485381126404,106,0.8321048021316528
L396_f01,4,L396_f01_plane4_mcorrected_flipX,77,0.6414188742637634,106,0.8321048021316528
L396_f01,4,L396_f01_plane4_mcorrected_flipX,78,0.6489765644073486,106,0.8321048021316528
L396_f01,4,L396_f01_plane4_mcorrected_flipX,79,0.6640352606773376,106,0.8321048021316528
L396_f01,4,L396_f01_plane4_mcorrected_flipX,80,0.6661010980606079,106,0.8321048021316528
L396_f01,4,L396_f01_plane4_mcorrected_flipX,81,0.665400505065918,106,0.8321048021316528
L396_f01,4,L396_f01_plane4_mcorrected_flipX,82,0.6612519025802612,106,0.8321048021316528
L396_f01,4,L396_f01_plane4_mcorrected_flipX,83,0.6625502109527588,106,0.8321048021316528
L396_f01,4,L396_f01_plane4_mcorrected_flipX,84,0.6772651672363281,106,0.8321048021316528
L396_f01,4,L396_f01_plane4_mcorrected_flipX,85,0.68930983543396,106,0.8321048021316528
L396_f01,4,L396_f01_plane4_mcorrected_flipX,86,0.6933919191360474,106,0.8321048021316528
L396_f01,4,L396_f01_plane4_mcorrected_flipX,87,0.6889957189559937,106,0.8321048021316528
L396_f01,4,L396_f01_plane4_mcorrected_flipX,88,0.6897240877151489,106,0.8321048021316528
L396_f01,4,L396_f01_plane4_mcorrected_flipX,89,0.7145830392837524,106,0.8321048021316528
L396_f01,4,L396_f01_plane4_mcorrected_flipX,90,0.7166744470596313,106,0.8321048021316528
L396_f01,4,L396_f01_plane4_mcorrected_flipX,91,0.7260617017745972,106,0.8321048021316528
L396_f01,4,L396_f01_plane4_mcorrected_flipX,92,0.7349489331245422,106,0.8321048021316528
L396_f01,4,L396_f01_plane4_mcorrected_flipX,93,0.7276372909545898,106,0.8321048021316528
L396_f01,4,L396_f01_plane4_mcorrected_flipX,94,0.7304211854934692,106,0.8321048021316528
L396_f01,4,L396_f01_plane4_mcorrected_flipX,95,0.7368928790092468,106,0.8321048021316528
L396_f01,4,L396_f01_plane4_mcorrected_flipX,96,0.7369200587272644,106,0.8321048021316528
L396_f01,4,L396_f01_plane4_mcorrected_flipX,97,0.7352083921432495,106,0.8321048021316528
L396_f01,4,L396_f01_plane4_mcorrected_flipX,98,0.7355446815490723,106,0.8321048021316528
L396_f01,4,L396_f01_plane4_mcorrected_flipX,99,0.7440748810768127,106,0.8321048021316528
L396_f01,4,L396_f01_plane4_mcorrected_flipX,100,0.7477937340736389,106,0.8321048021316528
L396_f01,4,L396_f01_plane4_mcorrected_flipX,101,0.7596033215522766,106,0.8321048021316528
L396_f01,4,L396_f01_plane4_mcorrected_flipX,102,0.7815485000610352,106,0.8321048021316528
L396_f01,4,L396_f01_plane4_mcorrected_flipX,103,0.7969945669174194,106,0.8321048021316528
L396_f01,4,L396_f01_plane4_mcorrected_flipX,104,0.8079524040222168,106,0.8321048021316528
L396_f01,4,L396_f01_plane4_mcorrected_flipX,105,0.8247580528259277,106,0.8321048021316528
L396_f01,4,L396_f01_plane4_mcorrected_flipX,106,0.8321048021316528,106,0.8321048021316528
L396_f01,4,L396_f01_plane4_mcorrected_flipX,107,0.827761709690094,106,0.8321048021316528
L396_f01,4,L396_f01_plane4_mcorrected_flipX,108,0.8221555352210999,106,0.8321048021316528
L396_f01,4,L396_f01_plane4_mcorrected_flipX,109,0.8087338805198669,106,0.8321048021316528
L396_f01,4,L396_f01_plane4_mcorrected_flipX,110,0.783711850643158,106,0.8321048021316528
L396_f01,4,L396_f01_plane4_mcorrected_flipX,111,0.7592489719390869,106,0.8321048021316528
L396_f01,4,L396_f01_plane4_mcorrected_flipX,112,0.7377614974975586,106,0.8321048021316528
L396_f01,4,L396_f01_plane4_mcorrected_flipX,113,0.7222549319267273,106,0.8321048021316528
L396_f01,4,L396_f01_plane4_mcorrected_flipX,114,0.6971295475959778,106,0.8321048021316528
L396_f01,4,L396_f01_plane4_mcorrected_flipX,115,0.6800135374069214,106,0.8321048021316528
L396_f01,4,L396_f01_plane4_mcorrected_flipX,116,0.6582208275794983,106,0.8321048021316528
L396_f01,4,L396_f01_plane4_mcorrected_flipX,117,0.6322527527809143,106,0.8321048021316528
L396_f01,4,L396_f01_plane4_mcorrected_flipX,118,0.6169953942298889,106,0.8321048021316528
L396_f01,4,L396_f01_plane4_mcorrected_flipX,119,0.5967151522636414,106,0.8321048021316528
L396_f01,4,L396_f01_plane4_mcorrected_flipX,120,0.5836880207061768,106,0.8321048021316528
L396_f01,4,L396_f01_plane4_mcorrected_flipX,121,0.5762369632720947,106,0.8321048021316528
L396_f01,4,L396_f01_plane4_mcorrected_flipX,122,0.5726059079170227,106,0.8321048021316528
L396_f01,4,L396_f01_plane4_mcorrected_flipX,123,0.5556856989860535,106,0.8321048021316528
L396_f01,4,L396_f01_plane4_mcorrected_flipX,124,0.536110520362854,106,0.8321048021316528
L396_f01,4,L396_f01_plane4_mcorrected_flipX,125,0.5435209274291992,106,0.8321048021316528
L396_f01,4,L396_f01_plane4_mcorrected_flipX,126,0.5540651679039001,106,0.8321048021316528
L396_f01,4,L396_f01_plane4_mcorrected_flipX,127,0.5386807322502136,106,0.8321048021316528
L396_f01,4,L396_f01_plane4_mcorrected_flipX,128,0.5429586172103882,106,0.8321048021316528
L396_f01,4,L396_f01_plane4_mcorrected_flipX,129,0.5471476316452026,106,0.8321048021316528
L396_f01,4,L396_f01_plane4_mcorrected_flipX,130,0.540116012096405,106,0.8321048021316528
L396_f01,4,L396_f01_plane4_mcorrected_flipX,131,0.5416052937507629,106,0.8321048021316528
L396_f01,4,L396_f01_plane4_mcorrected_flipX,132,0.5387643575668335,106,0.8321048021316528
L396_f01,4,L396_f01_plane4_mcorrected_flipX,133,0.5482990741729736,106,0.8321048021316528
L396_f01,4,L396_f01_plane4_mcorrected_flipX,134,0.5422999262809753,106,0.8321048021316528
L396_f01,4,L396_f01_plane4_mcorrected_flipX,135,0.537757933139801,106,0.8321048021316528
L396_f01,4,L396_f01_plane4_mcorrected_flipX,136,0.537558376789093,106,0.8321048021316528
L396_f01,4,L396_f01_plane4_mcorrected_flipX,137,0.5276793837547302,106,0.8321048021316528
L396_f01,4,L396_f01_plane4_mcorrected_flipX,138,0.5213429927825928,106,0.8321048021316528
L396_f01,4,L396_f01_plane4_mcorrected_flipX,139,0.5169666409492493,106,0.8321048021316528
L396_f01,4,L396_f01_plane4_mcorrected_flipX,140,0.5050261616706848,106,0.8321048021316528
L396_f01,4,L396_f01_plane4_mcorrected_flipX,141,0.4918047785758972,106,0.8321048021316528
L396_f01,4,L396_f01_plane4_mcorrected_flipX,142,0.4834951162338257,106,0.8321048021316528
L396_f01,4,L396_f01_plane4_mcorrected_flipX,143,0.484086275100708,106,0.8321048021316528
L396_f01,4,L396_f01_plane4_mcorrected_flipX,144,0.4947425425052643,106,0.8321048021316528
L396_f01,4,L396_f01_plane4_mcorrected_flipX,145,0.5180511474609375,106,0.8321048021316528
L396_f01,4,L396_f01_plane4_mcorrected_flipX,146,0.5340099930763245,106,0.8321048021316528
L396_f01,4,L396_f01_plane4_mcorrected_flipX,147,0.5413098335266113,106,0.8321048021316528
L396_f01,4,L396_f01_plane4_mcorrected_flipX,148,0.550034761428833,106,0.8321048021316528
L396_f01,4,L396_f01_plane4_mcorrected_flipX,149,0.5497115850448608,106,0.8321048021316528
L396_f01,4,L396_f01_plane4_mcorrected_flipX,150,0.5494762659072876,106,0.8321048021316528
L396_f01,4,L396_f01_plane4_mcorrected_flipX,151,0.5510486364364624,106,0.8321048021316528
L396_f01,4,L396_f01_plane4_mcorrected_flipX,152,0.5430660247802734,106,0.8321048021316528
L396_f01,4,L396_f01_plane4_mcorrected_flipX,153,0.5392506122589111,106,0.8321048021316528
L396_f01,4,L396_f01_plane4_mcorrected_flipX,154,0.5483000874519348,106,0.8321048021316528
L396_f01,4,L396_f01_plane4_mcorrected_flipX,155,0.5595495104789734,106,0.8321048021316528
L396_f01,4,L396_f01_plane4_mcorrected_flipX,156,0.5710441470146179,106,0.8321048021316528
L396_f01,4,L396_f01_plane4_mcorrected_flipX,157,0.571493923664093,106,0.8321048021316528
L396_f01,4,L396_f01_plane4_mcorrected_flipX,158,0.5736113786697388,106,0.8321048021316528
L396_f01,4,L396_f01_plane4_mcorrected_flipX,159,0.5741909146308899,106,0.8321048021316528
L396_f01,4,L396_f01_plane4_mcorrected_flipX,160,0.5759465098381042,106,0.8321048021316528
L396_f01,4,L396_f01_plane4_mcorrected_flipX,161,0.5772356986999512,106,0.8321048021316528
L396_f01,4,L396_f01_plane4_mcorrected_flipX,162,0.5718544721603394,106,0.8321048021316528
L396_f01,4,L396_f01_plane4_mcorrected_flipX,163,0.5692663192749023,106,0.8321048021316528
L396_f01,4,L396_f01_plane4_mcorrected_flipX,164,0.5655393600463867,106,0.8321048021316528
L396_f01,4,L396_f01_plane4_mcorrected_flipX,165,0.5698697566986084,106,0.8321048021316528
L396_f01,4,L396_f01_plane4_mcorrected_flipX,166,0.5635564923286438,106,0.8321048021316528
L396_f01,4,L396_f01_plane4_mcorrected_flipX,167,0.5652821063995361,106,0.8321048021316528
L396_f01,4,L396_f01_plane4_mcorrected_flipX,168,0.5705845952033997,106,0.8321048021316528
L396_f01,4,L396_f01_plane4_mcorrected_flipX,169,0.5673243999481201,106,0.8321048021316528
L396_f01,4,L396_f01_plane4_mcorrected_flipX,170,0.5700353980064392,106,0.8321048021316528
L396_f01,4,L396_f01_plane4_mcorrected_flipX,171,0.5639349818229675,106,0.8321048021316528
L396_f01,4,L396_f01_plane4_mcorrected_flipX,172,0.5664488673210144,106,0.8321048021316528
L396_f01,4,L396_f01_plane4_mcorrected_flipX,173,0.5688905119895935,106,0.8321048021316528
L396_f01,4,L396_f01_plane4_mcorrected_flipX,174,0.569413959980011,106,0.8321048021316528
L396_f01,4,L396_f01_plane4_mcorrected_flipX,175,0.5741749405860901,106,0.8321048021316528
L396_f01,4,L396_f01_plane4_mcorrected_flipX,176,0.5668925046920776,106,0.8321048021316528
L396_f01,4,L396_f01_plane4_mcorrected_flipX,177,0.5586986541748047,106,0.8321048021316528
L396_f01,4,L396_f01_plane4_mcorrected_flipX,178,0.5498462915420532,106,0.8321048021316528
L396_f01,4,L396_f01_plane4_mcorrected_flipX,179,0.5418940782546997,106,0.8321048021316528
L396_f01,4,L396_f01_plane4_mcorrected_flipX,180,0.5257477164268494,106,0.8321048021316528
L396_f01,4,L396_f01_plane4_mcorrected_flipX,181,0.5254432559013367,106,0.8321048021316528
L396_f01,4,L396_f01_plane4_mcorrected_flipX,182,0.5316457748413086,106,0.8321048021316528
L396_f01,4,L396_f01_plane4_mcorrected_flipX,183,0.5422117710113525,106,0.8321048021316528
L396_f01,4,L396_f01_plane4_mcorrected_flipX,184,0.5250428318977356,106,0.8321048021316528
L396_f01,4,L396_f01_plane4_mcorrected_flipX,185,0.5230271816253662,106,0.8321048021316528
L396_f01,4,L396_f01_plane4_mcorrected_flipX,186,0.5257603526115417,106,0.8321048021316528
L396_f01,4,L396_f01_plane4_mcorrected_flipX,187,0.523729681968689,106,0.8321048021316528
L396_f01,4,L396_f01_plane4_mcorrected_flipX,188,0.5134031176567078,106,0.8321048021316528
L396_f01,4,L396_f01_plane4_mcorrected_flipX,189,0.5183254480361938,106,0.8321048021316528
L396_f01,4,L396_f01_plane4_mcorrected_flipX,190,0.5062231421470642,106,0.8321048021316528
L396_f01,4,L396_f01_plane4_mcorrected_flipX,191,0.4907684922218323,106,0.8321048021316528
L396_f01,4,L396_f01_plane4_mcorrected_flipX,192,0.496367484331131,106,0.8321048021316528
L396_f01,4,L396_f01_plane4_mcorrected_flipX,193,0.49532678723335266,106,0.8321048021316528
L396_f01,4,L396_f01_plane4_mcorrected_flipX,194,0.48572516441345215,106,0.8321048021316528
L396_f01,4,L396_f01_plane4_mcorrected_flipX,195,0.5003264546394348,106,0.8321048021316528
L396_f01,4,L396_f01_plane4_mcorrected_flipX,196,0.4762783348560333,106,0.8321048021316528
L396_f01,4,L396_f01_plane4_mcorrected_flipX,197,0.4757874011993408,106,0.8321048021316528
L396_f01,4,L396_f01_plane4_mcorrected_flipX,198,0.4652833938598633,106,0.8321048021316528
L396_f01,4,L396_f01_plane4_mcorrected_flipX,199,0.460435152053833,106,0.8321048021316528
L396_f01,4,L396_f01_plane4_mcorrected_flipX,200,0.44791674613952637,106,0.8321048021316528
L396_f01,4,L396_f01_plane4_mcorrected_flipX,201,0.4387320876121521,106,0.8321048021316528
L396_f01,4,L396_f01_plane4_mcorrected_flipX,202,0.43075454235076904,106,0.8321048021316528
L396_f01,4,L396_f01_plane4_mcorrected_flipX,203,0.40420112013816833,106,0.8321048021316528
L396_f01,4,L396_f01_plane4_mcorrected_flipX,204,0.4101503789424896,106,0.8321048021316528
L396_f01,4,L396_f01_plane4_mcorrected_flipX,205,0.40227818489074707,106,0.8321048021316528
L396_f01,4,L396_f01_plane4_mcorrected_flipX,206,0.38796231150627136,106,0.8321048021316528
L396_f01,4,L396_f01_plane4_mcorrected_flipX,207,0.3996717631816864,106,0.8321048021316528
L396_f01,4,L396_f01_plane4_mcorrected_flipX,208,0.39051273465156555,106,0.8321048021316528
L396_f01,4,L396_f01_plane4_mcorrected_flipX,209,0.38631656765937805,106,0.8321048021316528
L396_f01,4,L396_f01_plane4_mcorrected_flipX,210,0.3757289946079254,106,0.8321048021316528
L396_f01,4,L396_f01_plane4_mcorrected_flipX,211,0.3509335219860077,106,0.8321048021316528
L396_f01,4,L396_f01_plane4_mcorrected_flipX,212,0.3446400761604309,106,0.8321048021316528
L396_f01,4,L396_f01_plane4_mcorrected_flipX,213,0.3431608974933624,106,0.8321048021316528
L396_f01,4,L396_f01_plane4_mcorrected_flipX,214,0.3395940661430359,106,0.8321048021316528
L396_f01,4,L396_f01_plane4_mcorrected_flipX,215,0.3280414938926697,106,0.8321048021316528
L396_f01,4,L396_f01_plane4_mcorrected_flipX,216,0.34048762917518616,106,0.8321048021316528
L396_f01,4,L396_f01_plane4_mcorrected_flipX,217,0.33757632970809937,106,0.8321048021316528
L396_f01,4,L396_f01_plane4_mcorrected_flipX,218,0.30871182680130005,106,0.8321048021316528
L396_f01,4,L396_f01_plane4_mcorrected_flipX,219,0.32433417439460754,106,0.8321048021316528
L396_f01,4,L396_f01_plane4_mcorrected_flipX,220,0.35320961475372314,106,0.8321048021316528
L396_f01,4,L396_f01_plane4_mcorrected_flipX,221,0.3880889117717743,106,0.8321048021316528
L396_f01,4,L396_f01_plane4_mcorrected_flipX,222,0.3553495705127716,106,0.8321048021316528
L396_f03,0,L396_f03_plane0_mcorrected_flipX,0,0.5710299015045166,109,0.8838608860969543
L396_f03,0,L396_f03_plane0_mcorrected_flipX,1,0.5668681859970093,109,0.8838608860969543
L396_f03,0,L396_f03_plane0_mcorrected_flipX,2,0.5642721652984619,109,0.8838608860969543
L396_f03,0,L396_f03_plane0_mcorrected_flipX,3,0.5580211877822876,109,0.8838608860969543
L396_f03,0,L396_f03_plane0_mcorrected_flipX,4,0.5592198371887207,109,0.8838608860969543
L396_f03,0,L396_f03_plane0_mcorrected_flipX,5,0.559831440448761,109,0.8838608860969543
L396_f03,0,L396_f03_plane0_mcorrected_flipX,6,0.5567779541015625,109,0.8838608860969543
L396_f03,0,L396_f03_plane0_mcorrected_flipX,7,0.5605590343475342,109,0.8838608860969543
L396_f03,0,L396_f03_plane0_mcorrected_flipX,8,0.5522440671920776,109,0.8838608860969543
L396_f03,0,L396_f03_plane0_mcorrected_flipX,9,0.5421544313430786,109,0.8838608860969543
L396_f03,0,L396_f03_plane0_mcorrected_flipX,10,0.5280542969703674,109,0.8838608860969543
L396_f03,0,L396_f03_plane0_mcorrected_flipX,11,0.5159986615180969,109,0.8838608860969543
L396_f03,0,L396_f03_plane0_mcorrected_flipX,12,0.506879448890686,109,0.8838608860969543
L396_f03,0,L396_f03_plane0_mcorrected_flipX,13,0.5055329203605652,109,0.8838608860969543
L396_f03,0,L396_f03_plane0_mcorrected_flipX,14,0.5095053911209106,109,0.8838608860969543
L396_f03,0,L396_f03_plane0_mcorrected_flipX,15,0.5141168832778931,109,0.8838608860969543
L396_f03,0,L396_f03_plane0_mcorrected_flipX,16,0.5166927576065063,109,0.8838608860969543
L396_f03,0,L396_f03_plane0_mcorrected_flipX,17,0.5225767493247986,109,0.8838608860969543
L396_f03,0,L396_f03_plane0_mcorrected_flipX,18,0.518038809299469,109,0.8838608860969543
L396_f03,0,L396_f03_plane0_mcorrected_flipX,19,0.5180901885032654,109,0.8838608860969543
L396_f03,0,L396_f03_plane0_mcorrected_flipX,20,0.5130335688591003,109,0.8838608860969543
L396_f03,0,L396_f03_plane0_mcorrected_flipX,21,0.5083625912666321,109,0.8838608860969543
L396_f03,0,L396_f03_plane0_mcorrected_flipX,22,0.5039697885513306,109,0.8838608860969543
L396_f03,0,L396_f03_plane0_mcorrected_flipX,23,0.505494236946106,109,0.8838608860969543
L396_f03,0,L396_f03_plane0_mcorrected_flipX,24,0.5042081475257874,109,0.8838608860969543
L396_f03,0,L396_f03_plane0_mcorrected_flipX,25,0.5081498622894287,109,0.8838608860969543
L396_f03,0,L396_f03_plane0_mcorrected_flipX,26,0.5104422569274902,109,0.8838608860969543
L396_f03,0,L396_f03_plane0_mcorrected_flipX,27,0.5137433409690857,109,0.8838608860969543
L396_f03,0,L396_f03_plane0_mcorrected_flipX,28,0.5171026587486267,109,0.8838608860969543
L396_f03,0,L396_f03_plane0_mcorrected_flipX,29,0.5188430547714233,109,0.8838608860969543
L396_f03,0,L396_f03_plane0_mcorrected_flipX,30,0.5192062258720398,109,0.8838608860969543
L396_f03,0,L396_f03_plane0_mcorrected_flipX,31,0.5209673047065735,109,0.8838608860969543
L396_f03,0,L396_f03_plane0_mcorrected_flipX,32,0.5149820446968079,109,0.8838608860969543
L396_f03,0,L396_f03_plane0_mcorrected_flipX,33,0.5132458209991455,109,0.8838608860969543
L396_f03,0,L396_f03_plane0_mcorrected_flipX,34,0.514716625213623,109,0.8838608860969543
L396_f03,0,L396_f03_plane0_mcorrected_flipX,35,0.5116859078407288,109,0.8838608860969543
L396_f03,0,L396_f03_plane0_mcorrected_flipX,36,0.5094056129455566,109,0.8838608860969543
L396_f03,0,L396_f03_plane0_mcorrected_flipX,37,0.5021306872367859,109,0.8838608860969543
L396_f03,0,L396_f03_plane0_mcorrected_flipX,38,0.5053538084030151,109,0.8838608860969543
L396_f03,0,L396_f03_plane0_mcorrected_flipX,39,0.5065418481826782,109,0.8838608860969543
L396_f03,0,L396_f03_plane0_mcorrected_flipX,40,0.5039254426956177,109,0.8838608860969543
L396_f03,0,L396_f03_plane0_mcorrected_flipX,41,0.5026454925537109,109,0.8838608860969543
L396_f03,0,L396_f03_plane0_mcorrected_flipX,42,0.5085345506668091,109,0.8838608860969543
L396_f03,0,L396_f03_plane0_mcorrected_flipX,43,0.5068968534469604,109,0.8838608860969543
L396_f03,0,L396_f03_plane0_mcorrected_flipX,44,0.5076398253440857,109,0.8838608860969543
L396_f03,0,L396_f03_plane0_mcorrected_flipX,45,0.5065092444419861,109,0.8838608860969543
L396_f03,0,L396_f03_plane0_mcorrected_flipX,46,0.5005897879600525,109,0.8838608860969543
L396_f03,0,L396_f03_plane0_mcorrected_flipX,47,0.49965861439704895,109,0.8838608860969543
L396_f03,0,L396_f03_plane0_mcorrected_flipX,48,0.49176424741744995,109,0.8838608860969543
L396_f03,0,L396_f03_plane0_mcorrected_flipX,49,0.4871107339859009,109,0.8838608860969543
L396_f03,0,L396_f03_plane0_mcorrected_flipX,50,0.4850270450115204,109,0.8838608860969543
L396_f03,0,L396_f03_plane0_mcorrected_flipX,51,0.4904824197292328,109,0.8838608860969543
L396_f03,0,L396_f03_plane0_mcorrected_flipX,52,0.4978940784931183,109,0.8838608860969543
L396_f03,0,L396_f03_plane0_mcorrected_flipX,53,0.4991108179092407,109,0.8838608860969543
L396_f03,0,L396_f03_plane0_mcorrected_flipX,54,0.4991506338119507,109,0.8838608860969543
L396_f03,0,L396_f03_plane0_mcorrected_flipX,55,0.5012317895889282,109,0.8838608860969543
L396_f03,0,L396_f03_plane0_mcorrected_flipX,56,0.5074994564056396,109,0.8838608860969543
L396_f03,0,L396_f03_plane0_mcorrected_flipX,57,0.5115050673484802,109,0.8838608860969543
L396_f03,0,L396_f03_plane0_mcorrected_flipX,58,0.5142276287078857,109,0.8838608860969543
L396_f03,0,L396_f03_plane0_mcorrected_flipX,59,0.5107066631317139,109,0.8838608860969543
L396_f03,0,L396_f03_plane0_mcorrected_flipX,60,0.5103783011436462,109,0.8838608860969543
L396_f03,0,L396_f03_plane0_mcorrected_flipX,61,0.5092708468437195,109,0.8838608860969543
L396_f03,0,L396_f03_plane0_mcorrected_flipX,62,0.5058106184005737,109,0.8838608860969543
L396_f03,0,L396_f03_plane0_mcorrected_flipX,63,0.5058369636535645,109,0.8838608860969543
L396_f03,0,L396_f03_plane0_mcorrected_flipX,64,0.5209910273551941,109,0.8838608860969543
L396_f03,0,L396_f03_plane0_mcorrected_flipX,65,0.536629319190979,109,0.8838608860969543
L396_f03,0,L396_f03_plane0_mcorrected_flipX,66,0.5524365901947021,109,0.8838608860969543
L396_f03,0,L396_f03_plane0_mcorrected_flipX,67,0.5614968538284302,109,0.8838608860969543
L396_f03,0,L396_f03_plane0_mcorrected_flipX,68,0.5718865394592285,109,0.8838608860969543
L396_f03,0,L396_f03_plane0_mcorrected_flipX,69,0.585444450378418,109,0.8838608860969543
L396_f03,0,L396_f03_plane0_mcorrected_flipX,70,0.5939178466796875,109,0.8838608860969543
L396_f03,0,L396_f03_plane0_mcorrected_flipX,71,0.5998902320861816,109,0.8838608860969543
L396_f03,0,L396_f03_plane0_mcorrected_flipX,72,0.6070945858955383,109,0.8838608860969543
L396_f03,0,L396_f03_plane0_mcorrected_flipX,73,0.6122156977653503,109,0.8838608860969543
L396_f03,0,L396_f03_plane0_mcorrected_flipX,74,0.6147114038467407,109,0.8838608860969543
L396_f03,0,L396_f03_plane0_mcorrected_flipX,75,0.6185927391052246,109,0.8838608860969543
L396_f03,0,L396_f03_plane0_mcorrected_flipX,76,0.620516836643219,109,0.8838608860969543
L396_f03,0,L396_f03_plane0_mcorrected_flipX,77,0.6278201341629028,109,0.8838608860969543
L396_f03,0,L396_f03_plane0_mcorrected_flipX,78,0.6346214413642883,109,0.8838608860969543
L396_f03,0,L396_f03_plane0_mcorrected_flipX,79,0.6404946446418762,109,0.8838608860969543
L396_f03,0,L396_f03_plane0_mcorrected_flipX,80,0.642483115196228,109,0.8838608860969543
L396_f03,0,L396_f03_plane0_mcorrected_flipX,81,0.649783194065094,109,0.8838608860969543
L396_f03,0,L396_f03_plane0_mcorrected_flipX,82,0.656404435634613,109,0.8838608860969543
L396_f03,0,L396_f03_plane0_mcorrected_flipX,83,0.6605923771858215,109,0.8838608860969543
L396_f03,0,L396_f03_plane0_mcorrected_flipX,84,0.6563113331794739,109,0.8838608860969543
L396_f03,0,L396_f03_plane0_mcorrected_flipX,85,0.6548888087272644,109,0.8838608860969543
L396_f03,0,L396_f03_plane0_mcorrected_flipX,86,0.654157280921936,109,0.8838608860969543
L396_f03,0,L396_f03_plane0_mcorrected_flipX,87,0.6480377316474915,109,0.8838608860969543
L396_f03,0,L396_f03_plane0_mcorrected_flipX,88,0.6347479224205017,109,0.8838608860969543
L396_f03,0,L396_f03_plane0_mcorrected_flipX,89,0.6252442002296448,109,0.8838608860969543
L396_f03,0,L396_f03_plane0_mcorrected_flipX,90,0.6161159873008728,109,0.8838608860969543
L396_f03,0,L396_f03_plane0_mcorrected_flipX,91,0.6049538254737854,109,0.8838608860969543
L396_f03,0,L396_f03_plane0_mcorrected_flipX,92,0.5983771085739136,109,0.8838608860969543
L396_f03,0,L396_f03_plane0_mcorrected_flipX,93,0.5898441672325134,109,0.8838608860969543
L396_f03,0,L396_f03_plane0_mcorrected_flipX,94,0.5815176963806152,109,0.8838608860969543
L396_f03,0,L396_f03_plane0_mcorrected_flipX,95,0.5777366757392883,109,0.8838608860969543
L396_f03,0,L396_f03_plane0_mcorrected_flipX,96,0.5754556059837341,109,0.8838608860969543
L396_f03,0,L396_f03_plane0_mcorrected_flipX,97,0.5739440321922302,109,0.8838608860969543
L396_f03,0,L396_f03_plane0_mcorrected_flipX,98,0.5852695107460022,109,0.8838608860969543
L396_f03,0,L396_f03_plane0_mcorrected_flipX,99,0.5967248678207397,109,0.8838608860969543
L396_f03,0,L396_f03_plane0_mcorrected_flipX,100,0.6238809823989868,109,0.8838608860969543
L396_f03,0,L396_f03_plane0_mcorrected_flipX,101,0.650588870048523,109,0.8838608860969543
L396_f03,0,L396_f03_plane0_mcorrected_flipX,102,0.6890276074409485,109,0.8838608860969543
L396_f03,0,L396_f03_plane0_mcorrected_flipX,103,0.7147132754325867,109,0.8838608860969543
L396_f03,0,L396_f03_plane0_mcorrected_flipX,104,0.7421802282333374,109,0.8838608860969543
L396_f03,0,L396_f03_plane0_mcorrected_flipX,105,0.7736600041389465,109,0.8838608860969543
L396_f03,0,L396_f03_plane0_mcorrected_flipX,106,0.8201577663421631,109,0.8838608860969543
L396_f03,0,L396_f03_plane0_mcorrected_flipX,107,0.8570780754089355,109,0.8838608860969543
L396_f03,0,L396_f03_plane0_mcorrected_flipX,108,0.8838155269622803,109,0.8838608860969543
L396_f03,0,L396_f03_plane0_mcorrected_flipX,109,0.8838608860969543,109,0.8838608860969543
L396_f03,0,L396_f03_plane0_mcorrected_flipX,110,0.8516730070114136,109,0.8838608860969543
L396_f03,0,L396_f03_plane0_mcorrected_flipX,111,0.8129154443740845,109,0.8838608860969543
L396_f03,0,L396_f03_plane0_mcorrected_flipX,112,0.7760476469993591,109,0.8838608860969543
L396_f03,0,L396_f03_plane0_mcorrected_flipX,113,0.7388269305229187,109,0.8838608860969543
L396_f03,0,L396_f03_plane0_mcorrected_flipX,114,0.7101718187332153,109,0.8838608860969543
L396_f03,0,L396_f03_plane0_mcorrected_flipX,115,0.6862359046936035,109,0.8838608860969543
L396_f03,0,L396_f03_plane0_mcorrected_flipX,116,0.6608564257621765,109,0.8838608860969543
L396_f03,0,L396_f03_plane0_mcorrected_flipX,117,0.6475805044174194,109,0.8838608860969543
L396_f03,0,L396_f03_plane0_mcorrected_flipX,118,0.6473873257637024,109,0.8838608860969543
L396_f03,0,L396_f03_plane0_mcorrected_flipX,119,0.6456577181816101,109,0.8838608860969543
L396_f03,0,L396_f03_plane0_mcorrected_flipX,120,0.6382735371589661,109,0.8838608860969543
L396_f03,0,L396_f03_plane0_mcorrected_flipX,121,0.6285379528999329,109,0.8838608860969543
L396_f03,0,L396_f03_plane0_mcorrected_flipX,122,0.6122543811798096,109,0.8838608860969543
L396_f03,0,L396_f03_plane0_mcorrected_flipX,123,0.5963089466094971,109,0.8838608860969543
L396_f03,0,L396_f03_plane0_mcorrected_flipX,124,0.5797730684280396,109,0.8838608860969543
L396_f03,0,L396_f03_plane0_mcorrected_flipX,125,0.568543553352356,109,0.8838608860969543
L396_f03,0,L396_f03_plane0_mcorrected_flipX,126,0.5712105631828308,109,0.8838608860969543
L396_f03,0,L396_f03_plane0_mcorrected_flipX,127,0.5686758756637573,109,0.8838608860969543
L396_f03,0,L396_f03_plane0_mcorrected_flipX,128,0.563366711139679,109,0.8838608860969543
L396_f03,0,L396_f03_plane0_mcorrected_flipX,129,0.5591760873794556,109,0.8838608860969543
L396_f03,0,L396_f03_plane0_mcorrected_flipX,130,0.558451771736145,109,0.8838608860969543
L396_f03,0,L396_f03_plane0_mcorrected_flipX,131,0.5630311369895935,109,0.8838608860969543
L396_f03,0,L396_f03_plane0_mcorrected_flipX,132,0.5582218170166016,109,0.8838608860969543
L396_f03,0,L396_f03_plane0_mcorrected_flipX,133,0.5443979501724243,109,0.8838608860969543
L396_f03,0,L396_f03_plane0_mcorrected_flipX,134,0.536076009273529,109,0.8838608860969543
L396_f03,0,L396_f03_plane0_mcorrected_flipX,135,0.532841145992279,109,0.8838608860969543
L396_f03,0,L396_f03_plane0_mcorrected_flipX,136,0.530061662197113,109,0.8838608860969543
L396_f03,0,L396_f03_plane0_mcorrected_flipX,137,0.52918940782547,109,0.8838608860969543
L396_f03,0,L396_f03_plane0_mcorrected_flipX,138,0.5278235673904419,109,0.8838608860969543
L396_f03,0,L396_f03_plane0_mcorrected_flipX,139,0.526155948638916,109,0.8838608860969543
L396_f03,0,L396_f03_plane0_mcorrected_flipX,140,0.5288099646568298,109,0.8838608860969543
L396_f03,0,L396_f03_plane0_mcorrected_flipX,141,0.5322206616401672,109,0.8838608860969543
L396_f03,0,L396_f03_plane0_mcorrected_flipX,142,0.5365898609161377,109,0.8838608860969543
L396_f03,0,L396_f03_plane0_mcorrected_flipX,143,0.5413179993629456,109,0.8838608860969543
L396_f03,0,L396_f03_plane0_mcorrected_flipX,144,0.5469498038291931,109,0.8838608860969543
L396_f03,0,L396_f03_plane0_mcorrected_flipX,145,0.5491649508476257,109,0.8838608860969543
L396_f03,0,L396_f03_plane0_mcorrected_flipX,146,0.5527508854866028,109,0.8838608860969543
L396_f03,0,L396_f03_plane0_mcorrected_flipX,147,0.552437424659729,109,0.8838608860969543
L396_f03,0,L396_f03_plane0_mcorrected_flipX,148,0.55777907371521,109,0.8838608860969543
L396_f03,0,L396_f03_plane0_mcorrected_flipX,149,0.5632485151290894,109,0.8838608860969543
L396_f03,0,L396_f03_plane0_mcorrected_flipX,150,0.5650801658630371,109,0.8838608860969543
L396_f03,0,L396_f03_plane0_mcorrected_flipX,151,0.5663635730743408,109,0.8838608860969543
L396_f03,0,L396_f03_plane0_mcorrected_flipX,152,0.5685315728187561,109,0.8838608860969543
L396_f03,0,L396_f03_plane0_mcorrected_flipX,153,0.5697976350784302,109,0.8838608860969543
L396_f03,0,L396_f03_plane0_mcorrected_flipX,154,0.573907732963562,109,0.8838608860969543
L396_f03,0,L396_f03_plane0_mcorrected_flipX,155,0.5762379765510559,109,0.8838608860969543
L396_f03,0,L396_f03_plane0_mcorrected_flipX,156,0.5752350687980652,109,0.8838608860969543
L396_f03,0,L396_f03_plane0_mcorrected_flipX,157,0.575496256351471,109,0.8838608860969543
L396_f03,0,L396_f03_plane0_mcorrected_flipX,158,0.5726454854011536,109,0.8838608860969543
L396_f03,0,L396_f03_plane0_mcorrected_flipX,159,0.5725355744361877,109,0.8838608860969543
L396_f03,0,L396_f03_plane0_mcorrected_flipX,160,0.5722112059593201,109,0.8838608860969543
L396_f03,0,L396_f03_plane0_mcorrected_flipX,161,0.5717948079109192,109,0.8838608860969543
L396_f03,0,L396_f03_plane0_mcorrected_flipX,162,0.5717257261276245,109,0.8838608860969543
L396_f03,0,L396_f03_plane0_mcorrected_flipX,163,0.5719873309135437,109,0.8838608860969543
L396_f03,0,L396_f03_plane0_mcorrected_flipX,164,0.5728189945220947,109,0.8838608860969543
L396_f03,0,L396_f03_plane0_mcorrected_flipX,165,0.5728142261505127,109,0.8838608860969543
L396_f03,0,L396_f03_plane0_mcorrected_flipX,166,0.5753436088562012,109,0.8838608860969543
L396_f03,0,L396_f03_plane0_mcorrected_flipX,167,0.5801518559455872,109,0.8838608860969543
L396_f03,0,L396_f03_plane0_mcorrected_flipX,168,0.5824936032295227,109,0.8838608860969543
L396_f03,0,L396_f03_plane0_mcorrected_flipX,169,0.5804941654205322,109,0.8838608860969543
L396_f03,0,L396_f03_plane0_mcorrected_flipX,170,0.5749557614326477,109,0.8838608860969543
L396_f03,0,L396_f03_plane0_mcorrected_flipX,171,0.5678247213363647,109,0.8838608860969543
L396_f03,0,L396_f03_plane0_mcorrected_flipX,172,0.5645418763160706,109,0.8838608860969543
L396_f03,0,L396_f03_plane0_mcorrected_flipX,173,0.5652310252189636,109,0.8838608860969543
L396_f03,0,L396_f03_plane0_mcorrected_flipX,174,0.563038170337677,109,0.8838608860969543
L396_f03,0,L396_f03_plane0_mcorrected_flipX,175,0.5606951117515564,109,0.8838608860969543
L396_f03,0,L396_f03_plane0_mcorrected_flipX,176,0.5559317469596863,109,0.8838608860969543
L396_f03,0,L396_f03_plane0_mcorrected_flipX,177,0.5503351092338562,109,0.8838608860969543
L396_f03,0,L396_f03_plane0_mcorrected_flipX,178,0.5439916253089905,109,0.8838608860969543
L396_f03,0,L396_f03_plane0_mcorrected_flipX,179,0.5300687551498413,109,0.8838608860969543
L396_f03,0,L396_f03_plane0_mcorrected_flipX,180,0.5231760740280151,109,0.8838608860969543
L396_f03,0,L396_f03_plane0_mcorrected_flipX,181,0.5091764330863953,109,0.8838608860969543
L396_f03,0,L396_f03_plane0_mcorrected_flipX,182,0.4982838034629822,109,0.8838608860969543
L396_f03,0,L396_f03_plane0_mcorrected_flipX,183,0.49396222829818726,109,0.8838608860969543
L396_f03,0,L396_f03_plane0_mcorrected_flipX,184,0.48630329966545105,109,0.8838608860969543
L396_f03,0,L396_f03_plane0_mcorrected_flipX,185,0.4881710708141327,109,0.8838608860969543
L396_f03,0,L396_f03_plane0_mcorrected_flipX,186,0.48493921756744385,109,0.8838608860969543
L396_f03,0,L396_f03_plane0_mcorrected_flipX,187,0.47694581747055054,109,0.8838608860969543
L396_f03,0,L396_f03_plane0_mcorrected_flipX,188,0.4673703610897064,109,0.8838608860969543
L396_f03,0,L396_f03_plane0_mcorrected_flipX,189,0.46363553404808044,109,0.8838608860969543
L396_f03,0,L396_f03_plane0_mcorrected_flipX,190,0.46871569752693176,109,0.8838608860969543
L396_f03,0,L396_f03_plane0_mcorrected_flipX,191,0.5103573799133301,109,0.8838608860969543
L396_f03,0,L396_f03_plane0_mcorrected_flipX,192,0.4503404498100281,109,0.8838608860969543
L396_f03,0,L396_f03_plane0_mcorrected_flipX,193,0.44725465774536133,109,0.8838608860969543
L396_f03,0,L396_f03_plane0_mcorrected_flipX,194,0.4421614110469818,109,0.8838608860969543
L396_f03,0,L396_f03_plane0_mcorrected_flipX,195,0.44346100091934204,109,0.8838608860969543
L396_f03,0,L396_f03_plane0_mcorrected_flipX,196,0.4306931495666504,109,0.8838608860969543
L396_f03,0,L396_f03_plane0_mcorrected_flipX,197,0.4365939199924469,109,0.8838608860969543
L396_f03,0,L396_f03_plane0_mcorrected_flipX,198,0.43312886357307434,109,0.8838608860969543
L396_f03,0,L396_f03_plane0_mcorrected_flipX,199,0.4734913110733032,109,0.8838608860969543
L396_f03,0,L396_f03_plane0_mcorrected_flipX,200,0.4874516725540161,109,0.8838608860969543
L396_f03,0,L396_f03_plane0_mcorrected_flipX,201,0.4963994026184082,109,0.8838608860969543
L396_f03,0,L396_f03_plane0_mcorrected_flipX,202,0.508108913898468,109,0.8838608860969543
L396_f03,0,L396_f03_plane0_mcorrected_flipX,203,0.5429179668426514,109,0.8838608860969543
L396_f03,0,L396_f03_plane0_mcorrected_flipX,204,0.5540672540664673,109,0.8838608860969543
L396_f03,0,L396_f03_plane0_mcorrected_flipX,205,0.5513476133346558,109,0.8838608860969543
L396_f03,0,L396_f03_plane0_mcorrected_flipX,206,0.550066351890564,109,0.8838608860969543
L396_f03,0,L396_f03_plane0_mcorrected_flipX,207,0.5581419467926025,109,0.8838608860969543
L396_f03,0,L396_f03_plane0_mcorrected_flipX,208,0.5601125955581665,109,0.8838608860969543
L396_f03,0,L396_f03_plane0_mcorrected_flipX,209,0.5628829598426819,109,0.8838608860969543
L396_f03,0,L396_f03_plane0_mcorrected_flipX,210,0.5595350861549377,109,0.8838608860969543
L396_f03,0,L396_f03_plane0_mcorrected_flipX,211,0.5552622675895691,109,0.8838608860969543
L396_f03,0,L396_f03_plane0_mcorrected_flipX,212,0.559454083442688,109,0.8838608860969543
L396_f03,0,L396_f03_plane0_mcorrected_flipX,213,0.5629302859306335,109,0.8838608860969543
L396_f03,0,L396_f03_plane0_mcorrected_flipX,214,0.564374566078186,109,0.8838608860969543
L396_f03,0,L396_f03_plane0_mcorrected_flipX,215,0.5617181062698364,109,0.8838608860969543
L396_f03,0,L396_f03_plane0_mcorrected_flipX,216,0.5650067329406738,109,0.8838608860969543
L396_f03,0,L396_f03_plane0_mcorrected_flipX,217,0.5585291385650635,109,0.8838608860969543
L396_f03,0,L396_f03_plane0_mcorrected_flipX,218,0.5592687129974365,109,0.8838608860969543
L396_f03,0,L396_f03_plane0_mcorrected_flipX,219,0.5645283460617065,109,0.8838608860969543
L396_f03,0,L396_f03_plane0_mcorrected_flipX,220,0.5608122944831848,109,0.8838608860969543
L396_f03,0,L396_f03_plane0_mcorrected_flipX,221,0.5671848058700562,109,0.8838608860969543
L396_f03,0,L396_f03_plane0_mcorrected_flipX,222,0.5651951432228088,109,0.8838608860969543
L396_f03,0,L396_f03_plane0_mcorrected_flipX,223,0.5612331628799438,109,0.8838608860969543
L396_f03,0,L396_f03_plane0_mcorrected_flipX,224,0.5695429444313049,109,0.8838608860969543
L396_f03,0,L396_f03_plane0_mcorrected_flipX,225,0.5594823360443115,109,0.8838608860969543
L396_f03,0,L396_f03_plane0_mcorrected_flipX,226,0.5647122859954834,109,0.8838608860969543
L396_f03,0,L396_f03_plane0_mcorrected_flipX,227,0.5631231665611267,109,0.8838608860969543
L396_f03,1,L396_f03_plane1_mcorrected_flipX,0,0.5772227048873901,106,0.9262881875038147
L396_f03,1,L396_f03_plane1_mcorrected_flipX,1,0.5746321678161621,106,0.9262881875038147
L396_f03,1,L396_f03_plane1_mcorrected_flipX,2,0.5701988935470581,106,0.9262881875038147
L396_f03,1,L396_f03_plane1_mcorrected_flipX,3,0.5639174580574036,106,0.9262881875038147
L396_f03,1,L396_f03_plane1_mcorrected_flipX,4,0.5642690062522888,106,0.9262881875038147
L396_f03,1,L396_f03_plane1_mcorrected_flipX,5,0.5614224672317505,106,0.9262881875038147
L396_f03,1,L396_f03_plane1_mcorrected_flipX,6,0.5547371506690979,106,0.9262881875038147
L396_f03,1,L396_f03_plane1_mcorrected_flipX,7,0.5536982417106628,106,0.9262881875038147
L396_f03,1,L396_f03_plane1_mcorrected_flipX,8,0.5404835343360901,106,0.9262881875038147
L396_f03,1,L396_f03_plane1_mcorrected_flipX,9,0.533724308013916,106,0.9262881875038147
L396_f03,1,L396_f03_plane1_mcorrected_flipX,10,0.5253720283508301,106,0.9262881875038147
L396_f03,1,L396_f03_plane1_mcorrected_flipX,11,0.5235458016395569,106,0.9262881875038147
L396_f03,1,L396_f03_plane1_mcorrected_flipX,12,0.5253658294677734,106,0.9262881875038147
L396_f03,1,L396_f03_plane1_mcorrected_flipX,13,0.5229270458221436,106,0.9262881875038147
L396_f03,1,L396_f03_plane1_mcorrected_flipX,14,0.5233005285263062,106,0.9262881875038147
L396_f03,1,L396_f03_plane1_mcorrected_flipX,15,0.5237998962402344,106,0.9262881875038147
L396_f03,1,L396_f03_plane1_mcorrected_flipX,16,0.5228789448738098,106,0.9262881875038147
L396_f03,1,L396_f03_plane1_mcorrected_flipX,17,0.5276275277137756,106,0.9262881875038147
L396_f03,1,L396_f03_plane1_mcorrected_flipX,18,0.5201228857040405,106,0.9262881875038147
L396_f03,1,L396_f03_plane1_mcorrected_flipX,19,0.520178496837616,106,0.9262881875038147
L396_f03,1,L396_f03_plane1_mcorrected_flipX,20,0.5145876407623291,106,0.9262881875038147
L396_f03,1,L396_f03_plane1_mcorrected_flipX,21,0.5119075775146484,106,0.9262881875038147
L396_f03,1,L396_f03_plane1_mcorrected_flipX,22,0.510097861289978,106,0.9262881875038147
L396_f03,1,L396_f03_plane1_mcorrected_flipX,23,0.5127711892127991,106,0.9262881875038147
L396_f03,1,L396_f03_plane1_mcorrected_flipX,24,0.5139293670654297,106,0.9262881875038147
L396_f03,1,L396_f03_plane1_mcorrected_flipX,25,0.5186330080032349,106,0.9262881875038147
L396_f03,1,L396_f03_plane1_mcorrected_flipX,26,0.519738495349884,106,0.9262881875038147
L396_f03,1,L396_f03_plane1_mcorrected_flipX,27,0.5229871869087219,106,0.9262881875038147
L396_f03,1,L396_f03_plane1_mcorrected_flipX,28,0.5264132618904114,106,0.9262881875038147
L396_f03,1,L396_f03_plane1_mcorrected_flipX,29,0.5285333395004272,106,0.9262881875038147
L396_f03,1,L396_f03_plane1_mcorrected_flipX,30,0.5284055471420288,106,0.9262881875038147
L396_f03,1,L396_f03_plane1_mcorrected_flipX,31,0.5295355916023254,106,0.9262881875038147
L396_f03,1,L396_f03_plane1_mcorrected_flipX,32,0.525149941444397,106,0.9262881875038147
L396_f03,1,L396_f03_plane1_mcorrected_flipX,33,0.5239399075508118,106,0.9262881875038147
L396_f03,1,L396_f03_plane1_mcorrected_flipX,34,0.5230756402015686,106,0.9262881875038147
L396_f03,1,L396_f03_plane1_mcorrected_flipX,35,0.5220139622688293,106,0.9262881875038147
L396_f03,1,L396_f03_plane1_mcorrected_flipX,36,0.524341344833374,106,0.9262881875038147
L396_f03,1,L396_f03_plane1_mcorrected_flipX,37,0.5210833549499512,106,0.9262881875038147
L396_f03,1,L396_f03_plane1_mcorrected_flipX,38,0.5244460701942444,106,0.9262881875038147
L396_f03,1,L396_f03_plane1_mcorrected_flipX,39,0.5255070924758911,106,0.9262881875038147
L396_f03,1,L396_f03_plane1_mcorrected_flipX,40,0.5204451680183411,106,0.9262881875038147
L396_f03,1,L396_f03_plane1_mcorrected_flipX,41,0.5120820999145508,106,0.9262881875038147
L396_f03,1,L396_f03_plane1_mcorrected_flipX,42,0.5089086294174194,106,0.9262881875038147
L396_f03,1,L396_f03_plane1_mcorrected_flipX,43,0.5060504078865051,106,0.9262881875038147
L396_f03,1,L396_f03_plane1_mcorrected_flipX,44,0.5065779089927673,106,0.9262881875038147
L396_f03,1,L396_f03_plane1_mcorrected_flipX,45,0.5060744285583496,106,0.9262881875038147
L396_f03,1,L396_f03_plane1_mcorrected_flipX,46,0.5025150775909424,106,0.9262881875038147
L396_f03,1,L396_f03_plane1_mcorrected_flipX,47,0.5055892467498779,106,0.9262881875038147
L396_f03,1,L396_f03_plane1_mcorrected_flipX,48,0.5010619163513184,106,0.9262881875038147
L396_f03,1,L396_f03_plane1_mcorrected_flipX,49,0.49682512879371643,106,0.9262881875038147
L396_f03,1,L396_f03_plane1_mcorrected_flipX,50,0.5029299855232239,106,0.9262881875038147
L396_f03,1,L396_f03_plane1_mcorrected_flipX,51,0.5080839395523071,106,0.9262881875038147
L396_f03,1,L396_f03_plane1_mcorrected_flipX,52,0.513895571231842,106,0.9262881875038147
L396_f03,1,L396_f03_plane1_mcorrected_flipX,53,0.5142075419425964,106,0.9262881875038147
L396_f03,1,L396_f03_plane1_mcorrected_flipX,54,0.5180702209472656,106,0.9262881875038147
L396_f03,1,L396_f03_plane1_mcorrected_flipX,55,0.521184504032135,106,0.9262881875038147
L396_f03,1,L396_f03_plane1_mcorrected_flipX,56,0.5244889259338379,106,0.9262881875038147
L396_f03,1,L396_f03_plane1_mcorrected_flipX,57,0.5276212692260742,106,0.9262881875038147
L396_f03,1,L396_f03_plane1_mcorrected_flipX,58,0.529946506023407,106,0.9262881875038147
L396_f03,1,L396_f03_plane1_mcorrected_flipX,59,0.527006983757019,106,0.9262881875038147
L396_f03,1,L396_f03_plane1_mcorrected_flipX,60,0.5245947241783142,106,0.9262881875038147
L396_f03,1,L396_f03_plane1_mcorrected_flipX,61,0.5251076221466064,106,0.9262881875038147
L396_f03,1,L396_f03_plane1_mcorrected_flipX,62,0.5214253664016724,106,0.9262881875038147
L396_f03,1,L396_f03_plane1_mcorrected_flipX,63,0.5238243937492371,106,0.9262881875038147
L396_f03,1,L396_f03_plane1_mcorrected_flipX,64,0.5383955836296082,106,0.9262881875038147
L396_f03,1,L396_f03_plane1_mcorrected_flipX,65,0.5538809299468994,106,0.9262881875038147
L396_f03,1,L396_f03_plane1_mcorrected_flipX,66,0.5675621032714844,106,0.9262881875038147
L396_f03,1,L396_f03_plane1_mcorrected_flipX,67,0.5768978595733643,106,0.9262881875038147
L396_f03,1,L396_f03_plane1_mcorrected_flipX,68,0.5871626138687134,106,0.9262881875038147
L396_f03,1,L396_f03_plane1_mcorrected_flipX,69,0.5985643267631531,106,0.9262881875038147
L396_f03,1,L396_f03_plane1_mcorrected_flipX,70,0.6043151617050171,106,0.9262881875038147
L396_f03,1,L396_f03_plane1_mcorrected_flipX,71,0.6107235550880432,106,0.9262881875038147
L396_f03,1,L396_f03_plane1_mcorrected_flipX,72,0.6173208355903625,106,0.9262881875038147
L396_f03,1,L396_f03_plane1_mcorrected_flipX,73,0.6203240752220154,106,0.9262881875038147
L396_f03,1,L396_f03_plane1_mcorrected_flipX,74,0.6211649179458618,106,0.9262881875038147
L396_f03,1,L396_f03_plane1_mcorrected_flipX,75,0.6249145269393921,106,0.9262881875038147
L396_f03,1,L396_f03_plane1_mcorrected_flipX,76,0.6275153160095215,106,0.9262881875038147
L396_f03,1,L396_f03_plane1_mcorrected_flipX,77,0.6312424540519714,106,0.9262881875038147
L396_f03,1,L396_f03_plane1_mcorrected_flipX,78,0.641769289970398,106,0.9262881875038147
L396_f03,1,L396_f03_plane1_mcorrected_flipX,79,0.6477043628692627,106,0.9262881875038147
L396_f03,1,L396_f03_plane1_mcorrected_flipX,80,0.6495894193649292,106,0.9262881875038147
L396_f03,1,L396_f03_plane1_mcorrected_flipX,81,0.6587015390396118,106,0.9262881875038147
L396_f03,1,L396_f03_plane1_mcorrected_flipX,82,0.669530987739563,106,0.9262881875038147
L396_f03,1,L396_f03_plane1_mcorrected_flipX,83,0.6762304902076721,106,0.9262881875038147
L396_f03,1,L396_f03_plane1_mcorrected_flipX,84,0.6739592552185059,106,0.9262881875038147
L396_f03,1,L396_f03_plane1_mcorrected_flipX,85,0.6708148717880249,106,0.9262881875038147
L396_f03,1,L396_f03_plane1_mcorrected_flipX,86,0.6691705584526062,106,0.9262881875038147
L396_f03,1,L396_f03_plane1_mcorrected_flipX,87,0.6614186763763428,106,0.9262881875038147
L396_f03,1,L396_f03_plane1_mcorrected_flipX,88,0.645283043384552,106,0.9262881875038147
L396_f03,1,L396_f03_plane1_mcorrected_flipX,89,0.6345890164375305,106,0.9262881875038147
L396_f03,1,L396_f03_plane1_mcorrected_flipX,90,0.6256352663040161,106,0.9262881875038147
L396_f03,1,L396_f03_plane1_mcorrected_flipX,91,0.6137803196907043,106,0.9262881875038147
L396_f03,1,L396_f03_plane1_mcorrected_flipX,92,0.604541003704071,106,0.9262881875038147
L396_f03,1,L396_f03_plane1_mcorrected_flipX,93,0.597988486289978,106,0.9262881875038147
L396_f03,1,L396_f03_plane1_mcorrected_flipX,94,0.5958544015884399,106,0.9262881875038147
L396_f03,1,L396_f03_plane1_mcorrected_flipX,95,0.5973790287971497,106,0.9262881875038147
L396_f03,1,L396_f03_plane1_mcorrected_flipX,96,0.6035736203193665,106,0.9262881875038147
L396_f03,1,L396_f03_plane1_mcorrected_flipX,97,0.6135156750679016,106,0.9262881875038147
L396_f03,1,L396_f03_plane1_mcorrected_flipX,98,0.6296306252479553,106,0.9262881875038147
L396_f03,1,L396_f03_plane1_mcorrected_flipX,99,0.6492462754249573,106,0.9262881875038147
L396_f03,1,L396_f03_plane1_mcorrected_flipX,100,0.6864114999771118,106,0.9262881875038147
L396_f03,1,L396_f03_plane1_mcorrected_flipX,101,0.7224372625350952,106,0.9262881875038147
L396_f03,1,L396_f03_plane1_mcorrected_flipX,102,0.7716013193130493,106,0.9262881875038147
L396_f03,1,L396_f03_plane1_mcorrected_flipX,103,0.8169102668762207,106,0.9262881875038147
L396_f03,1,L396_f03_plane1_mcorrected_flipX,104,0.8637722134590149,106,0.9262881875038147
L396_f03,1,L396_f03_plane1_mcorrected_flipX,105,0.9049367308616638,106,0.9262881875038147
L396_f03,1,L396_f03_plane1_mcorrected_flipX,106,0.9262881875038147,106,0.9262881875038147
L396_f03,1,L396_f03_plane1_mcorrected_flipX,107,0.9110516905784607,106,0.9262881875038147
L396_f03,1,L396_f03_plane1_mcorrected_flipX,108,0.8693984746932983,106,0.9262881875038147
L396_f03,1,L396_f03_plane1_mcorrected_flipX,109,0.8247939944267273,106,0.9262881875038147
L396_f03,1,L396_f03_plane1_mcorrected_flipX,110,0.7839956283569336,106,0.9262881875038147
L396_f03,1,L396_f03_plane1_mcorrected_flipX,111,0.7600934505462646,106,0.9262881875038147
L396_f03,1,L396_f03_plane1_mcorrected_flipX,112,0.7384797930717468,106,0.9262881875038147
L396_f03,1,L396_f03_plane1_mcorrected_flipX,113,0.7059614062309265,106,0.9262881875038147
L396_f03,1,L396_f03_plane1_mcorrected_flipX,114,0.685625433921814,106,0.9262881875038147
L396_f03,1,L396_f03_plane1_mcorrected_flipX,115,0.671821117401123,106,0.9262881875038147
L396_f03,1,L396_f03_plane1_mcorrected_flipX,116,0.6531615257263184,106,0.9262881875038147
L396_f03,1,L396_f03_plane1_mcorrected_flipX,117,0.6467989683151245,106,0.9262881875038147
L396_f03,1,L396_f03_plane1_mcorrected_flipX,118,0.6496062874794006,106,0.9262881875038147
L396_f03,1,L396_f03_plane1_mcorrected_flipX,119,0.6470102071762085,106,0.9262881875038147
L396_f03,1,L396_f03_plane1_mcorrected_flipX,120,0.6407546401023865,106,0.9262881875038147
L396_f03,1,L396_f03_plane1_mcorrected_flipX,121,0.6336248517036438,106,0.9262881875038147
L396_f03,1,L396_f03_plane1_mcorrected_flipX,122,0.6222392320632935,106,0.9262881875038147
L396_f03,1,L396_f03_plane1_mcorrected_flipX,123,0.6096850037574768,106,0.9262881875038147
L396_f03,1,L396_f03_plane1_mcorrected_flipX,124,0.5932397246360779,106,0.9262881875038147
L396_f03,1,L396_f03_plane1_mcorrected_flipX,125,0.5816232562065125,106,0.9262881875038147
L396_f03,1,L396_f03_plane1_mcorrected_flipX,126,0.578200101852417,106,0.9262881875038147
L396_f03,1,L396_f03_plane1_mcorrected_flipX,127,0.5754567384719849,106,0.9262881875038147
L396_f03,1,L396_f03_plane1_mcorrected_flipX,128,0.5702151656150818,106,0.9262881875038147
L396_f03,1,L396_f03_plane1_mcorrected_flipX,129,0.567645251750946,106,0.9262881875038147
L396_f03,1,L396_f03_plane1_mcorrected_flipX,130,0.5646324753761292,106,0.9262881875038147
L396_f03,1,L396_f03_plane1_mcorrected_flipX,131,0.5681609511375427,106,0.9262881875038147
L396_f03,1,L396_f03_plane1_mcorrected_flipX,132,0.5627344846725464,106,0.9262881875038147
L396_f03,1,L396_f03_plane1_mcorrected_flipX,133,0.5441809892654419,106,0.9262881875038147
L396_f03,1,L396_f03_plane1_mcorrected_flipX,134,0.5519834756851196,106,0.9262881875038147
L396_f03,1,L396_f03_plane1_mcorrected_flipX,135,0.5498032569885254,106,0.9262881875038147
L396_f03,1,L396_f03_plane1_mcorrected_flipX,136,0.5466268658638,106,0.9262881875038147
L396_f03,1,L396_f03_plane1_mcorrected_flipX,137,0.5442399978637695,106,0.9262881875038147
L396_f03,1,L396_f03_plane1_mcorrected_flipX,138,0.5408089756965637,106,0.9262881875038147
L396_f03,1,L396_f03_plane1_mcorrected_flipX,139,0.5391700267791748,106,0.9262881875038147
L396_f03,1,L396_f03_plane1_mcorrected_flipX,140,0.5421789884567261,106,0.9262881875038147
L396_f03,1,L396_f03_plane1_mcorrected_flipX,141,0.543087363243103,106,0.9262881875038147
L396_f03,1,L396_f03_plane1_mcorrected_flipX,142,0.5399993062019348,106,0.9262881875038147
L396_f03,1,L396_f03_plane1_mcorrected_flipX,143,0.5429407358169556,106,0.9262881875038147
L396_f03,1,L396_f03_plane1_mcorrected_flipX,144,0.5497726798057556,106,0.9262881875038147
L396_f03,1,L396_f03_plane1_mcorrected_flipX,145,0.5532152056694031,106,0.9262881875038147
L396_f03,1,L396_f03_plane1_mcorrected_flipX,146,0.5579715967178345,106,0.9262881875038147
L396_f03,1,L396_f03_plane1_mcorrected_flipX,147,0.5599952340126038,106,0.9262881875038147
L396_f03,1,L396_f03_plane1_mcorrected_flipX,148,0.5667750835418701,106,0.9262881875038147
L396_f03,1,L396_f03_plane1_mcorrected_flipX,149,0.5675539374351501,106,0.9262881875038147
L396_f03,1,L396_f03_plane1_mcorrected_flipX,150,0.564771294593811,106,0.9262881875038147
L396_f03,1,L396_f03_plane1_mcorrected_flipX,151,0.5627470016479492,106,0.9262881875038147
L396_f03,1,L396_f03_plane1_mcorrected_flipX,152,0.5644290447235107,106,0.9262881875038147
L396_f03,1,L396_f03_plane1_mcorrected_flipX,153,0.5647926330566406,106,0.9262881875038147
L396_f03,1,L396_f03_plane1_mcorrected_flipX,154,0.5673374533653259,106,0.9262881875038147
L396_f03,1,L396_f03_plane1_mcorrected_flipX,155,0.5698888301849365,106,0.9262881875038147
L396_f03,1,L396_f03_plane1_mcorrected_flipX,156,0.5700929164886475,106,0.9262881875038147
L396_f03,1,L396_f03_plane1_mcorrected_flipX,157,0.572647213935852,106,0.9262881875038147
L396_f03,1,L396_f03_plane1_mcorrected_flipX,158,0.5715289115905762,106,0.9262881875038147
L396_f03,1,L396_f03_plane1_mcorrected_flipX,159,0.5720235705375671,106,0.9262881875038147
L396_f03,1,L396_f03_plane1_mcorrected_flipX,160,0.5711323022842407,106,0.9262881875038147
L396_f03,1,L396_f03_plane1_mcorrected_flipX,161,0.5686331391334534,106,0.9262881875038147
L396_f03,1,L396_f03_plane1_mcorrected_flipX,162,0.5637329816818237,106,0.9262881875038147
L396_f03,1,L396_f03_plane1_mcorrected_flipX,163,0.5585232973098755,106,0.9262881875038147
L396_f03,1,L396_f03_plane1_mcorrected_flipX,164,0.5580223202705383,106,0.9262881875038147
L396_f03,1,L396_f03_plane1_mcorrected_flipX,165,0.559169352054596,106,0.9262881875038147
L396_f03,1,L396_f03_plane1_mcorrected_flipX,166,0.5604947805404663,106,0.9262881875038147
L396_f03,1,L396_f03_plane1_mcorrected_flipX,167,0.5638947486877441,106,0.9262881875038147
L396_f03,1,L396_f03_plane1_mcorrected_flipX,168,0.5636041164398193,106,0.9262881875038147
L396_f03,1,L396_f03_plane1_mcorrected_flipX,169,0.561112105846405,106,0.9262881875038147
L396_f03,1,L396_f03_plane1_mcorrected_flipX,170,0.5581368803977966,106,0.9262881875038147
L396_f03,1,L396_f03_plane1_mcorrected_flipX,171,0.5526137351989746,106,0.9262881875038147
L396_f03,1,L396_f03_plane1_mcorrected_flipX,172,0.5533448457717896,106,0.9262881875038147
L396_f03,1,L396_f03_plane1_mcorrected_flipX,173,0.5543524026870728,106,0.9262881875038147
L396_f03,1,L396_f03_plane1_mcorrected_flipX,174,0.5500958561897278,106,0.9262881875038147
L396_f03,1,L396_f03_plane1_mcorrected_flipX,175,0.5494861602783203,106,0.9262881875038147
L396_f03,1,L396_f03_plane1_mcorrected_flipX,176,0.5467554926872253,106,0.9262881875038147
L396_f03,1,L396_f03_plane1_mcorrected_flipX,177,0.5416377782821655,106,0.9262881875038147
L396_f03,1,L396_f03_plane1_mcorrected_flipX,178,0.5385459661483765,106,0.9262881875038147
L396_f03,1,L396_f03_plane1_mcorrected_flipX,179,0.5261649489402771,106,0.9262881875038147
L396_f03,1,L396_f03_plane1_mcorrected_flipX,180,0.517504870891571,106,0.9262881875038147
L396_f03,1,L396_f03_plane1_mcorrected_flipX,181,0.5030004382133484,106,0.9262881875038147
L396_f03,1,L396_f03_plane1_mcorrected_flipX,182,0.4959881007671356,106,0.9262881875038147
L396_f03,1,L396_f03_plane1_mcorrected_flipX,183,0.4917469620704651,106,0.9262881875038147
L396_f03,1,L396_f03_plane1_mcorrected_flipX,184,0.47867536544799805,106,0.9262881875038147
L396_f03,1,L396_f03_plane1_mcorrected_flipX,185,0.47782135009765625,106,0.9262881875038147
L396_f03,1,L396_f03_plane1_mcorrected_flipX,186,0.47559797763824463,106,0.9262881875038147
L396_f03,1,L396_f03_plane1_mcorrected_flipX,187,0.4710560739040375,106,0.9262881875038147
L396_f03,1,L396_f03_plane1_mcorrected_flipX,188,0.46577444672584534,106,0.9262881875038147
L396_f03,1,L396_f03_plane1_mcorrected_flipX,189,0.4648033082485199,106,0.9262881875038147
L396_f03,1,L396_f03_plane1_mcorrected_flipX,190,0.4731605648994446,106,0.9262881875038147
L396_f03,1,L396_f03_plane1_mcorrected_flipX,191,0.5218506455421448,106,0.9262881875038147
L396_f03,1,L396_f03_plane1_mcorrected_flipX,192,0.4579281806945801,106,0.9262881875038147
L396_f03,1,L396_f03_plane1_mcorrected_flipX,193,0.45019054412841797,106,0.9262881875038147
L396_f03,1,L396_f03_plane1_mcorrected_flipX,194,0.4451148808002472,106,0.9262881875038147
L396_f03,1,L396_f03_plane1_mcorrected_flipX,195,0.452392041683197,106,0.9262881875038147
L396_f03,1,L396_f03_plane1_mcorrected_flipX,196,0.4422895312309265,106,0.9262881875038147
L396_f03,1,L396_f03_plane1_mcorrected_flipX,197,0.44979938864707947,106,0.9262881875038147
L396_f03,1,L396_f03_plane1_mcorrected_flipX,198,0.45101815462112427,106,0.9262881875038147
L396_f03,1,L396_f03_plane1_mcorrected_flipX,199,0.4922897517681122,106,0.9262881875038147
L396_f03,1,L396_f03_plane1_mcorrected_flipX,200,0.5057461261749268,106,0.9262881875038147
L396_f03,1,L396_f03_plane1_mcorrected_flipX,201,0.5140405893325806,106,0.9262881875038147
L396_f03,1,L396_f03_plane1_mcorrected_flipX,202,0.5266847014427185,106,0.9262881875038147
L396_f03,1,L396_f03_plane1_mcorrected_flipX,203,0.5627017021179199,106,0.9262881875038147
L396_f03,1,L396_f03_plane1_mcorrected_flipX,204,0.5716243982315063,106,0.9262881875038147
L396_f03,1,L396_f03_plane1_mcorrected_flipX,205,0.5680918097496033,106,0.9262881875038147
L396_f03,1,L396_f03_plane1_mcorrected_flipX,206,0.5656695365905762,106,0.9262881875038147
L396_f03,1,L396_f03_plane1_mcorrected_flipX,207,0.5737123489379883,106,0.9262881875038147
L396_f03,1,L396_f03_plane1_mcorrected_flipX,208,0.5769212245941162,106,0.9262881875038147
L396_f03,1,L396_f03_plane1_mcorrected_flipX,209,0.5794453024864197,106,0.9262881875038147
L396_f03,1,L396_f03_plane1_mcorrected_flipX,210,0.5757442712783813,106,0.9262881875038147
L396_f03,1,L396_f03_plane1_mcorrected_flipX,211,0.5714364051818848,106,0.9262881875038147
L396_f03,1,L396_f03_plane1_mcorrected_flipX,212,0.5757734775543213,106,0.9262881875038147
L396_f03,1,L396_f03_plane1_mcorrected_flipX,213,0.5788983702659607,106,0.9262881875038147
L396_f03,1,L396_f03_plane1_mcorrected_flipX,214,0.5807132124900818,106,0.9262881875038147
L396_f03,1,L396_f03_plane1_mcorrected_flipX,215,0.5779027938842773,106,0.9262881875038147
L396_f03,1,L396_f03_plane1_mcorrected_flipX,216,0.5815004706382751,106,0.9262881875038147
L396_f03,1,L396_f03_plane1_mcorrected_flipX,217,0.5748200416564941,106,0.9262881875038147
L396_f03,1,L396_f03_plane1_mcorrected_flipX,218,0.5749815106391907,106,0.9262881875038147
L396_f03,1,L396_f03_plane1_mcorrected_flipX,219,0.5802803039550781,106,0.9262881875038147
L396_f03,1,L396_f03_plane1_mcorrected_flipX,220,0.5771332383155823,106,0.9262881875038147
L396_f03,1,L396_f03_plane1_mcorrected_flipX,221,0.583261251449585,106,0.9262881875038147
L396_f03,1,L396_f03_plane1_mcorrected_flipX,222,0.5818316340446472,106,0.9262881875038147
L396_f03,1,L396_f03_plane1_mcorrected_flipX,223,0.5781981348991394,106,0.9262881875038147
L396_f03,1,L396_f03_plane1_mcorrected_flipX,224,0.5856025815010071,106,0.9262881875038147
L396_f03,1,L396_f03_plane1_mcorrected_flipX,225,0.5741841197013855,106,0.9262881875038147
L396_f03,1,L396_f03_plane1_mcorrected_flipX,226,0.5813966989517212,106,0.9262881875038147
L396_f03,1,L396_f03_plane1_mcorrected_flipX,227,0.5797814726829529,106,0.9262881875038147
L396_f03,2,L396_f03_plane2_mcorrected_flipX,0,0.627587080001831,102,0.9356464147567749
L396_f03,2,L396_f03_plane2_mcorrected_flipX,1,0.6250916719436646,102,0.9356464147567749
L396_f03,2,L396_f03_plane2_mcorrected_flipX,2,0.6210809946060181,102,0.9356464147567749
L396_f03,2,L396_f03_plane2_mcorrected_flipX,3,0.616195559501648,102,0.9356464147567749
L396_f03,2,L396_f03_plane2_mcorrected_flipX,4,0.617835283279419,102,0.9356464147567749
L396_f03,2,L396_f03_plane2_mcorrected_flipX,5,0.6183088421821594,102,0.9356464147567749
L396_f03,2,L396_f03_plane2_mcorrected_flipX,6,0.6124795079231262,102,0.9356464147567749
L396_f03,2,L396_f03_plane2_mcorrected_flipX,7,0.6169755458831787,102,0.9356464147567749
L396_f03,2,L396_f03_plane2_mcorrected_flipX,8,0.6103521585464478,102,0.9356464147567749
L396_f03,2,L396_f03_plane2_mcorrected_flipX,9,0.6030780076980591,102,0.9356464147567749
L396_f03,2,L396_f03_plane2_mcorrected_flipX,10,0.5918130874633789,102,0.9356464147567749
L396_f03,2,L396_f03_plane2_mcorrected_flipX,11,0.5862703919410706,102,0.9356464147567749
L396_f03,2,L396_f03_plane2_mcorrected_flipX,12,0.5833063125610352,102,0.9356464147567749
L396_f03,2,L396_f03_plane2_mcorrected_flipX,13,0.5764642953872681,102,0.9356464147567749
L396_f03,2,L396_f03_plane2_mcorrected_flipX,14,0.5728463530540466,102,0.9356464147567749
L396_f03,2,L396_f03_plane2_mcorrected_flipX,15,0.5706992745399475,102,0.9356464147567749
L396_f03,2,L396_f03_plane2_mcorrected_flipX,16,0.5669811964035034,102,0.9356464147567749
L396_f03,2,L396_f03_plane2_mcorrected_flipX,17,0.5690693259239197,102,0.9356464147567749
L396_f03,2,L396_f03_plane2_mcorrected_flipX,18,0.5618398189544678,102,0.9356464147567749
L396_f03,2,L396_f03_plane2_mcorrected_flipX,19,0.5625817775726318,102,0.9356464147567749
L396_f03,2,L396_f03_plane2_mcorrected_flipX,20,0.5602365732192993,102,0.9356464147567749
L396_f03,2,L396_f03_plane2_mcorrected_flipX,21,0.559526801109314,102,0.9356464147567749
L396_f03,2,L396_f03_plane2_mcorrected_flipX,22,0.5543937683105469,102,0.9356464147567749
L396_f03,2,L396_f03_plane2_mcorrected_flipX,23,0.550347089767456,102,0.9356464147567749
L396_f03,2,L396_f03_plane2_mcorrected_flipX,24,0.5447763204574585,102,0.9356464147567749
L396_f03,2,L396_f03_plane2_mcorrected_flipX,25,0.5427866578102112,102,0.9356464147567749
L396_f03,2,L396_f03_plane2_mcorrected_flipX,26,0.5381737947463989,102,0.9356464147567749
L396_f03,2,L396_f03_plane2_mcorrected_flipX,27,0.5354023575782776,102,0.9356464147567749
L396_f03,2,L396_f03_plane2_mcorrected_flipX,28,0.5335681438446045,102,0.9356464147567749
L396_f03,2,L396_f03_plane2_mcorrected_flipX,29,0.5340104699134827,102,0.9356464147567749
L396_f03,2,L396_f03_plane2_mcorrected_flipX,30,0.5316011309623718,102,0.9356464147567749
L396_f03,2,L396_f03_plane2_mcorrected_flipX,31,0.5300472974777222,102,0.9356464147567749
L396_f03,2,L396_f03_plane2_mcorrected_flipX,32,0.5250179767608643,102,0.9356464147567749
L396_f03,2,L396_f03_plane2_mcorrected_flipX,33,0.5245165228843689,102,0.9356464147567749
L396_f03,2,L396_f03_plane2_mcorrected_flipX,34,0.5291822552680969,102,0.9356464147567749
L396_f03,2,L396_f03_plane2_mcorrected_flipX,35,0.5284327864646912,102,0.9356464147567749
L396_f03,2,L396_f03_plane2_mcorrected_flipX,36,0.5324097275733948,102,0.9356464147567749
L396_f03,2,L396_f03_plane2_mcorrected_flipX,37,0.5376884937286377,102,0.9356464147567749
L396_f03,2,L396_f03_plane2_mcorrected_flipX,38,0.5472055077552795,102,0.9356464147567749
L396_f03,2,L396_f03_plane2_mcorrected_flipX,39,0.5518269538879395,102,0.9356464147567749
L396_f03,2,L396_f03_plane2_mcorrected_flipX,40,0.554622232913971,102,0.9356464147567749
L396_f03,2,L396_f03_plane2_mcorrected_flipX,41,0.552906334400177,102,0.9356464147567749
L396_f03,2,L396_f03_plane2_mcorrected_flipX,42,0.5571339130401611,102,0.9356464147567749
L396_f03,2,L396_f03_plane2_mcorrected_flipX,43,0.5534982681274414,102,0.9356464147567749
L396_f03,2,L396_f03_plane2_mcorrected_flipX,44,0.5560544729232788,102,0.9356464147567749
L396_f03,2,L396_f03_plane2_mcorrected_flipX,45,0.55987149477005,102,0.9356464147567749
L396_f03,2,L396_f03_plane2_mcorrected_flipX,46,0.5565804839134216,102,0.9356464147567749
L396_f03,2,L396_f03_plane2_mcorrected_flipX,47,0.5601901412010193,102,0.9356464147567749
L396_f03,2,L396_f03_plane2_mcorrected_flipX,48,0.5559782385826111,102,0.9356464147567749
L396_f03,2,L396_f03_plane2_mcorrected_flipX,49,0.5514695048332214,102,0.9356464147567749
L396_f03,2,L396_f03_plane2_mcorrected_flipX,50,0.5498418211936951,102,0.9356464147567749
L396_f03,2,L396_f03_plane2_mcorrected_flipX,51,0.5502594113349915,102,0.9356464147567749
L396_f03,2,L396_f03_plane2_mcorrected_flipX,52,0.5539785623550415,102,0.9356464147567749
L396_f03,2,L396_f03_plane2_mcorrected_flipX,53,0.5522326827049255,102,0.9356464147567749
L396_f03,2,L396_f03_plane2_mcorrected_flipX,54,0.5531696081161499,102,0.9356464147567749
L396_f03,2,L396_f03_plane2_mcorrected_flipX,55,0.557616651058197,102,0.9356464147567749
L396_f03,2,L396_f03_plane2_mcorrected_flipX,56,0.5590856671333313,102,0.9356464147567749
L396_f03,2,L396_f03_plane2_mcorrected_flipX,57,0.5631667971611023,102,0.9356464147567749
L396_f03,2,L396_f03_plane2_mcorrected_flipX,58,0.5620540380477905,102,0.9356464147567749
L396_f03,2,L396_f03_plane2_mcorrected_flipX,59,0.5589975714683533,102,0.9356464147567749
L396_f03,2,L396_f03_plane2_mcorrected_flipX,60,0.5643633008003235,102,0.9356464147567749
L396_f03,2,L396_f03_plane2_mcorrected_flipX,61,0.5730970501899719,102,0.9356464147567749
L396_f03,2,L396_f03_plane2_mcorrected_flipX,62,0.5805689096450806,102,0.9356464147567749
L396_f03,2,L396_f03_plane2_mcorrected_flipX,63,0.5865336060523987,102,0.9356464147567749
L396_f03,2,L396_f03_plane2_mcorrected_flipX,64,0.5960044860839844,102,0.9356464147567749
L396_f03,2,L396_f03_plane2_mcorrected_flipX,65,0.6036533713340759,102,0.9356464147567749
L396_f03,2,L396_f03_plane2_mcorrected_flipX,66,0.6093703508377075,102,0.9356464147567749
L396_f03,2,L396_f03_plane2_mcorrected_flipX,67,0.6134753823280334,102,0.9356464147567749
L396_f03,2,L396_f03_plane2_mcorrected_flipX,68,0.6175065636634827,102,0.9356464147567749
L396_f03,2,L396_f03_plane2_mcorrected_flipX,69,0.62975013256073,102,0.9356464147567749
L396_f03,2,L396_f03_plane2_mcorrected_flipX,70,0.6388992071151733,102,0.9356464147567749
L396_f03,2,L396_f03_plane2_mcorrected_flipX,71,0.6467699408531189,102,0.9356464147567749
L396_f03,2,L396_f03_plane2_mcorrected_flipX,72,0.6508296132087708,102,0.9356464147567749
L396_f03,2,L396_f03_plane2_mcorrected_flipX,73,0.6549215316772461,102,0.9356464147567749
L396_f03,2,L396_f03_plane2_mcorrected_flipX,74,0.6603745818138123,102,0.9356464147567749
L396_f03,2,L396_f03_plane2_mcorrected_flipX,75,0.6634213328361511,102,0.9356464147567749
L396_f03,2,L396_f03_plane2_mcorrected_flipX,76,0.6651909947395325,102,0.9356464147567749
L396_f03,2,L396_f03_plane2_mcorrected_flipX,77,0.6679225564002991,102,0.9356464147567749
L396_f03,2,L396_f03_plane2_mcorrected_flipX,78,0.6734829545021057,102,0.9356464147567749
L396_f03,2,L396_f03_plane2_mcorrected_flipX,79,0.6762062907218933,102,0.9356464147567749
L396_f03,2,L396_f03_plane2_mcorrected_flipX,80,0.6796354055404663,102,0.9356464147567749
L396_f03,2,L396_f03_plane2_mcorrected_flipX,81,0.6813492178916931,102,0.9356464147567749
L396_f03,2,L396_f03_plane2_mcorrected_flipX,82,0.6791035532951355,102,0.9356464147567749
L396_f03,2,L396_f03_plane2_mcorrected_flipX,83,0.6822224855422974,102,0.9356464147567749
L396_f03,2,L396_f03_plane2_mcorrected_flipX,84,0.6826286315917969,102,0.9356464147567749
L396_f03,2,L396_f03_plane2_mcorrected_flipX,85,0.6828078627586365,102,0.9356464147567749
L396_f03,2,L396_f03_plane2_mcorrected_flipX,86,0.6804982423782349,102,0.9356464147567749
L396_f03,2,L396_f03_plane2_mcorrected_flipX,87,0.6760720610618591,102,0.9356464147567749
L396_f03,2,L396_f03_plane2_mcorrected_flipX,88,0.668071448802948,102,0.9356464147567749
L396_f03,2,L396_f03_plane2_mcorrected_flipX,89,0.6675850749015808,102,0.9356464147567749
L396_f03,2,L396_f03_plane2_mcorrected_flipX,90,0.6668766140937805,102,0.9356464147567749
L396_f03,2,L396_f03_plane2_mcorrected_flipX,91,0.6676633358001709,102,0.9356464147567749
L396_f03,2,L396_f03_plane2_mcorrected_flipX,92,0.6723406314849854,102,0.9356464147567749
L396_f03,2,L396_f03_plane2_mcorrected_flipX,93,0.6776758432388306,102,0.9356464147567749
L396_f03,2,L396_f03_plane2_mcorrected_flipX,94,0.685045599937439,102,0.9356464147567749
L396_f03,2,L396_f03_plane2_mcorrected_flipX,95,0.6937074661254883,102,0.9356464147567749
L396_f03,2,L396_f03_plane2_mcorrected_flipX,96,0.7114611268043518,102,0.9356464147567749
L396_f03,2,L396_f03_plane2_mcorrected_flipX,97,0.7276195883750916,102,0.9356464147567749
L396_f03,2,L396_f03_plane2_mcorrected_flipX,98,0.7549276947975159,102,0.9356464147567749
L396_f03,2,L396_f03_plane2_mcorrected_flipX,99,0.7864571809768677,102,0.9356464147567749
L396_f03,2,L396_f03_plane2_mcorrected_flipX,100,0.8460325598716736,102,0.9356464147567749
L396_f03,2,L396_f03_plane2_mcorrected_flipX,101,0.9038050770759583,102,0.9356464147567749
L396_f03,2,L396_f03_plane2_mcorrected_flipX,102,0.9356464147567749,102,0.9356464147567749
L396_f03,2,L396_f03_plane2_mcorrected_flipX,103,0.9237483739852905,102,0.9356464147567749
L396_f03,2,L396_f03_plane2_mcorrected_flipX,104,0.8810765147209167,102,0.9356464147567749
L396_f03,2,L396_f03_plane2_mcorrected_flipX,105,0.8357288837432861,102,0.9356464147567749
L396_f03,2,L396_f03_plane2_mcorrected_flipX,106,0.7946138978004456,102,0.9356464147567749
L396_f03,2,L396_f03_plane2_mcorrected_flipX,107,0.7623608708381653,102,0.9356464147567749
L396_f03,2,L396_f03_plane2_mcorrected_flipX,108,0.7410473227500916,102,0.9356464147567749
L396_f03,2,L396_f03_plane2_mcorrected_flipX,109,0.7201482057571411,102,0.9356464147567749
L396_f03,2,L396_f03_plane2_mcorrected_flipX,110,0.7007720470428467,102,0.9356464147567749
L396_f03,2,L396_f03_plane2_mcorrected_flipX,111,0.7013100385665894,102,0.9356464147567749
L396_f03,2,L396_f03_plane2_mcorrected_flipX,112,0.6963889002799988,102,0.9356464147567749
L396_f03,2,L396_f03_plane2_mcorrected_flipX,113,0.6682125926017761,102,0.9356464147567749
L396_f03,2,L396_f03_plane2_mcorrected_flipX,114,0.6571992039680481,102,0.9356464147567749
L396_f03,2,L396_f03_plane2_mcorrected_flipX,115,0.6505724191665649,102,0.9356464147567749
L396_f03,2,L396_f03_plane2_mcorrected_flipX,116,0.6422799229621887,102,0.9356464147567749
L396_f03,2,L396_f03_plane2_mcorrected_flipX,117,0.6374915838241577,102,0.9356464147567749
L396_f03,2,L396_f03_plane2_mcorrected_flipX,118,0.6336882710456848,102,0.9356464147567749
L396_f03,2,L396_f03_plane2_mcorrected_flipX,119,0.62645024061203,102,0.9356464147567749
L396_f03,2,L396_f03_plane2_mcorrected_flipX,120,0.6218245625495911,102,0.9356464147567749
L396_f03,2,L396_f03_plane2_mcorrected_flipX,121,0.6149184107780457,102,0.9356464147567749
L396_f03,2,L396_f03_plane2_mcorrected_flipX,122,0.6031651496887207,102,0.9356464147567749
L396_f03,2,L396_f03_plane2_mcorrected_flipX,123,0.590570867061615,102,0.9356464147567749
L396_f03,2,L396_f03_plane2_mcorrected_flipX,124,0.5869447588920593,102,0.9356464147567749
L396_f03,2,L396_f03_plane2_mcorrected_flipX,125,0.5861183404922485,102,0.9356464147567749
L396_f03,2,L396_f03_plane2_mcorrected_flipX,126,0.5791252851486206,102,0.9356464147567749
L396_f03,2,L396_f03_plane2_mcorrected_flipX,127,0.5714641213417053,102,0.9356464147567749
L396_f03,2,L396_f03_plane2_mcorrected_flipX,128,0.5621795058250427,102,0.9356464147567749
L396_f03,2,L396_f03_plane2_mcorrected_flipX,129,0.5616573691368103,102,0.9356464147567749
L396_f03,2,L396_f03_plane2_mcorrected_flipX,130,0.5592842102050781,102,0.9356464147567749
L396_f03,2,L396_f03_plane2_mcorrected_flipX,131,0.560874879360199,102,0.9356464147567749
L396_f03,2,L396_f03_plane2_mcorrected_flipX,132,0.5609371066093445,102,0.9356464147567749
L396_f03,2,L396_f03_plane2_mcorrected_flipX,133,0.5552101731300354,102,0.9356464147567749
L396_f03,2,L396_f03_plane2_mcorrected_flipX,134,0.5642959475517273,102,0.9356464147567749
L396_f03,2,L396_f03_plane2_mcorrected_flipX,135,0.5643855929374695,102,0.9356464147567749
L396_f03,2,L396_f03_plane2_mcorrected_flipX,136,0.5596916079521179,102,0.9356464147567749
L396_f03,2,L396_f03_plane2_mcorrected_flipX,137,0.5539559721946716,102,0.9356464147567749
L396_f03,2,L396_f03_plane2_mcorrected_flipX,138,0.5462930202484131,102,0.9356464147567749
L396_f03,2,L396_f03_plane2_mcorrected_flipX,139,0.5421836972236633,102,0.9356464147567749
L396_f03,2,L396_f03_plane2_mcorrected_flipX,140,0.5456998944282532,102,0.9356464147567749
L396_f03,2,L396_f03_plane2_mcorrected_flipX,141,0.5487658977508545,102,0.9356464147567749
L396_f03,2,L396_f03_plane2_mcorrected_flipX,142,0.5482350587844849,102,0.9356464147567749
L396_f03,2,L396_f03_plane2_mcorrected_flipX,143,0.5585289001464844,102,0.9356464147567749
L396_f03,2,L396_f03_plane2_mcorrected_flipX,144,0.5646325945854187,102,0.9356464147567749
L396_f03,2,L396_f03_plane2_mcorrected_flipX,145,0.5649938583374023,102,0.9356464147567749
L396_f03,2,L396_f03_plane2_mcorrected_flipX,146,0.5689749717712402,102,0.9356464147567749
L396_f03,2,L396_f03_plane2_mcorrected_flipX,147,0.569800853729248,102,0.9356464147567749
L396_f03,2,L396_f03_plane2_mcorrected_flipX,148,0.5720335841178894,102,0.9356464147567749
L396_f03,2,L396_f03_plane2_mcorrected_flipX,149,0.5718888640403748,102,0.9356464147567749
L396_f03,2,L396_f03_plane2_mcorrected_flipX,150,0.5692890286445618,102,0.9356464147567749
L396_f03,2,L396_f03_plane2_mcorrected_flipX,151,0.5698146224021912,102,0.9356464147567749
L396_f03,2,L396_f03_plane2_mcorrected_flipX,152,0.5693648457527161,102,0.9356464147567749
L396_f03,2,L396_f03_plane2_mcorrected_flipX,153,0.5663577914237976,102,0.9356464147567749
L396_f03,2,L396_f03_plane2_mcorrected_flipX,154,0.5694363713264465,102,0.9356464147567749
L396_f03,2,L396_f03_plane2_mcorrected_flipX,155,0.566886305809021,102,0.9356464147567749
L396_f03,2,L396_f03_plane2_mcorrected_flipX,156,0.5605645775794983,102,0.9356464147567749
L396_f03,2,L396_f03_plane2_mcorrected_flipX,157,0.5577840805053711,102,0.9356464147567749
L396_f03,2,L396_f03_plane2_mcorrected_flipX,158,0.5517376661300659,102,0.9356464147567749
L396_f03,2,L396_f03_plane2_mcorrected_flipX,159,0.5508472323417664,102,0.9356464147567749
L396_f03,2,L396_f03_plane2_mcorrected_flipX,160,0.5508302450180054,102,0.9356464147567749
L396_f03,2,L396_f03_plane2_mcorrected_flipX,161,0.5519977807998657,102,0.9356464147567749
L396_f03,2,L396_f03_plane2_mcorrected_flipX,162,0.548730194568634,102,0.9356464147567749
L396_f03,2,L396_f03_plane2_mcorrected_flipX,163,0.5433282852172852,102,0.9356464147567749
L396_f03,2,L396_f03_plane2_mcorrected_flipX,164,0.5378096103668213,102,0.9356464147567749
L396_f03,2,L396_f03_plane2_mcorrected_flipX,165,0.5368960499763489,102,0.9356464147567749
L396_f03,2,L396_f03_plane2_mcorrected_flipX,166,0.537437379360199,102,0.9356464147567749
L396_f03,2,L396_f03_plane2_mcorrected_flipX,167,0.5358507633209229,102,0.9356464147567749
L396_f03,2,L396_f03_plane2_mcorrected_flipX,168,0.5323744416236877,102,0.9356464147567749
L396_f03,2,L396_f03_plane2_mcorrected_flipX,169,0.5302740335464478,102,0.9356464147567749
L396_f03,2,L396_f03_plane2_mcorrected_flipX,170,0.5283229351043701,102,0.9356464147567749
L396_f03,2,L396_f03_plane2_mcorrected_flipX,171,0.5209406018257141,102,0.9356464147567749
L396_f03,2,L396_f03_plane2_mcorrected_flipX,172,0.5171339511871338,102,0.9356464147567749
L396_f03,2,L396_f03_plane2_mcorrected_flipX,173,0.5189634561538696,102,0.9356464147567749
L396_f03,2,L396_f03_plane2_mcorrected_flipX,174,0.5134320259094238,102,0.9356464147567749
L396_f03,2,L396_f03_plane2_mcorrected_flipX,175,0.5156649351119995,102,0.9356464147567749
L396_f03,2,L396_f03_plane2_mcorrected_flipX,176,0.5129368305206299,102,0.9356464147567749
L396_f03,2,L396_f03_plane2_mcorrected_flipX,177,0.5107431411743164,102,0.9356464147567749
L396_f03,2,L396_f03_plane2_mcorrected_flipX,178,0.5150890350341797,102,0.9356464147567749
L396_f03,2,L396_f03_plane2_mcorrected_flipX,179,0.5087296962738037,102,0.9356464147567749
L396_f03,2,L396_f03_plane2_mcorrected_flipX,180,0.5062210559844971,102,0.9356464147567749
L396_f03,2,L396_f03_plane2_mcorrected_flipX,181,0.49792006611824036,102,0.9356464147567749
L396_f03,2,L396_f03_plane2_mcorrected_flipX,182,0.4917484521865845,102,0.9356464147567749
L396_f03,2,L396_f03_plane2_mcorrected_flipX,183,0.48710936307907104,102,0.9356464147567749
L396_f03,2,L396_f03_plane2_mcorrected_flipX,184,0.4816519320011139,102,0.9356464147567749
L396_f03,2,L396_f03_plane2_mcorrected_flipX,185,0.484494149684906,102,0.9356464147567749
L396_f03,2,L396_f03_plane2_mcorrected_flipX,186,0.4853042662143707,102,0.9356464147567749
L396_f03,2,L396_f03_plane2_mcorrected_flipX,187,0.4849616587162018,102,0.9356464147567749
L396_f03,2,L396_f03_plane2_mcorrected_flipX,188,0.4848622977733612,102,0.9356464147567749
L396_f03,2,L396_f03_plane2_mcorrected_flipX,189,0.48552998900413513,102,0.9356464147567749
L396_f03,2,L396_f03_plane2_mcorrected_flipX,190,0.4981246590614319,102,0.9356464147567749
L396_f03,2,L396_f03_plane2_mcorrected_flipX,191,0.5470313429832458,102,0.9356464147567749
L396_f03,2,L396_f03_plane2_mcorrected_flipX,192,0.47798579931259155,102,0.9356464147567749
L396_f03,2,L396_f03_plane2_mcorrected_flipX,193,0.47020164132118225,102,0.9356464147567749
L396_f03,2,L396_f03_plane2_mcorrected_flipX,194,0.4688947796821594,102,0.9356464147567749
L396_f03,2,L396_f03_plane2_mcorrected_flipX,195,0.48052138090133667,102,0.9356464147567749
L396_f03,2,L396_f03_plane2_mcorrected_flipX,196,0.4725683629512787,102,0.9356464147567749
L396_f03,2,L396_f03_plane2_mcorrected_flipX,197,0.48129144310951233,102,0.9356464147567749
L396_f03,2,L396_f03_plane2_mcorrected_flipX,198,0.4719746708869934,102,0.9356464147567749
L396_f03,2,L396_f03_plane2_mcorrected_flipX,199,0.5155691504478455,102,0.9356464147567749
L396_f03,2,L396_f03_plane2_mcorrected_flipX,200,0.5280009508132935,102,0.9356464147567749
L396_f03,2,L396_f03_plane2_mcorrected_flipX,201,0.5378789901733398,102,0.9356464147567749
L396_f03,2,L396_f03_plane2_mcorrected_flipX,202,0.5514731407165527,102,0.9356464147567749
L396_f03,2,L396_f03_plane2_mcorrected_flipX,203,0.5874658823013306,102,0.9356464147567749
L396_f03,2,L396_f03_plane2_mcorrected_flipX,204,0.5990942120552063,102,0.9356464147567749
L396_f03,2,L396_f03_plane2_mcorrected_flipX,205,0.5956776142120361,102,0.9356464147567749
L396_f03,2,L396_f03_plane2_mcorrected_flipX,206,0.5944215655326843,102,0.9356464147567749
L396_f03,2,L396_f03_plane2_mcorrected_flipX,207,0.6044065356254578,102,0.9356464147567749
L396_f03,2,L396_f03_plane2_mcorrected_flipX,208,0.6062426567077637,102,0.9356464147567749
L396_f03,2,L396_f03_plane2_mcorrected_flipX,209,0.6085825562477112,102,0.9356464147567749
L396_f03,2,L396_f03_plane2_mcorrected_flipX,210,0.6043217778205872,102,0.9356464147567749
L396_f03,2,L396_f03_plane2_mcorrected_flipX,211,0.6002772450447083,102,0.9356464147567749
L396_f03,2,L396_f03_plane2_mcorrected_flipX,212,0.60580974817276,102,0.9356464147567749
L396_f03,2,L396_f03_plane2_mcorrected_flipX,213,0.6098307967185974,102,0.9356464147567749
L396_f03,2,L396_f03_plane2_mcorrected_flipX,214,0.6109884977340698,102,0.9356464147567749
L396_f03,2,L396_f03_plane2_mcorrected_flipX,215,0.6070461869239807,102,0.9356464147567749
L396_f03,2,L396_f03_plane2_mcorrected_flipX,216,0.6119177937507629,102,0.9356464147567749
L396_f03,2,L396_f03_plane2_mcorrected_flipX,217,0.604225218296051,102,0.9356464147567749
L396_f03,2,L396_f03_plane2_mcorrected_flipX,218,0.6044586896896362,102,0.9356464147567749
L396_f03,2,L396_f03_plane2_mcorrected_flipX,219,0.6105840802192688,102,0.9356464147567749
L396_f03,2,L396_f03_plane2_mcorrected_flipX,220,0.6065542697906494,102,0.9356464147567749
L396_f03,2,L396_f03_plane2_mcorrected_flipX,221,0.6141380667686462,102,0.9356464147567749
L396_f03,2,L396_f03_plane2_mcorrected_flipX,222,0.6106314063072205,102,0.9356464147567749
L396_f03,2,L396_f03_plane2_mcorrected_flipX,223,0.6078960299491882,102,0.9356464147567749
L396_f03,2,L396_f03_plane2_mcorrected_flipX,224,0.616603672504425,102,0.9356464147567749
L396_f03,2,L396_f03_plane2_mcorrected_flipX,225,0.6041965484619141,102,0.9356464147567749
L396_f03,2,L396_f03_plane2_mcorrected_flipX,226,0.6117732524871826,102,0.9356464147567749
L396_f03,2,L396_f03_plane2_mcorrected_flipX,227,0.6109989881515503,102,0.9356464147567749
L396_f03,3,L396_f03_plane3_mcorrected_flipX,0,0.6580520868301392,97,0.923957347869873
L396_f03,3,L396_f03_plane3_mcorrected_flipX,1,0.6568096876144409,97,0.923957347869873
L396_f03,3,L396_f03_plane3_mcorrected_flipX,2,0.6578195095062256,97,0.923957347869873
L396_f03,3,L396_f03_plane3_mcorrected_flipX,3,0.6524131298065186,97,0.923957347869873
L396_f03,3,L396_f03_plane3_mcorrected_flipX,4,0.6566234230995178,97,0.923957347869873
L396_f03,3,L396_f03_plane3_mcorrected_flipX,5,0.6597392559051514,97,0.923957347869873
L396_f03,3,L396_f03_plane3_mcorrected_flipX,6,0.661078155040741,97,0.923957347869873
L396_f03,3,L396_f03_plane3_mcorrected_flipX,7,0.6673979759216309,97,0.923957347869873
L396_f03,3,L396_f03_plane3_mcorrected_flipX,8,0.6628783345222473,97,0.923957347869873
L396_f03,3,L396_f03_plane3_mcorrected_flipX,9,0.654292643070221,97,0.923957347869873
L396_f03,3,L396_f03_plane3_mcorrected_flipX,10,0.6449847221374512,97,0.923957347869873
L396_f03,3,L396_f03_plane3_mcorrected_flipX,11,0.6370713114738464,97,0.923957347869873
L396_f03,3,L396_f03_plane3_mcorrected_flipX,12,0.6322414875030518,97,0.923957347869873
L396_f03,3,L396_f03_plane3_mcorrected_flipX,13,0.6244046688079834,97,0.923957347869873
L396_f03,3,L396_f03_plane3_mcorrected_flipX,14,0.619270920753479,97,0.923957347869873
L396_f03,3,L396_f03_plane3_mcorrected_flipX,15,0.6167023777961731,97,0.923957347869873
L396_f03,3,L396_f03_plane3_mcorrected_flipX,16,0.6160249710083008,97,0.923957347869873
L396_f03,3,L396_f03_plane3_mcorrected_flipX,17,0.6236065030097961,97,0.923957347869873
L396_f03,3,L396_f03_plane3_mcorrected_flipX,18,0.6187019348144531,97,0.923957347869873
L396_f03,3,L396_f03_plane3_mcorrected_flipX,19,0.6215183138847351,97,0.923957347869873
L396_f03,3,L396_f03_plane3_mcorrected_flipX,20,0.6208343505859375,97,0.923957347869873
L396_f03,3,L396_f03_plane3_mcorrected_flipX,21,0.621024489402771,97,0.923957347869873
L396_f03,3,L396_f03_plane3_mcorrected_flipX,22,0.6160892844200134,97,0.923957347869873
L396_f03,3,L396_f03_plane3_mcorrected_flipX,23,0.6131362915039062,97,0.923957347869873
L396_f03,3,L396_f03_plane3_mcorrected_flipX,24,0.6094736456871033,97,0.923957347869873
L396_f03,3,L396_f03_plane3_mcorrected_flipX,25,0.608919084072113,97,0.923957347869873
L396_f03,3,L396_f03_plane3_mcorrected_flipX,26,0.6084994077682495,97,0.923957347869873
L396_f03,3,L396_f03_plane3_mcorrected_flipX,27,0.6073485016822815,97,0.923957347869873
L396_f03,3,L396_f03_plane3_mcorrected_flipX,28,0.6033616065979004,97,0.923957347869873
L396_f03,3,L396_f03_plane3_mcorrected_flipX,29,0.6035420894622803,97,0.923957347869873
L396_f03,3,L396_f03_plane3_mcorrected_flipX,30,0.6007026433944702,97,0.923957347869873
L396_f03,3,L396_f03_plane3_mcorrected_flipX,31,0.5989882946014404,97,0.923957347869873
L396_f03,3,L396_f03_plane3_mcorrected_flipX,32,0.592909038066864,97,0.923957347869873
L396_f03,3,L396_f03_plane3_mcorrected_flipX,33,0.5898296236991882,97,0.923957347869873
L396_f03,3,L396_f03_plane3_mcorrected_flipX,34,0.5883015394210815,97,0.923957347869873
L396_f03,3,L396_f03_plane3_mcorrected_flipX,35,0.590707004070282,97,0.923957347869873
L396_f03,3,L396_f03_plane3_mcorrected_flipX,36,0.6004612445831299,97,0.923957347869873
L396_f03,3,L396_f03_plane3_mcorrected_flipX,37,0.6068388223648071,97,0.923957347869873
L396_f03,3,L396_f03_plane3_mcorrected_flipX,38,0.6136130690574646,97,0.923957347869873
L396_f03,3,L396_f03_plane3_mcorrected_flipX,39,0.6166015267372131,97,0.923957347869873
L396_f03,3,L396_f03_plane3_mcorrected_flipX,40,0.6208527088165283,97,0.923957347869873
L396_f03,3,L396_f03_plane3_mcorrected_flipX,41,0.6211807727813721,97,0.923957347869873
L396_f03,3,L396_f03_plane3_mcorrected_flipX,42,0.625571072101593,97,0.923957347869873
L396_f03,3,L396_f03_plane3_mcorrected_flipX,43,0.622900128364563,97,0.923957347869873
L396_f03,3,L396_f03_plane3_mcorrected_flipX,44,0.6250405311584473,97,0.923957347869873
L396_f03,3,L396_f03_plane3_mcorrected_flipX,45,0.6289413571357727,97,0.923957347869873
L396_f03,3,L396_f03_plane3_mcorrected_flipX,46,0.6270737051963806,97,0.923957347869873
L396_f03,3,L396_f03_plane3_mcorrected_flipX,47,0.6298180222511292,97,0.923957347869873
L396_f03,3,L396_f03_plane3_mcorrected_flipX,48,0.6273565888404846,97,0.923957347869873
L396_f03,3,L396_f03_plane3_mcorrected_flipX,49,0.6246560215950012,97,0.923957347869873
L396_f03,3,L396_f03_plane3_mcorrected_flipX,50,0.6232683062553406,97,0.923957347869873
L396_f03,3,L396_f03_plane3_mcorrected_flipX,51,0.6222571134567261,97,0.923957347869873
L396_f03,3,L396_f03_plane3_mcorrected_flipX,52,0.6249440312385559,97,0.923957347869873
L396_f03,3,L396_f03_plane3_mcorrected_flipX,53,0.6243482232093811,97,0.923957347869873
L396_f03,3,L396_f03_plane3_mcorrected_flipX,54,0.6252942681312561,97,0.923957347869873
L396_f03,3,L396_f03_plane3_mcorrected_flipX,55,0.6254963278770447,97,0.923957347869873
L396_f03,3,L396_f03_plane3_mcorrected_flipX,56,0.625518262386322,97,0.923957347869873
L396_f03,3,L396_f03_plane3_mcorrected_flipX,57,0.6273380517959595,97,0.923957347869873
L396_f03,3,L396_f03_plane3_mcorrected_flipX,58,0.6241101026535034,97,0.923957347869873
L396_f03,3,L396_f03_plane3_mcorrected_flipX,59,0.6216883659362793,97,0.923957347869873
L396_f03,3,L396_f03_plane3_mcorrected_flipX,60,0.6221039891242981,97,0.923957347869873
L396_f03,3,L396_f03_plane3_mcorrected_flipX,61,0.6297591924667358,97,0.923957347869873
L396_f03,3,L396_f03_plane3_mcorrected_flipX,62,0.6342034935951233,97,0.923957347869873
L396_f03,3,L396_f03_plane3_mcorrected_flipX,63,0.6341012716293335,97,0.923957347869873
L396_f03,3,L396_f03_plane3_mcorrected_flipX,64,0.6329925060272217,97,0.923957347869873
L396_f03,3,L396_f03_plane3_mcorrected_flipX,65,0.6318602561950684,97,0.923957347869873
L396_f03,3,L396_f03_plane3_mcorrected_flipX,66,0.6353009939193726,97,0.923957347869873
L396_f03,3,L396_f03_plane3_mcorrected_flipX,67,0.6390642523765564,97,0.923957347869873
L396_f03,3,L396_f03_plane3_mcorrected_flipX,68,0.6414463520050049,97,0.923957347869873
L396_f03,3,L396_f03_plane3_mcorrected_flipX,69,0.6530163884162903,97,0.923957347869873
L396_f03,3,L396_f03_plane3_mcorrected_flipX,70,0.6655966639518738,97,0.923957347869873
L396_f03,3,L396_f03_plane3_mcorrected_flipX,71,0.673110842704773,97,0.923957347869873
L396_f03,3,L396_f03_plane3_mcorrected_flipX,72,0.6794614195823669,97,0.923957347869873
L396_f03,3,L396_f03_plane3_mcorrected_flipX,73,0.6865772604942322,97,0.923957347869873
L396_f03,3,L396_f03_plane3_mcorrected_flipX,74,0.6934661269187927,97,0.923957347869873
L396_f03,3,L396_f03_plane3_mcorrected_flipX,75,0.6991668939590454,97,0.923957347869873
L396_f03,3,L396_f03_plane3_mcorrected_flipX,76,0.701687216758728,97,0.923957347869873
L396_f03,3,L396_f03_plane3_mcorrected_flipX,77,0.7029858231544495,97,0.923957347869873
L396_f03,3,L396_f03_plane3_mcorrected_flipX,78,0.7043062448501587,97,0.923957347869873
L396_f03,3,L396_f03_plane3_mcorrected_flipX,79,0.703300952911377,97,0.923957347869873
L396_f03,3,L396_f03_plane3_mcorrected_flipX,80,0.6995956301689148,97,0.923957347869873
L396_f03,3,L396_f03_plane3_mcorrected_flipX,81,0.6950072646141052,97,0.923957347869873
L396_f03,3,L396_f03_plane3_mcorrected_flipX,82,0.6906999349594116,97,0.923957347869873
L396_f03,3,L396_f03_plane3_mcorrected_flipX,83,0.6902473568916321,97,0.923957347869873
L396_f03,3,L396_f03_plane3_mcorrected_flipX,84,0.6926917433738708,97,0.923957347869873
L396_f03,3,L396_f03_plane3_mcorrected_flipX,85,0.6976613998413086,97,0.923957347869873
L396_f03,3,L396_f03_plane3_mcorrected_flipX,86,0.7054699659347534,97,0.923957347869873
L396_f03,3,L396_f03_plane3_mcorrected_flipX,87,0.7104772329330444,97,0.923957347869873
L396_f03,3,L396_f03_plane3_mcorrected_flipX,88,0.7206246852874756,97,0.923957347869873
L396_f03,3,L396_f03_plane3_mcorrected_flipX,89,0.7357595562934875,97,0.923957347869873
L396_f03,3,L396_f03_plane3_mcorrected_flipX,90,0.7481233477592468,97,0.923957347869873
L396_f03,3,L396_f03_plane3_mcorrected_flipX,91,0.7607184052467346,97,0.923957347869873
L396_f03,3,L396_f03_plane3_mcorrected_flipX,92,0.7805200815200806,97,0.923957347869873
L396_f03,3,L396_f03_plane3_mcorrected_flipX,93,0.8057632446289062,97,0.923957347869873
L396_f03,3,L396_f03_plane3_mcorrected_flipX,94,0.8406854271888733,97,0.923957347869873
L396_f03,3,L396_f03_plane3_mcorrected_flipX,95,0.8759868741035461,97,0.923957347869873
L396_f03,3,L396_f03_plane3_mcorrected_flipX,96,0.911362886428833,97,0.923957347869873
L396_f03,3,L396_f03_plane3_mcorrected_flipX,97,0.923957347869873,97,0.923957347869873
L396_f03,3,L396_f03_plane3_mcorrected_flipX,98,0.9123954176902771,97,0.923957347869873
L396_f03,3,L396_f03_plane3_mcorrected_flipX,99,0.8791195154190063,97,0.923957347869873
L396_f03,3,L396_f03_plane3_mcorrected_flipX,100,0.8356783390045166,97,0.923957347869873
L396_f03,3,L396_f03_plane3_mcorrected_flipX,101,0.7873516082763672,97,0.923957347869873
L396_f03,3,L396_f03_plane3_mcorrected_flipX,102,0.7397556304931641,97,0.923957347869873
L396_f03,3,L396_f03_plane3_mcorrected_flipX,103,0.701447069644928,97,0.923957347869873
L396_f03,3,L396_f03_plane3_mcorrected_flipX,104,0.6687846183776855,97,0.923957347869873
L396_f03,3,L396_f03_plane3_mcorrected_flipX,105,0.6454322934150696,97,0.923957347869873
L396_f03,3,L396_f03_plane3_mcorrected_flipX,106,0.640913724899292,97,0.923957347869873
L396_f03,3,L396_f03_plane3_mcorrected_flipX,107,0.6265832781791687,97,0.923957347869873
L396_f03,3,L396_f03_plane3_mcorrected_flipX,108,0.6289625763893127,97,0.923957347869873
L396_f03,3,L396_f03_plane3_mcorrected_flipX,109,0.618705153465271,97,0.923957347869873
L396_f03,3,L396_f03_plane3_mcorrected_flipX,110,0.605040967464447,97,0.923957347869873
L396_f03,3,L396_f03_plane3_mcorrected_flipX,111,0.6190076470375061,97,0.923957347869873
L396_f03,3,L396_f03_plane3_mcorrected_flipX,112,0.6200715899467468,97,0.923957347869873
L396_f03,3,L396_f03_plane3_mcorrected_flipX,113,0.5910601615905762,97,0.923957347869873
L396_f03,3,L396_f03_plane3_mcorrected_flipX,114,0.5930066108703613,97,0.923957347869873
L396_f03,3,L396_f03_plane3_mcorrected_flipX,115,0.5953897833824158,97,0.923957347869873
L396_f03,3,L396_f03_plane3_mcorrected_flipX,116,0.5939423441886902,97,0.923957347869873
L396_f03,3,L396_f03_plane3_mcorrected_flipX,117,0.5896990299224854,97,0.923957347869873
L396_f03,3,L396_f03_plane3_mcorrected_flipX,118,0.5823121666908264,97,0.923957347869873
L396_f03,3,L396_f03_plane3_mcorrected_flipX,119,0.5730690360069275,97,0.923957347869873
L396_f03,3,L396_f03_plane3_mcorrected_flipX,120,0.5696130990982056,97,0.923957347869873
L396_f03,3,L396_f03_plane3_mcorrected_flipX,121,0.5643590688705444,97,0.923957347869873
L396_f03,3,L396_f03_plane3_mcorrected_flipX,122,0.5568088889122009,97,0.923957347869873
L396_f03,3,L396_f03_plane3_mcorrected_flipX,123,0.5644911527633667,97,0.923957347869873
L396_f03,3,L396_f03_plane3_mcorrected_flipX,124,0.5666388869285583,97,0.923957347869873
L396_f03,3,L396_f03_plane3_mcorrected_flipX,125,0.5681278705596924,97,0.923957347869873
L396_f03,3,L396_f03_plane3_mcorrected_flipX,126,0.5656619071960449,97,0.923957347869873
L396_f03,3,L396_f03_plane3_mcorrected_flipX,127,0.5589038729667664,97,0.923957347869873
L396_f03,3,L396_f03_plane3_mcorrected_flipX,128,0.5474256277084351,97,0.923957347869873
L396_f03,3,L396_f03_plane3_mcorrected_flipX,129,0.5395666360855103,97,0.923957347869873
L396_f03,3,L396_f03_plane3_mcorrected_flipX,130,0.5400311350822449,97,0.923957347869873
L396_f03,3,L396_f03_plane3_mcorrected_flipX,131,0.550251305103302,97,0.923957347869873
L396_f03,3,L396_f03_plane3_mcorrected_flipX,132,0.5534773468971252,97,0.923957347869873
L396_f03,3,L396_f03_plane3_mcorrected_flipX,133,0.5488580465316772,97,0.923957347869873
L396_f03,3,L396_f03_plane3_mcorrected_flipX,134,0.5449694991111755,97,0.923957347869873
L396_f03,3,L396_f03_plane3_mcorrected_flipX,135,0.5305952429771423,97,0.923957347869873
L396_f03,3,L396_f03_plane3_mcorrected_flipX,136,0.5225857496261597,97,0.923957347869873
L396_f03,3,L396_f03_plane3_mcorrected_flipX,137,0.5240991711616516,97,0.923957347869873
L396_f03,3,L396_f03_plane3_mcorrected_flipX,138,0.528511106967926,97,0.923957347869873
L396_f03,3,L396_f03_plane3_mcorrected_flipX,139,0.5340498685836792,97,0.923957347869873
L396_f03,3,L396_f03_plane3_mcorrected_flipX,140,0.5469344258308411,97,0.923957347869873
L396_f03,3,L396_f03_plane3_mcorrected_flipX,141,0.5550888776779175,97,0.923957347869873
L396_f03,3,L396_f03_plane3_mcorrected_flipX,142,0.5614075064659119,97,0.923957347869873
L396_f03,3,L396_f03_plane3_mcorrected_flipX,143,0.5690122246742249,97,0.923957347869873
L396_f03,3,L396_f03_plane3_mcorrected_flipX,144,0.5737094879150391,97,0.923957347869873
L396_f03,3,L396_f03_plane3_mcorrected_flipX,145,0.577078640460968,97,0.923957347869873
L396_f03,3,L396_f03_plane3_mcorrected_flipX,146,0.5834531784057617,97,0.923957347869873
L396_f03,3,L396_f03_plane3_mcorrected_flipX,147,0.5837552547454834,97,0.923957347869873
L396_f03,3,L396_f03_plane3_mcorrected_flipX,148,0.5865547060966492,97,0.923957347869873
L396_f03,3,L396_f03_plane3_mcorrected_flipX,149,0.5908666253089905,97,0.923957347869873
L396_f03,3,L396_f03_plane3_mcorrected_flipX,150,0.5923715233802795,97,0.923957347869873
L396_f03,3,L396_f03_plane3_mcorrected_flipX,151,0.5973790287971497,97,0.923957347869873
L396_f03,3,L396_f03_plane3_mcorrected_flipX,152,0.6031816005706787,97,0.923957347869873
L396_f03,3,L396_f03_plane3_mcorrected_flipX,153,0.6067800521850586,97,0.923957347869873
L396_f03,3,L396_f03_plane3_mcorrected_flipX,154,0.609283983707428,97,0.923957347869873
L396_f03,3,L396_f03_plane3_mcorrected_flipX,155,0.6070677042007446,97,0.923957347869873
L396_f03,3,L396_f03_plane3_mcorrected_flipX,156,0.6008707880973816,97,0.923957347869873
L396_f03,3,L396_f03_plane3_mcorrected_flipX,157,0.5962634086608887,97,0.923957347869873
L396_f03,3,L396_f03_plane3_mcorrected_flipX,158,0.5904954671859741,97,0.923957347869873
L396_f03,3,L396_f03_plane3_mcorrected_flipX,159,0.5839018225669861,97,0.923957347869873
L396_f03,3,L396_f03_plane3_mcorrected_flipX,160,0.581257700920105,97,0.923957347869873
L396_f03,3,L396_f03_plane3_mcorrected_flipX,161,0.5789821743965149,97,0.923957347869873
L396_f03,3,L396_f03_plane3_mcorrected_flipX,162,0.5736228227615356,97,0.923957347869873
L396_f03,3,L396_f03_plane3_mcorrected_flipX,163,0.5661550164222717,97,0.923957347869873
L396_f03,3,L396_f03_plane3_mcorrected_flipX,164,0.5549735426902771,97,0.923957347869873
L396_f03,3,L396_f03_plane3_mcorrected_flipX,165,0.5465660095214844,97,0.923957347869873
L396_f03,3,L396_f03_plane3_mcorrected_flipX,166,0.535852313041687,97,0.923957347869873
L396_f03,3,L396_f03_plane3_mcorrected_flipX,167,0.529016375541687,97,0.923957347869873
L396_f03,3,L396_f03_plane3_mcorrected_flipX,168,0.5216463804244995,97,0.923957347869873
L396_f03,3,L396_f03_plane3_mcorrected_flipX,169,0.5130288004875183,97,0.923957347869873
L396_f03,3,L396_f03_plane3_mcorrected_flipX,170,0.5092434883117676,97,0.923957347869873
L396_f03,3,L396_f03_plane3_mcorrected_flipX,171,0.4967917203903198,97,0.923957347869873
L396_f03,3,L396_f03_plane3_mcorrected_flipX,172,0.4907722771167755,97,0.923957347869873
L396_f03,3,L396_f03_plane3_mcorrected_flipX,173,0.4898396134376526,97,0.923957347869873
L396_f03,3,L396_f03_plane3_mcorrected_flipX,174,0.48689061403274536,97,0.923957347869873
L396_f03,3,L396_f03_plane3_mcorrected_flipX,175,0.49006688594818115,97,0.923957347869873
L396_f03,3,L396_f03_plane3_mcorrected_flipX,176,0.48888009786605835,97,0.923957347869873
L396_f03,3,L396_f03_plane3_mcorrected_flipX,177,0.4904523491859436,97,0.923957347869873
L396_f03,3,L396_f03_plane3_mcorrected_flipX,178,0.499112606048584,97,0.923957347869873
L396_f03,3,L396_f03_plane3_mcorrected_flipX,179,0.4937891662120819,97,0.923957347869873
L396_f03,3,L396_f03_plane3_mcorrected_flipX,180,0.49275076389312744,97,0.923957347869873
L396_f03,3,L396_f03_plane3_mcorrected_flipX,181,0.4835624098777771,97,0.923957347869873
L396_f03,3,L396_f03_plane3_mcorrected_flipX,182,0.481385737657547,97,0.923957347869873
L396_f03,3,L396_f03_plane3_mcorrected_flipX,183,0.4844883382320404,97,0.923957347869873
L396_f03,3,L396_f03_plane3_mcorrected_flipX,184,0.4816250801086426,97,0.923957347869873
L396_f03,3,L396_f03_plane3_mcorrected_flipX,185,0.4838467240333557,97,0.923957347869873
L396_f03,3,L396_f03_plane3_mcorrected_flipX,186,0.482851505279541,97,0.923957347869873
L396_f03,3,L396_f03_plane3_mcorrected_flipX,187,0.481804221868515,97,0.923957347869873
L396_f03,3,L396_f03_plane3_mcorrected_flipX,188,0.48415884375572205,97,0.923957347869873
L396_f03,3,L396_f03_plane3_mcorrected_flipX,189,0.48727986216545105,97,0.923957347869873
L396_f03,3,L396_f03_plane3_mcorrected_flipX,190,0.5045479536056519,97,0.923957347869873
L396_f03,3,L396_f03_plane3_mcorrected_flipX,191,0.558853030204773,97,0.923957347869873
L396_f03,3,L396_f03_plane3_mcorrected_flipX,192,0.4941954016685486,97,0.923957347869873
L396_f03,3,L396_f03_plane3_mcorrected_flipX,193,0.4853273332118988,97,0.923957347869873
L396_f03,3,L396_f03_plane3_mcorrected_flipX,194,0.4819190800189972,97,0.923957347869873
L396_f03,3,L396_f03_plane3_mcorrected_flipX,195,0.48955267667770386,97,0.923957347869873
L396_f03,3,L396_f03_plane3_mcorrected_flipX,196,0.47510141134262085,97,0.923957347869873
L396_f03,3,L396_f03_plane3_mcorrected_flipX,197,0.4817230701446533,97,0.923957347869873
L396_f03,3,L396_f03_plane3_mcorrected_flipX,198,0.47567218542099,97,0.923957347869873
L396_f03,3,L396_f03_plane3_mcorrected_flipX,199,0.4893035888671875,97,0.923957347869873
L396_f03,3,L396_f03_plane3_mcorrected_flipX,200,0.5049946308135986,97,0.923957347869873
L396_f03,3,L396_f03_plane3_mcorrected_flipX,201,0.5213065147399902,97,0.923957347869873
L396_f03,3,L396_f03_plane3_mcorrected_flipX,202,0.538709282875061,97,0.923957347869873
L396_f03,3,L396_f03_plane3_mcorrected_flipX,203,0.5776389241218567,97,0.923957347869873
L396_f03,3,L396_f03_plane3_mcorrected_flipX,204,0.5985550284385681,97,0.923957347869873
L396_f03,3,L396_f03_plane3_mcorrected_flipX,205,0.5977126359939575,97,0.923957347869873
L396_f03,3,L396_f03_plane3_mcorrected_flipX,206,0.597033679485321,97,0.923957347869873
L396_f03,3,L396_f03_plane3_mcorrected_flipX,207,0.6077060103416443,97,0.923957347869873
L396_f03,3,L396_f03_plane3_mcorrected_flipX,208,0.6097005605697632,97,0.923957347869873
L396_f03,3,L396_f03_plane3_mcorrected_flipX,209,0.6122848391532898,97,0.923957347869873
L396_f03,3,L396_f03_plane3_mcorrected_flipX,210,0.6078062653541565,97,0.923957347869873
L396_f03,3,L396_f03_plane3_mcorrected_flipX,211,0.6040701270103455,97,0.923957347869873
L396_f03,3,L396_f03_plane3_mcorrected_flipX,212,0.6081510186195374,97,0.923957347869873
L396_f03,3,L396_f03_plane3_mcorrected_flipX,213,0.6141573190689087,97,0.923957347869873
L396_f03,3,L396_f03_plane3_mcorrected_flipX,214,0.6149982810020447,97,0.923957347869873
L396_f03,3,L396_f03_plane3_mcorrected_flipX,215,0.6115689277648926,97,0.923957347869873
L396_f03,3,L396_f03_plane3_mcorrected_flipX,216,0.615780234336853,97,0.923957347869873
L396_f03,3,L396_f03_plane3_mcorrected_flipX,217,0.6095898747444153,97,0.923957347869873
L396_f03,3,L396_f03_plane3_mcorrected_flipX,218,0.6115549206733704,97,0.923957347869873
L396_f03,3,L396_f03_plane3_mcorrected_flipX,219,0.6161903142929077,97,0.923957347869873
L396_f03,3,L396_f03_plane3_mcorrected_flipX,220,0.6120025515556335,97,0.923957347869873
L396_f03,3,L396_f03_plane3_mcorrected_flipX,221,0.6204410195350647,97,0.923957347869873
L396_f03,3,L396_f03_plane3_mcorrected_flipX,222,0.6162623763084412,97,0.923957347869873
L396_f03,3,L396_f03_plane3_mcorrected_flipX,223,0.6139275431632996,97,0.923957347869873
L396_f03,3,L396_f03_plane3_mcorrected_flipX,224,0.6228282451629639,97,0.923957347869873
L396_f03,3,L396_f03_plane3_mcorrected_flipX,225,0.6108222603797913,97,0.923957347869873
L396_f03,3,L396_f03_plane3_mcorrected_flipX,226,0.617446780204773,97,0.923957347869873
L396_f03,3,L396_f03_plane3_mcorrected_flipX,227,0.6170898675918579,97,0.923957347869873
L396_f03,4,L396_f03_plane4_mcorrected_flipX,0,0.6898695826530457,92,0.8999584317207336
L396_f03,4,L396_f03_plane4_mcorrected_flipX,1,0.687937319278717,92,0.8999584317207336
L396_f03,4,L396_f03_plane4_mcorrected_flipX,2,0.690296471118927,92,0.8999584317207336
L396_f03,4,L396_f03_plane4_mcorrected_flipX,3,0.6880218386650085,92,0.8999584317207336
L396_f03,4,L396_f03_plane4_mcorrected_flipX,4,0.691186785697937,92,0.8999584317207336
L396_f03,4,L396_f03_plane4_mcorrected_flipX,5,0.6963104605674744,92,0.8999584317207336
L396_f03,4,L396_f03_plane4_mcorrected_flipX,6,0.6960313320159912,92,0.8999584317207336
L396_f03,4,L396_f03_plane4_mcorrected_flipX,7,0.7010824084281921,92,0.8999584317207336
L396_f03,4,L396_f03_plane4_mcorrected_flipX,8,0.6974817514419556,92,0.8999584317207336
L396_f03,4,L396_f03_plane4_mcorrected_flipX,9,0.6928418278694153,92,0.8999584317207336
L396_f03,4,L396_f03_plane4_mcorrected_flipX,10,0.6869054436683655,92,0.8999584317207336
L396_f03,4,L396_f03_plane4_mcorrected_flipX,11,0.684245228767395,92,0.8999584317207336
L396_f03,4,L396_f03_plane4_mcorrected_flipX,12,0.6836026310920715,92,0.8999584317207336
L396_f03,4,L396_f03_plane4_mcorrected_flipX,13,0.6833457350730896,92,0.8999584317207336
L396_f03,4,L396_f03_plane4_mcorrected_flipX,14,0.6837896704673767,92,0.8999584317207336
L396_f03,4,L396_f03_plane4_mcorrected_flipX,15,0.6844695210456848,92,0.8999584317207336
L396_f03,4,L396_f03_plane4_mcorrected_flipX,16,0.6844652891159058,92,0.8999584317207336
L396_f03,4,L396_f03_plane4_mcorrected_flipX,17,0.6892629265785217,92,0.8999584317207336
L396_f03,4,L396_f03_plane4_mcorrected_flipX,18,0.6824626326560974,92,0.8999584317207336
L396_f03,4,L396_f03_plane4_mcorrected_flipX,19,0.6818177700042725,92,0.8999584317207336
L396_f03,4,L396_f03_plane4_mcorrected_flipX,20,0.6769878268241882,92,0.8999584317207336
L396_f03,4,L396_f03_plane4_mcorrected_flipX,21,0.672167181968689,92,0.8999584317207336
L396_f03,4,L396_f03_plane4_mcorrected_flipX,22,0.6634116768836975,92,0.8999584317207336
L396_f03,4,L396_f03_plane4_mcorrected_flipX,23,0.6580551862716675,92,0.8999584317207336
L396_f03,4,L396_f03_plane4_mcorrected_flipX,24,0.6522096991539001,92,0.8999584317207336
L396_f03,4,L396_f03_plane4_mcorrected_flipX,25,0.6513688564300537,92,0.8999584317207336
L396_f03,4,L396_f03_plane4_mcorrected_flipX,26,0.6465324759483337,92,0.8999584317207336
L396_f03,4,L396_f03_plane4_mcorrected_flipX,27,0.6469388008117676,92,0.8999584317207336
L396_f03,4,L396_f03_plane4_mcorrected_flipX,28,0.6430009007453918,92,0.8999584317207336
L396_f03,4,L396_f03_plane4_mcorrected_flipX,29,0.6421946287155151,92,0.8999584317207336
L396_f03,4,L396_f03_plane4_mcorrected_flipX,30,0.6385096907615662,92,0.8999584317207336
L396_f03,4,L396_f03_plane4_mcorrected_flipX,31,0.6386929154396057,92,0.8999584317207336
L396_f03,4,L396_f03_plane4_mcorrected_flipX,32,0.6360289454460144,92,0.8999584317207336
L396_f03,4,L396_f03_plane4_mcorrected_flipX,33,0.6358147859573364,92,0.8999584317207336
L396_f03,4,L396_f03_plane4_mcorrected_flipX,34,0.6350231766700745,92,0.8999584317207336
L396_f03,4,L396_f03_plane4_mcorrected_flipX,35,0.631767213344574,92,0.8999584317207336
L396_f03,4,L396_f03_plane4_mcorrected_flipX,36,0.6309300065040588,92,0.8999584317207336
L396_f03,4,L396_f03_plane4_mcorrected_flipX,37,0.6294992566108704,92,0.8999584317207336
L396_f03,4,L396_f03_plane4_mcorrected_flipX,38,0.630431056022644,92,0.8999584317207336
L396_f03,4,L396_f03_plane4_mcorrected_flipX,39,0.6306449770927429,92,0.8999584317207336
L396_f03,4,L396_f03_plane4_mcorrected_flipX,40,0.6378524899482727,92,0.8999584317207336
L396_f03,4,L396_f03_plane4_mcorrected_flipX,41,0.6390672326087952,92,0.8999584317207336
L396_f03,4,L396_f03_plane4_mcorrected_flipX,42,0.6487401723861694,92,0.8999584317207336
L396_f03,4,L396_f03_plane4_mcorrected_flipX,43,0.6511052846908569,92,0.8999584317207336
L396_f03,4,L396_f03_plane4_mcorrected_flipX,44,0.6566530466079712,92,0.8999584317207336
L396_f03,4,L396_f03_plane4_mcorrected_flipX,45,0.6596023440361023,92,0.8999584317207336
L396_f03,4,L396_f03_plane4_mcorrected_flipX,46,0.6581493020057678,92,0.8999584317207336
L396_f03,4,L396_f03_plane4_mcorrected_flipX,47,0.6615883708000183,92,0.8999584317207336
L396_f03,4,L396_f03_plane4_mcorrected_flipX,48,0.6593700051307678,92,0.8999584317207336
L396_f03,4,L396_f03_plane4_mcorrected_flipX,49,0.6567580699920654,92,0.8999584317207336
L396_f03,4,L396_f03_plane4_mcorrected_flipX,50,0.6541013121604919,92,0.8999584317207336
L396_f03,4,L396_f03_plane4_mcorrected_flipX,51,0.6532583832740784,92,0.8999584317207336
L396_f03,4,L396_f03_plane4_mcorrected_flipX,52,0.6557594537734985,92,0.8999584317207336
L396_f03,4,L396_f03_plane4_mcorrected_flipX,53,0.6561956405639648,92,0.8999584317207336
L396_f03,4,L396_f03_plane4_mcorrected_flipX,54,0.6607275605201721,92,0.8999584317207336
L396_f03,4,L396_f03_plane4_mcorrected_flipX,55,0.6607221364974976,92,0.8999584317207336
L396_f03,4,L396_f03_plane4_mcorrected_flipX,56,0.6608838438987732,92,0.8999584317207336
L396_f03,4,L396_f03_plane4_mcorrected_flipX,57,0.6610800623893738,92,0.8999584317207336
L396_f03,4,L396_f03_plane4_mcorrected_flipX,58,0.6577714085578918,92,0.8999584317207336
L396_f03,4,L396_f03_plane4_mcorrected_flipX,59,0.6551304459571838,92,0.8999584317207336
L396_f03,4,L396_f03_plane4_mcorrected_flipX,60,0.6551066040992737,92,0.8999584317207336
L396_f03,4,L396_f03_plane4_mcorrected_flipX,61,0.659160852432251,92,0.8999584317207336
L396_f03,4,L396_f03_plane4_mcorrected_flipX,62,0.6645957827568054,92,0.8999584317207336
L396_f03,4,L396_f03_plane4_mcorrected_flipX,63,0.6686549782752991,92,0.8999584317207336
L396_f03,4,L396_f03_plane4_mcorrected_flipX,64,0.6721898317337036,92,0.8999584317207336
L396_f03,4,L396_f03_plane4_mcorrected_flipX,65,0.6740442514419556,92,0.8999584317207336
L396_f03,4,L396_f03_plane4_mcorrected_flipX,66,0.6810872554779053,92,0.8999584317207336
L396_f03,4,L396_f03_plane4_mcorrected_flipX,67,0.6886008977890015,92,0.8999584317207336
L396_f03,4,L396_f03_plane4_mcorrected_flipX,68,0.6934404969215393,92,0.8999584317207336
L396_f03,4,L396_f03_plane4_mcorrected_flipX,69,0.7091637253761292,92,0.8999584317207336
L396_f03,4,L396_f03_plane4_mcorrected_flipX,70,0.7234050035476685,92,0.8999584317207336
L396_f03,4,L396_f03_plane4_mcorrected_flipX,71,0.7342416048049927,92,0.8999584317207336
L396_f03,4,L396_f03_plane4_mcorrected_flipX,72,0.7444624304771423,92,0.8999584317207336
L396_f03,4,L396_f03_plane4_mcorrected_flipX,73,0.7526993751525879,92,0.8999584317207336
L396_f03,4,L396_f03_plane4_mcorrected_flipX,74,0.7581255435943604,92,0.8999584317207336
L396_f03,4,L396_f03_plane4_mcorrected_flipX,75,0.7611985206604004,92,0.8999584317207336
L396_f03,4,L396_f03_plane4_mcorrected_flipX,76,0.7657918334007263,92,0.8999584317207336
L396_f03,4,L396_f03_plane4_mcorrected_flipX,77,0.7663519978523254,92,0.8999584317207336
L396_f03,4,L396_f03_plane4_mcorrected_flipX,78,0.7694465517997742,92,0.8999584317207336
L396_f03,4,L396_f03_plane4_mcorrected_flipX,79,0.7693870067596436,92,0.8999584317207336
L396_f03,4,L396_f03_plane4_mcorrected_flipX,80,0.767632007598877,92,0.8999584317207336
L396_f03,4,L396_f03_plane4_mcorrected_flipX,81,0.7641048431396484,92,0.8999584317207336
L396_f03,4,L396_f03_plane4_mcorrected_flipX,82,0.7627003192901611,92,0.8999584317207336
L396_f03,4,L396_f03_plane4_mcorrected_flipX,83,0.7654939293861389,92,0.8999584317207336
L396_f03,4,L396_f03_plane4_mcorrected_flipX,84,0.7754491567611694,92,0.8999584317207336
L396_f03,4,L396_f03_plane4_mcorrected_flipX,85,0.7834769487380981,92,0.8999584317207336
L396_f03,4,L396_f03_plane4_mcorrected_flipX,86,0.7992125153541565,92,0.8999584317207336
L396_f03,4,L396_f03_plane4_mcorrected_flipX,87,0.8179833889007568,92,0.8999584317207336
L396_f03,4,L396_f03_plane4_mcorrected_flipX,88,0.8425178527832031,92,0.8999584317207336
L396_f03,4,L396_f03_plane4_mcorrected_flipX,89,0.8659341931343079,92,0.8999584317207336
L396_f03,4,L396_f03_plane4_mcorrected_flipX,90,0.8891555070877075,92,0.8999584317207336
L396_f03,4,L396_f03_plane4_mcorrected_flipX,91,0.8996181488037109,92,0.8999584317207336
L396_f03,4,L396_f03_plane4_mcorrected_flipX,92,0.8999584317207336,92,0.8999584317207336
L396_f03,4,L396_f03_plane4_mcorrected_flipX,93,0.885932981967926,92,0.8999584317207336
L396_f03,4,L396_f03_plane4_mcorrected_flipX,94,0.8624029159545898,92,0.8999584317207336
L396_f03,4,L396_f03_plane4_mcorrected_flipX,95,0.835842490196228,92,0.8999584317207336
L396_f03,4,L396_f03_plane4_mcorrected_flipX,96,0.8082925081253052,92,0.8999584317207336
L396_f03,4,L396_f03_plane4_mcorrected_flipX,97,0.780384361743927,92,0.8999584317207336
L396_f03,4,L396_f03_plane4_mcorrected_flipX,98,0.7610979080200195,92,0.8999584317207336
L396_f03,4,L396_f03_plane4_mcorrected_flipX,99,0.7423535585403442,92,0.8999584317207336
L396_f03,4,L396_f03_plane4_mcorrected_flipX,100,0.7300140261650085,92,0.8999584317207336
L396_f03,4,L396_f03_plane4_mcorrected_flipX,101,0.7068163752555847,92,0.8999584317207336
L396_f03,4,L396_f03_plane4_mcorrected_flipX,102,0.6828773021697998,92,0.8999584317207336
L396_f03,4,L396_f03_plane4_mcorrected_flipX,103,0.6615766882896423,92,0.8999584317207336
L396_f03,4,L396_f03_plane4_mcorrected_flipX,104,0.6414975523948669,92,0.8999584317207336
L396_f03,4,L396_f03_plane4_mcorrected_flipX,105,0.62562495470047,92,0.8999584317207336
L396_f03,4,L396_f03_plane4_mcorrected_flipX,106,0.6285610198974609,92,0.8999584317207336
L396_f03,4,L396_f03_plane4_mcorrected_flipX,107,0.6198812127113342,92,0.8999584317207336
L396_f03,4,L396_f03_plane4_mcorrected_flipX,108,0.6264644861221313,92,0.8999584317207336
L396_f03,4,L396_f03_plane4_mcorrected_flipX,109,0.6207840442657471,92,0.8999584317207336
L396_f03,4,L396_f03_plane4_mcorrected_flipX,110,0.6122512221336365,92,0.8999584317207336
L396_f03,4,L396_f03_plane4_mcorrected_flipX,111,0.6289826035499573,92,0.8999584317207336
L396_f03,4,L396_f03_plane4_mcorrected_flipX,112,0.6312366724014282,92,0.8999584317207336
L396_f03,4,L396_f03_plane4_mcorrected_flipX,113,0.6074260473251343,92,0.8999584317207336
L396_f03,4,L396_f03_plane4_mcorrected_flipX,114,0.6112235188484192,92,0.8999584317207336
L396_f03,4,L396_f03_plane4_mcorrected_flipX,115,0.6131399869918823,92,0.8999584317207336
L396_f03,4,L396_f03_plane4_mcorrected_flipX,116,0.6082983016967773,92,0.8999584317207336
L396_f03,4,L396_f03_plane4_mcorrected_flipX,117,0.6016826629638672,92,0.8999584317207336
L396_f03,4,L396_f03_plane4_mcorrected_flipX,118,0.5916162133216858,92,0.8999584317207336
L396_f03,4,L396_f03_plane4_mcorrected_flipX,119,0.5830961465835571,92,0.8999584317207336
L396_f03,4,L396_f03_plane4_mcorrected_flipX,120,0.5791695713996887,92,0.8999584317207336
L396_f03,4,L396_f03_plane4_mcorrected_flipX,121,0.5787660479545593,92,0.8999584317207336
L396_f03,4,L396_f03_plane4_mcorrected_flipX,122,0.5856401324272156,92,0.8999584317207336
L396_f03,4,L396_f03_plane4_mcorrected_flipX,123,0.5957845449447632,92,0.8999584317207336
L396_f03,4,L396_f03_plane4_mcorrected_flipX,124,0.6002447605133057,92,0.8999584317207336
L396_f03,4,L396_f03_plane4_mcorrected_flipX,125,0.5999286770820618,92,0.8999584317207336
L396_f03,4,L396_f03_plane4_mcorrected_flipX,126,0.5930171608924866,92,0.8999584317207336
L396_f03,4,L396_f03_plane4_mcorrected_flipX,127,0.5840973258018494,92,0.8999584317207336
L396_f03,4,L396_f03_plane4_mcorrected_flipX,128,0.5687481760978699,92,0.8999584317207336
L396_f03,4,L396_f03_plane4_mcorrected_flipX,129,0.5607538223266602,92,0.8999584317207336
L396_f03,4,L396_f03_plane4_mcorrected_flipX,130,0.5629680156707764,92,0.8999584317207336
L396_f03,4,L396_f03_plane4_mcorrected_flipX,131,0.5692254304885864,92,0.8999584317207336
L396_f03,4,L396_f03_plane4_mcorrected_flipX,132,0.5752773880958557,92,0.8999584317207336
L396_f03,4,L396_f03_plane4_mcorrected_flipX,133,0.5730053186416626,92,0.8999584317207336
L396_f03,4,L396_f03_plane4_mcorrected_flipX,134,0.5658791065216064,92,0.8999584317207336
L396_f03,4,L396_f03_plane4_mcorrected_flipX,135,0.5539546608924866,92,0.8999584317207336
L396_f03,4,L396_f03_plane4_mcorrected_flipX,136,0.5499042272567749,92,0.8999584317207336
L396_f03,4,L396_f03_plane4_mcorrected_flipX,137,0.55009526014328,92,0.8999584317207336
L396_f03,4,L396_f03_plane4_mcorrected_flipX,138,0.5587988495826721,92,0.8999584317207336
L396_f03,4,L396_f03_plane4_mcorrected_flipX,139,0.5620930790901184,92,0.8999584317207336
L396_f03,4,L396_f03_plane4_mcorrected_flipX,140,0.5734380483627319,92,0.8999584317207336
L396_f03,4,L396_f03_plane4_mcorrected_flipX,141,0.5800808668136597,92,0.8999584317207336
L396_f03,4,L396_f03_plane4_mcorrected_flipX,142,0.5822209119796753,92,0.8999584317207336
L396_f03,4,L396_f03_plane4_mcorrected_flipX,143,0.5865128040313721,92,0.8999584317207336
L396_f03,4,L396_f03_plane4_mcorrected_flipX,144,0.5867876410484314,92,0.8999584317207336
L396_f03,4,L396_f03_plane4_mcorrected_flipX,145,0.586624026298523,92,0.8999584317207336
L396_f03,4,L396_f03_plane4_mcorrected_flipX,146,0.5935494303703308,92,0.8999584317207336
L396_f03,4,L396_f03_plane4_mcorrected_flipX,147,0.5959575772285461,92,0.8999584317207336
L396_f03,4,L396_f03_plane4_mcorrected_flipX,148,0.6013284921646118,92,0.8999584317207336
L396_f03,4,L396_f03_plane4_mcorrected_flipX,149,0.6050816774368286,92,0.8999584317207336
L396_f03,4,L396_f03_plane4_mcorrected_flipX,150,0.6075726747512817,92,0.8999584317207336
L396_f03,4,L396_f03_plane4_mcorrected_flipX,151,0.6149446368217468,92,0.8999584317207336
L396_f03,4,L396_f03_plane4_mcorrected_flipX,152,0.6222016215324402,92,0.8999584317207336
L396_f03,4,L396_f03_plane4_mcorrected_flipX,153,0.6236597299575806,92,0.8999584317207336
L396_f03,4,L396_f03_plane4_mcorrected_flipX,154,0.6240136623382568,92,0.8999584317207336
L396_f03,4,L396_f03_plane4_mcorrected_flipX,155,0.6195135116577148,92,0.8999584317207336
L396_f03,4,L396_f03_plane4_mcorrected_flipX,156,0.6095360517501831,92,0.8999584317207336
L396_f03,4,L396_f03_plane4_mcorrected_flipX,157,0.6013184189796448,92,0.8999584317207336
L396_f03,4,L396_f03_plane4_mcorrected_flipX,158,0.5902381539344788,92,0.8999584317207336
L396_f03,4,L396_f03_plane4_mcorrected_flipX,159,0.5826572775840759,92,0.8999584317207336
L396_f03,4,L396_f03_plane4_mcorrected_flipX,160,0.5791007280349731,92,0.8999584317207336
L396_f03,4,L396_f03_plane4_mcorrected_flipX,161,0.5749133825302124,92,0.8999584317207336
L396_f03,4,L396_f03_plane4_mcorrected_flipX,162,0.5711262822151184,92,0.8999584317207336
L396_f03,4,L396_f03_plane4_mcorrected_flipX,163,0.5665386915206909,92,0.8999584317207336
L396_f03,4,L396_f03_plane4_mcorrected_flipX,164,0.5582363605499268,92,0.8999584317207336
L396_f03,4,L396_f03_plane4_mcorrected_flipX,165,0.5530760288238525,92,0.8999584317207336
L396_f03,4,L396_f03_plane4_mcorrected_flipX,166,0.546838104724884,92,0.8999584317207336
L396_f03,4,L396_f03_plane4_mcorrected_flipX,167,0.5430735349655151,92,0.8999584317207336
L396_f03,4,L396_f03_plane4_mcorrected_flipX,168,0.5414119958877563,92,0.8999584317207336
L396_f03,4,L396_f03_plane4_mcorrected_flipX,169,0.5325965285301208,92,0.8999584317207336
L396_f03,4,L396_f03_plane4_mcorrected_flipX,170,0.5315143465995789,92,0.8999584317207336
L396_f03,4,L396_f03_plane4_mcorrected_flipX,171,0.518625795841217,92,0.8999584317207336
L396_f03,4,L396_f03_plane4_mcorrected_flipX,172,0.5098171234130859,92,0.8999584317207336
L396_f03,4,L396_f03_plane4_mcorrected_flipX,173,0.5088164210319519,92,0.8999584317207336
L396_f03,4,L396_f03_plane4_mcorrected_flipX,174,0.5026232600212097,92,0.8999584317207336
L396_f03,4,L396_f03_plane4_mcorrected_flipX,175,0.5022869110107422,92,0.8999584317207336
L396_f03,4,L396_f03_plane4_mcorrected_flipX,176,0.49786871671676636,92,0.8999584317207336
L396_f03,4,L396_f03_plane4_mcorrected_flipX,177,0.4975062608718872,92,0.8999584317207336
L396_f03,4,L396_f03_plane4_mcorrected_flipX,178,0.5034929513931274,92,0.8999584317207336
L396_f03,4,L396_f03_plane4_mcorrected_flipX,179,0.49774834513664246,92,0.8999584317207336
L396_f03,4,L396_f03_plane4_mcorrected_flipX,180,0.49472013115882874,92,0.8999584317207336
L396_f03,4,L396_f03_plane4_mcorrected_flipX,181,0.486712783575058,92,0.8999584317207336
L396_f03,4,L396_f03_plane4_mcorrected_flipX,182,0.48380014300346375,92,0.8999584317207336
L396_f03,4,L396_f03_plane4_mcorrected_flipX,183,0.48967504501342773,92,0.8999584317207336
L396_f03,4,L396_f03_plane4_mcorrected_flipX,184,0.48922157287597656,92,0.8999584317207336
L396_f03,4,L396_f03_plane4_mcorrected_flipX,185,0.4963260889053345,92,0.8999584317207336
L396_f03,4,L396_f03_plane4_mcorrected_flipX,186,0.5015533566474915,92,0.8999584317207336
L396_f03,4,L396_f03_plane4_mcorrected_flipX,187,0.5017116665840149,92,0.8999584317207336
L396_f03,4,L396_f03_plane4_mcorrected_flipX,188,0.500095784664154,92,0.8999584317207336
L396_f03,4,L396_f03_plane4_mcorrected_flipX,189,0.5024589896202087,92,0.8999584317207336
L396_f03,4,L396_f03_plane4_mcorrected_flipX,190,0.5170779824256897,92,0.8999584317207336
L396_f03,4,L396_f03_plane4_mcorrected_flipX,191,0.5709898471832275,92,0.8999584317207336
L396_f03,4,L396_f03_plane4_mcorrected_flipX,192,0.5065529942512512,92,0.8999584317207336
L396_f03,4,L396_f03_plane4_mcorrected_flipX,193,0.5004703402519226,92,0.8999584317207336
L396_f03,4,L396_f03_plane4_mcorrected_flipX,194,0.4999762177467346,92,0.8999584317207336
L396_f03,4,L396_f03_plane4_mcorrected_flipX,195,0.5095707774162292,92,0.8999584317207336
L396_f03,4,L396_f03_plane4_mcorrected_flipX,196,0.5022095441818237,92,0.8999584317207336
L396_f03,4,L396_f03_plane4_mcorrected_flipX,197,0.5105715990066528,92,0.8999584317207336
L396_f03,4,L396_f03_plane4_mcorrected_flipX,198,0.499360591173172,92,0.8999584317207336
L396_f03,4,L396_f03_plane4_mcorrected_flipX,199,0.5050194263458252,92,0.8999584317207336
L396_f03,4,L396_f03_plane4_mcorrected_flipX,200,0.5084660053253174,92,0.8999584317207336
L396_f03,4,L396_f03_plane4_mcorrected_flipX,201,0.5204557776451111,92,0.8999584317207336
L396_f03,4,L396_f03_plane4_mcorrected_flipX,202,0.5411290526390076,92,0.8999584317207336
L396_f03,4,L396_f03_plane4_mcorrected_flipX,203,0.582990288734436,92,0.8999584317207336
L396_f03,4,L396_f03_plane4_mcorrected_flipX,204,0.6065452098846436,92,0.8999584317207336
L396_f03,4,L396_f03_plane4_mcorrected_flipX,205,0.6082512736320496,92,0.8999584317207336
L396_f03,4,L396_f03_plane4_mcorrected_flipX,206,0.608331024646759,92,0.8999584317207336
L396_f03,4,L396_f03_plane4_mcorrected_flipX,207,0.6191730499267578,92,0.8999584317207336
L396_f03,4,L396_f03_plane4_mcorrected_flipX,208,0.621648907661438,92,0.8999584317207336
L396_f03,4,L396_f03_plane4_mcorrected_flipX,209,0.6238865852355957,92,0.8999584317207336
L396_f03,4,L396_f03_plane4_mcorrected_flipX,210,0.6203915476799011,92,0.8999584317207336
L396_f03,4,L396_f03_plane4_mcorrected_flipX,211,0.6149449944496155,92,0.8999584317207336
L396_f03,4,L396_f03_plane4_mcorrected_flipX,212,0.6195548176765442,92,0.8999584317207336
L396_f03,4,L396_f03_plane4_mcorrected_flipX,213,0.6255301833152771,92,0.8999584317207336
L396_f03,4,L396_f03_plane4_mcorrected_flipX,214,0.6287240982055664,92,0.8999584317207336
L396_f03,4,L396_f03_plane4_mcorrected_flipX,215,0.6256122589111328,92,0.8999584317207336
L396_f03,4,L396_f03_plane4_mcorrected_flipX,216,0.6298413872718811,92,0.8999584317207336
L396_f03,4,L396_f03_plane4_mcorrected_flipX,217,0.6243569254875183,92,0.8999584317207336
L396_f03,4,L396_f03_plane4_mcorrected_flipX,218,0.6244105100631714,92,0.8999584317207336
L396_f03,4,L396_f03_plane4_mcorrected_flipX,219,0.6297054886817932,92,0.8999584317207336
L396_f03,4,L396_f03_plane4_mcorrected_flipX,220,0.6254966259002686,92,0.8999584317207336
L396_f03,4,L396_f03_plane4_mcorrected_flipX,221,0.6346295475959778,92,0.8999584317207336
L396_f03,4,L396_f03_plane4_mcorrected_flipX,222,0.6310134530067444,92,0.8999584317207336
L396_f03,4,L396_f03_plane4_mcorrected_flipX,223,0.6276412606239319,92,0.8999584317207336
L396_f03,4,L396_f03_plane4_mcorrected_flipX,224,0.6362689733505249,92,0.8999584317207336
L396_f03,4,L396_f03_plane4_mcorrected_flipX,225,0.6253979206085205,92,0.8999584317207336
L396_f03,4,L396_f03_plane4_mcorrected_flipX,226,0.6321489214897156,92,0.8999584317207336
L396_f03,4,L396_f03_plane4_mcorrected_flipX,227,0.6299957633018494,92,0.8999584317207336
L396_f04,0,L396_f04_plane0_mcorrected_flipX,0,0.5795308351516724,120,0.8379092812538147
L396_f04,0,L396_f04_plane0_mcorrected_flipX,1,0.5853334665298462,120,0.8379092812538147
L396_f04,0,L396_f04_plane0_mcorrected_flipX,2,0.5835242867469788,120,0.8379092812538147
L396_f04,0,L396_f04_plane0_mcorrected_flipX,3,0.5826051831245422,120,0.8379092812538147
L396_f04,0,L396_f04_plane0_mcorrected_flipX,4,0.576770007610321,120,0.8379092812538147
L396_f04,0,L396_f04_plane0_mcorrected_flipX,5,0.5702446103096008,120,0.8379092812538147
L396_f04,0,L396_f04_plane0_mcorrected_flipX,6,0.5802687406539917,120,0.8379092812538147
L396_f04,0,L396_f04_plane0_mcorrected_flipX,7,0.5801810622215271,120,0.8379092812538147
L396_f04,0,L396_f04_plane0_mcorrected_flipX,8,0.5829204320907593,120,0.8379092812538147
L396_f04,0,L396_f04_plane0_mcorrected_flipX,9,0.5780788660049438,120,0.8379092812538147
L396_f04,0,L396_f04_plane0_mcorrected_flipX,10,0.5823264122009277,120,0.8379092812538147
L396_f04,0,L396_f04_plane0_mcorrected_flipX,11,0.5778276324272156,120,0.8379092812538147
L396_f04,0,L396_f04_plane0_mcorrected_flipX,12,0.5762834548950195,120,0.8379092812538147
L396_f04,0,L396_f04_plane0_mcorrected_flipX,13,0.574711799621582,120,0.8379092812538147
L396_f04,0,L396_f04_plane0_mcorrected_flipX,14,0.5766816139221191,120,0.8379092812538147
L396_f04,0,L396_f04_plane0_mcorrected_flipX,15,0.5727097392082214,120,0.8379092812538147
L396_f04,0,L396_f04_plane0_mcorrected_flipX,16,0.5707249641418457,120,0.8379092812538147
L396_f04,0,L396_f04_plane0_mcorrected_flipX,17,0.5563457012176514,120,0.8379092812538147
L396_f04,0,L396_f04_plane0_mcorrected_flipX,18,0.5581532716751099,120,0.8379092812538147
L396_f04,0,L396_f04_plane0_mcorrected_flipX,19,0.5665702223777771,120,0.8379092812538147
L396_f04,0,L396_f04_plane0_mcorrected_flipX,20,0.5709163546562195,120,0.8379092812538147
L396_f04,0,L396_f04_plane0_mcorrected_flipX,21,0.569307267665863,120,0.8379092812538147
L396_f04,0,L396_f04_plane0_mcorrected_flipX,22,0.5711883902549744,120,0.8379092812538147
L396_f04,0,L396_f04_plane0_mcorrected_flipX,23,0.5448448061943054,120,0.8379092812538147
L396_f04,0,L396_f04_plane0_mcorrected_flipX,24,0.5480738878250122,120,0.8379092812538147
L396_f04,0,L396_f04_plane0_mcorrected_flipX,25,0.5532501935958862,120,0.8379092812538147
L396_f04,0,L396_f04_plane0_mcorrected_flipX,26,0.5542641282081604,120,0.8379092812538147
L396_f04,0,L396_f04_plane0_mcorrected_flipX,27,0.5587271451950073,120,0.8379092812538147
L396_f04,0,L396_f04_plane0_mcorrected_flipX,28,0.566301167011261,120,0.8379092812538147
L396_f04,0,L396_f04_plane0_mcorrected_flipX,29,0.5523996353149414,120,0.8379092812538147
L396_f04,0,L396_f04_plane0_mcorrected_flipX,30,0.5551839470863342,120,0.8379092812538147
L396_f04,0,L396_f04_plane0_mcorrected_flipX,31,0.5426392555236816,120,0.8379092812538147
L396_f04,0,L396_f04_plane0_mcorrected_flipX,32,0.5553383827209473,120,0.8379092812538147
L396_f04,0,L396_f04_plane0_mcorrected_flipX,33,0.5414829254150391,120,0.8379092812538147
L396_f04,0,L396_f04_plane0_mcorrected_flipX,34,0.547505795955658,120,0.8379092812538147
L396_f04,0,L396_f04_plane0_mcorrected_flipX,35,0.548708438873291,120,0.8379092812538147
L396_f04,0,L396_f04_plane0_mcorrected_flipX,36,0.5458855032920837,120,0.8379092812538147
L396_f04,0,L396_f04_plane0_mcorrected_flipX,37,0.5491271615028381,120,0.8379092812538147
L396_f04,0,L396_f04_plane0_mcorrected_flipX,38,0.554206371307373,120,0.8379092812538147
L396_f04,0,L396_f04_plane0_mcorrected_flipX,39,0.5476238131523132,120,0.8379092812538147
L396_f04,0,L396_f04_plane0_mcorrected_flipX,40,0.5617506504058838,120,0.8379092812538147
L396_f04,0,L396_f04_plane0_mcorrected_flipX,41,0.5594148635864258,120,0.8379092812538147
L396_f04,0,L396_f04_plane0_mcorrected_flipX,42,0.5601683855056763,120,0.8379092812538147
L396_f04,0,L396_f04_plane0_mcorrected_flipX,43,0.5604534149169922,120,0.8379092812538147
L396_f04,0,L396_f04_plane0_mcorrected_flipX,44,0.5655714869499207,120,0.8379092812538147
L396_f04,0,L396_f04_plane0_mcorrected_flipX,45,0.5686129927635193,120,0.8379092812538147
L396_f04,0,L396_f04_plane0_mcorrected_flipX,46,0.5672969222068787,120,0.8379092812538147
L396_f04,0,L396_f04_plane0_mcorrected_flipX,47,0.5705022811889648,120,0.8379092812538147
L396_f04,0,L396_f04_plane0_mcorrected_flipX,48,0.5651646256446838,120,0.8379092812538147
L396_f04,0,L396_f04_plane0_mcorrected_flipX,49,0.567358136177063,120,0.8379092812538147
L396_f04,0,L396_f04_plane0_mcorrected_flipX,50,0.5703046917915344,120,0.8379092812538147
L396_f04,0,L396_f04_plane0_mcorrected_flipX,51,0.5722655057907104,120,0.8379092812538147
L396_f04,0,L396_f04_plane0_mcorrected_flipX,52,0.5701300501823425,120,0.8379092812538147
L396_f04,0,L396_f04_plane0_mcorrected_flipX,53,0.5727970004081726,120,0.8379092812538147
L396_f04,0,L396_f04_plane0_mcorrected_flipX,54,0.5734550952911377,120,0.8379092812538147
L396_f04,0,L396_f04_plane0_mcorrected_flipX,55,0.5809239745140076,120,0.8379092812538147
L396_f04,0,L396_f04_plane0_mcorrected_flipX,56,0.5809955596923828,120,0.8379092812538147
L396_f04,0,L396_f04_plane0_mcorrected_flipX,57,0.5831652879714966,120,0.8379092812538147
L396_f04,0,L396_f04_plane0_mcorrected_flipX,58,0.5867012143135071,120,0.8379092812538147
L396_f04,0,L396_f04_plane0_mcorrected_flipX,59,0.5852490663528442,120,0.8379092812538147
L396_f04,0,L396_f04_plane0_mcorrected_flipX,60,0.5888844728469849,120,0.8379092812538147
L396_f04,0,L396_f04_plane0_mcorrected_flipX,61,0.5877167582511902,120,0.8379092812538147
L396_f04,0,L396_f04_plane0_mcorrected_flipX,62,0.5885834693908691,120,0.8379092812538147
L396_f04,0,L396_f04_plane0_mcorrected_flipX,63,0.5838555097579956,120,0.8379092812538147
L396_f04,0,L396_f04_plane0_mcorrected_flipX,64,0.581328272819519,120,0.8379092812538147
L396_f04,0,L396_f04_plane0_mcorrected_flipX,65,0.5835581421852112,120,0.8379092812538147
L396_f04,0,L396_f04_plane0_mcorrected_flipX,66,0.5851565599441528,120,0.8379092812538147
L396_f04,0,L396_f04_plane0_mcorrected_flipX,67,0.5860256552696228,120,0.8379092812538147
L396_f04,0,L396_f04_plane0_mcorrected_flipX,68,0.5835551619529724,120,0.8379092812538147
L396_f04,0,L396_f04_plane0_mcorrected_flipX,69,0.583353579044342,120,0.8379092812538147
L396_f04,0,L396_f04_plane0_mcorrected_flipX,70,0.58655846118927,120,0.8379092812538147
L396_f04,0,L396_f04_plane0_mcorrected_flipX,71,0.5855372548103333,120,0.8379092812538147
L396_f04,0,L396_f04_plane0_mcorrected_flipX,72,0.584368109703064,120,0.8379092812538147
L396_f04,0,L396_f04_plane0_mcorrected_flipX,73,0.5837981700897217,120,0.8379092812538147
L396_f04,0,L396_f04_plane0_mcorrected_flipX,74,0.581717848777771,120,0.8379092812538147
L396_f04,0,L396_f04_plane0_mcorrected_flipX,75,0.5792937874794006,120,0.8379092812538147
L396_f04,0,L396_f04_plane0_mcorrected_flipX,76,0.5806205868721008,120,0.8379092812538147
L396_f04,0,L396_f04_plane0_mcorrected_flipX,77,0.5755695104598999,120,0.8379092812538147
L396_f04,0,L396_f04_plane0_mcorrected_flipX,78,0.5751801133155823,120,0.8379092812538147
L396_f04,0,L396_f04_plane0_mcorrected_flipX,79,0.5771691203117371,120,0.8379092812538147
L396_f04,0,L396_f04_plane0_mcorrected_flipX,80,0.5737133622169495,120,0.8379092812538147
L396_f04,0,L396_f04_plane0_mcorrected_flipX,81,0.5755615234375,120,0.8379092812538147
L396_f04,0,L396_f04_plane0_mcorrected_flipX,82,0.5678947567939758,120,0.8379092812538147
L396_f04,0,L396_f04_plane0_mcorrected_flipX,83,0.564389169216156,120,0.8379092812538147
L396_f04,0,L396_f04_plane0_mcorrected_flipX,84,0.560710608959198,120,0.8379092812538147
L396_f04,0,L396_f04_plane0_mcorrected_flipX,85,0.5589652061462402,120,0.8379092812538147
L396_f04,0,L396_f04_plane0_mcorrected_flipX,86,0.5563768148422241,120,0.8379092812538147
L396_f04,0,L396_f04_plane0_mcorrected_flipX,87,0.553422749042511,120,0.8379092812538147
L396_f04,0,L396_f04_plane0_mcorrected_flipX,88,0.5433602333068848,120,0.8379092812538147
L396_f04,0,L396_f04_plane0_mcorrected_flipX,89,0.5445728302001953,120,0.8379092812538147
L396_f04,0,L396_f04_plane0_mcorrected_flipX,90,0.5449844598770142,120,0.8379092812538147
L396_f04,0,L396_f04_plane0_mcorrected_flipX,91,0.5397706627845764,120,0.8379092812538147
L396_f04,0,L396_f04_plane0_mcorrected_flipX,92,0.5444105863571167,120,0.8379092812538147
L396_f04,0,L396_f04_plane0_mcorrected_flipX,93,0.5355607271194458,120,0.8379092812538147
L396_f04,0,L396_f04_plane0_mcorrected_flipX,94,0.5355673432350159,120,0.8379092812538147
L396_f04,0,L396_f04_plane0_mcorrected_flipX,95,0.5374777913093567,120,0.8379092812538147
L396_f04,0,L396_f04_plane0_mcorrected_flipX,96,0.5594714879989624,120,0.8379092812538147
L396_f04,0,L396_f04_plane0_mcorrected_flipX,97,0.5741142630577087,120,0.8379092812538147
L396_f04,0,L396_f04_plane0_mcorrected_flipX,98,0.5904088020324707,120,0.8379092812538147
L396_f04,0,L396_f04_plane0_mcorrected_flipX,99,0.5906944274902344,120,0.8379092812538147
L396_f04,0,L396_f04_plane0_mcorrected_flipX,100,0.5915995836257935,120,0.8379092812538147
L396_f04,0,L396_f04_plane0_mcorrected_flipX,101,0.5888550281524658,120,0.8379092812538147
L396_f04,0,L396_f04_plane0_mcorrected_flipX,102,0.5909233689308167,120,0.8379092812538147
L396_f04,0,L396_f04_plane0_mcorrected_flipX,103,0.5947270393371582,120,0.8379092812538147
L396_f04,0,L396_f04_plane0_mcorrected_flipX,104,0.5974810123443604,120,0.8379092812538147
L396_f04,0,L396_f04_plane0_mcorrected_flipX,105,0.6029937267303467,120,0.8379092812538147
L396_f04,0,L396_f04_plane0_mcorrected_flipX,106,0.6079753637313843,120,0.8379092812538147
L396_f04,0,L396_f04_plane0_mcorrected_flipX,107,0.6122357249259949,120,0.8379092812538147
L396_f04,0,L396_f04_plane0_mcorrected_flipX,108,0.6232911348342896,120,0.8379092812538147
L396_f04,0,L396_f04_plane0_mcorrected_flipX,109,0.6344606876373291,120,0.8379092812538147
L396_f04,0,L396_f04_plane0_mcorrected_flipX,110,0.6430960893630981,120,0.8379092812538147
L396_f04,0,L396_f04_plane0_mcorrected_flipX,111,0.649245023727417,120,0.8379092812538147
L396_f04,0,L396_f04_plane0_mcorrected_flipX,112,0.6571235656738281,120,0.8379092812538147
L396_f04,0,L396_f04_plane0_mcorrected_flipX,113,0.6682228446006775,120,0.8379092812538147
L396_f04,0,L396_f04_plane0_mcorrected_flipX,114,0.6839895844459534,120,0.8379092812538147
L396_f04,0,L396_f04_plane0_mcorrected_flipX,115,0.7005093693733215,120,0.8379092812538147
L396_f04,0,L396_f04_plane0_mcorrected_flipX,116,0.7270845770835876,120,0.8379092812538147
L396_f04,0,L396_f04_plane0_mcorrected_flipX,117,0.7528782486915588,120,0.8379092812538147
L396_f04,0,L396_f04_plane0_mcorrected_flipX,118,0.791319727897644,120,0.8379092812538147
L396_f04,0,L396_f04_plane0_mcorrected_flipX,119,0.8243244290351868,120,0.8379092812538147
L396_f04,0,L396_f04_plane0_mcorrected_flipX,120,0.8379092812538147,120,0.8379092812538147
L396_f04,0,L396_f04_plane0_mcorrected_flipX,121,0.8255308866500854,120,0.8379092812538147
L396_f04,0,L396_f04_plane0_mcorrected_flipX,122,0.7904175519943237,120,0.8379092812538147
L396_f04,0,L396_f04_plane0_mcorrected_flipX,123,0.7548507452011108,120,0.8379092812538147
L396_f04,0,L396_f04_plane0_mcorrected_flipX,124,0.7221735715866089,120,0.8379092812538147
L396_f04,0,L396_f04_plane0_mcorrected_flipX,125,0.696477472782135,120,0.8379092812538147
L396_f04,0,L396_f04_plane0_mcorrected_flipX,126,0.6728101968765259,120,0.8379092812538147
L396_f04,0,L396_f04_plane0_mcorrected_flipX,127,0.6637512445449829,120,0.8379092812538147
L396_f04,0,L396_f04_plane0_mcorrected_flipX,128,0.6452283263206482,120,0.8379092812538147
L396_f04,0,L396_f04_plane0_mcorrected_flipX,129,0.6316800117492676,120,0.8379092812538147
L396_f04,0,L396_f04_plane0_mcorrected_flipX,130,0.6216492652893066,120,0.8379092812538147
L396_f04,0,L396_f04_plane0_mcorrected_flipX,131,0.6150811314582825,120,0.8379092812538147
L396_f04,0,L396_f04_plane0_mcorrected_flipX,132,0.6128763556480408,120,0.8379092812538147
L396_f04,0,L396_f04_plane0_mcorrected_flipX,133,0.6099755167961121,120,0.8379092812538147
L396_f04,0,L396_f04_plane0_mcorrected_flipX,134,0.6059575080871582,120,0.8379092812538147
L396_f04,0,L396_f04_plane0_mcorrected_flipX,135,0.5978553891181946,120,0.8379092812538147
L396_f04,0,L396_f04_plane0_mcorrected_flipX,136,0.5930522084236145,120,0.8379092812538147
L396_f04,0,L396_f04_plane0_mcorrected_flipX,137,0.5881264209747314,120,0.8379092812538147
L396_f04,0,L396_f04_plane0_mcorrected_flipX,138,0.5817093253135681,120,0.8379092812538147
L396_f04,0,L396_f04_plane0_mcorrected_flipX,139,0.5798226594924927,120,0.8379092812538147
L396_f04,0,L396_f04_plane0_mcorrected_flipX,140,0.5814947485923767,120,0.8379092812538147
L396_f04,0,L396_f04_plane0_mcorrected_flipX,141,0.583818793296814,120,0.8379092812538147
L396_f04,0,L396_f04_plane0_mcorrected_flipX,142,0.5769672393798828,120,0.8379092812538147
L396_f04,0,L396_f04_plane0_mcorrected_flipX,143,0.5738826394081116,120,0.8379092812538147
L396_f04,0,L396_f04_plane0_mcorrected_flipX,144,0.5739647746086121,120,0.8379092812538147
L396_f04,0,L396_f04_plane0_mcorrected_flipX,145,0.5759462118148804,120,0.8379092812538147
L396_f04,0,L396_f04_plane0_mcorrected_flipX,146,0.5777952075004578,120,0.8379092812538147
L396_f04,0,L396_f04_plane0_mcorrected_flipX,147,0.583577036857605,120,0.8379092812538147
L396_f04,0,L396_f04_plane0_mcorrected_flipX,148,0.5858345627784729,120,0.8379092812538147
L396_f04,0,L396_f04_plane0_mcorrected_flipX,149,0.5791423320770264,120,0.8379092812538147
L396_f04,0,L396_f04_plane0_mcorrected_flipX,150,0.584996223449707,120,0.8379092812538147
L396_f04,0,L396_f04_plane0_mcorrected_flipX,151,0.5814825296401978,120,0.8379092812538147
L396_f04,0,L396_f04_plane0_mcorrected_flipX,152,0.5825631022453308,120,0.8379092812538147
L396_f04,0,L396_f04_plane0_mcorrected_flipX,153,0.5852845311164856,120,0.8379092812538147
L396_f04,0,L396_f04_plane0_mcorrected_flipX,154,0.5768963694572449,120,0.8379092812538147
L396_f04,0,L396_f04_plane0_mcorrected_flipX,155,0.5795817375183105,120,0.8379092812538147
L396_f04,0,L396_f04_plane0_mcorrected_flipX,156,0.5861478447914124,120,0.8379092812538147
L396_f04,0,L396_f04_plane0_mcorrected_flipX,157,0.5777758955955505,120,0.8379092812538147
L396_f04,0,L396_f04_plane0_mcorrected_flipX,158,0.5778643488883972,120,0.8379092812538147
L396_f04,0,L396_f04_plane0_mcorrected_flipX,159,0.5753240585327148,120,0.8379092812538147
L396_f04,0,L396_f04_plane0_mcorrected_flipX,160,0.5674206018447876,120,0.8379092812538147
L396_f04,0,L396_f04_plane0_mcorrected_flipX,161,0.5688460469245911,120,0.8379092812538147
L396_f04,0,L396_f04_plane0_mcorrected_flipX,162,0.5631995797157288,120,0.8379092812538147
L396_f04,0,L396_f04_plane0_mcorrected_flipX,163,0.5617271065711975,120,0.8379092812538147
L396_f04,0,L396_f04_plane0_mcorrected_flipX,164,0.5538738965988159,120,0.8379092812538147
L396_f04,0,L396_f04_plane0_mcorrected_flipX,165,0.5562072992324829,120,0.8379092812538147
L396_f04,0,L396_f04_plane0_mcorrected_flipX,166,0.5545005202293396,120,0.8379092812538147
L396_f04,0,L396_f04_plane0_mcorrected_flipX,167,0.5564658641815186,120,0.8379092812538147
L396_f04,0,L396_f04_plane0_mcorrected_flipX,168,0.548742949962616,120,0.8379092812538147
L396_f04,0,L396_f04_plane0_mcorrected_flipX,169,0.5481883883476257,120,0.8379092812538147
L396_f04,0,L396_f04_plane0_mcorrected_flipX,170,0.5498976111412048,120,0.8379092812538147
L396_f04,0,L396_f04_plane0_mcorrected_flipX,171,0.5417419075965881,120,0.8379092812538147
L396_f04,0,L396_f04_plane0_mcorrected_flipX,172,0.5528525114059448,120,0.8379092812538147
L396_f04,0,L396_f04_plane0_mcorrected_flipX,173,0.5526809692382812,120,0.8379092812538147
L396_f04,0,L396_f04_plane0_mcorrected_flipX,174,0.5496506094932556,120,0.8379092812538147
L396_f04,0,L396_f04_plane0_mcorrected_flipX,175,0.5457261204719543,120,0.8379092812538147
L396_f04,0,L396_f04_plane0_mcorrected_flipX,176,0.5422155857086182,120,0.8379092812538147
L396_f04,0,L396_f04_plane0_mcorrected_flipX,177,0.5430004000663757,120,0.8379092812538147
L396_f04,0,L396_f04_plane0_mcorrected_flipX,178,0.5466896295547485,120,0.8379092812538147
L396_f04,0,L396_f04_plane0_mcorrected_flipX,179,0.5414575338363647,120,0.8379092812538147
L396_f04,0,L396_f04_plane0_mcorrected_flipX,180,0.5389478802680969,120,0.8379092812538147
L396_f04,0,L396_f04_plane0_mcorrected_flipX,181,0.5407878756523132,120,0.8379092812538147
L396_f04,0,L396_f04_plane0_mcorrected_flipX,182,0.5427055954933167,120,0.8379092812538147
L396_f04,0,L396_f04_plane0_mcorrected_flipX,183,0.5380170345306396,120,0.8379092812538147
L396_f04,0,L396_f04_plane0_mcorrected_flipX,184,0.5320534110069275,120,0.8379092812538147
L396_f04,0,L396_f04_plane0_mcorrected_flipX,185,0.5348438024520874,120,0.8379092812538147
L396_f04,0,L396_f04_plane0_mcorrected_flipX,186,0.5374653339385986,120,0.8379092812538147
L396_f04,0,L396_f04_plane0_mcorrected_flipX,187,0.5323944687843323,120,0.8379092812538147
L396_f04,0,L396_f04_plane0_mcorrected_flipX,188,0.5323215126991272,120,0.8379092812538147
L396_f04,0,L396_f04_plane0_mcorrected_flipX,189,0.5313409566879272,120,0.8379092812538147
L396_f04,0,L396_f04_plane0_mcorrected_flipX,190,0.5298488736152649,120,0.8379092812538147
L396_f04,0,L396_f04_plane0_mcorrected_flipX,191,0.5358827710151672,120,0.8379092812538147
L396_f04,0,L396_f04_plane0_mcorrected_flipX,192,0.5408486127853394,120,0.8379092812538147
L396_f04,0,L396_f04_plane0_mcorrected_flipX,193,0.5406134724617004,120,0.8379092812538147
L396_f04,0,L396_f04_plane0_mcorrected_flipX,194,0.5395732522010803,120,0.8379092812538147
L396_f04,0,L396_f04_plane0_mcorrected_flipX,195,0.5345786213874817,120,0.8379092812538147
L396_f04,0,L396_f04_plane0_mcorrected_flipX,196,0.5409947037696838,120,0.8379092812538147
L396_f04,0,L396_f04_plane0_mcorrected_flipX,197,0.540805459022522,120,0.8379092812538147
L396_f04,0,L396_f04_plane0_mcorrected_flipX,198,0.5320662260055542,120,0.8379092812538147
L396_f04,0,L396_f04_plane0_mcorrected_flipX,199,0.534710705280304,120,0.8379092812538147
L396_f04,0,L396_f04_plane0_mcorrected_flipX,200,0.5305920243263245,120,0.8379092812538147
L396_f04,0,L396_f04_plane0_mcorrected_flipX,201,0.5384817123413086,120,0.8379092812538147
L396_f04,0,L396_f04_plane0_mcorrected_flipX,202,0.5476868152618408,120,0.8379092812538147
L396_f04,0,L396_f04_plane0_mcorrected_flipX,203,0.5553529262542725,120,0.8379092812538147
L396_f04,0,L396_f04_plane0_mcorrected_flipX,204,0.5643392205238342,120,0.8379092812538147
L396_f04,0,L396_f04_plane0_mcorrected_flipX,205,0.5734010934829712,120,0.8379092812538147
L396_f04,0,L396_f04_plane0_mcorrected_flipX,206,0.5767225623130798,120,0.8379092812538147
L396_f04,0,L396_f04_plane0_mcorrected_flipX,207,0.5796420574188232,120,0.8379092812538147
L396_f04,0,L396_f04_plane0_mcorrected_flipX,208,0.5766261219978333,120,0.8379092812538147
L396_f04,0,L396_f04_plane0_mcorrected_flipX,209,0.5775488018989563,120,0.8379092812538147
L396_f04,0,L396_f04_plane0_mcorrected_flipX,210,0.5795753002166748,120,0.8379092812538147
L396_f04,0,L396_f04_plane0_mcorrected_flipX,211,0.5760751962661743,120,0.8379092812538147
L396_f04,0,L396_f04_plane0_mcorrected_flipX,212,0.5756824612617493,120,0.8379092812538147
L396_f04,0,L396_f04_plane0_mcorrected_flipX,213,0.5785466432571411,120,0.8379092812538147
L396_f04,0,L396_f04_plane0_mcorrected_flipX,214,0.580106258392334,120,0.8379092812538147
L396_f04,0,L396_f04_plane0_mcorrected_flipX,215,0.5821393132209778,120,0.8379092812538147
L396_f04,0,L396_f04_plane0_mcorrected_flipX,216,0.5759023427963257,120,0.8379092812538147
L396_f04,0,L396_f04_plane0_mcorrected_flipX,217,0.5839836597442627,120,0.8379092812538147
L396_f04,0,L396_f04_plane0_mcorrected_flipX,218,0.5801274180412292,120,0.8379092812538147
L396_f04,0,L396_f04_plane0_mcorrected_flipX,219,0.5829371809959412,120,0.8379092812538147
L396_f04,0,L396_f04_plane0_mcorrected_flipX,220,0.5947200655937195,120,0.8379092812538147
L396_f04,0,L396_f04_plane0_mcorrected_flipX,221,0.5941157937049866,120,0.8379092812538147
L396_f04,0,L396_f04_plane0_mcorrected_flipX,222,0.5975314974784851,120,0.8379092812538147
L396_f04,0,L396_f04_plane0_mcorrected_flipX,223,0.5986422896385193,120,0.8379092812538147
L396_f04,0,L396_f04_plane0_mcorrected_flipX,224,0.6021289229393005,120,0.8379092812538147
L396_f04,0,L396_f04_plane0_mcorrected_flipX,225,0.5987808704376221,120,0.8379092812538147
L396_f04,0,L396_f04_plane0_mcorrected_flipX,226,0.5995863676071167,120,0.8379092812538147
L396_f04,0,L396_f04_plane0_mcorrected_flipX,227,0.6011115908622742,120,0.8379092812538147
L396_f04,0,L396_f04_plane0_mcorrected_flipX,228,0.606756865978241,120,0.8379092812538147
L396_f04,0,L396_f04_plane0_mcorrected_flipX,229,0.607463002204895,120,0.8379092812538147
L396_f04,0,L396_f04_plane0_mcorrected_flipX,230,0.6094447374343872,120,0.8379092812538147
L396_f04,0,L396_f04_plane0_mcorrected_flipX,231,0.6082380414009094,120,0.8379092812538147
L396_f04,0,L396_f04_plane0_mcorrected_flipX,232,0.6116006374359131,120,0.8379092812538147
L396_f04,0,L396_f04_plane0_mcorrected_flipX,233,0.615373432636261,120,0.8379092812538147
L396_f04,0,L396_f04_plane0_mcorrected_flipX,234,0.6102901697158813,120,0.8379092812538147
L396_f04,0,L396_f04_plane0_mcorrected_flipX,235,0.6092205047607422,120,0.8379092812538147
L396_f04,0,L396_f04_plane0_mcorrected_flipX,236,0.6131165027618408,120,0.8379092812538147
L396_f04,0,L396_f04_plane0_mcorrected_flipX,237,0.6060124039649963,120,0.8379092812538147
L396_f04,0,L396_f04_plane0_mcorrected_flipX,238,0.6106768846511841,120,0.8379092812538147
L396_f04,0,L396_f04_plane0_mcorrected_flipX,239,0.6087484955787659,120,0.8379092812538147
L396_f04,0,L396_f04_plane0_mcorrected_flipX,240,0.6019330024719238,120,0.8379092812538147
L396_f04,0,L396_f04_plane0_mcorrected_flipX,241,0.6086088418960571,120,0.8379092812538147
L396_f04,0,L396_f04_plane0_mcorrected_flipX,242,0.607620120048523,120,0.8379092812538147
L396_f04,0,L396_f04_plane0_mcorrected_flipX,243,0.6130017638206482,120,0.8379092812538147
L396_f04,0,L396_f04_plane0_mcorrected_flipX,244,0.6112882494926453,120,0.8379092812538147
L396_f04,0,L396_f04_plane0_mcorrected_flipX,245,0.6128973960876465,120,0.8379092812538147
L396_f04,1,L396_f04_plane1_mcorrected_flipX,0,0.5763067603111267,122,0.8456498980522156
L396_f04,1,L396_f04_plane1_mcorrected_flipX,1,0.5808462500572205,122,0.8456498980522156
L396_f04,1,L396_f04_plane1_mcorrected_flipX,2,0.580490231513977,122,0.8456498980522156
L396_f04,1,L396_f04_plane1_mcorrected_flipX,3,0.5790423154830933,122,0.8456498980522156
L396_f04,1,L396_f04_plane1_mcorrected_flipX,4,0.5728386640548706,122,0.8456498980522156
L396_f04,1,L396_f04_plane1_mcorrected_flipX,5,0.5665661692619324,122,0.8456498980522156
L396_f04,1,L396_f04_plane1_mcorrected_flipX,6,0.5763615369796753,122,0.8456498980522156
L396_f04,1,L396_f04_plane1_mcorrected_flipX,7,0.5765455961227417,122,0.8456498980522156
L396_f04,1,L396_f04_plane1_mcorrected_flipX,8,0.5796716809272766,122,0.8456498980522156
L396_f04,1,L396_f04_plane1_mcorrected_flipX,9,0.5742286443710327,122,0.8456498980522156
L396_f04,1,L396_f04_plane1_mcorrected_flipX,10,0.5786304473876953,122,0.8456498980522156
L396_f04,1,L396_f04_plane1_mcorrected_flipX,11,0.5733335018157959,122,0.8456498980522156
L396_f04,1,L396_f04_plane1_mcorrected_flipX,12,0.5716760754585266,122,0.8456498980522156
L396_f04,1,L396_f04_plane1_mcorrected_flipX,13,0.5715639591217041,122,0.8456498980522156
L396_f04,1,L396_f04_plane1_mcorrected_flipX,14,0.5712354779243469,122,0.8456498980522156
L396_f04,1,L396_f04_plane1_mcorrected_flipX,15,0.5701280832290649,122,0.8456498980522156
L396_f04,1,L396_f04_plane1_mcorrected_flipX,16,0.5659094452857971,122,0.8456498980522156
L396_f04,1,L396_f04_plane1_mcorrected_flipX,17,0.5531176328659058,122,0.8456498980522156
L396_f04,1,L396_f04_plane1_mcorrected_flipX,18,0.5523041486740112,122,0.8456498980522156
L396_f04,1,L396_f04_plane1_mcorrected_flipX,19,0.5620177388191223,122,0.8456498980522156
L396_f04,1,L396_f04_plane1_mcorrected_flipX,20,0.5618816614151001,122,0.8456498980522156
L396_f04,1,L396_f04_plane1_mcorrected_flipX,21,0.5585076212882996,122,0.8456498980522156
L396_f04,1,L396_f04_plane1_mcorrected_flipX,22,0.5583115816116333,122,0.8456498980522156
L396_f04,1,L396_f04_plane1_mcorrected_flipX,23,0.5346787571907043,122,0.8456498980522156
L396_f04,1,L396_f04_plane1_mcorrected_flipX,24,0.5382303595542908,122,0.8456498980522156
L396_f04,1,L396_f04_plane1_mcorrected_flipX,25,0.5481890439987183,122,0.8456498980522156
L396_f04,1,L396_f04_plane1_mcorrected_flipX,26,0.5424517393112183,122,0.8456498980522156
L396_f04,1,L396_f04_plane1_mcorrected_flipX,27,0.5463029146194458,122,0.8456498980522156
L396_f04,1,L396_f04_plane1_mcorrected_flipX,28,0.5541759729385376,122,0.8456498980522156
L396_f04,1,L396_f04_plane1_mcorrected_flipX,29,0.5471612811088562,122,0.8456498980522156
L396_f04,1,L396_f04_plane1_mcorrected_flipX,30,0.5482524633407593,122,0.8456498980522156
L396_f04,1,L396_f04_plane1_mcorrected_flipX,31,0.5396562814712524,122,0.8456498980522156
L396_f04,1,L396_f04_plane1_mcorrected_flipX,32,0.5495215058326721,122,0.8456498980522156
L396_f04,1,L396_f04_plane1_mcorrected_flipX,33,0.5386635661125183,122,0.8456498980522156
L396_f04,1,L396_f04_plane1_mcorrected_flipX,34,0.5391895174980164,122,0.8456498980522156
L396_f04,1,L396_f04_plane1_mcorrected_flipX,35,0.53897625207901,122,0.8456498980522156
L396_f04,1,L396_f04_plane1_mcorrected_flipX,36,0.5362745523452759,122,0.8456498980522156
L396_f04,1,L396_f04_plane1_mcorrected_flipX,37,0.5407458543777466,122,0.8456498980522156
L396_f04,1,L396_f04_plane1_mcorrected_flipX,38,0.5447049736976624,122,0.8456498980522156
L396_f04,1,L396_f04_plane1_mcorrected_flipX,39,0.5384697318077087,122,0.8456498980522156
L396_f04,1,L396_f04_plane1_mcorrected_flipX,40,0.5550414323806763,122,0.8456498980522156
L396_f04,1,L396_f04_plane1_mcorrected_flipX,41,0.5493202805519104,122,0.8456498980522156
L396_f04,1,L396_f04_plane1_mcorrected_flipX,42,0.5448150038719177,122,0.8456498980522156
L396_f04,1,L396_f04_plane1_mcorrected_flipX,43,0.5417731404304504,122,0.8456498980522156
L396_f04,1,L396_f04_plane1_mcorrected_flipX,44,0.5481263995170593,122,0.8456498980522156
L396_f04,1,L396_f04_plane1_mcorrected_flipX,45,0.5533236861228943,122,0.8456498980522156
L396_f04,1,L396_f04_plane1_mcorrected_flipX,46,0.5542920827865601,122,0.8456498980522156
L396_f04,1,L396_f04_plane1_mcorrected_flipX,47,0.5620765089988708,122,0.8456498980522156
L396_f04,1,L396_f04_plane1_mcorrected_flipX,48,0.559391438961029,122,0.8456498980522156
L396_f04,1,L396_f04_plane1_mcorrected_flipX,49,0.5671531558036804,122,0.8456498980522156
L396_f04,1,L396_f04_plane1_mcorrected_flipX,50,0.5698369741439819,122,0.8456498980522156
L396_f04,1,L396_f04_plane1_mcorrected_flipX,51,0.5719863772392273,122,0.8456498980522156
L396_f04,1,L396_f04_plane1_mcorrected_flipX,52,0.5700224041938782,122,0.8456498980522156
L396_f04,1,L396_f04_plane1_mcorrected_flipX,53,0.5753774046897888,122,0.8456498980522156
L396_f04,1,L396_f04_plane1_mcorrected_flipX,54,0.5722494721412659,122,0.8456498980522156
L396_f04,1,L396_f04_plane1_mcorrected_flipX,55,0.5779826045036316,122,0.8456498980522156
L396_f04,1,L396_f04_plane1_mcorrected_flipX,56,0.5776998400688171,122,0.8456498980522156
L396_f04,1,L396_f04_plane1_mcorrected_flipX,57,0.5795679688453674,122,0.8456498980522156
L396_f04,1,L396_f04_plane1_mcorrected_flipX,58,0.5826196670532227,122,0.8456498980522156
L396_f04,1,L396_f04_plane1_mcorrected_flipX,59,0.5814180970191956,122,0.8456498980522156
L396_f04,1,L396_f04_plane1_mcorrected_flipX,60,0.5844820141792297,122,0.8456498980522156
L396_f04,1,L396_f04_plane1_mcorrected_flipX,61,0.582707941532135,122,0.8456498980522156
L396_f04,1,L396_f04_plane1_mcorrected_flipX,62,0.5828163027763367,122,0.8456498980522156
L396_f04,1,L396_f04_plane1_mcorrected_flipX,63,0.5780677795410156,122,0.8456498980522156
L396_f04,1,L396_f04_plane1_mcorrected_flipX,64,0.5730274319648743,122,0.8456498980522156
L396_f04,1,L396_f04_plane1_mcorrected_flipX,65,0.5741550922393799,122,0.8456498980522156
L396_f04,1,L396_f04_plane1_mcorrected_flipX,66,0.5757651925086975,122,0.8456498980522156
L396_f04,1,L396_f04_plane1_mcorrected_flipX,67,0.5761491656303406,122,0.8456498980522156
L396_f04,1,L396_f04_plane1_mcorrected_flipX,68,0.5740847587585449,122,0.8456498980522156
L396_f04,1,L396_f04_plane1_mcorrected_flipX,69,0.5728340148925781,122,0.8456498980522156
L396_f04,1,L396_f04_plane1_mcorrected_flipX,70,0.575283944606781,122,0.8456498980522156
L396_f04,1,L396_f04_plane1_mcorrected_flipX,71,0.5746307969093323,122,0.8456498980522156
L396_f04,1,L396_f04_plane1_mcorrected_flipX,72,0.5744650959968567,122,0.8456498980522156
L396_f04,1,L396_f04_plane1_mcorrected_flipX,73,0.5716416835784912,122,0.8456498980522156
L396_f04,1,L396_f04_plane1_mcorrected_flipX,74,0.5729114413261414,122,0.8456498980522156
L396_f04,1,L396_f04_plane1_mcorrected_flipX,75,0.5683940052986145,122,0.8456498980522156
L396_f04,1,L396_f04_plane1_mcorrected_flipX,76,0.5700986385345459,122,0.8456498980522156
L396_f04,1,L396_f04_plane1_mcorrected_flipX,77,0.5680117607116699,122,0.8456498980522156
L396_f04,1,L396_f04_plane1_mcorrected_flipX,78,0.5681242346763611,122,0.8456498980522156
L396_f04,1,L396_f04_plane1_mcorrected_flipX,79,0.5633274912834167,122,0.8456498980522156
L396_f04,1,L396_f04_plane1_mcorrected_flipX,80,0.5536637306213379,122,0.8456498980522156
L396_f04,1,L396_f04_plane1_mcorrected_flipX,81,0.5557834506034851,122,0.8456498980522156
L396_f04,1,L396_f04_plane1_mcorrected_flipX,82,0.5504518747329712,122,0.8456498980522156
L396_f04,1,L396_f04_plane1_mcorrected_flipX,83,0.550020694732666,122,0.8456498980522156
L396_f04,1,L396_f04_plane1_mcorrected_flipX,84,0.5482081174850464,122,0.8456498980522156
L396_f04,1,L396_f04_plane1_mcorrected_flipX,85,0.5453119277954102,122,0.8456498980522156
L396_f04,1,L396_f04_plane1_mcorrected_flipX,86,0.5443499684333801,122,0.8456498980522156
L396_f04,1,L396_f04_plane1_mcorrected_flipX,87,0.5404557585716248,122,0.8456498980522156
L396_f04,1,L396_f04_plane1_mcorrected_flipX,88,0.5310063362121582,122,0.8456498980522156
L396_f04,1,L396_f04_plane1_mcorrected_flipX,89,0.5287188291549683,122,0.8456498980522156
L396_f04,1,L396_f04_plane1_mcorrected_flipX,90,0.5263468027114868,122,0.8456498980522156
L396_f04,1,L396_f04_plane1_mcorrected_flipX,91,0.5196446776390076,122,0.8456498980522156
L396_f04,1,L396_f04_plane1_mcorrected_flipX,92,0.525227427482605,122,0.8456498980522156
L396_f04,1,L396_f04_plane1_mcorrected_flipX,93,0.5180031061172485,122,0.8456498980522156
L396_f04,1,L396_f04_plane1_mcorrected_flipX,94,0.5205098390579224,122,0.8456498980522156
L396_f04,1,L396_f04_plane1_mcorrected_flipX,95,0.5260428190231323,122,0.8456498980522156
L396_f04,1,L396_f04_plane1_mcorrected_flipX,96,0.542727530002594,122,0.8456498980522156
L396_f04,1,L396_f04_plane1_mcorrected_flipX,97,0.5574920773506165,122,0.8456498980522156
L396_f04,1,L396_f04_plane1_mcorrected_flipX,98,0.574295163154602,122,0.8456498980522156
L396_f04,1,L396_f04_plane1_mcorrected_flipX,99,0.5746315121650696,122,0.8456498980522156
L396_f04,1,L396_f04_plane1_mcorrected_flipX,100,0.5779176354408264,122,0.8456498980522156
L396_f04,1,L396_f04_plane1_mcorrected_flipX,101,0.5723361372947693,122,0.8456498980522156
L396_f04,1,L396_f04_plane1_mcorrected_flipX,102,0.5735877156257629,122,0.8456498980522156
L396_f04,1,L396_f04_plane1_mcorrected_flipX,103,0.5767664909362793,122,0.8456498980522156
L396_f04,1,L396_f04_plane1_mcorrected_flipX,104,0.5803509950637817,122,0.8456498980522156
L396_f04,1,L396_f04_plane1_mcorrected_flipX,105,0.584921658039093,122,0.8456498980522156
L396_f04,1,L396_f04_plane1_mcorrected_flipX,106,0.5909014344215393,122,0.8456498980522156
L396_f04,1,L396_f04_plane1_mcorrected_flipX,107,0.5967456102371216,122,0.8456498980522156
L396_f04,1,L396_f04_plane1_mcorrected_flipX,108,0.606819748878479,122,0.8456498980522156
L396_f04,1,L396_f04_plane1_mcorrected_flipX,109,0.6140013933181763,122,0.8456498980522156
L396_f04,1,L396_f04_plane1_mcorrected_flipX,110,0.6221460700035095,122,0.8456498980522156
L396_f04,1,L396_f04_plane1_mcorrected_flipX,111,0.6272419691085815,122,0.8456498980522156
L396_f04,1,L396_f04_plane1_mcorrected_flipX,112,0.6318603157997131,122,0.8456498980522156
L396_f04,1,L396_f04_plane1_mcorrected_flipX,113,0.6394101977348328,122,0.8456498980522156
L396_f04,1,L396_f04_plane1_mcorrected_flipX,114,0.6497529745101929,122,0.8456498980522156
L396_f04,1,L396_f04_plane1_mcorrected_flipX,115,0.6596347689628601,122,0.8456498980522156
L396_f04,1,L396_f04_plane1_mcorrected_flipX,116,0.6775453090667725,122,0.8456498980522156
L396_f04,1,L396_f04_plane1_mcorrected_flipX,117,0.6909364461898804,122,0.8456498980522156
L396_f04,1,L396_f04_plane1_mcorrected_flipX,118,0.7182983756065369,122,0.8456498980522156
L396_f04,1,L396_f04_plane1_mcorrected_flipX,119,0.7530291676521301,122,0.8456498980522156
L396_f04,1,L396_f04_plane1_mcorrected_flipX,120,0.7922195196151733,122,0.8456498980522156
L396_f04,1,L396_f04_plane1_mcorrected_flipX,121,0.8272584676742554,122,0.8456498980522156
L396_f04,1,L396_f04_plane1_mcorrected_flipX,122,0.8456498980522156,122,0.8456498980522156
L396_f04,1,L396_f04_plane1_mcorrected_flipX,123,0.8370721340179443,122,0.8456498980522156
L396_f04,1,L396_f04_plane1_mcorrected_flipX,124,0.8036856651306152,122,0.8456498980522156
L396_f04,1,L396_f04_plane1_mcorrected_flipX,125,0.7683529257774353,122,0.8456498980522156
L396_f04,1,L396_f04_plane1_mcorrected_flipX,126,0.7342391610145569,122,0.8456498980522156
L396_f04,1,L396_f04_plane1_mcorrected_flipX,127,0.7143945097923279,122,0.8456498980522156
L396_f04,1,L396_f04_plane1_mcorrected_flipX,128,0.6882116198539734,122,0.8456498980522156
L396_f04,1,L396_f04_plane1_mcorrected_flipX,129,0.6717288494110107,122,0.8456498980522156
L396_f04,1,L396_f04_plane1_mcorrected_flipX,130,0.6597459316253662,122,0.8456498980522156
L396_f04,1,L396_f04_plane1_mcorrected_flipX,131,0.6507104635238647,122,0.8456498980522156
L396_f04,1,L396_f04_plane1_mcorrected_flipX,132,0.6459779739379883,122,0.8456498980522156
L396_f04,1,L396_f04_plane1_mcorrected_flipX,133,0.6427748203277588,122,0.8456498980522156
L396_f04,1,L396_f04_plane1_mcorrected_flipX,134,0.6378558874130249,122,0.8456498980522156
L396_f04,1,L396_f04_plane1_mcorrected_flipX,135,0.6288928985595703,122,0.8456498980522156
L396_f04,1,L396_f04_plane1_mcorrected_flipX,136,0.6172689199447632,122,0.8456498980522156
L396_f04,1,L396_f04_plane1_mcorrected_flipX,137,0.6107628345489502,122,0.8456498980522156
L396_f04,1,L396_f04_plane1_mcorrected_flipX,138,0.6003612875938416,122,0.8456498980522156
L396_f04,1,L396_f04_plane1_mcorrected_flipX,139,0.5989583134651184,122,0.8456498980522156
L396_f04,1,L396_f04_plane1_mcorrected_flipX,140,0.5981689095497131,122,0.8456498980522156
L396_f04,1,L396_f04_plane1_mcorrected_flipX,141,0.5999641418457031,122,0.8456498980522156
L396_f04,1,L396_f04_plane1_mcorrected_flipX,142,0.5936775207519531,122,0.8456498980522156
L396_f04,1,L396_f04_plane1_mcorrected_flipX,143,0.5909864902496338,122,0.8456498980522156
L396_f04,1,L396_f04_plane1_mcorrected_flipX,144,0.5903662443161011,122,0.8456498980522156
L396_f04,1,L396_f04_plane1_mcorrected_flipX,145,0.5824556946754456,122,0.8456498980522156
L396_f04,1,L396_f04_plane1_mcorrected_flipX,146,0.5739266276359558,122,0.8456498980522156
L396_f04,1,L396_f04_plane1_mcorrected_flipX,147,0.5773165225982666,122,0.8456498980522156
L396_f04,1,L396_f04_plane1_mcorrected_flipX,148,0.5755371451377869,122,0.8456498980522156
L396_f04,1,L396_f04_plane1_mcorrected_flipX,149,0.5646642446517944,122,0.8456498980522156
L396_f04,1,L396_f04_plane1_mcorrected_flipX,150,0.5682541728019714,122,0.8456498980522156
L396_f04,1,L396_f04_plane1_mcorrected_flipX,151,0.5652428269386292,122,0.8456498980522156
L396_f04,1,L396_f04_plane1_mcorrected_flipX,152,0.5646489262580872,122,0.8456498980522156
L396_f04,1,L396_f04_plane1_mcorrected_flipX,153,0.5668016076087952,122,0.8456498980522156
L396_f04,1,L396_f04_plane1_mcorrected_flipX,154,0.5601927042007446,122,0.8456498980522156
L396_f04,1,L396_f04_plane1_mcorrected_flipX,155,0.5619628429412842,122,0.8456498980522156
L396_f04,1,L396_f04_plane1_mcorrected_flipX,156,0.5655573606491089,122,0.8456498980522156
L396_f04,1,L396_f04_plane1_mcorrected_flipX,157,0.555091381072998,122,0.8456498980522156
L396_f04,1,L396_f04_plane1_mcorrected_flipX,158,0.5535890460014343,122,0.8456498980522156
L396_f04,1,L396_f04_plane1_mcorrected_flipX,159,0.5513944625854492,122,0.8456498980522156
L396_f04,1,L396_f04_plane1_mcorrected_flipX,160,0.5496251583099365,122,0.8456498980522156
L396_f04,1,L396_f04_plane1_mcorrected_flipX,161,0.5538576245307922,122,0.8456498980522156
L396_f04,1,L396_f04_plane1_mcorrected_flipX,162,0.5499812960624695,122,0.8456498980522156
L396_f04,1,L396_f04_plane1_mcorrected_flipX,163,0.5533336997032166,122,0.8456498980522156
L396_f04,1,L396_f04_plane1_mcorrected_flipX,164,0.5499820113182068,122,0.8456498980522156
L396_f04,1,L396_f04_plane1_mcorrected_flipX,165,0.5533729195594788,122,0.8456498980522156
L396_f04,1,L396_f04_plane1_mcorrected_flipX,166,0.5495211482048035,122,0.8456498980522156
L396_f04,1,L396_f04_plane1_mcorrected_flipX,167,0.552288830280304,122,0.8456498980522156
L396_f04,1,L396_f04_plane1_mcorrected_flipX,168,0.5459799766540527,122,0.8456498980522156
L396_f04,1,L396_f04_plane1_mcorrected_flipX,169,0.5496458411216736,122,0.8456498980522156
L396_f04,1,L396_f04_plane1_mcorrected_flipX,170,0.552289605140686,122,0.8456498980522156
L396_f04,1,L396_f04_plane1_mcorrected_flipX,171,0.5481252670288086,122,0.8456498980522156
L396_f04,1,L396_f04_plane1_mcorrected_flipX,172,0.5563415288925171,122,0.8456498980522156
L396_f04,1,L396_f04_plane1_mcorrected_flipX,173,0.5530707836151123,122,0.8456498980522156
L396_f04,1,L396_f04_plane1_mcorrected_flipX,174,0.5488868951797485,122,0.8456498980522156
L396_f04,1,L396_f04_plane1_mcorrected_flipX,175,0.5488016605377197,122,0.8456498980522156
L396_f04,1,L396_f04_plane1_mcorrected_flipX,176,0.5450965166091919,122,0.8456498980522156
L396_f04,1,L396_f04_plane1_mcorrected_flipX,177,0.5445221662521362,122,0.8456498980522156
L396_f04,1,L396_f04_plane1_mcorrected_flipX,178,0.5476824641227722,122,0.8456498980522156
L396_f04,1,L396_f04_plane1_mcorrected_flipX,179,0.5398609042167664,122,0.8456498980522156
L396_f04,1,L396_f04_plane1_mcorrected_flipX,180,0.535963773727417,122,0.8456498980522156
L396_f04,1,L396_f04_plane1_mcorrected_flipX,181,0.5367591381072998,122,0.8456498980522156
L396_f04,1,L396_f04_plane1_mcorrected_flipX,182,0.537430465221405,122,0.8456498980522156
L396_f04,1,L396_f04_plane1_mcorrected_flipX,183,0.5327370762825012,122,0.8456498980522156
L396_f04,1,L396_f04_plane1_mcorrected_flipX,184,0.5240980386734009,122,0.8456498980522156
L396_f04,1,L396_f04_plane1_mcorrected_flipX,185,0.5232887268066406,122,0.8456498980522156
L396_f04,1,L396_f04_plane1_mcorrected_flipX,186,0.5267680287361145,122,0.8456498980522156
L396_f04,1,L396_f04_plane1_mcorrected_flipX,187,0.5205466151237488,122,0.8456498980522156
L396_f04,1,L396_f04_plane1_mcorrected_flipX,188,0.5249139070510864,122,0.8456498980522156
L396_f04,1,L396_f04_plane1_mcorrected_flipX,189,0.5280925631523132,122,0.8456498980522156
L396_f04,1,L396_f04_plane1_mcorrected_flipX,190,0.5246169567108154,122,0.8456498980522156
L396_f04,1,L396_f04_plane1_mcorrected_flipX,191,0.5264517664909363,122,0.8456498980522156
L396_f04,1,L396_f04_plane1_mcorrected_flipX,192,0.5289852023124695,122,0.8456498980522156
L396_f04,1,L396_f04_plane1_mcorrected_flipX,193,0.5262072682380676,122,0.8456498980522156
L396_f04,1,L396_f04_plane1_mcorrected_flipX,194,0.527836799621582,122,0.8456498980522156
L396_f04,1,L396_f04_plane1_mcorrected_flipX,195,0.5208080410957336,122,0.8456498980522156
L396_f04,1,L396_f04_plane1_mcorrected_flipX,196,0.5269007682800293,122,0.8456498980522156
L396_f04,1,L396_f04_plane1_mcorrected_flipX,197,0.5250934958457947,122,0.8456498980522156
L396_f04,1,L396_f04_plane1_mcorrected_flipX,198,0.5181027054786682,122,0.8456498980522156
L396_f04,1,L396_f04_plane1_mcorrected_flipX,199,0.5241899490356445,122,0.8456498980522156
L396_f04,1,L396_f04_plane1_mcorrected_flipX,200,0.5225268602371216,122,0.8456498980522156
L396_f04,1,L396_f04_plane1_mcorrected_flipX,201,0.5317128896713257,122,0.8456498980522156
L396_f04,1,L396_f04_plane1_mcorrected_flipX,202,0.5413998961448669,122,0.8456498980522156
L396_f04,1,L396_f04_plane1_mcorrected_flipX,203,0.546688973903656,122,0.8456498980522156
L396_f04,1,L396_f04_plane1_mcorrected_flipX,204,0.5529564023017883,122,0.8456498980522156
L396_f04,1,L396_f04_plane1_mcorrected_flipX,205,0.5596605539321899,122,0.8456498980522156
L396_f04,1,L396_f04_plane1_mcorrected_flipX,206,0.5634561777114868,122,0.8456498980522156
L396_f04,1,L396_f04_plane1_mcorrected_flipX,207,0.5690110325813293,122,0.8456498980522156
L396_f04,1,L396_f04_plane1_mcorrected_flipX,208,0.567903459072113,122,0.8456498980522156
L396_f04,1,L396_f04_plane1_mcorrected_flipX,209,0.5695765614509583,122,0.8456498980522156
L396_f04,1,L396_f04_plane1_mcorrected_flipX,210,0.5726505517959595,122,0.8456498980522156
L396_f04,1,L396_f04_plane1_mcorrected_flipX,211,0.5721876621246338,122,0.8456498980522156
L396_f04,1,L396_f04_plane1_mcorrected_flipX,212,0.5729093551635742,122,0.8456498980522156
L396_f04,1,L396_f04_plane1_mcorrected_flipX,213,0.5761504769325256,122,0.8456498980522156
L396_f04,1,L396_f04_plane1_mcorrected_flipX,214,0.5798991322517395,122,0.8456498980522156
L396_f04,1,L396_f04_plane1_mcorrected_flipX,215,0.5835984349250793,122,0.8456498980522156
L396_f04,1,L396_f04_plane1_mcorrected_flipX,216,0.5786528587341309,122,0.8456498980522156
L396_f04,1,L396_f04_plane1_mcorrected_flipX,217,0.5866169333457947,122,0.8456498980522156
L396_f04,1,L396_f04_plane1_mcorrected_flipX,218,0.5836991667747498,122,0.8456498980522156
L396_f04,1,L396_f04_plane1_mcorrected_flipX,219,0.582571804523468,122,0.8456498980522156
L396_f04,1,L396_f04_plane1_mcorrected_flipX,220,0.5912265181541443,122,0.8456498980522156
L396_f04,1,L396_f04_plane1_mcorrected_flipX,221,0.5914071798324585,122,0.8456498980522156
L396_f04,1,L396_f04_plane1_mcorrected_flipX,222,0.5962195992469788,122,0.8456498980522156
L396_f04,1,L396_f04_plane1_mcorrected_flipX,223,0.5989766120910645,122,0.8456498980522156
L396_f04,1,L396_f04_plane1_mcorrected_flipX,224,0.6041255593299866,122,0.8456498980522156
L396_f04,1,L396_f04_plane1_mcorrected_flipX,225,0.6006132364273071,122,0.8456498980522156
L396_f04,1,L396_f04_plane1_mcorrected_flipX,226,0.6019495129585266,122,0.8456498980522156
L396_f04,1,L396_f04_plane1_mcorrected_flipX,227,0.6029796600341797,122,0.8456498980522156
L396_f04,1,L396_f04_plane1_mcorrected_flipX,228,0.6093669533729553,122,0.8456498980522156
L396_f04,1,L396_f04_plane1_mcorrected_flipX,229,0.6111899614334106,122,0.8456498980522156
L396_f04,1,L396_f04_plane1_mcorrected_flipX,230,0.615643322467804,122,0.8456498980522156
L396_f04,1,L396_f04_plane1_mcorrected_flipX,231,0.6162891387939453,122,0.8456498980522156
L396_f04,1,L396_f04_plane1_mcorrected_flipX,232,0.6208699345588684,122,0.8456498980522156
L396_f04,1,L396_f04_plane1_mcorrected_flipX,233,0.6225233674049377,122,0.8456498980522156
L396_f04,1,L396_f04_plane1_mcorrected_flipX,234,0.6198676824569702,122,0.8456498980522156
L396_f04,1,L396_f04_plane1_mcorrected_flipX,235,0.6194255352020264,122,0.8456498980522156
L396_f04,1,L396_f04_plane1_mcorrected_flipX,236,0.6234908103942871,122,0.8456498980522156
L396_f04,1,L396_f04_plane1_mcorrected_flipX,237,0.6183478832244873,122,0.8456498980522156
L396_f04,1,L396_f04_plane1_mcorrected_flipX,238,0.6214634776115417,122,0.8456498980522156
L396_f04,1,L396_f04_plane1_mcorrected_flipX,239,0.618057131767273,122,0.8456498980522156
L396_f04,1,L396_f04_plane1_mcorrected_flipX,240,0.6078481674194336,122,0.8456498980522156
L396_f04,1,L396_f04_plane1_mcorrected_flipX,241,0.6100847721099854,122,0.8456498980522156
L396_f04,1,L396_f04_plane1_mcorrected_flipX,242,0.6082038879394531,122,0.8456498980522156
L396_f04,1,L396_f04_plane1_mcorrected_flipX,243,0.6107195615768433,122,0.8456498980522156
L396_f04,1,L396_f04_plane1_mcorrected_flipX,244,0.607928991317749,122,0.8456498980522156
L396_f04,1,L396_f04_plane1_mcorrected_flipX,245,0.6106487512588501,122,0.8456498980522156
L396_f04,2,L396_f04_plane2_mcorrected_flipX,0,0.5594915151596069,127,0.8200302720069885
L396_f04,2,L396_f04_plane2_mcorrected_flipX,1,0.563419759273529,127,0.8200302720069885
L396_f04,2,L396_f04_plane2_mcorrected_flipX,2,0.5615246891975403,127,0.8200302720069885
L396_f04,2,L396_f04_plane2_mcorrected_flipX,3,0.5605742335319519,127,0.8200302720069885
L396_f04,2,L396_f04_plane2_mcorrected_flipX,4,0.5542738437652588,127,0.8200302720069885
L396_f04,2,L396_f04_plane2_mcorrected_flipX,5,0.5471323132514954,127,0.8200302720069885
L396_f04,2,L396_f04_plane2_mcorrected_flipX,6,0.5568255186080933,127,0.8200302720069885
L396_f04,2,L396_f04_plane2_mcorrected_flipX,7,0.5562607049942017,127,0.8200302720069885
L396_f04,2,L396_f04_plane2_mcorrected_flipX,8,0.5591297745704651,127,0.8200302720069885
L396_f04,2,L396_f04_plane2_mcorrected_flipX,9,0.55593341588974,127,0.8200302720069885
L396_f04,2,L396_f04_plane2_mcorrected_flipX,10,0.5575122237205505,127,0.8200302720069885
L396_f04,2,L396_f04_plane2_mcorrected_flipX,11,0.5524138808250427,127,0.8200302720069885
L396_f04,2,L396_f04_plane2_mcorrected_flipX,12,0.5496487617492676,127,0.8200302720069885
L396_f04,2,L396_f04_plane2_mcorrected_flipX,13,0.5502886176109314,127,0.8200302720069885
L396_f04,2,L396_f04_plane2_mcorrected_flipX,14,0.5517166256904602,127,0.8200302720069885
L396_f04,2,L396_f04_plane2_mcorrected_flipX,15,0.5472619533538818,127,0.8200302720069885
L396_f04,2,L396_f04_plane2_mcorrected_flipX,16,0.5456498265266418,127,0.8200302720069885
L396_f04,2,L396_f04_plane2_mcorrected_flipX,17,0.5311698913574219,127,0.8200302720069885
L396_f04,2,L396_f04_plane2_mcorrected_flipX,18,0.5289340019226074,127,0.8200302720069885
L396_f04,2,L396_f04_plane2_mcorrected_flipX,19,0.5314666032791138,127,0.8200302720069885
L396_f04,2,L396_f04_plane2_mcorrected_flipX,20,0.5288254618644714,127,0.8200302720069885
L396_f04,2,L396_f04_plane2_mcorrected_flipX,21,0.5289613604545593,127,0.8200302720069885
L396_f04,2,L396_f04_plane2_mcorrected_flipX,22,0.5378071665763855,127,0.8200302720069885
L396_f04,2,L396_f04_plane2_mcorrected_flipX,23,0.5169996619224548,127,0.8200302720069885
L396_f04,2,L396_f04_plane2_mcorrected_flipX,24,0.5229853987693787,127,0.8200302720069885
L396_f04,2,L396_f04_plane2_mcorrected_flipX,25,0.5376504063606262,127,0.8200302720069885
L396_f04,2,L396_f04_plane2_mcorrected_flipX,26,0.5344154238700867,127,0.8200302720069885
L396_f04,2,L396_f04_plane2_mcorrected_flipX,27,0.5295121073722839,127,0.8200302720069885
L396_f04,2,L396_f04_plane2_mcorrected_flipX,28,0.5317132472991943,127,0.8200302720069885
L396_f04,2,L396_f04_plane2_mcorrected_flipX,29,0.526993989944458,127,0.8200302720069885
L396_f04,2,L396_f04_plane2_mcorrected_flipX,30,0.5297800898551941,127,0.8200302720069885
L396_f04,2,L396_f04_plane2_mcorrected_flipX,31,0.5263137221336365,127,0.8200302720069885
L396_f04,2,L396_f04_plane2_mcorrected_flipX,32,0.5358756184577942,127,0.8200302720069885
L396_f04,2,L396_f04_plane2_mcorrected_flipX,33,0.5274614691734314,127,0.8200302720069885
L396_f04,2,L396_f04_plane2_mcorrected_flipX,34,0.5270516276359558,127,0.8200302720069885
L396_f04,2,L396_f04_plane2_mcorrected_flipX,35,0.5257951617240906,127,0.8200302720069885
L396_f04,2,L396_f04_plane2_mcorrected_flipX,36,0.5235922336578369,127,0.8200302720069885
L396_f04,2,L396_f04_plane2_mcorrected_flipX,37,0.5249795913696289,127,0.8200302720069885
L396_f04,2,L396_f04_plane2_mcorrected_flipX,38,0.5290080308914185,127,0.8200302720069885
L396_f04,2,L396_f04_plane2_mcorrected_flipX,39,0.5231812000274658,127,0.8200302720069885
L396_f04,2,L396_f04_plane2_mcorrected_flipX,40,0.53874272108078,127,0.8200302720069885
L396_f04,2,L396_f04_plane2_mcorrected_flipX,41,0.5370653867721558,127,0.8200302720069885
L396_f04,2,L396_f04_plane2_mcorrected_flipX,42,0.5350459814071655,127,0.8200302720069885
L396_f04,2,L396_f04_plane2_mcorrected_flipX,43,0.5330521464347839,127,0.8200302720069885
L396_f04,2,L396_f04_plane2_mcorrected_flipX,44,0.538483202457428,127,0.8200302720069885
L396_f04,2,L396_f04_plane2_mcorrected_flipX,45,0.5444560647010803,127,0.8200302720069885
L396_f04,2,L396_f04_plane2_mcorrected_flipX,46,0.5379883646965027,127,0.8200302720069885
L396_f04,2,L396_f04_plane2_mcorrected_flipX,47,0.537478506565094,127,0.8200302720069885
L396_f04,2,L396_f04_plane2_mcorrected_flipX,48,0.5323103666305542,127,0.8200302720069885
L396_f04,2,L396_f04_plane2_mcorrected_flipX,49,0.5393458008766174,127,0.8200302720069885
L396_f04,2,L396_f04_plane2_mcorrected_flipX,50,0.539172351360321,127,0.8200302720069885
L396_f04,2,L396_f04_plane2_mcorrected_flipX,51,0.5402947664260864,127,0.8200302720069885
L396_f04,2,L396_f04_plane2_mcorrected_flipX,52,0.5434281826019287,127,0.8200302720069885
L396_f04,2,L396_f04_plane2_mcorrected_flipX,53,0.5492146611213684,127,0.8200302720069885
L396_f04,2,L396_f04_plane2_mcorrected_flipX,54,0.5450946688652039,127,0.8200302720069885
L396_f04,2,L396_f04_plane2_mcorrected_flipX,55,0.5493096113204956,127,0.8200302720069885
L396_f04,2,L396_f04_plane2_mcorrected_flipX,56,0.5481441617012024,127,0.8200302720069885
L396_f04,2,L396_f04_plane2_mcorrected_flipX,57,0.5502744317054749,127,0.8200302720069885
L396_f04,2,L396_f04_plane2_mcorrected_flipX,58,0.55377596616745,127,0.8200302720069885
L396_f04,2,L396_f04_plane2_mcorrected_flipX,59,0.5482355952262878,127,0.8200302720069885
L396_f04,2,L396_f04_plane2_mcorrected_flipX,60,0.5511484146118164,127,0.8200302720069885
L396_f04,2,L396_f04_plane2_mcorrected_flipX,61,0.5510964393615723,127,0.8200302720069885
L396_f04,2,L396_f04_plane2_mcorrected_flipX,62,0.5521388649940491,127,0.8200302720069885
L396_f04,2,L396_f04_plane2_mcorrected_flipX,63,0.5471140146255493,127,0.8200302720069885
L396_f04,2,L396_f04_plane2_mcorrected_flipX,64,0.540984034538269,127,0.8200302720069885
L396_f04,2,L396_f04_plane2_mcorrected_flipX,65,0.5413621664047241,127,0.8200302720069885
L396_f04,2,L396_f04_plane2_mcorrected_flipX,66,0.5450816750526428,127,0.8200302720069885
L396_f04,2,L396_f04_plane2_mcorrected_flipX,67,0.5447022318840027,127,0.8200302720069885
L396_f04,2,L396_f04_plane2_mcorrected_flipX,68,0.5429319739341736,127,0.8200302720069885
L396_f04,2,L396_f04_plane2_mcorrected_flipX,69,0.5445733666419983,127,0.8200302720069885
L396_f04,2,L396_f04_plane2_mcorrected_flipX,70,0.5468825697898865,127,0.8200302720069885
L396_f04,2,L396_f04_plane2_mcorrected_flipX,71,0.5451967716217041,127,0.8200302720069885
L396_f04,2,L396_f04_plane2_mcorrected_flipX,72,0.5450068712234497,127,0.8200302720069885
L396_f04,2,L396_f04_plane2_mcorrected_flipX,73,0.5425078868865967,127,0.8200302720069885
L396_f04,2,L396_f04_plane2_mcorrected_flipX,74,0.5435210466384888,127,0.8200302720069885
L396_f04,2,L396_f04_plane2_mcorrected_flipX,75,0.5422890186309814,127,0.8200302720069885
L396_f04,2,L396_f04_plane2_mcorrected_flipX,76,0.5447497367858887,127,0.8200302720069885
L396_f04,2,L396_f04_plane2_mcorrected_flipX,77,0.5420690774917603,127,0.8200302720069885
L396_f04,2,L396_f04_plane2_mcorrected_flipX,78,0.5450505614280701,127,0.8200302720069885
L396_f04,2,L396_f04_plane2_mcorrected_flipX,79,0.5397427678108215,127,0.8200302720069885
L396_f04,2,L396_f04_plane2_mcorrected_flipX,80,0.5240941047668457,127,0.8200302720069885
L396_f04,2,L396_f04_plane2_mcorrected_flipX,81,0.5231016278266907,127,0.8200302720069885
L396_f04,2,L396_f04_plane2_mcorrected_flipX,82,0.5141273140907288,127,0.8200302720069885
L396_f04,2,L396_f04_plane2_mcorrected_flipX,83,0.5175296068191528,127,0.8200302720069885
L396_f04,2,L396_f04_plane2_mcorrected_flipX,84,0.5147624611854553,127,0.8200302720069885
L396_f04,2,L396_f04_plane2_mcorrected_flipX,85,0.5104042887687683,127,0.8200302720069885
L396_f04,2,L396_f04_plane2_mcorrected_flipX,86,0.5061041116714478,127,0.8200302720069885
L396_f04,2,L396_f04_plane2_mcorrected_flipX,87,0.5038751363754272,127,0.8200302720069885
L396_f04,2,L396_f04_plane2_mcorrected_flipX,88,0.49848538637161255,127,0.8200302720069885
L396_f04,2,L396_f04_plane2_mcorrected_flipX,89,0.5009918808937073,127,0.8200302720069885
L396_f04,2,L396_f04_plane2_mcorrected_flipX,90,0.5080946087837219,127,0.8200302720069885
L396_f04,2,L396_f04_plane2_mcorrected_flipX,91,0.5086585879325867,127,0.8200302720069885
L396_f04,2,L396_f04_plane2_mcorrected_flipX,92,0.5177080631256104,127,0.8200302720069885
L396_f04,2,L396_f04_plane2_mcorrected_flipX,93,0.5135538578033447,127,0.8200302720069885
L396_f04,2,L396_f04_plane2_mcorrected_flipX,94,0.5201242566108704,127,0.8200302720069885
L396_f04,2,L396_f04_plane2_mcorrected_flipX,95,0.5201762914657593,127,0.8200302720069885
L396_f04,2,L396_f04_plane2_mcorrected_flipX,96,0.5268561244010925,127,0.8200302720069885
L396_f04,2,L396_f04_plane2_mcorrected_flipX,97,0.5291371941566467,127,0.8200302720069885
L396_f04,2,L396_f04_plane2_mcorrected_flipX,98,0.5410921573638916,127,0.8200302720069885
L396_f04,2,L396_f04_plane2_mcorrected_flipX,99,0.5455669164657593,127,0.8200302720069885
L396_f04,2,L396_f04_plane2_mcorrected_flipX,100,0.5514903664588928,127,0.8200302720069885
L396_f04,2,L396_f04_plane2_mcorrected_flipX,101,0.5441648960113525,127,0.8200302720069885
L396_f04,2,L396_f04_plane2_mcorrected_flipX,102,0.5463478565216064,127,0.8200302720069885
L396_f04,2,L396_f04_plane2_mcorrected_flipX,103,0.5480929017066956,127,0.8200302720069885
L396_f04,2,L396_f04_plane2_mcorrected_flipX,104,0.5491108298301697,127,0.8200302720069885
L396_f04,2,L396_f04_plane2_mcorrected_flipX,105,0.5520055294036865,127,0.8200302720069885
L396_f04,2,L396_f04_plane2_mcorrected_flipX,106,0.5578503608703613,127,0.8200302720069885
L396_f04,2,L396_f04_plane2_mcorrected_flipX,107,0.5589608550071716,127,0.8200302720069885
L396_f04,2,L396_f04_plane2_mcorrected_flipX,108,0.5622265338897705,127,0.8200302720069885
L396_f04,2,L396_f04_plane2_mcorrected_flipX,109,0.5643119215965271,127,0.8200302720069885
L396_f04,2,L396_f04_plane2_mcorrected_flipX,110,0.5659765601158142,127,0.8200302720069885
L396_f04,2,L396_f04_plane2_mcorrected_flipX,111,0.5691894292831421,127,0.8200302720069885
L396_f04,2,L396_f04_plane2_mcorrected_flipX,112,0.5708462595939636,127,0.8200302720069885
L396_f04,2,L396_f04_plane2_mcorrected_flipX,113,0.5773229598999023,127,0.8200302720069885
L396_f04,2,L396_f04_plane2_mcorrected_flipX,114,0.5821653604507446,127,0.8200302720069885
L396_f04,2,L396_f04_plane2_mcorrected_flipX,115,0.5910118818283081,127,0.8200302720069885
L396_f04,2,L396_f04_plane2_mcorrected_flipX,116,0.6130418181419373,127,0.8200302720069885
L396_f04,2,L396_f04_plane2_mcorrected_flipX,117,0.6230402588844299,127,0.8200302720069885
L396_f04,2,L396_f04_plane2_mcorrected_flipX,118,0.6333836317062378,127,0.8200302720069885
L396_f04,2,L396_f04_plane2_mcorrected_flipX,119,0.6473710536956787,127,0.8200302720069885
L396_f04,2,L396_f04_plane2_mcorrected_flipX,120,0.6644542217254639,127,0.8200302720069885
L396_f04,2,L396_f04_plane2_mcorrected_flipX,121,0.6776886582374573,127,0.8200302720069885
L396_f04,2,L396_f04_plane2_mcorrected_flipX,122,0.6992854475975037,127,0.8200302720069885
L396_f04,2,L396_f04_plane2_mcorrected_flipX,123,0.7269358038902283,127,0.8200302720069885
L396_f04,2,L396_f04_plane2_mcorrected_flipX,124,0.7625885009765625,127,0.8200302720069885
L396_f04,2,L396_f04_plane2_mcorrected_flipX,125,0.7949622273445129,127,0.8200302720069885
L396_f04,2,L396_f04_plane2_mcorrected_flipX,126,0.8198870420455933,127,0.8200302720069885
L396_f04,2,L396_f04_plane2_mcorrected_flipX,127,0.8200302720069885,127,0.8200302720069885
L396_f04,2,L396_f04_plane2_mcorrected_flipX,128,0.7911518216133118,127,0.8200302720069885
L396_f04,2,L396_f04_plane2_mcorrected_flipX,129,0.7608553767204285,127,0.8200302720069885
L396_f04,2,L396_f04_plane2_mcorrected_flipX,130,0.730554461479187,127,0.8200302720069885
L396_f04,2,L396_f04_plane2_mcorrected_flipX,131,0.7128879427909851,127,0.8200302720069885
L396_f04,2,L396_f04_plane2_mcorrected_flipX,132,0.6987473368644714,127,0.8200302720069885
L396_f04,2,L396_f04_plane2_mcorrected_flipX,133,0.6914059519767761,127,0.8200302720069885
L396_f04,2,L396_f04_plane2_mcorrected_flipX,134,0.6807891130447388,127,0.8200302720069885
L396_f04,2,L396_f04_plane2_mcorrected_flipX,135,0.6698103547096252,127,0.8200302720069885
L396_f04,2,L396_f04_plane2_mcorrected_flipX,136,0.6557155251502991,127,0.8200302720069885
L396_f04,2,L396_f04_plane2_mcorrected_flipX,137,0.6458370089530945,127,0.8200302720069885
L396_f04,2,L396_f04_plane2_mcorrected_flipX,138,0.631750226020813,127,0.8200302720069885
L396_f04,2,L396_f04_plane2_mcorrected_flipX,139,0.6260011792182922,127,0.8200302720069885
L396_f04,2,L396_f04_plane2_mcorrected_flipX,140,0.6220528483390808,127,0.8200302720069885
L396_f04,2,L396_f04_plane2_mcorrected_flipX,141,0.6189001798629761,127,0.8200302720069885
L396_f04,2,L396_f04_plane2_mcorrected_flipX,142,0.6125052571296692,127,0.8200302720069885
L396_f04,2,L396_f04_plane2_mcorrected_flipX,143,0.6104411482810974,127,0.8200302720069885
L396_f04,2,L396_f04_plane2_mcorrected_flipX,144,0.6102293729782104,127,0.8200302720069885
L396_f04,2,L396_f04_plane2_mcorrected_flipX,145,0.6058568954467773,127,0.8200302720069885
L396_f04,2,L396_f04_plane2_mcorrected_flipX,146,0.6022399067878723,127,0.8200302720069885
L396_f04,2,L396_f04_plane2_mcorrected_flipX,147,0.6072829961776733,127,0.8200302720069885
L396_f04,2,L396_f04_plane2_mcorrected_flipX,148,0.6039475798606873,127,0.8200302720069885
L396_f04,2,L396_f04_plane2_mcorrected_flipX,149,0.5931122303009033,127,0.8200302720069885
L396_f04,2,L396_f04_plane2_mcorrected_flipX,150,0.5948402285575867,127,0.8200302720069885
L396_f04,2,L396_f04_plane2_mcorrected_flipX,151,0.5893643498420715,127,0.8200302720069885
L396_f04,2,L396_f04_plane2_mcorrected_flipX,152,0.5871517062187195,127,0.8200302720069885
L396_f04,2,L396_f04_plane2_mcorrected_flipX,153,0.5820935368537903,127,0.8200302720069885
L396_f04,2,L396_f04_plane2_mcorrected_flipX,154,0.5751845836639404,127,0.8200302720069885
L396_f04,2,L396_f04_plane2_mcorrected_flipX,155,0.5762089490890503,127,0.8200302720069885
L396_f04,2,L396_f04_plane2_mcorrected_flipX,156,0.5761127471923828,127,0.8200302720069885
L396_f04,2,L396_f04_plane2_mcorrected_flipX,157,0.5645487904548645,127,0.8200302720069885
L396_f04,2,L396_f04_plane2_mcorrected_flipX,158,0.5570403933525085,127,0.8200302720069885
L396_f04,2,L396_f04_plane2_mcorrected_flipX,159,0.5493282675743103,127,0.8200302720069885
L396_f04,2,L396_f04_plane2_mcorrected_flipX,160,0.5426216125488281,127,0.8200302720069885
L396_f04,2,L396_f04_plane2_mcorrected_flipX,161,0.5464867949485779,127,0.8200302720069885
L396_f04,2,L396_f04_plane2_mcorrected_flipX,162,0.5413925051689148,127,0.8200302720069885
L396_f04,2,L396_f04_plane2_mcorrected_flipX,163,0.5385276079177856,127,0.8200302720069885
L396_f04,2,L396_f04_plane2_mcorrected_flipX,164,0.5317071676254272,127,0.8200302720069885
L396_f04,2,L396_f04_plane2_mcorrected_flipX,165,0.531508207321167,127,0.8200302720069885
L396_f04,2,L396_f04_plane2_mcorrected_flipX,166,0.5296396017074585,127,0.8200302720069885
L396_f04,2,L396_f04_plane2_mcorrected_flipX,167,0.5313539505004883,127,0.8200302720069885
L396_f04,2,L396_f04_plane2_mcorrected_flipX,168,0.5234284996986389,127,0.8200302720069885
L396_f04,2,L396_f04_plane2_mcorrected_flipX,169,0.523963212966919,127,0.8200302720069885
L396_f04,2,L396_f04_plane2_mcorrected_flipX,170,0.5298871994018555,127,0.8200302720069885
L396_f04,2,L396_f04_plane2_mcorrected_flipX,171,0.5249576568603516,127,0.8200302720069885
L396_f04,2,L396_f04_plane2_mcorrected_flipX,172,0.5362240672111511,127,0.8200302720069885
L396_f04,2,L396_f04_plane2_mcorrected_flipX,173,0.5341131687164307,127,0.8200302720069885
L396_f04,2,L396_f04_plane2_mcorrected_flipX,174,0.5296816229820251,127,0.8200302720069885
L396_f04,2,L396_f04_plane2_mcorrected_flipX,175,0.5258328318595886,127,0.8200302720069885
L396_f04,2,L396_f04_plane2_mcorrected_flipX,176,0.5203579068183899,127,0.8200302720069885
L396_f04,2,L396_f04_plane2_mcorrected_flipX,177,0.5236532688140869,127,0.8200302720069885
L396_f04,2,L396_f04_plane2_mcorrected_flipX,178,0.531936526298523,127,0.8200302720069885
L396_f04,2,L396_f04_plane2_mcorrected_flipX,179,0.5355960726737976,127,0.8200302720069885
L396_f04,2,L396_f04_plane2_mcorrected_flipX,180,0.5358673930168152,127,0.8200302720069885
L396_f04,2,L396_f04_plane2_mcorrected_flipX,181,0.536923885345459,127,0.8200302720069885
L396_f04,2,L396_f04_plane2_mcorrected_flipX,182,0.5412845015525818,127,0.8200302720069885
L396_f04,2,L396_f04_plane2_mcorrected_flipX,183,0.5356738567352295,127,0.8200302720069885
L396_f04,2,L396_f04_plane2_mcorrected_flipX,184,0.5246817469596863,127,0.8200302720069885
L396_f04,2,L396_f04_plane2_mcorrected_flipX,185,0.5199018120765686,127,0.8200302720069885
L396_f04,2,L396_f04_plane2_mcorrected_flipX,186,0.5202828645706177,127,0.8200302720069885
L396_f04,2,L396_f04_plane2_mcorrected_flipX,187,0.5132625102996826,127,0.8200302720069885
L396_f04,2,L396_f04_plane2_mcorrected_flipX,188,0.5157037973403931,127,0.8200302720069885
L396_f04,2,L396_f04_plane2_mcorrected_flipX,189,0.5124965906143188,127,0.8200302720069885
L396_f04,2,L396_f04_plane2_mcorrected_flipX,190,0.5064533948898315,127,0.8200302720069885
L396_f04,2,L396_f04_plane2_mcorrected_flipX,191,0.5107380151748657,127,0.8200302720069885
L396_f04,2,L396_f04_plane2_mcorrected_flipX,192,0.5116961002349854,127,0.8200302720069885
L396_f04,2,L396_f04_plane2_mcorrected_flipX,193,0.5081865191459656,127,0.8200302720069885
L396_f04,2,L396_f04_plane2_mcorrected_flipX,194,0.5091657042503357,127,0.8200302720069885
L396_f04,2,L396_f04_plane2_mcorrected_flipX,195,0.5063070058822632,127,0.8200302720069885
L396_f04,2,L396_f04_plane2_mcorrected_flipX,196,0.5136868357658386,127,0.8200302720069885
L396_f04,2,L396_f04_plane2_mcorrected_flipX,197,0.5131117105484009,127,0.8200302720069885
L396_f04,2,L396_f04_plane2_mcorrected_flipX,198,0.49901440739631653,127,0.8200302720069885
L396_f04,2,L396_f04_plane2_mcorrected_flipX,199,0.4985448718070984,127,0.8200302720069885
L396_f04,2,L396_f04_plane2_mcorrected_flipX,200,0.4968477487564087,127,0.8200302720069885
L396_f04,2,L396_f04_plane2_mcorrected_flipX,201,0.5053364634513855,127,0.8200302720069885
L396_f04,2,L396_f04_plane2_mcorrected_flipX,202,0.5115376114845276,127,0.8200302720069885
L396_f04,2,L396_f04_plane2_mcorrected_flipX,203,0.5164588689804077,127,0.8200302720069885
L396_f04,2,L396_f04_plane2_mcorrected_flipX,204,0.5214678049087524,127,0.8200302720069885
L396_f04,2,L396_f04_plane2_mcorrected_flipX,205,0.5261449217796326,127,0.8200302720069885
L396_f04,2,L396_f04_plane2_mcorrected_flipX,206,0.5277692675590515,127,0.8200302720069885
L396_f04,2,L396_f04_plane2_mcorrected_flipX,207,0.5275972485542297,127,0.8200302720069885
L396_f04,2,L396_f04_plane2_mcorrected_flipX,208,0.5268570780754089,127,0.8200302720069885
L396_f04,2,L396_f04_plane2_mcorrected_flipX,209,0.5306511521339417,127,0.8200302720069885
L396_f04,2,L396_f04_plane2_mcorrected_flipX,210,0.5395751595497131,127,0.8200302720069885
L396_f04,2,L396_f04_plane2_mcorrected_flipX,211,0.5411599278450012,127,0.8200302720069885
L396_f04,2,L396_f04_plane2_mcorrected_flipX,212,0.5435765981674194,127,0.8200302720069885
L396_f04,2,L396_f04_plane2_mcorrected_flipX,213,0.5510314702987671,127,0.8200302720069885
L396_f04,2,L396_f04_plane2_mcorrected_flipX,214,0.5540277361869812,127,0.8200302720069885
L396_f04,2,L396_f04_plane2_mcorrected_flipX,215,0.558957040309906,127,0.8200302720069885
L396_f04,2,L396_f04_plane2_mcorrected_flipX,216,0.5551304817199707,127,0.8200302720069885
L396_f04,2,L396_f04_plane2_mcorrected_flipX,217,0.5666415691375732,127,0.8200302720069885
L396_f04,2,L396_f04_plane2_mcorrected_flipX,218,0.5693932771682739,127,0.8200302720069885
L396_f04,2,L396_f04_plane2_mcorrected_flipX,219,0.5720179677009583,127,0.8200302720069885
L396_f04,2,L396_f04_plane2_mcorrected_flipX,220,0.5822354555130005,127,0.8200302720069885
L396_f04,2,L396_f04_plane2_mcorrected_flipX,221,0.5852718353271484,127,0.8200302720069885
L396_f04,2,L396_f04_plane2_mcorrected_flipX,222,0.5918515920639038,127,0.8200302720069885
L396_f04,2,L396_f04_plane2_mcorrected_flipX,223,0.5915389060974121,127,0.8200302720069885
L396_f04,2,L396_f04_plane2_mcorrected_flipX,224,0.5961353182792664,127,0.8200302720069885
L396_f04,2,L396_f04_plane2_mcorrected_flipX,225,0.5907315611839294,127,0.8200302720069885
L396_f04,2,L396_f04_plane2_mcorrected_flipX,226,0.5917929410934448,127,0.8200302720069885
L396_f04,2,L396_f04_plane2_mcorrected_flipX,227,0.5930430889129639,127,0.8200302720069885
L396_f04,2,L396_f04_plane2_mcorrected_flipX,228,0.5966678857803345,127,0.8200302720069885
L396_f04,2,L396_f04_plane2_mcorrected_flipX,229,0.5949850082397461,127,0.8200302720069885
L396_f04,2,L396_f04_plane2_mcorrected_flipX,230,0.6004113554954529,127,0.8200302720069885
L396_f04,2,L396_f04_plane2_mcorrected_flipX,231,0.6023992300033569,127,0.8200302720069885
L396_f04,2,L396_f04_plane2_mcorrected_flipX,232,0.6089249849319458,127,0.8200302720069885
L396_f04,2,L396_f04_plane2_mcorrected_flipX,233,0.6138250827789307,127,0.8200302720069885
L396_f04,2,L396_f04_plane2_mcorrected_flipX,234,0.6094456911087036,127,0.8200302720069885
L396_f04,2,L396_f04_plane2_mcorrected_flipX,235,0.6070743203163147,127,0.8200302720069885
L396_f04,2,L396_f04_plane2_mcorrected_flipX,236,0.6116142868995667,127,0.8200302720069885
L396_f04,2,L396_f04_plane2_mcorrected_flipX,237,0.6072960495948792,127,0.8200302720069885
L396_f04,2,L396_f04_plane2_mcorrected_flipX,238,0.6101185083389282,127,0.8200302720069885
L396_f04,2,L396_f04_plane2_mcorrected_flipX,239,0.6059192419052124,127,0.8200302720069885
L396_f04,2,L396_f04_plane2_mcorrected_flipX,240,0.5956482887268066,127,0.8200302720069885
L396_f04,2,L396_f04_plane2_mcorrected_flipX,241,0.5942147374153137,127,0.8200302720069885
L396_f04,2,L396_f04_plane2_mcorrected_flipX,242,0.5900846123695374,127,0.8200302720069885
L396_f04,2,L396_f04_plane2_mcorrected_flipX,243,0.591465175151825,127,0.8200302720069885
L396_f04,2,L396_f04_plane2_mcorrected_flipX,244,0.5843100547790527,127,0.8200302720069885
L396_f04,2,L396_f04_plane2_mcorrected_flipX,245,0.5828656554222107,127,0.8200302720069885
L396_f04,3,L396_f04_plane3_mcorrected_flipX,0,0.5218623876571655,131,0.7771425843238831
L396_f04,3,L396_f04_plane3_mcorrected_flipX,1,0.5247742533683777,131,0.7771425843238831
L396_f04,3,L396_f04_plane3_mcorrected_flipX,2,0.5218197107315063,131,0.7771425843238831
L396_f04,3,L396_f04_plane3_mcorrected_flipX,3,0.5208340287208557,131,0.7771425843238831
L396_f04,3,L396_f04_plane3_mcorrected_flipX,4,0.515074610710144,131,0.7771425843238831
L396_f04,3,L396_f04_plane3_mcorrected_flipX,5,0.5080493688583374,131,0.7771425843238831
L396_f04,3,L396_f04_plane3_mcorrected_flipX,6,0.5164645314216614,131,0.7771425843238831
L396_f04,3,L396_f04_plane3_mcorrected_flipX,7,0.5167996287345886,131,0.7771425843238831
L396_f04,3,L396_f04_plane3_mcorrected_flipX,8,0.5187928080558777,131,0.7771425843238831
L396_f04,3,L396_f04_plane3_mcorrected_flipX,9,0.5156177282333374,131,0.7771425843238831
L396_f04,3,L396_f04_plane3_mcorrected_flipX,10,0.517024040222168,131,0.7771425843238831
L396_f04,3,L396_f04_plane3_mcorrected_flipX,11,0.512128472328186,131,0.7771425843238831
L396_f04,3,L396_f04_plane3_mcorrected_flipX,12,0.510330855846405,131,0.7771425843238831
L396_f04,3,L396_f04_plane3_mcorrected_flipX,13,0.5101119875907898,131,0.7771425843238831
L396_f04,3,L396_f04_plane3_mcorrected_flipX,14,0.5105172991752625,131,0.7771425843238831
L396_f04,3,L396_f04_plane3_mcorrected_flipX,15,0.5065633058547974,131,0.7771425843238831
L396_f04,3,L396_f04_plane3_mcorrected_flipX,16,0.5057613849639893,131,0.7771425843238831
L396_f04,3,L396_f04_plane3_mcorrected_flipX,17,0.493671178817749,131,0.7771425843238831
L396_f04,3,L396_f04_plane3_mcorrected_flipX,18,0.4943506121635437,131,0.7771425843238831
L396_f04,3,L396_f04_plane3_mcorrected_flipX,19,0.49497440457344055,131,0.7771425843238831
L396_f04,3,L396_f04_plane3_mcorrected_flipX,20,0.4944401681423187,131,0.7771425843238831
L396_f04,3,L396_f04_plane3_mcorrected_flipX,21,0.4944777488708496,131,0.7771425843238831
L396_f04,3,L396_f04_plane3_mcorrected_flipX,22,0.4987262487411499,131,0.7771425843238831
L396_f04,3,L396_f04_plane3_mcorrected_flipX,23,0.4788173735141754,131,0.7771425843238831
L396_f04,3,L396_f04_plane3_mcorrected_flipX,24,0.48220595717430115,131,0.7771425843238831
L396_f04,3,L396_f04_plane3_mcorrected_flipX,25,0.48645704984664917,131,0.7771425843238831
L396_f04,3,L396_f04_plane3_mcorrected_flipX,26,0.4774097502231598,131,0.7771425843238831
L396_f04,3,L396_f04_plane3_mcorrected_flipX,27,0.4796534478664398,131,0.7771425843238831
L396_f04,3,L396_f04_plane3_mcorrected_flipX,28,0.5001546144485474,131,0.7771425843238831
L396_f04,3,L396_f04_plane3_mcorrected_flipX,29,0.49403929710388184,131,0.7771425843238831
L396_f04,3,L396_f04_plane3_mcorrected_flipX,30,0.4979243874549866,131,0.7771425843238831
L396_f04,3,L396_f04_plane3_mcorrected_flipX,31,0.4885181188583374,131,0.7771425843238831
L396_f04,3,L396_f04_plane3_mcorrected_flipX,32,0.4999845623970032,131,0.7771425843238831
L396_f04,3,L396_f04_plane3_mcorrected_flipX,33,0.49344220757484436,131,0.7771425843238831
L396_f04,3,L396_f04_plane3_mcorrected_flipX,34,0.49596965312957764,131,0.7771425843238831
L396_f04,3,L396_f04_plane3_mcorrected_flipX,35,0.4970049262046814,131,0.7771425843238831
L396_f04,3,L396_f04_plane3_mcorrected_flipX,36,0.4954647123813629,131,0.7771425843238831
L396_f04,3,L396_f04_plane3_mcorrected_flipX,37,0.5007147789001465,131,0.7771425843238831
L396_f04,3,L396_f04_plane3_mcorrected_flipX,38,0.504557192325592,131,0.7771425843238831
L396_f04,3,L396_f04_plane3_mcorrected_flipX,39,0.5016171336174011,131,0.7771425843238831
L396_f04,3,L396_f04_plane3_mcorrected_flipX,40,0.5152851343154907,131,0.7771425843238831
L396_f04,3,L396_f04_plane3_mcorrected_flipX,41,0.5131660103797913,131,0.7771425843238831
L396_f04,3,L396_f04_plane3_mcorrected_flipX,42,0.5117937922477722,131,0.7771425843238831
L396_f04,3,L396_f04_plane3_mcorrected_flipX,43,0.5127687454223633,131,0.7771425843238831
L396_f04,3,L396_f04_plane3_mcorrected_flipX,44,0.5194772481918335,131,0.7771425843238831
L396_f04,3,L396_f04_plane3_mcorrected_flipX,45,0.5253621339797974,131,0.7771425843238831
L396_f04,3,L396_f04_plane3_mcorrected_flipX,46,0.5199368000030518,131,0.7771425843238831
L396_f04,3,L396_f04_plane3_mcorrected_flipX,47,0.5209816098213196,131,0.7771425843238831
L396_f04,3,L396_f04_plane3_mcorrected_flipX,48,0.5184125900268555,131,0.7771425843238831
L396_f04,3,L396_f04_plane3_mcorrected_flipX,49,0.5161190629005432,131,0.7771425843238831
L396_f04,3,L396_f04_plane3_mcorrected_flipX,50,0.5107618570327759,131,0.7771425843238831
L396_f04,3,L396_f04_plane3_mcorrected_flipX,51,0.5077552199363708,131,0.7771425843238831
L396_f04,3,L396_f04_plane3_mcorrected_flipX,52,0.5108064413070679,131,0.7771425843238831
L396_f04,3,L396_f04_plane3_mcorrected_flipX,53,0.5156086087226868,131,0.7771425843238831
L396_f04,3,L396_f04_plane3_mcorrected_flipX,54,0.5153887271881104,131,0.7771425843238831
L396_f04,3,L396_f04_plane3_mcorrected_flipX,55,0.5161488652229309,131,0.7771425843238831
L396_f04,3,L396_f04_plane3_mcorrected_flipX,56,0.5153661370277405,131,0.7771425843238831
L396_f04,3,L396_f04_plane3_mcorrected_flipX,57,0.5208262801170349,131,0.7771425843238831
L396_f04,3,L396_f04_plane3_mcorrected_flipX,58,0.5255634188652039,131,0.7771425843238831
L396_f04,3,L396_f04_plane3_mcorrected_flipX,59,0.5244646072387695,131,0.7771425843238831
L396_f04,3,L396_f04_plane3_mcorrected_flipX,60,0.524851381778717,131,0.7771425843238831
L396_f04,3,L396_f04_plane3_mcorrected_flipX,61,0.525100827217102,131,0.7771425843238831
L396_f04,3,L396_f04_plane3_mcorrected_flipX,62,0.5235863327980042,131,0.7771425843238831
L396_f04,3,L396_f04_plane3_mcorrected_flipX,63,0.5221689343452454,131,0.7771425843238831
L396_f04,3,L396_f04_plane3_mcorrected_flipX,64,0.5198454260826111,131,0.7771425843238831
L396_f04,3,L396_f04_plane3_mcorrected_flipX,65,0.5210601687431335,131,0.7771425843238831
L396_f04,3,L396_f04_plane3_mcorrected_flipX,66,0.5237326622009277,131,0.7771425843238831
L396_f04,3,L396_f04_plane3_mcorrected_flipX,67,0.5252051949501038,131,0.7771425843238831
L396_f04,3,L396_f04_plane3_mcorrected_flipX,68,0.5277591943740845,131,0.7771425843238831
L396_f04,3,L396_f04_plane3_mcorrected_flipX,69,0.5326135158538818,131,0.7771425843238831
L396_f04,3,L396_f04_plane3_mcorrected_flipX,70,0.533939003944397,131,0.7771425843238831
L396_f04,3,L396_f04_plane3_mcorrected_flipX,71,0.5326206684112549,131,0.7771425843238831
L396_f04,3,L396_f04_plane3_mcorrected_flipX,72,0.5308104157447815,131,0.7771425843238831
L396_f04,3,L396_f04_plane3_mcorrected_flipX,73,0.5279700756072998,131,0.7771425843238831
L396_f04,3,L396_f04_plane3_mcorrected_flipX,74,0.5232349634170532,131,0.7771425843238831
L396_f04,3,L396_f04_plane3_mcorrected_flipX,75,0.5196847915649414,131,0.7771425843238831
L396_f04,3,L396_f04_plane3_mcorrected_flipX,76,0.5190747380256653,131,0.7771425843238831
L396_f04,3,L396_f04_plane3_mcorrected_flipX,77,0.5160450339317322,131,0.7771425843238831
L396_f04,3,L396_f04_plane3_mcorrected_flipX,78,0.5199215412139893,131,0.7771425843238831
L396_f04,3,L396_f04_plane3_mcorrected_flipX,79,0.5196225047111511,131,0.7771425843238831
L396_f04,3,L396_f04_plane3_mcorrected_flipX,80,0.5146054625511169,131,0.7771425843238831
L396_f04,3,L396_f04_plane3_mcorrected_flipX,81,0.5128182172775269,131,0.7771425843238831
L396_f04,3,L396_f04_plane3_mcorrected_flipX,82,0.5035247206687927,131,0.7771425843238831
L396_f04,3,L396_f04_plane3_mcorrected_flipX,83,0.49567046761512756,131,0.7771425843238831
L396_f04,3,L396_f04_plane3_mcorrected_flipX,84,0.4829990863800049,131,0.7771425843238831
L396_f04,3,L396_f04_plane3_mcorrected_flipX,85,0.47378090023994446,131,0.7771425843238831
L396_f04,3,L396_f04_plane3_mcorrected_flipX,86,0.4784182906150818,131,0.7771425843238831
L396_f04,3,L396_f04_plane3_mcorrected_flipX,87,0.47823092341423035,131,0.7771425843238831
L396_f04,3,L396_f04_plane3_mcorrected_flipX,88,0.4784783720970154,131,0.7771425843238831
L396_f04,3,L396_f04_plane3_mcorrected_flipX,89,0.47263044118881226,131,0.7771425843238831
L396_f04,3,L396_f04_plane3_mcorrected_flipX,90,0.4634067714214325,131,0.7771425843238831
L396_f04,3,L396_f04_plane3_mcorrected_flipX,91,0.45881757140159607,131,0.7771425843238831
L396_f04,3,L396_f04_plane3_mcorrected_flipX,92,0.47340521216392517,131,0.7771425843238831
L396_f04,3,L396_f04_plane3_mcorrected_flipX,93,0.4750911295413971,131,0.7771425843238831
L396_f04,3,L396_f04_plane3_mcorrected_flipX,94,0.4918580651283264,131,0.7771425843238831
L396_f04,3,L396_f04_plane3_mcorrected_flipX,95,0.4947275221347809,131,0.7771425843238831
L396_f04,3,L396_f04_plane3_mcorrected_flipX,96,0.49877166748046875,131,0.7771425843238831
L396_f04,3,L396_f04_plane3_mcorrected_flipX,97,0.5027353763580322,131,0.7771425843238831
L396_f04,3,L396_f04_plane3_mcorrected_flipX,98,0.5134117603302002,131,0.7771425843238831
L396_f04,3,L396_f04_plane3_mcorrected_flipX,99,0.5160572528839111,131,0.7771425843238831
L396_f04,3,L396_f04_plane3_mcorrected_flipX,100,0.5214060544967651,131,0.7771425843238831
L396_f04,3,L396_f04_plane3_mcorrected_flipX,101,0.5273607969284058,131,0.7771425843238831
L396_f04,3,L396_f04_plane3_mcorrected_flipX,102,0.5340564846992493,131,0.7771425843238831
L396_f04,3,L396_f04_plane3_mcorrected_flipX,103,0.5315136909484863,131,0.7771425843238831
L396_f04,3,L396_f04_plane3_mcorrected_flipX,104,0.5288836359977722,131,0.7771425843238831
L396_f04,3,L396_f04_plane3_mcorrected_flipX,105,0.5260441303253174,131,0.7771425843238831
L396_f04,3,L396_f04_plane3_mcorrected_flipX,106,0.524941086769104,131,0.7771425843238831
L396_f04,3,L396_f04_plane3_mcorrected_flipX,107,0.5187614560127258,131,0.7771425843238831
L396_f04,3,L396_f04_plane3_mcorrected_flipX,108,0.517609715461731,131,0.7771425843238831
L396_f04,3,L396_f04_plane3_mcorrected_flipX,109,0.5191747546195984,131,0.7771425843238831
L396_f04,3,L396_f04_plane3_mcorrected_flipX,110,0.5166961550712585,131,0.7771425843238831
L396_f04,3,L396_f04_plane3_mcorrected_flipX,111,0.5160052180290222,131,0.7771425843238831
L396_f04,3,L396_f04_plane3_mcorrected_flipX,112,0.512273907661438,131,0.7771425843238831
L396_f04,3,L396_f04_plane3_mcorrected_flipX,113,0.513904333114624,131,0.7771425843238831
L396_f04,3,L396_f04_plane3_mcorrected_flipX,114,0.5213177800178528,131,0.7771425843238831
L396_f04,3,L396_f04_plane3_mcorrected_flipX,115,0.5268575549125671,131,0.7771425843238831
L396_f04,3,L396_f04_plane3_mcorrected_flipX,116,0.5401259660720825,131,0.7771425843238831
L396_f04,3,L396_f04_plane3_mcorrected_flipX,117,0.5513611435890198,131,0.7771425843238831
L396_f04,3,L396_f04_plane3_mcorrected_flipX,118,0.5635770559310913,131,0.7771425843238831
L396_f04,3,L396_f04_plane3_mcorrected_flipX,119,0.5750287175178528,131,0.7771425843238831
L396_f04,3,L396_f04_plane3_mcorrected_flipX,120,0.5837007164955139,131,0.7771425843238831
L396_f04,3,L396_f04_plane3_mcorrected_flipX,121,0.5847259163856506,131,0.7771425843238831
L396_f04,3,L396_f04_plane3_mcorrected_flipX,122,0.5983570218086243,131,0.7771425843238831
L396_f04,3,L396_f04_plane3_mcorrected_flipX,123,0.6143675446510315,131,0.7771425843238831
L396_f04,3,L396_f04_plane3_mcorrected_flipX,124,0.6368844509124756,131,0.7771425843238831
L396_f04,3,L396_f04_plane3_mcorrected_flipX,125,0.6515754461288452,131,0.7771425843238831
L396_f04,3,L396_f04_plane3_mcorrected_flipX,126,0.6659872531890869,131,0.7771425843238831
L396_f04,3,L396_f04_plane3_mcorrected_flipX,127,0.6869860291481018,131,0.7771425843238831
L396_f04,3,L396_f04_plane3_mcorrected_flipX,128,0.7059794664382935,131,0.7771425843238831
L396_f04,3,L396_f04_plane3_mcorrected_flipX,129,0.7300671339035034,131,0.7771425843238831
L396_f04,3,L396_f04_plane3_mcorrected_flipX,130,0.7593907117843628,131,0.7771425843238831
L396_f04,3,L396_f04_plane3_mcorrected_flipX,131,0.7771425843238831,131,0.7771425843238831
L396_f04,3,L396_f04_plane3_mcorrected_flipX,132,0.7754032015800476,131,0.7771425843238831
L396_f04,3,L396_f04_plane3_mcorrected_flipX,133,0.7608140707015991,131,0.7771425843238831
L396_f04,3,L396_f04_plane3_mcorrected_flipX,134,0.7364949584007263,131,0.7771425843238831
L396_f04,3,L396_f04_plane3_mcorrected_flipX,135,0.7122456431388855,131,0.7771425843238831
L396_f04,3,L396_f04_plane3_mcorrected_flipX,136,0.6893221139907837,131,0.7771425843238831
L396_f04,3,L396_f04_plane3_mcorrected_flipX,137,0.6742926239967346,131,0.7771425843238831
L396_f04,3,L396_f04_plane3_mcorrected_flipX,138,0.656524658203125,131,0.7771425843238831
L396_f04,3,L396_f04_plane3_mcorrected_flipX,139,0.6452139019966125,131,0.7771425843238831
L396_f04,3,L396_f04_plane3_mcorrected_flipX,140,0.6414605975151062,131,0.7771425843238831
L396_f04,3,L396_f04_plane3_mcorrected_flipX,141,0.6410487294197083,131,0.7771425843238831
L396_f04,3,L396_f04_plane3_mcorrected_flipX,142,0.6378323435783386,131,0.7771425843238831
L396_f04,3,L396_f04_plane3_mcorrected_flipX,143,0.6291730999946594,131,0.7771425843238831
L396_f04,3,L396_f04_plane3_mcorrected_flipX,144,0.6224076747894287,131,0.7771425843238831
L396_f04,3,L396_f04_plane3_mcorrected_flipX,145,0.6227739453315735,131,0.7771425843238831
L396_f04,3,L396_f04_plane3_mcorrected_flipX,146,0.6173824071884155,131,0.7771425843238831
L396_f04,3,L396_f04_plane3_mcorrected_flipX,147,0.6207009553909302,131,0.7771425843238831
L396_f04,3,L396_f04_plane3_mcorrected_flipX,148,0.6195576190948486,131,0.7771425843238831
L396_f04,3,L396_f04_plane3_mcorrected_flipX,149,0.6125084161758423,131,0.7771425843238831
L396_f04,3,L396_f04_plane3_mcorrected_flipX,150,0.6142572164535522,131,0.7771425843238831
L396_f04,3,L396_f04_plane3_mcorrected_flipX,151,0.6070709228515625,131,0.7771425843238831
L396_f04,3,L396_f04_plane3_mcorrected_flipX,152,0.601140022277832,131,0.7771425843238831
L396_f04,3,L396_f04_plane3_mcorrected_flipX,153,0.595514178276062,131,0.7771425843238831
L396_f04,3,L396_f04_plane3_mcorrected_flipX,154,0.5841526985168457,131,0.7771425843238831
L396_f04,3,L396_f04_plane3_mcorrected_flipX,155,0.573211133480072,131,0.7771425843238831
L396_f04,3,L396_f04_plane3_mcorrected_flipX,156,0.5631400346755981,131,0.7771425843238831
L396_f04,3,L396_f04_plane3_mcorrected_flipX,157,0.5493799448013306,131,0.7771425843238831
L396_f04,3,L396_f04_plane3_mcorrected_flipX,158,0.5396177768707275,131,0.7771425843238831
L396_f04,3,L396_f04_plane3_mcorrected_flipX,159,0.529808521270752,131,0.7771425843238831
L396_f04,3,L396_f04_plane3_mcorrected_flipX,160,0.5238293409347534,131,0.7771425843238831
L396_f04,3,L396_f04_plane3_mcorrected_flipX,161,0.5282356142997742,131,0.7771425843238831
L396_f04,3,L396_f04_plane3_mcorrected_flipX,162,0.5267946124076843,131,0.7771425843238831
L396_f04,3,L396_f04_plane3_mcorrected_flipX,163,0.5299784541130066,131,0.7771425843238831
L396_f04,3,L396_f04_plane3_mcorrected_flipX,164,0.5271366834640503,131,0.7771425843238831
L396_f04,3,L396_f04_plane3_mcorrected_flipX,165,0.5291940569877625,131,0.7771425843238831
L396_f04,3,L396_f04_plane3_mcorrected_flipX,166,0.5210183262825012,131,0.7771425843238831
L396_f04,3,L396_f04_plane3_mcorrected_flipX,167,0.5196382999420166,131,0.7771425843238831
L396_f04,3,L396_f04_plane3_mcorrected_flipX,168,0.5138782858848572,131,0.7771425843238831
L396_f04,3,L396_f04_plane3_mcorrected_flipX,169,0.5166440606117249,131,0.7771425843238831
L396_f04,3,L396_f04_plane3_mcorrected_flipX,170,0.5184404253959656,131,0.7771425843238831
L396_f04,3,L396_f04_plane3_mcorrected_flipX,171,0.514225959777832,131,0.7771425843238831
L396_f04,3,L396_f04_plane3_mcorrected_flipX,172,0.5191935896873474,131,0.7771425843238831
L396_f04,3,L396_f04_plane3_mcorrected_flipX,173,0.5154407024383545,131,0.7771425843238831
L396_f04,3,L396_f04_plane3_mcorrected_flipX,174,0.515544056892395,131,0.7771425843238831
L396_f04,3,L396_f04_plane3_mcorrected_flipX,175,0.5113967061042786,131,0.7771425843238831
L396_f04,3,L396_f04_plane3_mcorrected_flipX,176,0.5115222334861755,131,0.7771425843238831
L396_f04,3,L396_f04_plane3_mcorrected_flipX,177,0.5132516622543335,131,0.7771425843238831
L396_f04,3,L396_f04_plane3_mcorrected_flipX,178,0.5161420106887817,131,0.7771425843238831
L396_f04,3,L396_f04_plane3_mcorrected_flipX,179,0.5161702632904053,131,0.7771425843238831
L396_f04,3,L396_f04_plane3_mcorrected_flipX,180,0.5173081159591675,131,0.7771425843238831
L396_f04,3,L396_f04_plane3_mcorrected_flipX,181,0.5198609232902527,131,0.7771425843238831
L396_f04,3,L396_f04_plane3_mcorrected_flipX,182,0.5201853513717651,131,0.7771425843238831
L396_f04,3,L396_f04_plane3_mcorrected_flipX,183,0.5158517360687256,131,0.7771425843238831
L396_f04,3,L396_f04_plane3_mcorrected_flipX,184,0.5152216553688049,131,0.7771425843238831
L396_f04,3,L396_f04_plane3_mcorrected_flipX,185,0.5188292264938354,131,0.7771425843238831
L396_f04,3,L396_f04_plane3_mcorrected_flipX,186,0.5217748880386353,131,0.7771425843238831
L396_f04,3,L396_f04_plane3_mcorrected_flipX,187,0.5180039405822754,131,0.7771425843238831
L396_f04,3,L396_f04_plane3_mcorrected_flipX,188,0.5186672210693359,131,0.7771425843238831
L396_f04,3,L396_f04_plane3_mcorrected_flipX,189,0.5154672265052795,131,0.7771425843238831
L396_f04,3,L396_f04_plane3_mcorrected_flipX,190,0.5081208944320679,131,0.7771425843238831
L396_f04,3,L396_f04_plane3_mcorrected_flipX,191,0.5048028230667114,131,0.7771425843238831
L396_f04,3,L396_f04_plane3_mcorrected_flipX,192,0.5009345412254333,131,0.7771425843238831
L396_f04,3,L396_f04_plane3_mcorrected_flipX,193,0.4945731461048126,131,0.7771425843238831
L396_f04,3,L396_f04_plane3_mcorrected_flipX,194,0.4904622435569763,131,0.7771425843238831
L396_f04,3,L396_f04_plane3_mcorrected_flipX,195,0.4813356101512909,131,0.7771425843238831
L396_f04,3,L396_f04_plane3_mcorrected_flipX,196,0.48334044218063354,131,0.7771425843238831
L396_f04,3,L396_f04_plane3_mcorrected_flipX,197,0.4818647503852844,131,0.7771425843238831
L396_f04,3,L396_f04_plane3_mcorrected_flipX,198,0.467629998922348,131,0.7771425843238831
L396_f04,3,L396_f04_plane3_mcorrected_flipX,199,0.4709729850292206,131,0.7771425843238831
L396_f04,3,L396_f04_plane3_mcorrected_flipX,200,0.46939048171043396,131,0.7771425843238831
L396_f04,3,L396_f04_plane3_mcorrected_flipX,201,0.4749158024787903,131,0.7771425843238831
L396_f04,3,L396_f04_plane3_mcorrected_flipX,202,0.47904786467552185,131,0.7771425843238831
L396_f04,3,L396_f04_plane3_mcorrected_flipX,203,0.4798891842365265,131,0.7771425843238831
L396_f04,3,L396_f04_plane3_mcorrected_flipX,204,0.482474684715271,131,0.7771425843238831
L396_f04,3,L396_f04_plane3_mcorrected_flipX,205,0.485747754573822,131,0.7771425843238831
L396_f04,3,L396_f04_plane3_mcorrected_flipX,206,0.48620325326919556,131,0.7771425843238831
L396_f04,3,L396_f04_plane3_mcorrected_flipX,207,0.4926312565803528,131,0.7771425843238831
L396_f04,3,L396_f04_plane3_mcorrected_flipX,208,0.4950340986251831,131,0.7771425843238831
L396_f04,3,L396_f04_plane3_mcorrected_flipX,209,0.49667835235595703,131,0.7771425843238831
L396_f04,3,L396_f04_plane3_mcorrected_flipX,210,0.5072755813598633,131,0.7771425843238831
L396_f04,3,L396_f04_plane3_mcorrected_flipX,211,0.5089725255966187,131,0.7771425843238831
L396_f04,3,L396_f04_plane3_mcorrected_flipX,212,0.5109155178070068,131,0.7771425843238831
L396_f04,3,L396_f04_plane3_mcorrected_flipX,213,0.5181133151054382,131,0.7771425843238831
L396_f04,3,L396_f04_plane3_mcorrected_flipX,214,0.5217856168746948,131,0.7771425843238831
L396_f04,3,L396_f04_plane3_mcorrected_flipX,215,0.5279467701911926,131,0.7771425843238831
L396_f04,3,L396_f04_plane3_mcorrected_flipX,216,0.5267882347106934,131,0.7771425843238831
L396_f04,3,L396_f04_plane3_mcorrected_flipX,217,0.537796139717102,131,0.7771425843238831
L396_f04,3,L396_f04_plane3_mcorrected_flipX,218,0.541818380355835,131,0.7771425843238831
L396_f04,3,L396_f04_plane3_mcorrected_flipX,219,0.5461379289627075,131,0.7771425843238831
L396_f04,3,L396_f04_plane3_mcorrected_flipX,220,0.5566575527191162,131,0.7771425843238831
L396_f04,3,L396_f04_plane3_mcorrected_flipX,221,0.5614814758300781,131,0.7771425843238831
L396_f04,3,L396_f04_plane3_mcorrected_flipX,222,0.5682060718536377,131,0.7771425843238831
L396_f04,3,L396_f04_plane3_mcorrected_flipX,223,0.5716332793235779,131,0.7771425843238831
L396_f04,3,L396_f04_plane3_mcorrected_flipX,224,0.5788977146148682,131,0.7771425843238831
L396_f04,3,L396_f04_plane3_mcorrected_flipX,225,0.5779790878295898,131,0.7771425843238831
L396_f04,3,L396_f04_plane3_mcorrected_flipX,226,0.5809261798858643,131,0.7771425843238831
L396_f04,3,L396_f04_plane3_mcorrected_flipX,227,0.5862067341804504,131,0.7771425843238831
L396_f04,3,L396_f04_plane3_mcorrected_flipX,228,0.5916211605072021,131,0.7771425843238831
L396_f04,3,L396_f04_plane3_mcorrected_flipX,229,0.5947732329368591,131,0.7771425843238831
L396_f04,3,L396_f04_plane3_mcorrected_flipX,230,0.5993673801422119,131,0.7771425843238831
L396_f04,3,L396_f04_plane3_mcorrected_flipX,231,0.6009157299995422,131,0.7771425843238831
L396_f04,3,L396_f04_plane3_mcorrected_flipX,232,0.6073188185691833,131,0.7771425843238831
L396_f04,3,L396_f04_plane3_mcorrected_flipX,233,0.6122627854347229,131,0.7771425843238831
L396_f04,3,L396_f04_plane3_mcorrected_flipX,234,0.6113177537918091,131,0.7771425843238831
L396_f04,3,L396_f04_plane3_mcorrected_flipX,235,0.6123361587524414,131,0.7771425843238831
L396_f04,3,L396_f04_plane3_mcorrected_flipX,236,0.6171502470970154,131,0.7771425843238831
L396_f04,3,L396_f04_plane3_mcorrected_flipX,237,0.6143154501914978,131,0.7771425843238831
L396_f04,3,L396_f04_plane3_mcorrected_flipX,238,0.6122746467590332,131,0.7771425843238831
L396_f04,3,L396_f04_plane3_mcorrected_flipX,239,0.6082053780555725,131,0.7771425843238831
L396_f04,3,L396_f04_plane3_mcorrected_flipX,240,0.5997499227523804,131,0.7771425843238831
L396_f04,3,L396_f04_plane3_mcorrected_flipX,241,0.5967875123023987,131,0.7771425843238831
L396_f04,3,L396_f04_plane3_mcorrected_flipX,242,0.5945360660552979,131,0.7771425843238831
L396_f04,3,L396_f04_plane3_mcorrected_flipX,243,0.5972272753715515,131,0.7771425843238831
L396_f04,3,L396_f04_plane3_mcorrected_flipX,244,0.5904897451400757,131,0.7771425843238831
L396_f04,3,L396_f04_plane3_mcorrected_flipX,245,0.5890768766403198,131,0.7771425843238831
L396_f04,4,L396_f04_plane4_mcorrected_flipX,0,0.5077890157699585,137,0.7730713486671448
L396_f04,4,L396_f04_plane4_mcorrected_flipX,1,0.511635422706604,137,0.7730713486671448
L396_f04,4,L396_f04_plane4_mcorrected_flipX,2,0.5070393681526184,137,0.7730713486671448
L396_f04,4,L396_f04_plane4_mcorrected_flipX,3,0.5054765343666077,137,0.7730713486671448
L396_f04,4,L396_f04_plane4_mcorrected_flipX,4,0.49992477893829346,137,0.7730713486671448
L396_f04,4,L396_f04_plane4_mcorrected_flipX,5,0.49171996116638184,137,0.7730713486671448
L396_f04,4,L396_f04_plane4_mcorrected_flipX,6,0.5004492402076721,137,0.7730713486671448
L396_f04,4,L396_f04_plane4_mcorrected_flipX,7,0.50295490026474,137,0.7730713486671448
L396_f04,4,L396_f04_plane4_mcorrected_flipX,8,0.5027514696121216,137,0.7730713486671448
L396_f04,4,L396_f04_plane4_mcorrected_flipX,9,0.4993056654930115,137,0.7730713486671448
L396_f04,4,L396_f04_plane4_mcorrected_flipX,10,0.5030797123908997,137,0.7730713486671448
L396_f04,4,L396_f04_plane4_mcorrected_flipX,11,0.49412357807159424,137,0.7730713486671448
L396_f04,4,L396_f04_plane4_mcorrected_flipX,12,0.4985804557800293,137,0.7730713486671448
L396_f04,4,L396_f04_plane4_mcorrected_flipX,13,0.493259459733963,137,0.7730713486671448
L396_f04,4,L396_f04_plane4_mcorrected_flipX,14,0.4942528307437897,137,0.7730713486671448
L396_f04,4,L396_f04_plane4_mcorrected_flipX,15,0.4906158745288849,137,0.7730713486671448
L396_f04,4,L396_f04_plane4_mcorrected_flipX,16,0.4899009168148041,137,0.7730713486671448
L396_f04,4,L396_f04_plane4_mcorrected_flipX,17,0.47706344723701477,137,0.7730713486671448
L396_f04,4,L396_f04_plane4_mcorrected_flipX,18,0.4962684214115143,137,0.7730713486671448
L396_f04,4,L396_f04_plane4_mcorrected_flipX,19,0.5010847449302673,137,0.7730713486671448
L396_f04,4,L396_f04_plane4_mcorrected_flipX,20,0.49875304102897644,137,0.7730713486671448
L396_f04,4,L396_f04_plane4_mcorrected_flipX,21,0.49548354744911194,137,0.7730713486671448
L396_f04,4,L396_f04_plane4_mcorrected_flipX,22,0.5016926527023315,137,0.7730713486671448
L396_f04,4,L396_f04_plane4_mcorrected_flipX,23,0.48224347829818726,137,0.7730713486671448
L396_f04,4,L396_f04_plane4_mcorrected_flipX,24,0.4847809970378876,137,0.7730713486671448
L396_f04,4,L396_f04_plane4_mcorrected_flipX,25,0.48736292123794556,137,0.7730713486671448
L396_f04,4,L396_f04_plane4_mcorrected_flipX,26,0.4824957549571991,137,0.7730713486671448
L396_f04,4,L396_f04_plane4_mcorrected_flipX,27,0.48951777815818787,137,0.7730713486671448
L396_f04,4,L396_f04_plane4_mcorrected_flipX,28,0.500712513923645,137,0.7730713486671448
L396_f04,4,L396_f04_plane4_mcorrected_flipX,29,0.49285224080085754,137,0.7730713486671448
L396_f04,4,L396_f04_plane4_mcorrected_flipX,30,0.49820300936698914,137,0.7730713486671448
L396_f04,4,L396_f04_plane4_mcorrected_flipX,31,0.4919271469116211,137,0.7730713486671448
L396_f04,4,L396_f04_plane4_mcorrected_flipX,32,0.49825963377952576,137,0.7730713486671448
L396_f04,4,L396_f04_plane4_mcorrected_flipX,33,0.49021652340888977,137,0.7730713486671448
L396_f04,4,L396_f04_plane4_mcorrected_flipX,34,0.49209511280059814,137,0.7730713486671448
L396_f04,4,L396_f04_plane4_mcorrected_flipX,35,0.49424222111701965,137,0.7730713486671448
L396_f04,4,L396_f04_plane4_mcorrected_flipX,36,0.49593693017959595,137,0.7730713486671448
L396_f04,4,L396_f04_plane4_mcorrected_flipX,37,0.5025917887687683,137,0.7730713486671448
L396_f04,4,L396_f04_plane4_mcorrected_flipX,38,0.5081892609596252,137,0.7730713486671448
L396_f04,4,L396_f04_plane4_mcorrected_flipX,39,0.504367470741272,137,0.7730713486671448
L396_f04,4,L396_f04_plane4_mcorrected_flipX,40,0.5153995156288147,137,0.7730713486671448
L396_f04,4,L396_f04_plane4_mcorrected_flipX,41,0.5125837326049805,137,0.7730713486671448
L396_f04,4,L396_f04_plane4_mcorrected_flipX,42,0.5105668306350708,137,0.7730713486671448
L396_f04,4,L396_f04_plane4_mcorrected_flipX,43,0.5119743943214417,137,0.7730713486671448
L396_f04,4,L396_f04_plane4_mcorrected_flipX,44,0.5183866620063782,137,0.7730713486671448
L396_f04,4,L396_f04_plane4_mcorrected_flipX,45,0.5264849662780762,137,0.7730713486671448
L396_f04,4,L396_f04_plane4_mcorrected_flipX,46,0.5251663327217102,137,0.7730713486671448
L396_f04,4,L396_f04_plane4_mcorrected_flipX,47,0.526124119758606,137,0.7730713486671448
L396_f04,4,L396_f04_plane4_mcorrected_flipX,48,0.5229291319847107,137,0.7730713486671448
L396_f04,4,L396_f04_plane4_mcorrected_flipX,49,0.5208038091659546,137,0.7730713486671448
L396_f04,4,L396_f04_plane4_mcorrected_flipX,50,0.5160020589828491,137,0.7730713486671448
L396_f04,4,L396_f04_plane4_mcorrected_flipX,51,0.5179665684700012,137,0.7730713486671448
L396_f04,4,L396_f04_plane4_mcorrected_flipX,52,0.526160478591919,137,0.7730713486671448
L396_f04,4,L396_f04_plane4_mcorrected_flipX,53,0.5370446443557739,137,0.7730713486671448
L396_f04,4,L396_f04_plane4_mcorrected_flipX,54,0.5410535931587219,137,0.7730713486671448
L396_f04,4,L396_f04_plane4_mcorrected_flipX,55,0.543048083782196,137,0.7730713486671448
L396_f04,4,L396_f04_plane4_mcorrected_flipX,56,0.5399367213249207,137,0.7730713486671448
L396_f04,4,L396_f04_plane4_mcorrected_flipX,57,0.5423686504364014,137,0.7730713486671448
L396_f04,4,L396_f04_plane4_mcorrected_flipX,58,0.5459400415420532,137,0.7730713486671448
L396_f04,4,L396_f04_plane4_mcorrected_flipX,59,0.5472985506057739,137,0.7730713486671448
L396_f04,4,L396_f04_plane4_mcorrected_flipX,60,0.5509001016616821,137,0.7730713486671448
L396_f04,4,L396_f04_plane4_mcorrected_flipX,61,0.5514670610427856,137,0.7730713486671448
L396_f04,4,L396_f04_plane4_mcorrected_flipX,62,0.5497948527336121,137,0.7730713486671448
L396_f04,4,L396_f04_plane4_mcorrected_flipX,63,0.548638641834259,137,0.7730713486671448
L396_f04,4,L396_f04_plane4_mcorrected_flipX,64,0.5483545660972595,137,0.7730713486671448
L396_f04,4,L396_f04_plane4_mcorrected_flipX,65,0.5495034456253052,137,0.7730713486671448
L396_f04,4,L396_f04_plane4_mcorrected_flipX,66,0.5507359504699707,137,0.7730713486671448
L396_f04,4,L396_f04_plane4_mcorrected_flipX,67,0.5493643283843994,137,0.7730713486671448
L396_f04,4,L396_f04_plane4_mcorrected_flipX,68,0.5464619994163513,137,0.7730713486671448
L396_f04,4,L396_f04_plane4_mcorrected_flipX,69,0.5474130511283875,137,0.7730713486671448
L396_f04,4,L396_f04_plane4_mcorrected_flipX,70,0.5459398031234741,137,0.7730713486671448
L396_f04,4,L396_f04_plane4_mcorrected_flipX,71,0.5465328097343445,137,0.7730713486671448
L396_f04,4,L396_f04_plane4_mcorrected_flipX,72,0.5465086698532104,137,0.7730713486671448
L396_f04,4,L396_f04_plane4_mcorrected_flipX,73,0.5456662774085999,137,0.7730713486671448
L396_f04,4,L396_f04_plane4_mcorrected_flipX,74,0.5428914427757263,137,0.7730713486671448
L396_f04,4,L396_f04_plane4_mcorrected_flipX,75,0.5356860160827637,137,0.7730713486671448
L396_f04,4,L396_f04_plane4_mcorrected_flipX,76,0.5351277589797974,137,0.7730713486671448
L396_f04,4,L396_f04_plane4_mcorrected_flipX,77,0.5332245230674744,137,0.7730713486671448
L396_f04,4,L396_f04_plane4_mcorrected_flipX,78,0.536363959312439,137,0.7730713486671448
L396_f04,4,L396_f04_plane4_mcorrected_flipX,79,0.5389049053192139,137,0.7730713486671448
L396_f04,4,L396_f04_plane4_mcorrected_flipX,80,0.538601815700531,137,0.7730713486671448
L396_f04,4,L396_f04_plane4_mcorrected_flipX,81,0.5415440201759338,137,0.7730713486671448
L396_f04,4,L396_f04_plane4_mcorrected_flipX,82,0.5369415879249573,137,0.7730713486671448
L396_f04,4,L396_f04_plane4_mcorrected_flipX,83,0.5334518551826477,137,0.7730713486671448
L396_f04,4,L396_f04_plane4_mcorrected_flipX,84,0.5236073136329651,137,0.7730713486671448
L396_f04,4,L396_f04_plane4_mcorrected_flipX,85,0.5103304982185364,137,0.7730713486671448
L396_f04,4,L396_f04_plane4_mcorrected_flipX,86,0.49503886699676514,137,0.7730713486671448
L396_f04,4,L396_f04_plane4_mcorrected_flipX,87,0.4764573574066162,137,0.7730713486671448
L396_f04,4,L396_f04_plane4_mcorrected_flipX,88,0.4623863399028778,137,0.7730713486671448
L396_f04,4,L396_f04_plane4_mcorrected_flipX,89,0.4620565176010132,137,0.7730713486671448
L396_f04,4,L396_f04_plane4_mcorrected_flipX,90,0.4683546721935272,137,0.7730713486671448
L396_f04,4,L396_f04_plane4_mcorrected_flipX,91,0.4654400050640106,137,0.7730713486671448
L396_f04,4,L396_f04_plane4_mcorrected_flipX,92,0.4667598605155945,137,0.7730713486671448
L396_f04,4,L396_f04_plane4_mcorrected_flipX,93,0.46643197536468506,137,0.7730713486671448
L396_f04,4,L396_f04_plane4_mcorrected_flipX,94,0.4809020161628723,137,0.7730713486671448
L396_f04,4,L396_f04_plane4_mcorrected_flipX,95,0.48632171750068665,137,0.7730713486671448
L396_f04,4,L396_f04_plane4_mcorrected_flipX,96,0.4885643720626831,137,0.7730713486671448
L396_f04,4,L396_f04_plane4_mcorrected_flipX,97,0.4884665310382843,137,0.7730713486671448
L396_f04,4,L396_f04_plane4_mcorrected_flipX,98,0.4928128719329834,137,0.7730713486671448
L396_f04,4,L396_f04_plane4_mcorrected_flipX,99,0.49261924624443054,137,0.7730713486671448
L396_f04,4,L396_f04_plane4_mcorrected_flipX,100,0.4988965392112732,137,0.7730713486671448
L396_f04,4,L396_f04_plane4_mcorrected_flipX,101,0.5051245093345642,137,0.7730713486671448
L396_f04,4,L396_f04_plane4_mcorrected_flipX,102,0.5114478468894958,137,0.7730713486671448
L396_f04,4,L396_f04_plane4_mcorrected_flipX,103,0.5117639303207397,137,0.7730713486671448
L396_f04,4,L396_f04_plane4_mcorrected_flipX,104,0.5107702612876892,137,0.7730713486671448
L396_f04,4,L396_f04_plane4_mcorrected_flipX,105,0.5100526213645935,137,0.7730713486671448
L396_f04,4,L396_f04_plane4_mcorrected_flipX,106,0.5052888989448547,137,0.7730713486671448
L396_f04,4,L396_f04_plane4_mcorrected_flipX,107,0.5040131211280823,137,0.7730713486671448
L396_f04,4,L396_f04_plane4_mcorrected_flipX,108,0.5058110952377319,137,0.7730713486671448
L396_f04,4,L396_f04_plane4_mcorrected_flipX,109,0.5062617063522339,137,0.7730713486671448
L396_f04,4,L396_f04_plane4_mcorrected_flipX,110,0.5070735812187195,137,0.7730713486671448
L396_f04,4,L396_f04_plane4_mcorrected_flipX,111,0.5099005699157715,137,0.7730713486671448
L396_f04,4,L396_f04_plane4_mcorrected_flipX,112,0.5104315876960754,137,0.7730713486671448
L396_f04,4,L396_f04_plane4_mcorrected_flipX,113,0.5123839974403381,137,0.7730713486671448
L396_f04,4,L396_f04_plane4_mcorrected_flipX,114,0.5130583047866821,137,0.7730713486671448
L396_f04,4,L396_f04_plane4_mcorrected_flipX,115,0.5155982971191406,137,0.7730713486671448
L396_f04,4,L396_f04_plane4_mcorrected_flipX,116,0.5223231911659241,137,0.7730713486671448
L396_f04,4,L396_f04_plane4_mcorrected_flipX,117,0.5259940028190613,137,0.7730713486671448
L396_f04,4,L396_f04_plane4_mcorrected_flipX,118,0.5388994812965393,137,0.7730713486671448
L396_f04,4,L396_f04_plane4_mcorrected_flipX,119,0.5502614378929138,137,0.7730713486671448
L396_f04,4,L396_f04_plane4_mcorrected_flipX,120,0.5579063296318054,137,0.7730713486671448
L396_f04,4,L396_f04_plane4_mcorrected_flipX,121,0.5583317875862122,137,0.7730713486671448
L396_f04,4,L396_f04_plane4_mcorrected_flipX,122,0.5655707120895386,137,0.7730713486671448
L396_f04,4,L396_f04_plane4_mcorrected_flipX,123,0.5714020133018494,137,0.7730713486671448
L396_f04,4,L396_f04_plane4_mcorrected_flipX,124,0.5856069922447205,137,0.7730713486671448
L396_f04,4,L396_f04_plane4_mcorrected_flipX,125,0.5977010130882263,137,0.7730713486671448
L396_f04,4,L396_f04_plane4_mcorrected_flipX,126,0.6073086261749268,137,0.7730713486671448
L396_f04,4,L396_f04_plane4_mcorrected_flipX,127,0.6211807131767273,137,0.7730713486671448
L396_f04,4,L396_f04_plane4_mcorrected_flipX,128,0.6250602602958679,137,0.7730713486671448
L396_f04,4,L396_f04_plane4_mcorrected_flipX,129,0.6310437321662903,137,0.7730713486671448
L396_f04,4,L396_f04_plane4_mcorrected_flipX,130,0.646079957485199,137,0.7730713486671448
L396_f04,4,L396_f04_plane4_mcorrected_flipX,131,0.6614644527435303,137,0.7730713486671448
L396_f04,4,L396_f04_plane4_mcorrected_flipX,132,0.6842278838157654,137,0.7730713486671448
L396_f04,4,L396_f04_plane4_mcorrected_flipX,133,0.7044308185577393,137,0.7730713486671448
L396_f04,4,L396_f04_plane4_mcorrected_flipX,134,0.7303354740142822,137,0.7730713486671448
L396_f04,4,L396_f04_plane4_mcorrected_flipX,135,0.7530041337013245,137,0.7730713486671448
L396_f04,4,L396_f04_plane4_mcorrected_flipX,136,0.768750011920929,137,0.7730713486671448
L396_f04,4,L396_f04_plane4_mcorrected_flipX,137,0.7730713486671448,137,0.7730713486671448
L396_f04,4,L396_f04_plane4_mcorrected_flipX,138,0.7710402011871338,137,0.7730713486671448
L396_f04,4,L396_f04_plane4_mcorrected_flipX,139,0.7583422660827637,137,0.7730713486671448
L396_f04,4,L396_f04_plane4_mcorrected_flipX,140,0.7411985993385315,137,0.7730713486671448
L396_f04,4,L396_f04_plane4_mcorrected_flipX,141,0.72905433177948,137,0.7730713486671448
L396_f04,4,L396_f04_plane4_mcorrected_flipX,142,0.7174225449562073,137,0.7730713486671448
L396_f04,4,L396_f04_plane4_mcorrected_flipX,143,0.7042471170425415,137,0.7730713486671448
L396_f04,4,L396_f04_plane4_mcorrected_flipX,144,0.691984236240387,137,0.7730713486671448
L396_f04,4,L396_f04_plane4_mcorrected_flipX,145,0.6863195300102234,137,0.7730713486671448
L396_f04,4,L396_f04_plane4_mcorrected_flipX,146,0.6803474426269531,137,0.7730713486671448
L396_f04,4,L396_f04_plane4_mcorrected_flipX,147,0.6814072728157043,137,0.7730713486671448
L396_f04,4,L396_f04_plane4_mcorrected_flipX,148,0.6796415448188782,137,0.7730713486671448
L396_f04,4,L396_f04_plane4_mcorrected_flipX,149,0.6759166121482849,137,0.7730713486671448
L396_f04,4,L396_f04_plane4_mcorrected_flipX,150,0.6725831031799316,137,0.7730713486671448
L396_f04,4,L396_f04_plane4_mcorrected_flipX,151,0.6652902364730835,137,0.7730713486671448
L396_f04,4,L396_f04_plane4_mcorrected_flipX,152,0.6581271290779114,137,0.7730713486671448
L396_f04,4,L396_f04_plane4_mcorrected_flipX,153,0.6507446765899658,137,0.7730713486671448
L396_f04,4,L396_f04_plane4_mcorrected_flipX,154,0.6341877579689026,137,0.7730713486671448
L396_f04,4,L396_f04_plane4_mcorrected_flipX,155,0.6222970485687256,137,0.7730713486671448
L396_f04,4,L396_f04_plane4_mcorrected_flipX,156,0.6083317399024963,137,0.7730713486671448
L396_f04,4,L396_f04_plane4_mcorrected_flipX,157,0.5849392414093018,137,0.7730713486671448
L396_f04,4,L396_f04_plane4_mcorrected_flipX,158,0.5621119737625122,137,0.7730713486671448
L396_f04,4,L396_f04_plane4_mcorrected_flipX,159,0.5533102750778198,137,0.7730713486671448
L396_f04,4,L396_f04_plane4_mcorrected_flipX,160,0.5497797727584839,137,0.7730713486671448
L396_f04,4,L396_f04_plane4_mcorrected_flipX,161,0.5539498925209045,137,0.7730713486671448
L396_f04,4,L396_f04_plane4_mcorrected_flipX,162,0.5580967664718628,137,0.7730713486671448
L396_f04,4,L396_f04_plane4_mcorrected_flipX,163,0.5593841671943665,137,0.7730713486671448
L396_f04,4,L396_f04_plane4_mcorrected_flipX,164,0.5564390420913696,137,0.7730713486671448
L396_f04,4,L396_f04_plane4_mcorrected_flipX,165,0.5593204498291016,137,0.7730713486671448
L396_f04,4,L396_f04_plane4_mcorrected_flipX,166,0.5516204237937927,137,0.7730713486671448
L396_f04,4,L396_f04_plane4_mcorrected_flipX,167,0.5528743267059326,137,0.7730713486671448
L396_f04,4,L396_f04_plane4_mcorrected_flipX,168,0.5482253432273865,137,0.7730713486671448
L396_f04,4,L396_f04_plane4_mcorrected_flipX,169,0.5527692437171936,137,0.7730713486671448
L396_f04,4,L396_f04_plane4_mcorrected_flipX,170,0.559967577457428,137,0.7730713486671448
L396_f04,4,L396_f04_plane4_mcorrected_flipX,171,0.5562208294868469,137,0.7730713486671448
L396_f04,4,L396_f04_plane4_mcorrected_flipX,172,0.5614911913871765,137,0.7730713486671448
L396_f04,4,L396_f04_plane4_mcorrected_flipX,173,0.557056725025177,137,0.7730713486671448
L396_f04,4,L396_f04_plane4_mcorrected_flipX,174,0.5565816760063171,137,0.7730713486671448
L396_f04,4,L396_f04_plane4_mcorrected_flipX,175,0.5515421628952026,137,0.7730713486671448
L396_f04,4,L396_f04_plane4_mcorrected_flipX,176,0.5512815713882446,137,0.7730713486671448
L396_f04,4,L396_f04_plane4_mcorrected_flipX,177,0.5491217970848083,137,0.7730713486671448
L396_f04,4,L396_f04_plane4_mcorrected_flipX,178,0.5432084202766418,137,0.7730713486671448
L396_f04,4,L396_f04_plane4_mcorrected_flipX,179,0.534594714641571,137,0.7730713486671448
L396_f04,4,L396_f04_plane4_mcorrected_flipX,180,0.5278035402297974,137,0.7730713486671448
L396_f04,4,L396_f04_plane4_mcorrected_flipX,181,0.5273872017860413,137,0.7730713486671448
L396_f04,4,L396_f04_plane4_mcorrected_flipX,182,0.5263551473617554,137,0.7730713486671448
L396_f04,4,L396_f04_plane4_mcorrected_flipX,183,0.5209508538246155,137,0.7730713486671448
L396_f04,4,L396_f04_plane4_mcorrected_flipX,184,0.5198086500167847,137,0.7730713486671448
L396_f04,4,L396_f04_plane4_mcorrected_flipX,185,0.5209785103797913,137,0.7730713486671448
L396_f04,4,L396_f04_plane4_mcorrected_flipX,186,0.5230779051780701,137,0.7730713486671448
L396_f04,4,L396_f04_plane4_mcorrected_flipX,187,0.5225164890289307,137,0.7730713486671448
L396_f04,4,L396_f04_plane4_mcorrected_flipX,188,0.5217413902282715,137,0.7730713486671448
L396_f04,4,L396_f04_plane4_mcorrected_flipX,189,0.5189012885093689,137,0.7730713486671448
L396_f04,4,L396_f04_plane4_mcorrected_flipX,190,0.5087458491325378,137,0.7730713486671448
L396_f04,4,L396_f04_plane4_mcorrected_flipX,191,0.5034381151199341,137,0.7730713486671448
L396_f04,4,L396_f04_plane4_mcorrected_flipX,192,0.49804767966270447,137,0.7730713486671448
L396_f04,4,L396_f04_plane4_mcorrected_flipX,193,0.4892534017562866,137,0.7730713486671448
L396_f04,4,L396_f04_plane4_mcorrected_flipX,194,0.48241889476776123,137,0.7730713486671448
L396_f04,4,L396_f04_plane4_mcorrected_flipX,195,0.47415420413017273,137,0.7730713486671448
L396_f04,4,L396_f04_plane4_mcorrected_flipX,196,0.47844529151916504,137,0.7730713486671448
L396_f04,4,L396_f04_plane4_mcorrected_flipX,197,0.4776565134525299,137,0.7730713486671448
L396_f04,4,L396_f04_plane4_mcorrected_flipX,198,0.46601784229278564,137,0.7730713486671448
L396_f04,4,L396_f04_plane4_mcorrected_flipX,199,0.4649365246295929,137,0.7730713486671448
L396_f04,4,L396_f04_plane4_mcorrected_flipX,200,0.4599490165710449,137,0.7730713486671448
L396_f04,4,L396_f04_plane4_mcorrected_flipX,201,0.4662780165672302,137,0.7730713486671448
L396_f04,4,L396_f04_plane4_mcorrected_flipX,202,0.47031232714653015,137,0.7730713486671448
L396_f04,4,L396_f04_plane4_mcorrected_flipX,203,0.47377368807792664,137,0.7730713486671448
L396_f04,4,L396_f04_plane4_mcorrected_flipX,204,0.480477899312973,137,0.7730713486671448
L396_f04,4,L396_f04_plane4_mcorrected_flipX,205,0.4886190891265869,137,0.7730713486671448
L396_f04,4,L396_f04_plane4_mcorrected_flipX,206,0.49320563673973083,137,0.7730713486671448
L396_f04,4,L396_f04_plane4_mcorrected_flipX,207,0.5016610026359558,137,0.7730713486671448
L396_f04,4,L396_f04_plane4_mcorrected_flipX,208,0.5060954689979553,137,0.7730713486671448
L396_f04,4,L396_f04_plane4_mcorrected_flipX,209,0.5109413266181946,137,0.7730713486671448
L396_f04,4,L396_f04_plane4_mcorrected_flipX,210,0.5201038718223572,137,0.7730713486671448
L396_f04,4,L396_f04_plane4_mcorrected_flipX,211,0.5225218534469604,137,0.7730713486671448
L396_f04,4,L396_f04_plane4_mcorrected_flipX,212,0.5274480581283569,137,0.7730713486671448
L396_f04,4,L396_f04_plane4_mcorrected_flipX,213,0.5367953777313232,137,0.7730713486671448
L396_f04,4,L396_f04_plane4_mcorrected_flipX,214,0.5407574772834778,137,0.7730713486671448
L396_f04,4,L396_f04_plane4_mcorrected_flipX,215,0.5501860976219177,137,0.7730713486671448
L396_f04,4,L396_f04_plane4_mcorrected_flipX,216,0.5502517223358154,137,0.7730713486671448
L396_f04,4,L396_f04_plane4_mcorrected_flipX,217,0.5556865930557251,137,0.7730713486671448
L396_f04,4,L396_f04_plane4_mcorrected_flipX,218,0.5566830039024353,137,0.7730713486671448
L396_f04,4,L396_f04_plane4_mcorrected_flipX,219,0.5610210299491882,137,0.7730713486671448
L396_f04,4,L396_f04_plane4_mcorrected_flipX,220,0.5703826546669006,137,0.7730713486671448
L396_f04,4,L396_f04_plane4_mcorrected_flipX,221,0.577446699142456,137,0.7730713486671448
L396_f04,4,L396_f04_plane4_mcorrected_flipX,222,0.5825396180152893,137,0.7730713486671448
L396_f04,4,L396_f04_plane4_mcorrected_flipX,223,0.5868873596191406,137,0.7730713486671448
L396_f04,4,L396_f04_plane4_mcorrected_flipX,224,0.593348503112793,137,0.7730713486671448
L396_f04,4,L396_f04_plane4_mcorrected_flipX,225,0.5940065383911133,137,0.7730713486671448
L396_f04,4,L396_f04_plane4_mcorrected_flipX,226,0.5988322496414185,137,0.7730713486671448
L396_f04,4,L396_f04_plane4_mcorrected_flipX,227,0.6029826402664185,137,0.7730713486671448
L396_f04,4,L396_f04_plane4_mcorrected_flipX,228,0.608786940574646,137,0.7730713486671448
L396_f04,4,L396_f04_plane4_mcorrected_flipX,229,0.6117413640022278,137,0.7730713486671448
L396_f04,4,L396_f04_plane4_mcorrected_flipX,230,0.6205870509147644,137,0.7730713486671448
L396_f04,4,L396_f04_plane4_mcorrected_flipX,231,0.6245391368865967,137,0.7730713486671448
L396_f04,4,L396_f04_plane4_mcorrected_flipX,232,0.633098304271698,137,0.7730713486671448
L396_f04,4,L396_f04_plane4_mcorrected_flipX,233,0.6377202868461609,137,0.7730713486671448
L396_f04,4,L396_f04_plane4_mcorrected_flipX,234,0.6384732723236084,137,0.7730713486671448
L396_f04,4,L396_f04_plane4_mcorrected_flipX,235,0.6379043459892273,137,0.7730713486671448
L396_f04,4,L396_f04_plane4_mcorrected_flipX,236,0.6424909830093384,137,0.7730713486671448
L396_f04,4,L396_f04_plane4_mcorrected_flipX,237,0.6415716409683228,137,0.7730713486671448
L396_f04,4,L396_f04_plane4_mcorrected_flipX,238,0.6407707333564758,137,0.7730713486671448
L396_f04,4,L396_f04_plane4_mcorrected_flipX,239,0.6389783620834351,137,0.7730713486671448
L396_f04,4,L396_f04_plane4_mcorrected_flipX,240,0.6337247490882874,137,0.7730713486671448
L396_f04,4,L396_f04_plane4_mcorrected_flipX,241,0.631982684135437,137,0.7730713486671448
L396_f04,4,L396_f04_plane4_mcorrected_flipX,242,0.6301518678665161,137,0.7730713486671448
L396_f04,4,L396_f04_plane4_mcorrected_flipX,243,0.6298050284385681,137,0.7730713486671448
L396_f04,4,L396_f04_plane4_mcorrected_flipX,244,0.6276576519012451,137,0.7730713486671448
L396_f04,4,L396_f04_plane4_mcorrected_flipX,245,0.6266443133354187,137,0.7730713486671448
