owner,fish_id,gene,anat_label,plane,func_label,cell_key,stim_type,stim_class,block,stim_idx,response_mean_dff,response_mean_zdff,n_valid_points,n_total_points,fps
Matilde,L395_f11,pth2,13033,4,349,L395_f11|pth2|13033,RLC,continuous,B1,1,0.003893766552209854,-0.3696286380290985,57,57,2.0
Matilde,L395_f11,pth2,13033,4,349,L395_f11|pth2|13033,LLC,continuous,B1,2,0.008393310010433197,0.33097147941589355,57,57,2.0
Matilde,L395_f11,pth2,13033,4,349,L395_f11|pth2|13033,RLB,bout,B1,3,0.006712028756737709,0.06918797641992569,57,57,2.0
Matilde,L395_f11,pth2,13033,4,349,L395_f11|pth2|13033,LLB,bout,B1,4,0.03565342351794243,4.575499057769775,57,57,2.0
Matilde,L395_f11,pth2,13033,4,349,L395_f11|pth2|13033,LLB+RLB,bout,B1,6,0.05927285552024841,8.253155708312988,57,57,2.0
Matilde,L395_f11,pth2,13033,4,349,L395_f11|pth2|13033,LLC+RLC,continuous,B1,7,0.003944367170333862,-0.36174988746643066,57,57,2.0
Matilde,L395_f11,pth2,13033,4,349,L395_f11|pth2|13033,RLC,continuous,B1,9,0.0016883101779967546,-0.713028609752655,57,57,2.0
Matilde,L395_f11,pth2,13033,4,349,L395_f11|pth2|13033,LLB,bout,B1,10,0.03623717278242111,4.666391849517822,57,57,2.0
Matilde,L395_f11,pth2,13033,4,349,L395_f11|pth2|13033,LLB+RLB,bout,B1,11,0.05684614181518555,7.875304698944092,57,57,2.0
Matilde,L395_f11,pth2,13033,4,349,L395_f11|pth2|13033,RLB,bout,B1,12,0.009091373533010483,0.4396631717681885,57,57,2.0
Matilde,L395_f11,pth2,13033,4,349,L395_f11|pth2|13033,LLC,continuous,B1,13,0.0036010330077260733,-0.4152086079120636,57,57,2.0
Matilde,L395_f11,pth2,13033,4,349,L395_f11|pth2|13033,LLC+RLC,continuous,B1,14,0.002188659505918622,-0.6351218819618225,57,57,2.0
Matilde,L395_f11,pth2,13033,4,349,L395_f11|pth2|13033,LLC+RLC,continuous,B2,16,0.002577278995886445,-0.574612021446228,57,57,2.0
Matilde,L395_f11,pth2,13033,4,349,L395_f11|pth2|13033,LLB,bout,B2,17,0.04349813982844353,5.7969584465026855,57,57,2.0
Matilde,L395_f11,pth2,13033,4,349,L395_f11|pth2|13033,RLC,continuous,B2,20,0.005516337230801582,-0.11698686331510544,57,57,2.0
Matilde,L395_f11,pth2,13033,4,349,L395_f11|pth2|13033,LLC,continuous,B2,21,0.0038661786820739508,-0.3739241659641266,57,57,2.0
Matilde,L395_f11,pth2,13033,4,349,L395_f11|pth2|13033,RLB,bout,B2,22,0.0030616740696132183,-0.4991894066333771,57,57,2.0
Matilde,L395_f11,pth2,13033,4,349,L395_f11|pth2|13033,LLB+RLB,bout,B2,23,0.053035035729408264,7.281898498535156,57,57,2.0
Matilde,L395_f11,pth2,13033,4,349,L395_f11|pth2|13033,LLB+RLB,bout,B2,24,0.03753039985895157,4.867753028869629,57,57,2.0
Matilde,L395_f11,pth2,13033,4,349,L395_f11|pth2|13033,LLC,continuous,B2,25,0.005216727964580059,-0.16363738477230072,57,57,2.0
Matilde,L395_f11,pth2,13033,4,349,L395_f11|pth2|13033,LLC+RLC,continuous,B2,26,0.002578006824478507,-0.5744986534118652,57,57,2.0
Matilde,L395_f11,pth2,13033,4,349,L395_f11|pth2|13033,RLC,continuous,B2,28,0.005070050712674856,-0.1864757388830185,57,57,2.0
Matilde,L395_f11,pth2,13033,4,349,L395_f11|pth2|13033,LLB,bout,B2,30,0.03872915357351303,5.0544047355651855,57,57,2.0
Matilde,L395_f11,pth2,13033,4,349,L395_f11|pth2|13033,RLB,bout,B2,31,0.006117910612374544,-0.023318959400057793,57,57,2.0
Matilde,L395_f11,pth2,13718,4,535,L395_f11|pth2|13718,RLC,continuous,B1,1,0.005529643967747688,-0.027512487024068832,57,57,2.0
Matilde,L395_f11,pth2,13718,4,535,L395_f11|pth2|13718,LLC,continuous,B1,2,0.01538561936467886,1.7553791999816895,57,57,2.0
Matilde,L395_f11,pth2,13718,4,535,L395_f11|pth2|13718,RLB,bout,B1,3,0.023986779153347015,3.311282157897949,57,57,2.0
Matilde,L395_f11,pth2,13718,4,535,L395_f11|pth2|13718,LLB,bout,B1,4,0.012068796902894974,1.1553845405578613,57,57,2.0
Matilde,L395_f11,pth2,13718,4,535,L395_f11|pth2|13718,LLB+RLB,bout,B1,6,0.01718493178486824,2.080864906311035,57,57,2.0
Matilde,L395_f11,pth2,13718,4,535,L395_f11|pth2|13718,LLC+RLC,continuous,B1,7,0.005550732836127281,-0.02369772270321846,57,57,2.0
Matilde,L395_f11,pth2,13718,4,535,L395_f11|pth2|13718,RLC,continuous,B1,9,0.0039234221912920475,-0.318069189786911,57,57,2.0
Matilde,L395_f11,pth2,13718,4,535,L395_f11|pth2|13718,LLB,bout,B1,10,0.013587934896349907,1.4301881790161133,57,57,2.0
Matilde,L395_f11,pth2,13718,4,535,L395_f11|pth2|13718,LLB+RLB,bout,B1,11,0.01919744163751602,2.4449174404144287,57,57,2.0
Matilde,L395_f11,pth2,13718,4,535,L395_f11|pth2|13718,RLB,bout,B1,12,0.010630396194756031,0.8951855301856995,57,57,2.0
Matilde,L395_f11,pth2,13718,4,535,L395_f11|pth2|13718,LLC,continuous,B1,13,0.00435099471360445,-0.24072375893592834,57,57,2.0
Matilde,L395_f11,pth2,13718,4,535,L395_f11|pth2|13718,LLC+RLC,continuous,B1,14,0.003060529474169016,-0.4741618037223816,57,57,2.0
Matilde,L395_f11,pth2,13718,4,535,L395_f11|pth2|13718,LLC+RLC,continuous,B2,16,0.005086332559585571,-0.10770516097545624,57,57,2.0
Matilde,L395_f11,pth2,13718,4,535,L395_f11|pth2|13718,LLB,bout,B2,17,0.008445446379482746,0.49994027614593506,57,57,2.0
Matilde,L395_f11,pth2,13718,4,535,L395_f11|pth2|13718,RLC,continuous,B2,20,0.004140973556786776,-0.27871543169021606,57,57,2.0
Matilde,L395_f11,pth2,13718,4,535,L395_f11|pth2|13718,LLC,continuous,B2,21,0.005612298380583525,-0.01256074383854866,57,57,2.0
Matilde,L395_f11,pth2,13718,4,535,L395_f11|pth2|13718,RLB,bout,B2,22,0.009951933287084103,0.7724554538726807,57,57,2.0
Matilde,L395_f11,pth2,13718,4,535,L395_f11|pth2|13718,LLB+RLB,bout,B2,23,0.02024630457162857,2.634650707244873,57,57,2.0
Matilde,L395_f11,pth2,13718,4,535,L395_f11|pth2|13718,LLB+RLB,bout,B2,24,0.012413473799824715,1.217734456062317,57,57,2.0
Matilde,L395_f11,pth2,13718,4,535,L395_f11|pth2|13718,LLC,continuous,B2,25,0.0028911849949508905,-0.5047953128814697,57,57,2.0
Matilde,L395_f11,pth2,13718,4,535,L395_f11|pth2|13718,LLC+RLC,continuous,B2,26,0.004573446232825518,-0.20048342645168304,57,57,2.0
Matilde,L395_f11,pth2,13718,4,535,L395_f11|pth2|13718,RLC,continuous,B2,28,0.004113406408578157,-0.28370213508605957,57,57,2.0
Matilde,L395_f11,pth2,13718,4,535,L395_f11|pth2|13718,LLB,bout,B2,30,0.008391001261770725,0.49009135365486145,57,57,2.0
Matilde,L395_f11,pth2,13718,4,535,L395_f11|pth2|13718,RLB,bout,B2,31,0.009881492704153061,0.7597129940986633,57,57,2.0
Matilde,L395_f11,pth2,13949,3,403,L395_f11|pth2|13949,RLC,continuous,B1,1,0.009468862786889076,-0.3842991888523102,57,57,2.0
Matilde,L395_f11,pth2,13949,3,403,L395_f11|pth2|13949,LLC,continuous,B1,2,0.026993591338396072,0.6947848796844482,57,57,2.0
Matilde,L395_f11,pth2,13949,3,403,L395_f11|pth2|13949,RLB,bout,B1,3,0.033963512629270554,1.123957633972168,57,57,2.0
Matilde,L395_f11,pth2,13949,3,403,L395_f11|pth2|13949,LLB,bout,B1,4,0.11931151896715164,6.379256248474121,57,57,2.0
Matilde,L395_f11,pth2,13949,3,403,L395_f11|pth2|13949,LLB+RLB,bout,B1,6,0.17245611548423767,9.651631355285645,57,57,2.0
Matilde,L395_f11,pth2,13949,3,403,L395_f11|pth2|13949,LLC+RLC,continuous,B1,7,0.01719905249774456,0.09168674796819687,57,57,2.0
Matilde,L395_f11,pth2,13949,3,403,L395_f11|pth2|13949,RLC,continuous,B1,9,0.0036342781968414783,-0.7435634136199951,57,57,2.0
Matilde,L395_f11,pth2,13949,3,403,L395_f11|pth2|13949,LLB,bout,B1,10,0.06296978890895844,2.910017251968384,57,57,2.0
Matilde,L395_f11,pth2,13949,3,403,L395_f11|pth2|13949,LLB+RLB,bout,B1,11,0.10968472808599472,5.786487579345703,57,57,2.0
Matilde,L395_f11,pth2,13949,3,403,L395_f11|pth2|13949,RLB,bout,B1,12,0.027058998122811317,0.6988126039505005,57,57,2.0
Matilde,L395_f11,pth2,13949,3,403,L395_f11|pth2|13949,LLC,continuous,B1,13,0.005263433791697025,-0.6432482600212097,57,57,2.0
Matilde,L395_f11,pth2,13949,3,403,L395_f11|pth2|13949,LLC+RLC,continuous,B1,14,0.005204753950238228,-0.6468614339828491,57,57,2.0
Matilde,L395_f11,pth2,13949,3,403,L395_f11|pth2|13949,LLC+RLC,continuous,B2,16,0.004259294830262661,-0.7050780057907104,57,57,2.0
Matilde,L395_f11,pth2,13949,3,403,L395_f11|pth2|13949,LLB,bout,B2,17,0.07473354786634445,3.6343703269958496,57,57,2.0
Matilde,L395_f11,pth2,13949,3,403,L395_f11|pth2|13949,RLC,continuous,B2,20,0.00782155804336071,-0.48573192954063416,57,57,2.0
Matilde,L395_f11,pth2,13949,3,403,L395_f11|pth2|13949,LLC,continuous,B2,21,0.003832572838291526,-0.7313534021377563,57,57,2.0
Matilde,L395_f11,pth2,13949,3,403,L395_f11|pth2|13949,RLB,bout,B2,22,0.003383035771548748,-0.7590336799621582,57,57,2.0
Matilde,L395_f11,pth2,13949,3,403,L395_f11|pth2|13949,LLB+RLB,bout,B2,23,0.0870397612452507,4.392124652862549,57,57,2.0
Matilde,L395_f11,pth2,13949,3,403,L395_f11|pth2|13949,LLB+RLB,bout,B2,24,0.08113029599189758,4.028249263763428,57,57,2.0
Matilde,L395_f11,pth2,13949,3,403,L395_f11|pth2|13949,LLC,continuous,B2,25,0.004996242001652718,-0.6597006320953369,57,57,2.0
Matilde,L395_f11,pth2,13949,3,403,L395_f11|pth2|13949,LLC+RLC,continuous,B2,26,0.006951194256544113,-0.5393245220184326,57,57,2.0
Matilde,L395_f11,pth2,13949,3,403,L395_f11|pth2|13949,RLC,continuous,B2,28,0.0035345363430678844,-0.7497050166130066,57,57,2.0
Matilde,L395_f11,pth2,13949,3,403,L395_f11|pth2|13949,LLB,bout,B2,30,0.06261763721704483,2.888333797454834,57,57,2.0
Matilde,L395_f11,pth2,13949,3,403,L395_f11|pth2|13949,RLB,bout,B2,31,0.008685003966093063,-0.43256524205207825,57,57,2.0
Matilde,L395_f11,pth2,14773,3,313,L395_f11|pth2|14773,RLC,continuous,B1,1,0.0031693384516984224,-0.6041696071624756,57,57,2.0
Matilde,L395_f11,pth2,14773,3,313,L395_f11|pth2|14773,LLC,continuous,B1,2,0.006398308556526899,-0.12905262410640717,57,57,2.0
Matilde,L395_f11,pth2,14773,3,313,L395_f11|pth2|14773,RLB,bout,B1,3,0.0031787429470568895,-0.6027857661247253,57,57,2.0
Matilde,L395_f11,pth2,14773,3,313,L395_f11|pth2|14773,LLB,bout,B1,4,0.02402821183204651,2.465045213699341,57,57,2.0
Matilde,L395_f11,pth2,14773,3,313,L395_f11|pth2|14773,LLB+RLB,bout,B1,6,0.040300242602825165,4.859343528747559,57,57,2.0
Matilde,L395_f11,pth2,14773,3,313,L395_f11|pth2|14773,LLC+RLC,continuous,B1,7,0.005832628812640905,-0.21228791773319244,57,57,2.0
Matilde,L395_f11,pth2,14773,3,313,L395_f11|pth2|14773,RLC,continuous,B1,9,0.004437292460352182,-0.4176003634929657,57,57,2.0
Matilde,L395_f11,pth2,14773,3,313,L395_f11|pth2|14773,LLB,bout,B1,10,0.016405213624238968,1.343382716178894,57,57,2.0
Matilde,L395_f11,pth2,14773,3,313,L395_f11|pth2|14773,LLB+RLB,bout,B1,11,0.027438074350357056,2.9667789936065674,57,57,2.0
Matilde,L395_f11,pth2,14773,3,313,L395_f11|pth2|14773,RLB,bout,B1,12,0.004764413461089134,-0.36946725845336914,57,57,2.0
Matilde,L395_f11,pth2,14773,3,313,L395_f11|pth2|14773,LLC,continuous,B1,13,0.0042279670014977455,-0.4484008848667145,57,57,2.0
Matilde,L395_f11,pth2,14773,3,313,L395_f11|pth2|14773,LLC+RLC,continuous,B1,14,0.0048394277691841125,-0.358429491519928,57,57,2.0
Matilde,L395_f11,pth2,14773,3,313,L395_f11|pth2|14773,LLC+RLC,continuous,B2,16,0.005060690920799971,-0.3258723318576813,57,57,2.0
Matilde,L395_f11,pth2,14773,3,313,L395_f11|pth2|14773,LLB,bout,B2,17,0.013427129946649075,0.9051816463470459,57,57,2.0
Matilde,L395_f11,pth2,14773,3,313,L395_f11|pth2|14773,RLC,continuous,B2,20,0.006373478565365076,-0.1327061802148819,57,57,2.0
Matilde,L395_f11,pth2,14773,3,313,L395_f11|pth2|14773,LLC,continuous,B2,21,0.007415555417537689,0.020627008751034737,57,57,2.0
Matilde,L395_f11,pth2,14773,3,313,L395_f11|pth2|14773,RLB,bout,B2,22,0.0068758586421608925,-0.05878514423966408,57,57,2.0
Matilde,L395_f11,pth2,14773,3,313,L395_f11|pth2|14773,LLB+RLB,bout,B2,23,0.015823379158973694,1.257770299911499,57,57,2.0
Matilde,L395_f11,pth2,14773,3,313,L395_f11|pth2|14773,LLB+RLB,bout,B2,24,0.009357569739222527,0.3063786029815674,57,57,2.0
Matilde,L395_f11,pth2,14773,3,313,L395_f11|pth2|14773,LLC,continuous,B2,25,0.015090281143784523,1.149901032447815,57,57,2.0
Matilde,L395_f11,pth2,14773,3,313,L395_f11|pth2|14773,LLC+RLC,continuous,B2,26,0.005809084512293339,-0.21575230360031128,57,57,2.0
Matilde,L395_f11,pth2,14773,3,313,L395_f11|pth2|14773,RLC,continuous,B2,28,0.020107490941882133,1.8881428241729736,57,57,2.0
Matilde,L395_f11,pth2,14773,3,313,L395_f11|pth2|14773,LLB,bout,B2,30,0.01940474659204483,1.7847397327423096,57,57,2.0
Matilde,L395_f11,pth2,14773,3,313,L395_f11|pth2|14773,RLB,bout,B2,31,0.011752599850296974,0.6587880253791809,57,57,2.0
Matilde,L395_f11,pth2,14837,3,622,L395_f11|pth2|14837,RLC,continuous,B1,1,0.006832317914813757,-0.39118435978889465,57,57,2.0
Matilde,L395_f11,pth2,14837,3,622,L395_f11|pth2|14837,LLC,continuous,B1,2,0.012258368544280529,-0.04255342110991478,57,57,2.0
Matilde,L395_f11,pth2,14837,3,622,L395_f11|pth2|14837,RLB,bout,B1,3,0.16679169237613678,9.886417388916016,57,57,2.0
Matilde,L395_f11,pth2,14837,3,622,L395_f11|pth2|14837,LLB,bout,B1,4,0.14526405930519104,8.5032377243042,57,57,2.0
Matilde,L395_f11,pth2,14837,3,622,L395_f11|pth2|14837,LLB+RLB,bout,B1,6,0.23020103573799133,13.960552215576172,57,57,2.0
Matilde,L395_f11,pth2,14837,3,622,L395_f11|pth2|14837,LLC+RLC,continuous,B1,7,0.026100443676114082,0.846818208694458,57,57,2.0
Matilde,L395_f11,pth2,14837,3,622,L395_f11|pth2|14837,RLC,continuous,B1,9,0.008004779927432537,-0.3158521056175232,57,57,2.0
Matilde,L395_f11,pth2,14837,3,622,L395_f11|pth2|14837,LLB,bout,B1,10,0.0817728117108345,4.423842430114746,57,57,2.0
Matilde,L395_f11,pth2,14837,3,622,L395_f11|pth2|14837,LLB+RLB,bout,B1,11,0.19395878911018372,11.631939888000488,57,57,2.0
Matilde,L395_f11,pth2,14837,3,622,L395_f11|pth2|14837,RLB,bout,B1,12,0.04289723560214043,1.9260348081588745,57,57,2.0
Matilde,L395_f11,pth2,14837,3,622,L395_f11|pth2|14837,LLC,continuous,B1,13,0.009027056396007538,-0.2501694858074188,57,57,2.0
Matilde,L395_f11,pth2,14837,3,622,L395_f11|pth2|14837,LLC+RLC,continuous,B1,14,0.004238813184201717,-0.5578204989433289,57,57,2.0
Matilde,L395_f11,pth2,14837,3,622,L395_f11|pth2|14837,LLC+RLC,continuous,B2,16,0.0037191344890743494,-0.5912104845046997,57,57,2.0
Matilde,L395_f11,pth2,14837,3,622,L395_f11|pth2|14837,LLB,bout,B2,17,0.0669274777173996,3.4700095653533936,57,57,2.0
Matilde,L395_f11,pth2,14837,3,622,L395_f11|pth2|14837,RLC,continuous,B2,20,0.00339966150932014,-0.611737072467804,57,57,2.0
Matilde,L395_f11,pth2,14837,3,622,L395_f11|pth2|14837,LLC,continuous,B2,21,0.004112097434699535,-0.5659620761871338,57,57,2.0
Matilde,L395_f11,pth2,14837,3,622,L395_f11|pth2|14837,RLB,bout,B2,22,0.005767881404608488,-0.45957574248313904,57,57,2.0
Matilde,L395_f11,pth2,14837,3,622,L395_f11|pth2|14837,LLB+RLB,bout,B2,23,0.09218564629554749,5.092881202697754,57,57,2.0
Matilde,L395_f11,pth2,14837,3,622,L395_f11|pth2|14837,LLB+RLB,bout,B2,24,0.04625874385237694,2.1420159339904785,57,57,2.0
Matilde,L395_f11,pth2,14837,3,622,L395_f11|pth2|14837,LLC,continuous,B2,25,0.004584019538015127,-0.5356404781341553,57,57,2.0
Matilde,L395_f11,pth2,14837,3,622,L395_f11|pth2|14837,LLC+RLC,continuous,B2,26,0.002097547287121415,-0.6953996419906616,57,57,2.0
Matilde,L395_f11,pth2,14837,3,622,L395_f11|pth2|14837,RLC,continuous,B2,28,0.0023735493887215853,-0.6776661276817322,57,57,2.0
Matilde,L395_f11,pth2,14837,3,622,L395_f11|pth2|14837,LLB,bout,B2,30,0.037074439227581024,1.5519121885299683,57,57,2.0
Matilde,L395_f11,pth2,14837,3,622,L395_f11|pth2|14837,RLB,bout,B2,31,0.009492488577961922,-0.22026485204696655,57,57,2.0
Matilde,L395_f11,pth2,15378,3,402,L395_f11|pth2|15378,RLC,continuous,B1,1,0.005682713817805052,-0.4156515896320343,57,57,2.0
Matilde,L395_f11,pth2,15378,3,402,L395_f11|pth2|15378,LLC,continuous,B1,2,0.017878340557217598,0.6354537606239319,57,57,2.0
Matilde,L395_f11,pth2,15378,3,402,L395_f11|pth2|15378,RLB,bout,B1,3,0.022697702050209045,1.0508203506469727,57,57,2.0
Matilde,L395_f11,pth2,15378,3,402,L395_f11|pth2|15378,LLB,bout,B1,4,0.09368687123060226,7.169170379638672,57,57,2.0
Matilde,L395_f11,pth2,15378,3,402,L395_f11|pth2|15378,LLB+RLB,bout,B1,6,0.12775935232639313,10.1057767868042,57,57,2.0
Matilde,L395_f11,pth2,15378,3,402,L395_f11|pth2|15378,LLC+RLC,continuous,B1,7,0.012723342515528202,0.19115963578224182,57,57,2.0
Matilde,L395_f11,pth2,15378,3,402,L395_f11|pth2|15378,RLC,continuous,B1,9,0.002127979649230838,-0.7220237851142883,57,57,2.0
Matilde,L395_f11,pth2,15378,3,402,L395_f11|pth2|15378,LLB,bout,B1,10,0.06043396517634392,4.303198337554932,57,57,2.0
Matilde,L395_f11,pth2,15378,3,402,L395_f11|pth2|15378,LLB+RLB,bout,B1,11,0.11345627158880234,8.87303638458252,57,57,2.0
Matilde,L395_f11,pth2,15378,3,402,L395_f11|pth2|15378,RLB,bout,B1,12,0.01627831906080246,0.4975525140762329,57,57,2.0
Matilde,L395_f11,pth2,15378,3,402,L395_f11|pth2|15378,LLC,continuous,B1,13,0.006745426915585995,-0.3240594267845154,57,57,2.0
Matilde,L395_f11,pth2,15378,3,402,L395_f11|pth2|15378,LLC+RLC,continuous,B1,14,0.003577044466510415,-0.5971330404281616,57,57,2.0
Matilde,L395_f11,pth2,15378,3,402,L395_f11|pth2|15378,LLC+RLC,continuous,B2,16,0.0025300788693130016,-0.6873679757118225,57,57,2.0
Matilde,L395_f11,pth2,15378,3,402,L395_f11|pth2|15378,LLB,bout,B2,17,0.07303065806627274,5.388870716094971,57,57,2.0
Matilde,L395_f11,pth2,15378,3,402,L395_f11|pth2|15378,RLC,continuous,B2,20,0.0034231841564178467,-0.6103938817977905,57,57,2.0
Matilde,L395_f11,pth2,15378,3,402,L395_f11|pth2|15378,LLC,continuous,B2,21,0.0027524451725184917,-0.6682027578353882,57,57,2.0
Matilde,L395_f11,pth2,15378,3,402,L395_f11|pth2|15378,RLB,bout,B2,22,0.00445737736299634,-0.5212597250938416,57,57,2.0
Matilde,L395_f11,pth2,15378,3,402,L395_f11|pth2|15378,LLB+RLB,bout,B2,23,0.06741130352020264,4.904555320739746,57,57,2.0
Matilde,L395_f11,pth2,15378,3,402,L395_f11|pth2|15378,LLB+RLB,bout,B2,24,0.060735009610652924,4.3291449546813965,57,57,2.0
Matilde,L395_f11,pth2,15378,3,402,L395_f11|pth2|15378,LLC,continuous,B2,25,0.005618303082883358,-0.42120298743247986,57,57,2.0
Matilde,L395_f11,pth2,15378,3,402,L395_f11|pth2|15378,LLC+RLC,continuous,B2,26,0.002267709467560053,-0.7099807262420654,57,57,2.0
Matilde,L395_f11,pth2,15378,3,402,L395_f11|pth2|15378,RLC,continuous,B2,28,0.005414874292910099,-0.43873587250709534,57,57,2.0
Matilde,L395_f11,pth2,15378,3,402,L395_f11|pth2|15378,LLB,bout,B2,30,0.06690844893455505,4.861215114593506,57,57,2.0
Matilde,L395_f11,pth2,15378,3,402,L395_f11|pth2|15378,RLB,bout,B2,31,0.009762356989085674,-0.06403902173042297,57,57,2.0
Matilde,L395_f11,pth2,15380,2,385,L395_f11|pth2|15380,RLC,continuous,B1,1,0.026771968230605125,1.4345048666000366,57,57,2.0
Matilde,L395_f11,pth2,15380,2,385,L395_f11|pth2|15380,LLC,continuous,B1,2,0.015221286565065384,0.43019840121269226,57,57,2.0
Matilde,L395_f11,pth2,15380,2,385,L395_f11|pth2|15380,RLB,bout,B1,3,0.021328363567590714,0.9611955881118774,57,57,2.0
Matilde,L395_f11,pth2,15380,2,385,L395_f11|pth2|15380,LLB,bout,B1,4,0.04977256804704666,3.434357166290283,57,57,2.0
Matilde,L395_f11,pth2,15380,2,385,L395_f11|pth2|15380,LLB+RLB,bout,B1,6,0.08344656229019165,6.362237453460693,57,57,2.0
Matilde,L395_f11,pth2,15380,2,385,L395_f11|pth2|15380,LLC+RLC,continuous,B1,7,0.016770625486969948,0.5649099349975586,57,57,2.0
Matilde,L395_f11,pth2,15380,2,385,L395_f11|pth2|15380,RLC,continuous,B1,9,0.0051261018961668015,-0.447555810213089,57,57,2.0
Matilde,L395_f11,pth2,15380,2,385,L395_f11|pth2|15380,LLB,bout,B1,10,0.03892364352941513,2.4910662174224854,57,57,2.0
Matilde,L395_f11,pth2,15380,2,385,L395_f11|pth2|15380,LLB+RLB,bout,B1,11,0.05780411884188652,4.132682800292969,57,57,2.0
Matilde,L395_f11,pth2,15380,2,385,L395_f11|pth2|15380,RLB,bout,B1,12,0.018912939354777336,0.7511794567108154,57,57,2.0
Matilde,L395_f11,pth2,15380,2,385,L395_f11|pth2|15380,LLC,continuous,B1,13,0.005481973756104708,-0.41661351919174194,57,57,2.0
Matilde,L395_f11,pth2,15380,2,385,L395_f11|pth2|15380,LLC+RLC,continuous,B1,14,0.0019617322832345963,-0.7226908206939697,57,57,2.0
Matilde,L395_f11,pth2,15380,2,385,L395_f11|pth2|15380,LLC+RLC,continuous,B2,16,0.003614000277593732,-0.5790297985076904,57,57,2.0
Matilde,L395_f11,pth2,15380,2,385,L395_f11|pth2|15380,LLB,bout,B2,17,0.03999992460012436,2.5846469402313232,57,57,2.0
Matilde,L395_f11,pth2,15380,2,385,L395_f11|pth2|15380,RLC,continuous,B2,20,0.004004072397947311,-0.5451138615608215,57,57,2.0
Matilde,L395_f11,pth2,15380,2,385,L395_f11|pth2|15380,LLC,continuous,B2,21,0.0031141152139753103,-0.6224936842918396,57,57,2.0
Matilde,L395_f11,pth2,15380,2,385,L395_f11|pth2|15380,RLB,bout,B2,22,0.003210693597793579,-0.6140964031219482,57,57,2.0
Matilde,L395_f11,pth2,15380,2,385,L395_f11|pth2|15380,LLB+RLB,bout,B2,23,0.0264915619045496,1.4101243019104004,57,57,2.0
Matilde,L395_f11,pth2,15380,2,385,L395_f11|pth2|15380,LLB+RLB,bout,B2,24,0.03163289651274681,1.8571522235870361,57,57,2.0
Matilde,L395_f11,pth2,15380,2,385,L395_f11|pth2|15380,LLC,continuous,B2,25,0.0037698622327297926,-0.5654778480529785,57,57,2.0
Matilde,L395_f11,pth2,15380,2,385,L395_f11|pth2|15380,LLC+RLC,continuous,B2,26,0.002423161407932639,-0.6825706362724304,57,57,2.0
Matilde,L395_f11,pth2,15380,2,385,L395_f11|pth2|15380,RLC,continuous,B2,28,0.0035387836396694183,-0.5855696201324463,57,57,2.0
Matilde,L395_f11,pth2,15380,2,385,L395_f11|pth2|15380,LLB,bout,B2,30,0.025548068806529045,1.3280898332595825,57,57,2.0
Matilde,L395_f11,pth2,15380,2,385,L395_f11|pth2|15380,RLB,bout,B2,31,0.005989514756947756,-0.3724839985370636,57,57,2.0
Matilde,L395_f11,pth2,15414,3,611,L395_f11|pth2|15414,RLC,continuous,B1,1,0.009783726185560226,0.11021807044744492,57,57,2.0
Matilde,L395_f11,pth2,15414,3,611,L395_f11|pth2|15414,LLC,continuous,B1,2,0.030030040070414543,2.104355812072754,57,57,2.0
Matilde,L395_f11,pth2,15414,3,611,L395_f11|pth2|15414,RLB,bout,B1,3,0.0887712836265564,7.890008926391602,57,57,2.0
Matilde,L395_f11,pth2,15414,3,611,L395_f11|pth2|15414,LLB,bout,B1,4,0.05958607792854309,5.015444755554199,57,57,2.0
Matilde,L395_f11,pth2,15414,3,611,L395_f11|pth2|15414,LLB+RLB,bout,B1,6,0.10766108334064484,9.75053882598877,57,57,2.0
Matilde,L395_f11,pth2,15414,3,611,L395_f11|pth2|15414,LLC+RLC,continuous,B1,7,0.012785560451447964,0.40588051080703735,57,57,2.0
Matilde,L395_f11,pth2,15414,3,611,L395_f11|pth2|15414,RLC,continuous,B1,9,0.0052591473795473576,-0.33542516827583313,57,57,2.0
Matilde,L395_f11,pth2,15414,3,611,L395_f11|pth2|15414,LLB,bout,B1,10,0.05158430337905884,4.22731876373291,57,57,2.0
Matilde,L395_f11,pth2,15414,3,611,L395_f11|pth2|15414,LLB+RLB,bout,B1,11,0.09029102325439453,8.039693832397461,57,57,2.0
Matilde,L395_f11,pth2,15414,3,611,L395_f11|pth2|15414,RLB,bout,B1,12,0.03426504135131836,2.521477460861206,57,57,2.0
Matilde,L395_f11,pth2,15414,3,611,L395_f11|pth2|15414,LLC,continuous,B1,13,0.00832531787455082,-0.03342617303133011,57,57,2.0
Matilde,L395_f11,pth2,15414,3,611,L395_f11|pth2|15414,LLC+RLC,continuous,B1,14,0.005389237776398659,-0.32261210680007935,57,57,2.0
Matilde,L395_f11,pth2,15414,3,611,L395_f11|pth2|15414,LLC+RLC,continuous,B2,16,0.0025351201184093952,-0.6037251949310303,57,57,2.0
Matilde,L395_f11,pth2,15414,3,611,L395_f11|pth2|15414,LLB,bout,B2,17,0.023153036832809448,1.4270135164260864,57,57,2.0
Matilde,L395_f11,pth2,15414,3,611,L395_f11|pth2|15414,RLC,continuous,B2,20,0.0026079921517521143,-0.5965477228164673,57,57,2.0
Matilde,L395_f11,pth2,15414,3,611,L395_f11|pth2|15414,LLC,continuous,B2,21,0.002312864875420928,-0.6256159543991089,57,57,2.0
Matilde,L395_f11,pth2,15414,3,611,L395_f11|pth2|15414,RLB,bout,B2,22,0.016358377411961555,0.7577809691429138,57,57,2.0
Matilde,L395_f11,pth2,15414,3,611,L395_f11|pth2|15414,LLB+RLB,bout,B2,23,0.06308283656835556,5.359854221343994,57,57,2.0
Matilde,L395_f11,pth2,15414,3,611,L395_f11|pth2|15414,LLB+RLB,bout,B2,24,0.029040630906820297,2.0069055557250977,57,57,2.0
Matilde,L395_f11,pth2,15414,3,611,L395_f11|pth2|15414,LLC,continuous,B2,25,0.004014136735349894,-0.4580511450767517,57,57,2.0
Matilde,L395_f11,pth2,15414,3,611,L395_f11|pth2|15414,LLC+RLC,continuous,B2,26,0.00228307768702507,-0.6285498738288879,57,57,2.0
Matilde,L395_f11,pth2,15414,3,611,L395_f11|pth2|15414,RLC,continuous,B2,28,0.0030640559270977974,-0.5516282320022583,57,57,2.0
Matilde,L395_f11,pth2,15414,3,611,L395_f11|pth2|15414,LLB,bout,B2,30,0.019098656252026558,1.0276817083358765,57,57,2.0
Matilde,L395_f11,pth2,15414,3,611,L395_f11|pth2|15414,RLB,bout,B2,31,0.01108991913497448,0.23887011408805847,57,57,2.0
Matilde,L395_f11,pth2,15421,3,647,L395_f11|pth2|15421,RLC,continuous,B1,1,0.04655051231384277,3.139552354812622,57,57,2.0
Matilde,L395_f11,pth2,15421,3,647,L395_f11|pth2|15421,LLC,continuous,B1,2,0.05955925211310387,4.183101177215576,57,57,2.0
Matilde,L395_f11,pth2,15421,3,647,L395_f11|pth2|15421,RLB,bout,B1,3,0.041584551334381104,2.741187572479248,57,57,2.0
Matilde,L395_f11,pth2,15421,3,647,L395_f11|pth2|15421,LLB,bout,B1,4,0.042222052812576294,2.792327880859375,57,57,2.0
Matilde,L395_f11,pth2,15421,3,647,L395_f11|pth2|15421,LLB+RLB,bout,B1,6,0.022528039291501045,1.2124930620193481,57,57,2.0
Matilde,L395_f11,pth2,15421,3,647,L395_f11|pth2|15421,LLC+RLC,continuous,B1,7,0.006202011369168758,-0.09716501832008362,57,57,2.0
Matilde,L395_f11,pth2,15421,3,647,L395_f11|pth2|15421,RLC,continuous,B1,9,0.0045135365799069405,-0.23261280357837677,57,57,2.0
Matilde,L395_f11,pth2,15421,3,647,L395_f11|pth2|15421,LLB,bout,B1,10,0.014045210555195808,0.5320087671279907,57,57,2.0
Matilde,L395_f11,pth2,15421,3,647,L395_f11|pth2|15421,LLB+RLB,bout,B1,11,0.023342084139585495,1.2777948379516602,57,57,2.0
Matilde,L395_f11,pth2,15421,3,647,L395_f11|pth2|15421,RLB,bout,B1,12,0.012667241506278515,0.42146944999694824,57,57,2.0
Matilde,L395_f11,pth2,15421,3,647,L395_f11|pth2|15421,LLC,continuous,B1,13,0.004669602029025555,-0.22009341418743134,57,57,2.0
Matilde,L395_f11,pth2,15421,3,647,L395_f11|pth2|15421,LLC+RLC,continuous,B1,14,0.004517680034041405,-0.232280433177948,57,57,2.0
Matilde,L395_f11,pth2,15421,3,647,L395_f11|pth2|15421,LLC+RLC,continuous,B2,16,0.004791489336639643,-0.21031570434570312,57,57,2.0
Matilde,L395_f11,pth2,15421,3,647,L395_f11|pth2|15421,LLB,bout,B2,17,0.011212850920855999,0.3047995865345001,57,57,2.0
Matilde,L395_f11,pth2,15421,3,647,L395_f11|pth2|15421,RLC,continuous,B2,20,0.004111777525395155,-0.2648415267467499,57,57,2.0
Matilde,L395_f11,pth2,15421,3,647,L395_f11|pth2|15421,LLC,continuous,B2,21,0.004677800927311182,-0.2194356918334961,57,57,2.0
Matilde,L395_f11,pth2,15421,3,647,L395_f11|pth2|15421,RLB,bout,B2,22,0.011334504000842571,0.3145585060119629,57,57,2.0
Matilde,L395_f11,pth2,15421,3,647,L395_f11|pth2|15421,LLB+RLB,bout,B2,23,0.02794109284877777,1.6467229127883911,57,57,2.0
Matilde,L395_f11,pth2,15421,3,647,L395_f11|pth2|15421,LLB+RLB,bout,B2,24,0.017712682485580444,0.8262097835540771,57,57,2.0
Matilde,L395_f11,pth2,15421,3,647,L395_f11|pth2|15421,LLC,continuous,B2,25,0.005819306243211031,-0.1278652846813202,57,57,2.0
Matilde,L395_f11,pth2,15421,3,647,L395_f11|pth2|15421,LLC+RLC,continuous,B2,26,0.004792472347617149,-0.21023687720298767,57,57,2.0
Matilde,L395_f11,pth2,15421,3,647,L395_f11|pth2|15421,RLC,continuous,B2,28,0.005586534738540649,-0.14653794467449188,57,57,2.0
Matilde,L395_f11,pth2,15421,3,647,L395_f11|pth2|15421,LLB,bout,B2,30,0.015118286944925785,0.6180899143218994,57,57,2.0
Matilde,L395_f11,pth2,15421,3,647,L395_f11|pth2|15421,RLB,bout,B2,31,0.01480976864695549,0.5933407545089722,57,57,2.0
Matilde,L395_f11,pth2,15791,3,646,L395_f11|pth2|15791,RLC,continuous,B1,1,0.0026138266548514366,-0.7552889585494995,57,57,2.0
Matilde,L395_f11,pth2,15791,3,646,L395_f11|pth2|15791,LLC,continuous,B1,2,0.019425353035330772,0.6887267231941223,57,57,2.0
Matilde,L395_f11,pth2,15791,3,646,L395_f11|pth2|15791,RLB,bout,B1,3,0.05364997684955597,3.6284303665161133,57,57,2.0
Matilde,L395_f11,pth2,15791,3,646,L395_f11|pth2|15791,LLB,bout,B1,4,0.042693570256233215,2.6873364448547363,57,57,2.0
Matilde,L395_f11,pth2,15791,3,646,L395_f11|pth2|15791,LLB+RLB,bout,B1,6,0.07653701305389404,5.594298839569092,57,57,2.0
Matilde,L395_f11,pth2,15791,3,646,L395_f11|pth2|15791,LLC+RLC,continuous,B1,7,0.013185843825340271,0.15278813242912292,57,57,2.0
Matilde,L395_f11,pth2,15791,3,646,L395_f11|pth2|15791,RLC,continuous,B1,9,0.0018942096503451467,-0.8171001076698303,57,57,2.0
Matilde,L395_f11,pth2,15791,3,646,L395_f11|pth2|15791,LLB,bout,B1,10,0.05616754665970802,3.8446760177612305,57,57,2.0
Matilde,L395_f11,pth2,15791,3,646,L395_f11|pth2|15791,LLB+RLB,bout,B1,11,0.08300888538360596,6.1501970291137695,57,57,2.0
Matilde,L395_f11,pth2,15791,3,646,L395_f11|pth2|15791,RLB,bout,B1,12,0.04733054339885712,3.0856261253356934,57,57,2.0
Matilde,L395_f11,pth2,15791,3,646,L395_f11|pth2|15791,LLC,continuous,B1,13,0.008385134860873222,-0.25956591963768005,57,57,2.0
Matilde,L395_f11,pth2,15791,3,646,L395_f11|pth2|15791,LLC+RLC,continuous,B1,14,0.00538313714787364,-0.517420768737793,57,57,2.0
Matilde,L395_f11,pth2,15791,3,646,L395_f11|pth2|15791,LLC+RLC,continuous,B2,16,0.0033349187579005957,-0.6933512091636658,57,57,2.0
Matilde,L395_f11,pth2,15791,3,646,L395_f11|pth2|15791,LLB,bout,B2,17,0.05061296746134758,3.3675684928894043,57,57,2.0
Matilde,L395_f11,pth2,15791,3,646,L395_f11|pth2|15791,RLC,continuous,B2,20,0.003846665844321251,-0.6493950486183167,57,57,2.0
Matilde,L395_f11,pth2,15791,3,646,L395_f11|pth2|15791,LLC,continuous,B2,21,0.004090696573257446,-0.6284341216087341,57,57,2.0
Matilde,L395_f11,pth2,15791,3,646,L395_f11|pth2|15791,RLB,bout,B2,22,0.03818182647228241,2.2998030185699463,57,57,2.0
Matilde,L395_f11,pth2,15791,3,646,L395_f11|pth2|15791,LLB+RLB,bout,B2,23,0.09238671511411667,6.9556989669799805,57,57,2.0
Matilde,L395_f11,pth2,15791,3,646,L395_f11|pth2|15791,LLB+RLB,bout,B2,24,0.06801093369722366,4.8619561195373535,57,57,2.0
Matilde,L395_f11,pth2,15791,3,646,L395_f11|pth2|15791,LLC,continuous,B2,25,0.012464858591556549,0.09085943549871445,57,57,2.0
Matilde,L395_f11,pth2,15791,3,646,L395_f11|pth2|15791,LLC+RLC,continuous,B2,26,0.003707977244630456,-0.6613076329231262,57,57,2.0
Matilde,L395_f11,pth2,15791,3,646,L395_f11|pth2|15791,RLC,continuous,B2,28,0.007793304044753313,-0.3104008734226227,57,57,2.0
Matilde,L395_f11,pth2,15791,3,646,L395_f11|pth2|15791,LLB,bout,B2,30,0.07493298500776291,5.456521511077881,57,57,2.0
Matilde,L395_f11,pth2,15791,3,646,L395_f11|pth2|15791,RLB,bout,B2,31,0.032460182905197144,1.808345913887024,57,57,2.0
Matilde,L395_f11,pth2,16191,2,697,L395_f11|pth2|16191,RLC,continuous,B1,1,0.029270634055137634,0.02074265480041504,57,57,2.0
Matilde,L395_f11,pth2,16191,2,697,L395_f11|pth2|16191,LLC,continuous,B1,2,0.03955414891242981,0.4670305848121643,57,57,2.0
Matilde,L395_f11,pth2,16191,2,697,L395_f11|pth2|16191,RLB,bout,B1,3,0.0781087651848793,2.1402392387390137,57,57,2.0
Matilde,L395_f11,pth2,16191,2,697,L395_f11|pth2|16191,LLB,bout,B1,4,0.07017157226800919,1.7957777976989746,57,57,2.0
Matilde,L395_f11,pth2,16191,2,697,L395_f11|pth2|16191,LLB+RLB,bout,B1,6,0.09579262137413025,2.9076895713806152,57,57,2.0
Matilde,L395_f11,pth2,16191,2,697,L395_f11|pth2|16191,LLC+RLC,continuous,B1,7,0.03854524344205856,0.42324575781822205,57,57,2.0
Matilde,L395_f11,pth2,16191,2,697,L395_f11|pth2|16191,RLC,continuous,B1,9,0.02330596372485161,-0.23811444640159607,57,57,2.0
Matilde,L395_f11,pth2,16191,2,697,L395_f11|pth2|16191,LLB,bout,B1,10,0.0444752462208271,0.6805984973907471,57,57,2.0
Matilde,L395_f11,pth2,16191,2,697,L395_f11|pth2|16191,LLB+RLB,bout,B1,11,0.09667415916919708,2.9459474086761475,57,57,2.0
Matilde,L395_f11,pth2,16191,2,697,L395_f11|pth2|16191,RLB,bout,B1,12,0.07034677267074585,1.803381323814392,57,57,2.0
Matilde,L395_f11,pth2,16191,2,697,L395_f11|pth2|16191,LLC,continuous,B1,13,0.03356214240193367,0.2069871574640274,57,57,2.0
Matilde,L395_f11,pth2,16191,2,697,L395_f11|pth2|16191,LLC+RLC,continuous,B1,14,0.04200923070311546,0.5735774040222168,57,57,2.0
Matilde,L395_f11,pth2,16191,2,697,L395_f11|pth2|16191,LLC+RLC,continuous,B2,16,0.05436186492443085,1.1096619367599487,57,57,2.0
Matilde,L395_f11,pth2,16191,2,697,L395_f11|pth2|16191,LLB,bout,B2,17,0.06724262982606888,1.6686664819717407,57,57,2.0
Matilde,L395_f11,pth2,16191,2,697,L395_f11|pth2|16191,RLC,continuous,B2,20,0.036518704146146774,0.3352973759174347,57,57,2.0
Matilde,L395_f11,pth2,16191,2,697,L395_f11|pth2|16191,LLC,continuous,B2,21,0.03346872329711914,0.20293284952640533,57,57,2.0
Matilde,L395_f11,pth2,16191,2,697,L395_f11|pth2|16191,RLB,bout,B2,22,0.04270220547914505,0.6036513447761536,57,57,2.0
Matilde,L395_f11,pth2,16191,2,697,L395_f11|pth2|16191,LLB+RLB,bout,B2,23,0.055922072380781174,1.1773724555969238,57,57,2.0
Matilde,L395_f11,pth2,16191,2,697,L395_f11|pth2|16191,LLB+RLB,bout,B2,24,0.07531724125146866,2.0190916061401367,57,57,2.0
Matilde,L395_f11,pth2,16191,2,697,L395_f11|pth2|16191,LLC,continuous,B2,25,-0.015560772269964218,-1.9248683452606201,57,57,2.0
Matilde,L395_f11,pth2,16191,2,697,L395_f11|pth2|16191,LLC+RLC,continuous,B2,26,-0.0023264396004378796,-1.3505196571350098,57,57,2.0
Matilde,L395_f11,pth2,16191,2,697,L395_f11|pth2|16191,RLC,continuous,B2,28,0.009463218972086906,-0.8388673663139343,57,57,2.0
Matilde,L395_f11,pth2,16191,2,697,L395_f11|pth2|16191,LLB,bout,B2,30,-0.007891090586781502,-1.592016577720642,57,57,2.0
Matilde,L395_f11,pth2,16191,2,697,L395_f11|pth2|16191,RLB,bout,B2,31,0.015559766441583633,-0.5742870569229126,57,57,2.0
Matilde,L395_f11,pth2,17469,1,458,L395_f11|pth2|17469,RLC,continuous,B1,1,0.010277856141328812,-0.27625155448913574,57,57,2.0
Matilde,L395_f11,pth2,17469,1,458,L395_f11|pth2|17469,LLC,continuous,B1,2,0.033168185502290726,1.4576934576034546,57,57,2.0
Matilde,L395_f11,pth2,17469,1,458,L395_f11|pth2|17469,RLB,bout,B1,3,0.053272828459739685,2.9806222915649414,57,57,2.0
Matilde,L395_f11,pth2,17469,1,458,L395_f11|pth2|17469,LLB,bout,B1,4,0.09633271396160126,6.242414474487305,57,57,2.0
Matilde,L395_f11,pth2,17469,1,458,L395_f11|pth2|17469,LLB+RLB,bout,B1,6,0.13067132234573364,8.843565940856934,57,57,2.0
Matilde,L395_f11,pth2,17469,1,458,L395_f11|pth2|17469,LLC+RLC,continuous,B1,7,0.01947801560163498,0.420661598443985,57,57,2.0
Matilde,L395_f11,pth2,17469,1,458,L395_f11|pth2|17469,RLC,continuous,B1,9,0.006207364611327648,-0.584591805934906,57,57,2.0
Matilde,L395_f11,pth2,17469,1,458,L395_f11|pth2|17469,LLB,bout,B1,10,0.058266375213861465,3.358884334564209,57,57,2.0
Matilde,L395_f11,pth2,17469,1,458,L395_f11|pth2|17469,LLB+RLB,bout,B1,11,0.08119078725576401,5.095410346984863,57,57,2.0
Matilde,L395_f11,pth2,17469,1,458,L395_f11|pth2|17469,RLB,bout,B1,12,0.02906132861971855,1.1465984582901,57,57,2.0
Matilde,L395_f11,pth2,17469,1,458,L395_f11|pth2|17469,LLC,continuous,B1,13,0.004178094677627087,-0.7383091449737549,57,57,2.0
Matilde,L395_f11,pth2,17469,1,458,L395_f11|pth2|17469,LLC+RLC,continuous,B1,14,0.0008044907590374351,-0.9938599467277527,57,57,2.0
Matilde,L395_f11,pth2,17469,1,458,L395_f11|pth2|17469,LLC+RLC,continuous,B2,16,0.002872349228709936,-0.8372194170951843,57,57,2.0
Matilde,L395_f11,pth2,17469,1,458,L395_f11|pth2|17469,LLB,bout,B2,17,0.053664930164813995,3.010324239730835,57,57,2.0
Matilde,L395_f11,pth2,17469,1,458,L395_f11|pth2|17469,RLC,continuous,B2,20,0.012530207633972168,-0.1056356430053711,57,57,2.0
Matilde,L395_f11,pth2,17469,1,458,L395_f11|pth2|17469,LLC,continuous,B2,21,0.004061997402459383,-0.7471034526824951,57,57,2.0
Matilde,L395_f11,pth2,17469,1,458,L395_f11|pth2|17469,RLB,bout,B2,22,0.012924512848258018,-0.07576697319746017,57,57,2.0
Matilde,L395_f11,pth2,17469,1,458,L395_f11|pth2|17469,LLB+RLB,bout,B2,23,0.06977405399084091,4.230592250823975,57,57,2.0
Matilde,L395_f11,pth2,17469,1,458,L395_f11|pth2|17469,LLB+RLB,bout,B2,24,0.07825247198343277,4.872833251953125,57,57,2.0
Matilde,L395_f11,pth2,17469,1,458,L395_f11|pth2|17469,LLC,continuous,B2,25,0.007639607880264521,-0.47609907388687134,57,57,2.0
Matilde,L395_f11,pth2,17469,1,458,L395_f11|pth2|17469,LLC+RLC,continuous,B2,26,0.004724075552076101,-0.6969510316848755,57,57,2.0
Matilde,L395_f11,pth2,17469,1,458,L395_f11|pth2|17469,RLC,continuous,B2,28,0.001722697401419282,-0.9243057370185852,57,57,2.0
Matilde,L395_f11,pth2,17469,1,458,L395_f11|pth2|17469,LLB,bout,B2,30,0.052449021488428116,2.9182188510894775,57,57,2.0
Matilde,L395_f11,pth2,17469,1,458,L395_f11|pth2|17469,RLB,bout,B2,31,0.010997312143445015,-0.22175268828868866,57,57,2.0
Matilde,L395_f11,pth2,17519,1,696,L395_f11|pth2|17519,RLC,continuous,B1,1,0.015082953497767448,-0.4000452160835266,57,57,2.0
Matilde,L395_f11,pth2,17519,1,696,L395_f11|pth2|17519,LLC,continuous,B1,2,0.025745494291186333,0.055103007704019547,57,57,2.0
Matilde,L395_f11,pth2,17519,1,696,L395_f11|pth2|17519,RLB,bout,B1,3,0.10893828421831131,3.606325149536133,57,57,2.0
Matilde,L395_f11,pth2,17519,1,696,L395_f11|pth2|17519,LLB,bout,B1,4,0.0994468480348587,3.2011680603027344,57,57,2.0
Matilde,L395_f11,pth2,17519,1,696,L395_f11|pth2|17519,LLB+RLB,bout,B1,6,0.20882529020309448,7.870169162750244,57,57,2.0
Matilde,L395_f11,pth2,17519,1,696,L395_f11|pth2|17519,LLC+RLC,continuous,B1,7,0.04344629868865013,0.8106911182403564,57,57,2.0
Matilde,L395_f11,pth2,17519,1,696,L395_f11|pth2|17519,RLC,continuous,B1,9,0.021289244294166565,-0.13511942327022552,57,57,2.0
Matilde,L395_f11,pth2,17519,1,696,L395_f11|pth2|17519,LLB,bout,B1,10,0.0889793187379837,2.7543439865112305,57,57,2.0
Matilde,L395_f11,pth2,17519,1,696,L395_f11|pth2|17519,LLB+RLB,bout,B1,11,0.14361433684825897,5.086530685424805,57,57,2.0
Matilde,L395_f11,pth2,17519,1,696,L395_f11|pth2|17519,RLB,bout,B1,12,0.08119779080152512,2.4221765995025635,57,57,2.0
Matilde,L395_f11,pth2,17519,1,696,L395_f11|pth2|17519,LLC,continuous,B1,13,0.02236669324338436,-0.08912663161754608,57,57,2.0
Matilde,L395_f11,pth2,17519,1,696,L395_f11|pth2|17519,LLC+RLC,continuous,B1,14,0.015933455899357796,-0.3637401759624481,57,57,2.0
Matilde,L395_f11,pth2,17519,1,696,L395_f11|pth2|17519,LLC+RLC,continuous,B2,16,0.0241866298019886,-0.011439704336225986,57,57,2.0
Matilde,L395_f11,pth2,17519,1,696,L395_f11|pth2|17519,LLB,bout,B2,17,0.047391463071107864,0.979097306728363,57,57,2.0
Matilde,L395_f11,pth2,17519,1,696,L395_f11|pth2|17519,RLC,continuous,B2,20,0.006532925646752119,-0.7650174498558044,57,57,2.0
Matilde,L395_f11,pth2,17519,1,696,L395_f11|pth2|17519,LLC,continuous,B2,21,0.012926687486469746,-0.49208909273147583,57,57,2.0
Matilde,L395_f11,pth2,17519,1,696,L395_f11|pth2|17519,RLB,bout,B2,22,0.024429962038993835,-0.0010526604019105434,57,57,2.0
Matilde,L395_f11,pth2,17519,1,696,L395_f11|pth2|17519,LLB+RLB,bout,B2,23,0.06882209330797195,1.8938995599746704,57,57,2.0
Matilde,L395_f11,pth2,17519,1,696,L395_f11|pth2|17519,LLB+RLB,bout,B2,24,0.06723224371671677,1.8260338306427002,57,57,2.0
Matilde,L395_f11,pth2,17519,1,696,L395_f11|pth2|17519,LLC,continuous,B2,25,0.003400705987587571,-0.8987213969230652,57,57,2.0
Matilde,L395_f11,pth2,17519,1,696,L395_f11|pth2|17519,LLC+RLC,continuous,B2,26,0.002561404602602124,-0.9345484972000122,57,57,2.0
Matilde,L395_f11,pth2,17519,1,696,L395_f11|pth2|17519,RLC,continuous,B2,28,0.002416190691292286,-0.940747082233429,57,57,2.0
Matilde,L395_f11,pth2,17519,1,696,L395_f11|pth2|17519,LLB,bout,B2,30,0.019670387730002403,-0.20422299206256866,57,57,2.0
Matilde,L395_f11,pth2,17519,1,696,L395_f11|pth2|17519,RLB,bout,B2,31,0.00801111664623022,-0.7019184231758118,57,57,2.0
Matilde,L395_f11,sst1.1,12516,4,413,L395_f11|sst1.1|12516,RLC,continuous,B1,1,0.005746084731072187,0.054673001170158386,57,57,2.0
Matilde,L395_f11,sst1.1,12516,4,413,L395_f11|sst1.1|12516,LLC,continuous,B1,2,0.022153472527861595,3.4132587909698486,57,57,2.0
Matilde,L395_f11,sst1.1,12516,4,413,L395_f11|sst1.1|12516,RLB,bout,B1,3,0.009226981550455093,0.7672111392021179,57,57,2.0
Matilde,L395_f11,sst1.1,12516,4,413,L395_f11|sst1.1|12516,LLB,bout,B1,4,0.019012531265616417,2.7703089714050293,57,57,2.0
Matilde,L395_f11,sst1.1,12516,4,413,L395_f11|sst1.1|12516,LLB+RLB,bout,B1,6,0.017614077776670456,2.484046220779419,57,57,2.0
Matilde,L395_f11,sst1.1,12516,4,413,L395_f11|sst1.1|12516,LLC+RLC,continuous,B1,7,0.0035988360177725554,-0.3848680257797241,57,57,2.0
Matilde,L395_f11,sst1.1,12516,4,413,L395_f11|sst1.1|12516,RLC,continuous,B1,9,0.004712759982794523,-0.15684817731380463,57,57,2.0
Matilde,L395_f11,sst1.1,12516,4,413,L395_f11|sst1.1|12516,LLB,bout,B1,10,0.015574743039906025,2.0665950775146484,57,57,2.0
Matilde,L395_f11,sst1.1,12516,4,413,L395_f11|sst1.1|12516,LLB+RLB,bout,B1,11,0.017265882343053818,2.4127705097198486,57,57,2.0
Matilde,L395_f11,sst1.1,12516,4,413,L395_f11|sst1.1|12516,RLB,bout,B1,12,0.006049644201993942,0.1168113499879837,57,57,2.0
Matilde,L395_f11,sst1.1,12516,4,413,L395_f11|sst1.1|12516,LLC,continuous,B1,13,0.0035548878367990255,-0.3938641846179962,57,57,2.0
Matilde,L395_f11,sst1.1,12516,4,413,L395_f11|sst1.1|12516,LLC+RLC,continuous,B1,14,0.004379690624773502,-0.22502733767032623,57,57,2.0
Matilde,L395_f11,sst1.1,12516,4,413,L395_f11|sst1.1|12516,LLC+RLC,continuous,B2,16,0.0050081610679626465,-0.09637980163097382,57,57,2.0
Matilde,L395_f11,sst1.1,12516,4,413,L395_f11|sst1.1|12516,LLB,bout,B2,17,0.014969110488891602,1.9426226615905762,57,57,2.0
Matilde,L395_f11,sst1.1,12516,4,413,L395_f11|sst1.1|12516,RLC,continuous,B2,20,0.003941859118640423,-0.3146512508392334,57,57,2.0
Matilde,L395_f11,sst1.1,12516,4,413,L395_f11|sst1.1|12516,LLC,continuous,B2,21,0.004761924967169762,-0.14678412675857544,57,57,2.0
Matilde,L395_f11,sst1.1,12516,4,413,L395_f11|sst1.1|12516,RLB,bout,B2,22,0.004295665305107832,-0.2422272264957428,57,57,2.0
Matilde,L395_f11,sst1.1,12516,4,413,L395_f11|sst1.1|12516,LLB+RLB,bout,B2,23,0.013642131350934505,1.6709907054901123,57,57,2.0
Matilde,L395_f11,sst1.1,12516,4,413,L395_f11|sst1.1|12516,LLB+RLB,bout,B2,24,0.01083174254745245,1.0957050323486328,57,57,2.0
Matilde,L395_f11,sst1.1,12516,4,413,L395_f11|sst1.1|12516,LLC,continuous,B2,25,0.003852196503430605,-0.33300524950027466,57,57,2.0
Matilde,L395_f11,sst1.1,12516,4,413,L395_f11|sst1.1|12516,LLC+RLC,continuous,B2,26,0.004986732732504606,-0.100766122341156,57,57,2.0
Matilde,L395_f11,sst1.1,12516,4,413,L395_f11|sst1.1|12516,RLC,continuous,B2,28,0.004318542778491974,-0.23754429817199707,57,57,2.0
Matilde,L395_f11,sst1.1,12516,4,413,L395_f11|sst1.1|12516,LLB,bout,B2,30,0.00842650793492794,0.6033543944358826,57,57,2.0
Matilde,L395_f11,sst1.1,12516,4,413,L395_f11|sst1.1|12516,RLB,bout,B2,31,0.004220704082399607,-0.2575717866420746,57,57,2.0
Matilde,L395_f11,sst1.1,12788,4,479,L395_f11|sst1.1|12788,RLC,continuous,B1,1,0.005426391493529081,0.3744555711746216,57,57,2.0
Matilde,L395_f11,sst1.1,12788,4,479,L395_f11|sst1.1|12788,LLC,continuous,B1,2,0.006255513057112694,0.6010056138038635,57,57,2.0
Matilde,L395_f11,sst1.1,12788,4,479,L395_f11|sst1.1|12788,RLB,bout,B1,3,0.00572968227788806,0.4573269784450531,57,57,2.0
Matilde,L395_f11,sst1.1,12788,4,479,L395_f11|sst1.1|12788,LLB,bout,B1,4,0.0034740420524030924,-0.1590065062046051,57,57,2.0
Matilde,L395_f11,sst1.1,12788,4,479,L395_f11|sst1.1|12788,LLB+RLB,bout,B1,6,0.004023831337690353,-0.008781570941209793,57,57,2.0
Matilde,L395_f11,sst1.1,12788,4,479,L395_f11|sst1.1|12788,LLC+RLC,continuous,B1,7,0.004938608035445213,0.24117302894592285,57,57,2.0
Matilde,L395_f11,sst1.1,12788,4,479,L395_f11|sst1.1|12788,RLC,continuous,B1,9,0.0049006580375134945,0.23080362379550934,57,57,2.0
Matilde,L395_f11,sst1.1,12788,4,479,L395_f11|sst1.1|12788,LLB,bout,B1,10,0.004458231385797262,0.10991454869508743,57,57,2.0
Matilde,L395_f11,sst1.1,12788,4,479,L395_f11|sst1.1|12788,LLB+RLB,bout,B1,11,0.007621515542268753,0.9742535948753357,57,57,2.0
Matilde,L395_f11,sst1.1,12788,4,479,L395_f11|sst1.1|12788,RLB,bout,B1,12,0.0031708241440355778,-0.24185799062252045,57,57,2.0
Matilde,L395_f11,sst1.1,12788,4,479,L395_f11|sst1.1|12788,LLC,continuous,B1,13,0.0027870391495525837,-0.3467237949371338,57,57,2.0
Matilde,L395_f11,sst1.1,12788,4,479,L395_f11|sst1.1|12788,LLC+RLC,continuous,B1,14,0.0040427399799227715,-0.00361479795537889,57,57,2.0
Matilde,L395_f11,sst1.1,12788,4,479,L395_f11|sst1.1|12788,LLC+RLC,continuous,B2,16,0.005008254665881395,0.26020362973213196,57,57,2.0
Matilde,L395_f11,sst1.1,12788,4,479,L395_f11|sst1.1|12788,LLB,bout,B2,17,0.0019614375196397305,-0.57231205701828,57,57,2.0
Matilde,L395_f11,sst1.1,12788,4,479,L395_f11|sst1.1|12788,RLC,continuous,B2,20,0.005709024146199226,0.45168226957321167,57,57,2.0
Matilde,L395_f11,sst1.1,12788,4,479,L395_f11|sst1.1|12788,LLC,continuous,B2,21,0.0030759847722947598,-0.26777201890945435,57,57,2.0
Matilde,L395_f11,sst1.1,12788,4,479,L395_f11|sst1.1|12788,RLB,bout,B2,22,0.004270211327821016,0.05853966623544693,57,57,2.0
Matilde,L395_f11,sst1.1,12788,4,479,L395_f11|sst1.1|12788,LLB+RLB,bout,B2,23,0.005242834333330393,0.3243004083633423,57,57,2.0
Matilde,L395_f11,sst1.1,12788,4,479,L395_f11|sst1.1|12788,LLB+RLB,bout,B2,24,0.002824567724019289,-0.3364695906639099,57,57,2.0
Matilde,L395_f11,sst1.1,12788,4,479,L395_f11|sst1.1|12788,LLC,continuous,B2,25,0.00519521813839674,0.31128954887390137,57,57,2.0
Matilde,L395_f11,sst1.1,12788,4,479,L395_f11|sst1.1|12788,LLC+RLC,continuous,B2,26,0.0038062690291553736,-0.06822849810123444,57,57,2.0
Matilde,L395_f11,sst1.1,12788,4,479,L395_f11|sst1.1|12788,RLC,continuous,B2,28,0.006861323956400156,0.7665380239486694,57,57,2.0
Matilde,L395_f11,sst1.1,12788,4,479,L395_f11|sst1.1|12788,LLB,bout,B2,30,0.0045338827185332775,0.1305856704711914,57,57,2.0
Matilde,L395_f11,sst1.1,12788,4,479,L395_f11|sst1.1|12788,RLB,bout,B2,31,0.0037235103081911802,-0.09084148705005646,57,57,2.0
Matilde,L395_f11,sst1.1,13056,4,416,L395_f11|sst1.1|13056,RLC,continuous,B1,1,0.0031441296450793743,-0.430122435092926,57,57,2.0
Matilde,L395_f11,sst1.1,13056,4,416,L395_f11|sst1.1|13056,LLC,continuous,B1,2,0.009835794568061829,1.1319626569747925,57,57,2.0
Matilde,L395_f11,sst1.1,13056,4,416,L395_f11|sst1.1|13056,RLB,bout,B1,3,0.008067131973803043,0.7190906405448914,57,57,2.0
Matilde,L395_f11,sst1.1,13056,4,416,L395_f11|sst1.1|13056,LLB,bout,B1,4,0.0204139593988657,3.6013023853302,57,57,2.0
Matilde,L395_f11,sst1.1,13056,4,416,L395_f11|sst1.1|13056,LLB+RLB,bout,B1,6,0.021749315783381462,3.913024425506592,57,57,2.0
Matilde,L395_f11,sst1.1,13056,4,416,L395_f11|sst1.1|13056,LLC+RLC,continuous,B1,7,0.0033599981106817722,-0.3797307014465332,57,57,2.0
Matilde,L395_f11,sst1.1,13056,4,416,L395_f11|sst1.1|13056,RLC,continuous,B1,9,0.0029422028455883265,-0.47725969552993774,57,57,2.0
Matilde,L395_f11,sst1.1,13056,4,416,L395_f11|sst1.1|13056,LLB,bout,B1,10,0.01604459621012211,2.581329107284546,57,57,2.0
Matilde,L395_f11,sst1.1,13056,4,416,L395_f11|sst1.1|13056,LLB+RLB,bout,B1,11,0.021822944283485413,3.9302120208740234,57,57,2.0
Matilde,L395_f11,sst1.1,13056,4,416,L395_f11|sst1.1|13056,RLB,bout,B1,12,0.005034621339291334,0.011189076118171215,57,57,2.0
Matilde,L395_f11,sst1.1,13056,4,416,L395_f11|sst1.1|13056,LLC,continuous,B1,13,0.0034027122892439365,-0.36975958943367004,57,57,2.0
Matilde,L395_f11,sst1.1,13056,4,416,L395_f11|sst1.1|13056,LLC+RLC,continuous,B1,14,0.0030845559667795897,-0.4440291225910187,57,57,2.0
Matilde,L395_f11,sst1.1,13056,4,416,L395_f11|sst1.1|13056,LLC+RLC,continuous,B2,16,0.005217828322201967,0.053956519812345505,57,57,2.0
Matilde,L395_f11,sst1.1,13056,4,416,L395_f11|sst1.1|13056,LLB,bout,B2,17,0.02077033556997776,3.6844940185546875,57,57,2.0
Matilde,L395_f11,sst1.1,13056,4,416,L395_f11|sst1.1|13056,RLC,continuous,B2,20,0.0034849171061068773,-0.3505699038505554,57,57,2.0
Matilde,L395_f11,sst1.1,13056,4,416,L395_f11|sst1.1|13056,LLC,continuous,B2,21,0.0058249118737876415,0.19567260146141052,57,57,2.0
Matilde,L395_f11,sst1.1,13056,4,416,L395_f11|sst1.1|13056,RLB,bout,B2,22,0.005597207695245743,0.1425178050994873,57,57,2.0
Matilde,L395_f11,sst1.1,13056,4,416,L395_f11|sst1.1|13056,LLB+RLB,bout,B2,23,0.01747693121433258,2.9156904220581055,57,57,2.0
Matilde,L395_f11,sst1.1,13056,4,416,L395_f11|sst1.1|13056,LLB+RLB,bout,B2,24,0.019139233976602554,3.303734064102173,57,57,2.0
Matilde,L395_f11,sst1.1,13056,4,416,L395_f11|sst1.1|13056,LLC,continuous,B2,25,0.006126267369836569,0.26602014899253845,57,57,2.0
Matilde,L395_f11,sst1.1,13056,4,416,L395_f11|sst1.1|13056,LLC+RLC,continuous,B2,26,0.005358658265322447,0.08683149516582489,57,57,2.0
Matilde,L395_f11,sst1.1,13056,4,416,L395_f11|sst1.1|13056,RLC,continuous,B2,28,0.00736272381618619,0.5546553134918213,57,57,2.0
Matilde,L395_f11,sst1.1,13056,4,416,L395_f11|sst1.1|13056,LLB,bout,B2,30,0.019643407315015793,3.421426296234131,57,57,2.0
Matilde,L395_f11,sst1.1,13056,4,416,L395_f11|sst1.1|13056,RLB,bout,B2,31,0.004310018382966518,-0.15796035528182983,57,57,2.0
Matilde,L395_f11,sst1.1,13062,4,459,L395_f11|sst1.1|13062,RLC,continuous,B1,1,0.007146262098103762,0.4988780915737152,57,57,2.0
Matilde,L395_f11,sst1.1,13062,4,459,L395_f11|sst1.1|13062,LLC,continuous,B1,2,0.03202380985021591,6.242267608642578,57,57,2.0
Matilde,L395_f11,sst1.1,13062,4,459,L395_f11|sst1.1|13062,RLB,bout,B1,3,0.010229723528027534,1.2107458114624023,57,57,2.0
Matilde,L395_f11,sst1.1,13062,4,459,L395_f11|sst1.1|13062,LLB,bout,B1,4,0.02075866423547268,3.641523838043213,57,57,2.0
Matilde,L395_f11,sst1.1,13062,4,459,L395_f11|sst1.1|13062,LLB+RLB,bout,B1,6,0.009831917472183704,1.1189055442810059,57,57,2.0
Matilde,L395_f11,sst1.1,13062,4,459,L395_f11|sst1.1|13062,LLC+RLC,continuous,B1,7,0.009415202774107456,1.022700309753418,57,57,2.0
Matilde,L395_f11,sst1.1,13062,4,459,L395_f11|sst1.1|13062,RLC,continuous,B1,9,0.00606858404353261,0.2500784695148468,57,57,2.0
Matilde,L395_f11,sst1.1,13062,4,459,L395_f11|sst1.1|13062,LLB,bout,B1,10,0.004928711336106062,-0.013079963624477386,57,57,2.0
Matilde,L395_f11,sst1.1,13062,4,459,L395_f11|sst1.1|13062,LLB+RLB,bout,B1,11,0.006577128544449806,0.3674842119216919,57,57,2.0
Matilde,L395_f11,sst1.1,13062,4,459,L395_f11|sst1.1|13062,RLB,bout,B1,12,0.004402956925332546,-0.13445886969566345,57,57,2.0
Matilde,L395_f11,sst1.1,13062,4,459,L395_f11|sst1.1|13062,LLC,continuous,B1,13,0.0028943929355591536,-0.48273560404777527,57,57,2.0
Matilde,L395_f11,sst1.1,13062,4,459,L395_f11|sst1.1|13062,LLC+RLC,continuous,B1,14,0.003162691369652748,-0.42079463601112366,57,57,2.0
Matilde,L395_f11,sst1.1,13062,4,459,L395_f11|sst1.1|13062,LLC+RLC,continuous,B2,16,0.004879788961261511,-0.024374451488256454,57,57,2.0
Matilde,L395_f11,sst1.1,13062,4,459,L395_f11|sst1.1|13062,LLB,bout,B2,17,0.004690988454967737,-0.06796211749315262,57,57,2.0
Matilde,L395_f11,sst1.1,13062,4,459,L395_f11|sst1.1|13062,RLC,continuous,B2,20,0.0015753929037600756,-0.787248432636261,57,57,2.0
Matilde,L395_f11,sst1.1,13062,4,459,L395_f11|sst1.1|13062,LLC,continuous,B2,21,0.0023280151654034853,-0.6134932041168213,57,57,2.0
Matilde,L395_f11,sst1.1,13062,4,459,L395_f11|sst1.1|13062,RLB,bout,B2,22,0.006270400248467922,0.2966710925102234,57,57,2.0
Matilde,L395_f11,sst1.1,13062,4,459,L395_f11|sst1.1|13062,LLB+RLB,bout,B2,23,0.005703379400074482,0.16576503217220306,57,57,2.0
Matilde,L395_f11,sst1.1,13062,4,459,L395_f11|sst1.1|13062,LLB+RLB,bout,B2,24,0.0038156816735863686,-0.2700410485267639,57,57,2.0
Matilde,L395_f11,sst1.1,13062,4,459,L395_f11|sst1.1|13062,LLC,continuous,B2,25,0.003447225783020258,-0.35510504245758057,57,57,2.0
Matilde,L395_f11,sst1.1,13062,4,459,L395_f11|sst1.1|13062,LLC+RLC,continuous,B2,26,0.005025676917284727,0.009306208230555058,57,57,2.0
Matilde,L395_f11,sst1.1,13062,4,459,L395_f11|sst1.1|13062,RLC,continuous,B2,28,0.004620265681296587,-0.08428969234228134,57,57,2.0
Matilde,L395_f11,sst1.1,13062,4,459,L395_f11|sst1.1|13062,LLB,bout,B2,30,0.003874042071402073,-0.2565675675868988,57,57,2.0
Matilde,L395_f11,sst1.1,13062,4,459,L395_f11|sst1.1|13062,RLB,bout,B2,31,0.005343242548406124,0.0826215073466301,57,57,2.0
Matilde,L395_f11,sst1.1,13311,4,218,L395_f11|sst1.1|13311,RLC,continuous,B1,1,0.0025163674727082253,-0.12699466943740845,57,57,2.0
Matilde,L395_f11,sst1.1,13311,4,218,L395_f11|sst1.1|13311,LLC,continuous,B1,2,0.003499598242342472,0.3198297619819641,57,57,2.0
Matilde,L395_f11,sst1.1,13311,4,218,L395_f11|sst1.1|13311,RLB,bout,B1,3,0.0013322083977982402,-0.6651298403739929,57,57,2.0
Matilde,L395_f11,sst1.1,13311,4,218,L395_f11|sst1.1|13311,LLB,bout,B1,4,0.0021437951363623142,-0.2963082790374756,57,57,2.0
Matilde,L395_f11,sst1.1,13311,4,218,L395_f11|sst1.1|13311,LLB+RLB,bout,B1,6,0.002314660931006074,-0.21865922212600708,57,57,2.0
Matilde,L395_f11,sst1.1,13311,4,218,L395_f11|sst1.1|13311,LLC+RLC,continuous,B1,7,0.0020483233965933323,-0.33969491720199585,57,57,2.0
Matilde,L395_f11,sst1.1,13311,4,218,L395_f11|sst1.1|13311,RLC,continuous,B1,9,0.003234435338526964,0.19932755827903748,57,57,2.0
Matilde,L395_f11,sst1.1,13311,4,218,L395_f11|sst1.1|13311,LLB,bout,B1,10,0.0034809415228664875,0.31135115027427673,57,57,2.0
Matilde,L395_f11,sst1.1,13311,4,218,L395_f11|sst1.1|13311,LLB+RLB,bout,B1,11,0.003794952528551221,0.4540517330169678,57,57,2.0
Matilde,L395_f11,sst1.1,13311,4,218,L395_f11|sst1.1|13311,RLB,bout,B1,12,0.002729583764448762,-0.030099615454673767,57,57,2.0
Matilde,L395_f11,sst1.1,13311,4,218,L395_f11|sst1.1|13311,LLC,continuous,B1,13,0.0021033163648098707,-0.31470364332199097,57,57,2.0
Matilde,L395_f11,sst1.1,13311,4,218,L395_f11|sst1.1|13311,LLC+RLC,continuous,B1,14,0.001773050520569086,-0.46479132771492004,57,57,2.0
Matilde,L395_f11,sst1.1,13311,4,218,L395_f11|sst1.1|13311,LLC+RLC,continuous,B2,16,0.0035237546544522047,0.3308074474334717,57,57,2.0
Matilde,L395_f11,sst1.1,13311,4,218,L395_f11|sst1.1|13311,LLB,bout,B2,17,0.0013114033499732614,-0.6745845079421997,57,57,2.0
Matilde,L395_f11,sst1.1,13311,4,218,L395_f11|sst1.1|13311,RLC,continuous,B2,20,0.0031512912828475237,0.16154326498508453,57,57,2.0
Matilde,L395_f11,sst1.1,13311,4,218,L395_f11|sst1.1|13311,LLC,continuous,B2,21,0.0030128948856145144,0.0986495092511177,57,57,2.0
Matilde,L395_f11,sst1.1,13311,4,218,L395_f11|sst1.1|13311,RLB,bout,B2,22,0.003104214556515217,0.14014939963817596,57,57,2.0
Matilde,L395_f11,sst1.1,13311,4,218,L395_f11|sst1.1|13311,LLB+RLB,bout,B2,23,0.0036481560673564672,0.3873410224914551,57,57,2.0
Matilde,L395_f11,sst1.1,13311,4,218,L395_f11|sst1.1|13311,LLB+RLB,bout,B2,24,0.0026609303895384073,-0.06129874661564827,57,57,2.0
Matilde,L395_f11,sst1.1,13311,4,218,L395_f11|sst1.1|13311,LLC,continuous,B2,25,0.0030787535943090916,0.128578782081604,57,57,2.0
Matilde,L395_f11,sst1.1,13311,4,218,L395_f11|sst1.1|13311,LLC+RLC,continuous,B2,26,0.0033540998119860888,0.25370854139328003,57,57,2.0
Matilde,L395_f11,sst1.1,13311,4,218,L395_f11|sst1.1|13311,RLC,continuous,B2,28,0.0037509917747229338,0.4340740144252777,57,57,2.0
Matilde,L395_f11,sst1.1,13311,4,218,L395_f11|sst1.1|13311,LLB,bout,B2,30,0.0024909053463488817,-0.13856588304042816,57,57,2.0
Matilde,L395_f11,sst1.1,13311,4,218,L395_f11|sst1.1|13311,RLB,bout,B2,31,0.003633255837485194,0.38056954741477966,57,57,2.0
Matilde,L395_f11,sst1.1,13698,3,529,L395_f11|sst1.1|13698,RLC,continuous,B1,1,0.01746361143887043,0.8170066475868225,57,57,2.0
Matilde,L395_f11,sst1.1,13698,3,529,L395_f11|sst1.1|13698,LLC,continuous,B1,2,0.021234208717942238,1.272733211517334,57,57,2.0
Matilde,L395_f11,sst1.1,13698,3,529,L395_f11|sst1.1|13698,RLB,bout,B1,3,0.014760065823793411,0.490247517824173,57,57,2.0
Matilde,L395_f11,sst1.1,13698,3,529,L395_f11|sst1.1|13698,LLB,bout,B1,4,0.01782008446753025,0.8600910305976868,57,57,2.0
Matilde,L395_f11,sst1.1,13698,3,529,L395_f11|sst1.1|13698,LLB+RLB,bout,B1,6,0.022919803857803345,1.4764593839645386,57,57,2.0
Matilde,L395_f11,sst1.1,13698,3,529,L395_f11|sst1.1|13698,LLC+RLC,continuous,B1,7,0.020253771916031837,1.154234528541565,57,57,2.0
Matilde,L395_f11,sst1.1,13698,3,529,L395_f11|sst1.1|13698,RLC,continuous,B1,9,0.019230378791689873,1.0305438041687012,57,57,2.0
Matilde,L395_f11,sst1.1,13698,3,529,L395_f11|sst1.1|13698,LLB,bout,B1,10,0.015415872447192669,0.5695104002952576,57,57,2.0
Matilde,L395_f11,sst1.1,13698,3,529,L395_f11|sst1.1|13698,LLB+RLB,bout,B1,11,0.023451395332813263,1.540709376335144,57,57,2.0
Matilde,L395_f11,sst1.1,13698,3,529,L395_f11|sst1.1|13698,RLB,bout,B1,12,0.015938686206936836,0.6326993703842163,57,57,2.0
Matilde,L395_f11,sst1.1,13698,3,529,L395_f11|sst1.1|13698,LLC,continuous,B1,13,0.013472321443259716,0.3346066176891327,57,57,2.0
Matilde,L395_f11,sst1.1,13698,3,529,L395_f11|sst1.1|13698,LLC+RLC,continuous,B1,14,0.01467928197234869,0.4804837703704834,57,57,2.0
Matilde,L395_f11,sst1.1,13698,3,529,L395_f11|sst1.1|13698,LLC+RLC,continuous,B2,16,0.011129442602396011,0.05143887177109718,57,57,2.0
Matilde,L395_f11,sst1.1,13698,3,529,L395_f11|sst1.1|13698,LLB,bout,B2,17,0.008487178944051266,-0.2679136395454407,57,57,2.0
Matilde,L395_f11,sst1.1,13698,3,529,L395_f11|sst1.1|13698,RLC,continuous,B2,20,0.005241991486400366,-0.660137414932251,57,57,2.0
Matilde,L395_f11,sst1.1,13698,3,529,L395_f11|sst1.1|13698,LLC,continuous,B2,21,0.005004219710826874,-0.6888753175735474,57,57,2.0
Matilde,L395_f11,sst1.1,13698,3,529,L395_f11|sst1.1|13698,RLB,bout,B2,22,0.004378847312182188,-0.7644598484039307,57,57,2.0
Matilde,L395_f11,sst1.1,13698,3,529,L395_f11|sst1.1|13698,LLB+RLB,bout,B2,23,0.0051583340391516685,-0.6702486276626587,57,57,2.0
Matilde,L395_f11,sst1.1,13698,3,529,L395_f11|sst1.1|13698,LLB+RLB,bout,B2,24,0.003774410579353571,-0.8375140428543091,57,57,2.0
Matilde,L395_f11,sst1.1,13698,3,529,L395_f11|sst1.1|13698,LLC,continuous,B2,25,0.0033227012027055025,-0.8921089768409729,57,57,2.0
Matilde,L395_f11,sst1.1,13698,3,529,L395_f11|sst1.1|13698,LLC+RLC,continuous,B2,26,0.004796307999640703,-0.7140041589736938,57,57,2.0
Matilde,L395_f11,sst1.1,13698,3,529,L395_f11|sst1.1|13698,RLC,continuous,B2,28,0.00018120792810805142,-1.2718000411987305,57,57,2.0
Matilde,L395_f11,sst1.1,13698,3,529,L395_f11|sst1.1|13698,LLB,bout,B2,30,0.0003739304665941745,-1.2485069036483765,57,57,2.0
Matilde,L395_f11,sst1.1,13698,3,529,L395_f11|sst1.1|13698,RLB,bout,B2,31,0.0010530019644647837,-1.16643226146698,57,57,2.0
Matilde,L395_f11,sst1.1,13997,4,585,L395_f11|sst1.1|13997,RLC,continuous,B1,1,0.006131316535174847,-0.20910526812076569,57,57,2.0
Matilde,L395_f11,sst1.1,13997,4,585,L395_f11|sst1.1|13997,LLC,continuous,B1,2,0.017739128321409225,1.2870742082595825,57,57,2.0
Matilde,L395_f11,sst1.1,13997,4,585,L395_f11|sst1.1|13997,RLB,bout,B1,3,0.05680478736758232,6.3224101066589355,57,57,2.0
Matilde,L395_f11,sst1.1,13997,4,585,L395_f11|sst1.1|13997,LLB,bout,B1,4,0.050125256180763245,5.4614577293396,57,57,2.0
Matilde,L395_f11,sst1.1,13997,4,585,L395_f11|sst1.1|13997,LLB+RLB,bout,B1,6,0.06943878531455994,7.950859546661377,57,57,2.0
Matilde,L395_f11,sst1.1,13997,4,585,L395_f11|sst1.1|13997,LLC+RLC,continuous,B1,7,0.006744645070284605,-0.1300506889820099,57,57,2.0
Matilde,L395_f11,sst1.1,13997,4,585,L395_f11|sst1.1|13997,RLC,continuous,B1,9,0.0017407319974154234,-0.7750260233879089,57,57,2.0
Matilde,L395_f11,sst1.1,13997,4,585,L395_f11|sst1.1|13997,LLB,bout,B1,10,0.04404986649751663,4.678374767303467,57,57,2.0
Matilde,L395_f11,sst1.1,13997,4,585,L395_f11|sst1.1|13997,LLB+RLB,bout,B1,11,0.06792441755533218,7.7556657791137695,57,57,2.0
Matilde,L395_f11,sst1.1,13997,4,585,L395_f11|sst1.1|13997,RLB,bout,B1,12,0.04292677715420723,4.533615589141846,57,57,2.0
Matilde,L395_f11,sst1.1,13997,4,585,L395_f11|sst1.1|13997,LLC,continuous,B1,13,0.0062483507208526134,-0.19402022659778595,57,57,2.0
Matilde,L395_f11,sst1.1,13997,4,585,L395_f11|sst1.1|13997,LLC+RLC,continuous,B1,14,0.002646334934979677,-0.6582990288734436,57,57,2.0
Matilde,L395_f11,sst1.1,13997,4,585,L395_f11|sst1.1|13997,LLC+RLC,continuous,B2,16,0.0024879055563360453,-0.6787196397781372,57,57,2.0
Matilde,L395_f11,sst1.1,13997,4,585,L395_f11|sst1.1|13997,LLB,bout,B2,17,0.04444875195622444,4.7297892570495605,57,57,2.0
Matilde,L395_f11,sst1.1,13997,4,585,L395_f11|sst1.1|13997,RLC,continuous,B2,20,0.0022108901757746935,-0.7144253849983215,57,57,2.0
Matilde,L395_f11,sst1.1,13997,4,585,L395_f11|sst1.1|13997,LLC,continuous,B2,21,0.0025433700066059828,-0.6715707778930664,57,57,2.0
Matilde,L395_f11,sst1.1,13997,4,585,L395_f11|sst1.1|13997,RLB,bout,B2,22,0.03502897173166275,3.515634536743164,57,57,2.0
Matilde,L395_f11,sst1.1,13997,4,585,L395_f11|sst1.1|13997,LLB+RLB,bout,B2,23,0.0679834634065628,7.763276100158691,57,57,2.0
Matilde,L395_f11,sst1.1,13997,4,585,L395_f11|sst1.1|13997,LLB+RLB,bout,B2,24,0.049926355481147766,5.43582010269165,57,57,2.0
Matilde,L395_f11,sst1.1,13997,4,585,L395_f11|sst1.1|13997,LLC,continuous,B2,25,0.003999580629169941,-0.483873575925827,57,57,2.0
Matilde,L395_f11,sst1.1,13997,4,585,L395_f11|sst1.1|13997,LLC+RLC,continuous,B2,26,0.0016825423808768392,-0.7825263142585754,57,57,2.0
Matilde,L395_f11,sst1.1,13997,4,585,L395_f11|sst1.1|13997,RLC,continuous,B2,28,0.005438677966594696,-0.29838231205940247,57,57,2.0
Matilde,L395_f11,sst1.1,13997,4,585,L395_f11|sst1.1|13997,LLB,bout,B2,30,0.04909458011388779,5.328608989715576,57,57,2.0
Matilde,L395_f11,sst1.1,13997,4,585,L395_f11|sst1.1|13997,RLB,bout,B2,31,0.026902493089437485,2.4681787490844727,57,57,2.0
Matilde,L395_f11,sst1.1,15085,3,455,L395_f11|sst1.1|15085,RLC,continuous,B1,1,0.005607644096016884,0.7448621392250061,57,57,2.0
Matilde,L395_f11,sst1.1,15085,3,455,L395_f11|sst1.1|15085,LLC,continuous,B1,2,0.004444454796612263,0.33712369203567505,57,57,2.0
Matilde,L395_f11,sst1.1,15085,3,455,L395_f11|sst1.1|15085,RLB,bout,B1,3,0.004056176636368036,0.20101861655712128,57,57,2.0
Matilde,L395_f11,sst1.1,15085,3,455,L395_f11|sst1.1|15085,LLB,bout,B1,4,0.00363066210411489,0.051860958337783813,57,57,2.0
Matilde,L395_f11,sst1.1,15085,3,455,L395_f11|sst1.1|15085,LLB+RLB,bout,B1,6,0.0035156579688191414,0.01154784020036459,57,57,2.0
Matilde,L395_f11,sst1.1,15085,3,455,L395_f11|sst1.1|15085,LLC+RLC,continuous,B1,7,0.0036579002626240253,0.061408787965774536,57,57,2.0
Matilde,L395_f11,sst1.1,15085,3,455,L395_f11|sst1.1|15085,RLC,continuous,B1,9,0.0038274128455668688,0.12082883715629578,57,57,2.0
Matilde,L395_f11,sst1.1,15085,3,455,L395_f11|sst1.1|15085,LLB,bout,B1,10,0.003908855374902487,0.14937728643417358,57,57,2.0
Matilde,L395_f11,sst1.1,15085,3,455,L395_f11|sst1.1|15085,LLB+RLB,bout,B1,11,0.00464303232729435,0.40673190355300903,57,57,2.0
Matilde,L395_f11,sst1.1,15085,3,455,L395_f11|sst1.1|15085,RLB,bout,B1,12,0.00410957308486104,0.219735786318779,57,57,2.0
Matilde,L395_f11,sst1.1,15085,3,455,L395_f11|sst1.1|15085,LLC,continuous,B1,13,0.0035239080898463726,0.014439983293414116,57,57,2.0
Matilde,L395_f11,sst1.1,15085,3,455,L395_f11|sst1.1|15085,LLC+RLC,continuous,B1,14,0.0030636778101325035,-0.14688698947429657,57,57,2.0
Matilde,L395_f11,sst1.1,15085,3,455,L395_f11|sst1.1|15085,LLC+RLC,continuous,B2,16,0.003095467109233141,-0.13574367761611938,57,57,2.0
Matilde,L395_f11,sst1.1,15085,3,455,L395_f11|sst1.1|15085,LLB,bout,B2,17,0.001596542657352984,-0.6611689329147339,57,57,2.0
Matilde,L395_f11,sst1.1,15085,3,455,L395_f11|sst1.1|15085,RLC,continuous,B2,20,0.0034389602951705456,-0.015337316319346428,57,57,2.0
Matilde,L395_f11,sst1.1,15085,3,455,L395_f11|sst1.1|15085,LLC,continuous,B2,21,0.003697168081998825,0.07517360150814056,57,57,2.0
Matilde,L395_f11,sst1.1,15085,3,455,L395_f11|sst1.1|15085,RLB,bout,B2,22,0.003680740250274539,0.06941504031419754,57,57,2.0
Matilde,L395_f11,sst1.1,15085,3,455,L395_f11|sst1.1|15085,LLB+RLB,bout,B2,23,0.003989653196185827,0.17769980430603027,57,57,2.0
Matilde,L395_f11,sst1.1,15085,3,455,L395_f11|sst1.1|15085,LLB+RLB,bout,B2,24,0.002969752298668027,-0.17981110513210297,57,57,2.0
Matilde,L395_f11,sst1.1,15085,3,455,L395_f11|sst1.1|15085,LLC,continuous,B2,25,0.0031411091331392527,-0.11974451690912247,57,57,2.0
Matilde,L395_f11,sst1.1,15085,3,455,L395_f11|sst1.1|15085,LLC+RLC,continuous,B2,26,0.0032808741088956594,-0.07075194269418716,57,57,2.0
Matilde,L395_f11,sst1.1,15085,3,455,L395_f11|sst1.1|15085,RLC,continuous,B2,28,0.004111584275960922,0.2204408496618271,57,57,2.0
Matilde,L395_f11,sst1.1,15085,3,455,L395_f11|sst1.1|15085,LLB,bout,B2,30,0.001882829237729311,-0.5608154535293579,57,57,2.0
Matilde,L395_f11,sst1.1,15085,3,455,L395_f11|sst1.1|15085,RLB,bout,B2,31,0.0033369921147823334,-0.05108066648244858,57,57,2.0
Matilde,L395_f11,sst1.1,16191,2,697,L395_f11|sst1.1|16191,RLC,continuous,B1,1,0.029270634055137634,0.02074265480041504,57,57,2.0
Matilde,L395_f11,sst1.1,16191,2,697,L395_f11|sst1.1|16191,LLC,continuous,B1,2,0.03955414891242981,0.4670305848121643,57,57,2.0
Matilde,L395_f11,sst1.1,16191,2,697,L395_f11|sst1.1|16191,RLB,bout,B1,3,0.0781087651848793,2.1402392387390137,57,57,2.0
Matilde,L395_f11,sst1.1,16191,2,697,L395_f11|sst1.1|16191,LLB,bout,B1,4,0.07017157226800919,1.7957777976989746,57,57,2.0
Matilde,L395_f11,sst1.1,16191,2,697,L395_f11|sst1.1|16191,LLB+RLB,bout,B1,6,0.09579262137413025,2.9076895713806152,57,57,2.0
Matilde,L395_f11,sst1.1,16191,2,697,L395_f11|sst1.1|16191,LLC+RLC,continuous,B1,7,0.03854524344205856,0.42324575781822205,57,57,2.0
Matilde,L395_f11,sst1.1,16191,2,697,L395_f11|sst1.1|16191,RLC,continuous,B1,9,0.02330596372485161,-0.23811444640159607,57,57,2.0
Matilde,L395_f11,sst1.1,16191,2,697,L395_f11|sst1.1|16191,LLB,bout,B1,10,0.0444752462208271,0.6805984973907471,57,57,2.0
Matilde,L395_f11,sst1.1,16191,2,697,L395_f11|sst1.1|16191,LLB+RLB,bout,B1,11,0.09667415916919708,2.9459474086761475,57,57,2.0
Matilde,L395_f11,sst1.1,16191,2,697,L395_f11|sst1.1|16191,RLB,bout,B1,12,0.07034677267074585,1.803381323814392,57,57,2.0
Matilde,L395_f11,sst1.1,16191,2,697,L395_f11|sst1.1|16191,LLC,continuous,B1,13,0.03356214240193367,0.2069871574640274,57,57,2.0
Matilde,L395_f11,sst1.1,16191,2,697,L395_f11|sst1.1|16191,LLC+RLC,continuous,B1,14,0.04200923070311546,0.5735774040222168,57,57,2.0
Matilde,L395_f11,sst1.1,16191,2,697,L395_f11|sst1.1|16191,LLC+RLC,continuous,B2,16,0.05436186492443085,1.1096619367599487,57,57,2.0
Matilde,L395_f11,sst1.1,16191,2,697,L395_f11|sst1.1|16191,LLB,bout,B2,17,0.06724262982606888,1.6686664819717407,57,57,2.0
Matilde,L395_f11,sst1.1,16191,2,697,L395_f11|sst1.1|16191,RLC,continuous,B2,20,0.036518704146146774,0.3352973759174347,57,57,2.0
Matilde,L395_f11,sst1.1,16191,2,697,L395_f11|sst1.1|16191,LLC,continuous,B2,21,0.03346872329711914,0.20293284952640533,57,57,2.0
Matilde,L395_f11,sst1.1,16191,2,697,L395_f11|sst1.1|16191,RLB,bout,B2,22,0.04270220547914505,0.6036513447761536,57,57,2.0
Matilde,L395_f11,sst1.1,16191,2,697,L395_f11|sst1.1|16191,LLB+RLB,bout,B2,23,0.055922072380781174,1.1773724555969238,57,57,2.0
Matilde,L395_f11,sst1.1,16191,2,697,L395_f11|sst1.1|16191,LLB+RLB,bout,B2,24,0.07531724125146866,2.0190916061401367,57,57,2.0
Matilde,L395_f11,sst1.1,16191,2,697,L395_f11|sst1.1|16191,LLC,continuous,B2,25,-0.015560772269964218,-1.9248683452606201,57,57,2.0
Matilde,L395_f11,sst1.1,16191,2,697,L395_f11|sst1.1|16191,LLC+RLC,continuous,B2,26,-0.0023264396004378796,-1.3505196571350098,57,57,2.0
Matilde,L395_f11,sst1.1,16191,2,697,L395_f11|sst1.1|16191,RLC,continuous,B2,28,0.009463218972086906,-0.8388673663139343,57,57,2.0
Matilde,L395_f11,sst1.1,16191,2,697,L395_f11|sst1.1|16191,LLB,bout,B2,30,-0.007891090586781502,-1.592016577720642,57,57,2.0
Matilde,L395_f11,sst1.1,16191,2,697,L395_f11|sst1.1|16191,RLB,bout,B2,31,0.015559766441583633,-0.5742870569229126,57,57,2.0
Matilde,L395_f11,sst1.1,17519,1,696,L395_f11|sst1.1|17519,RLC,continuous,B1,1,0.015082953497767448,-0.4000452160835266,57,57,2.0
Matilde,L395_f11,sst1.1,17519,1,696,L395_f11|sst1.1|17519,LLC,continuous,B1,2,0.025745494291186333,0.055103007704019547,57,57,2.0
Matilde,L395_f11,sst1.1,17519,1,696,L395_f11|sst1.1|17519,RLB,bout,B1,3,0.10893828421831131,3.606325149536133,57,57,2.0
Matilde,L395_f11,sst1.1,17519,1,696,L395_f11|sst1.1|17519,LLB,bout,B1,4,0.0994468480348587,3.2011680603027344,57,57,2.0
Matilde,L395_f11,sst1.1,17519,1,696,L395_f11|sst1.1|17519,LLB+RLB,bout,B1,6,0.20882529020309448,7.870169162750244,57,57,2.0
Matilde,L395_f11,sst1.1,17519,1,696,L395_f11|sst1.1|17519,LLC+RLC,continuous,B1,7,0.04344629868865013,0.8106911182403564,57,57,2.0
Matilde,L395_f11,sst1.1,17519,1,696,L395_f11|sst1.1|17519,RLC,continuous,B1,9,0.021289244294166565,-0.13511942327022552,57,57,2.0
Matilde,L395_f11,sst1.1,17519,1,696,L395_f11|sst1.1|17519,LLB,bout,B1,10,0.0889793187379837,2.7543439865112305,57,57,2.0
Matilde,L395_f11,sst1.1,17519,1,696,L395_f11|sst1.1|17519,LLB+RLB,bout,B1,11,0.14361433684825897,5.086530685424805,57,57,2.0
Matilde,L395_f11,sst1.1,17519,1,696,L395_f11|sst1.1|17519,RLB,bout,B1,12,0.08119779080152512,2.4221765995025635,57,57,2.0
Matilde,L395_f11,sst1.1,17519,1,696,L395_f11|sst1.1|17519,LLC,continuous,B1,13,0.02236669324338436,-0.08912663161754608,57,57,2.0
Matilde,L395_f11,sst1.1,17519,1,696,L395_f11|sst1.1|17519,LLC+RLC,continuous,B1,14,0.015933455899357796,-0.3637401759624481,57,57,2.0
Matilde,L395_f11,sst1.1,17519,1,696,L395_f11|sst1.1|17519,LLC+RLC,continuous,B2,16,0.0241866298019886,-0.011439704336225986,57,57,2.0
Matilde,L395_f11,sst1.1,17519,1,696,L395_f11|sst1.1|17519,LLB,bout,B2,17,0.047391463071107864,0.979097306728363,57,57,2.0
Matilde,L395_f11,sst1.1,17519,1,696,L395_f11|sst1.1|17519,RLC,continuous,B2,20,0.006532925646752119,-0.7650174498558044,57,57,2.0
Matilde,L395_f11,sst1.1,17519,1,696,L395_f11|sst1.1|17519,LLC,continuous,B2,21,0.012926687486469746,-0.49208909273147583,57,57,2.0
Matilde,L395_f11,sst1.1,17519,1,696,L395_f11|sst1.1|17519,RLB,bout,B2,22,0.024429962038993835,-0.0010526604019105434,57,57,2.0
Matilde,L395_f11,sst1.1,17519,1,696,L395_f11|sst1.1|17519,LLB+RLB,bout,B2,23,0.06882209330797195,1.8938995599746704,57,57,2.0
Matilde,L395_f11,sst1.1,17519,1,696,L395_f11|sst1.1|17519,LLB+RLB,bout,B2,24,0.06723224371671677,1.8260338306427002,57,57,2.0
Matilde,L395_f11,sst1.1,17519,1,696,L395_f11|sst1.1|17519,LLC,continuous,B2,25,0.003400705987587571,-0.8987213969230652,57,57,2.0
Matilde,L395_f11,sst1.1,17519,1,696,L395_f11|sst1.1|17519,LLC+RLC,continuous,B2,26,0.002561404602602124,-0.9345484972000122,57,57,2.0
Matilde,L395_f11,sst1.1,17519,1,696,L395_f11|sst1.1|17519,RLC,continuous,B2,28,0.002416190691292286,-0.940747082233429,57,57,2.0
Matilde,L395_f11,sst1.1,17519,1,696,L395_f11|sst1.1|17519,LLB,bout,B2,30,0.019670387730002403,-0.20422299206256866,57,57,2.0
Matilde,L395_f11,sst1.1,17519,1,696,L395_f11|sst1.1|17519,RLB,bout,B2,31,0.00801111664623022,-0.7019184231758118,57,57,2.0
Matilde,L395_f11,sst1.2,13096,4,556,L395_f11|sst1.2|13096,RLC,continuous,B1,1,0.008160128258168697,0.7260405421257019,57,57,2.0
Matilde,L395_f11,sst1.2,13096,4,556,L395_f11|sst1.2|13096,LLC,continuous,B1,2,0.012985913082957268,1.8272007703781128,57,57,2.0
Matilde,L395_f11,sst1.2,13096,4,556,L395_f11|sst1.2|13096,RLB,bout,B1,3,0.012438011355698109,1.702179193496704,57,57,2.0
Matilde,L395_f11,sst1.2,13096,4,556,L395_f11|sst1.2|13096,LLB,bout,B1,4,0.010309846140444279,1.2165687084197998,57,57,2.0
Matilde,L395_f11,sst1.2,13096,4,556,L395_f11|sst1.2|13096,LLB+RLB,bout,B1,6,0.011632371693849564,1.5183460712432861,57,57,2.0
Matilde,L395_f11,sst1.2,13096,4,556,L395_f11|sst1.2|13096,LLC+RLC,continuous,B1,7,0.005528504028916359,0.12554964423179626,57,57,2.0
Matilde,L395_f11,sst1.2,13096,4,556,L395_f11|sst1.2|13096,RLC,continuous,B1,9,0.007870964705944061,0.6600586175918579,57,57,2.0
Matilde,L395_f11,sst1.2,13096,4,556,L395_f11|sst1.2|13096,LLB,bout,B1,10,0.010868080891668797,1.3439481258392334,57,57,2.0
Matilde,L395_f11,sst1.2,13096,4,556,L395_f11|sst1.2|13096,LLB+RLB,bout,B1,11,0.014639915898442268,2.204615592956543,57,57,2.0
Matilde,L395_f11,sst1.2,13096,4,556,L395_f11|sst1.2|13096,RLB,bout,B1,12,0.008556751534342766,0.8165430426597595,57,57,2.0
Matilde,L395_f11,sst1.2,13096,4,556,L395_f11|sst1.2|13096,LLC,continuous,B1,13,0.006786250974982977,0.41254571080207825,57,57,2.0
Matilde,L395_f11,sst1.2,13096,4,556,L395_f11|sst1.2|13096,LLC+RLC,continuous,B1,14,0.004389557521790266,-0.13433799147605896,57,57,2.0
Matilde,L395_f11,sst1.2,13096,4,556,L395_f11|sst1.2|13096,LLC+RLC,continuous,B2,16,0.002887349808588624,-0.477115660905838,57,57,2.0
Matilde,L395_f11,sst1.2,13096,4,556,L395_f11|sst1.2|13096,LLB,bout,B2,17,0.005668665748089552,0.15753218531608582,57,57,2.0
Matilde,L395_f11,sst1.2,13096,4,556,L395_f11|sst1.2|13096,RLC,continuous,B2,20,0.004134178161621094,-0.19261114299297333,57,57,2.0
Matilde,L395_f11,sst1.2,13096,4,556,L395_f11|sst1.2|13096,LLC,continuous,B2,21,0.00594437075778842,0.22044332325458527,57,57,2.0
Matilde,L395_f11,sst1.2,13096,4,556,L395_f11|sst1.2|13096,RLB,bout,B2,22,0.00551848066970706,0.12326265871524811,57,57,2.0
Matilde,L395_f11,sst1.2,13096,4,556,L395_f11|sst1.2|13096,LLB+RLB,bout,B2,23,0.011782555840909481,1.5526154041290283,57,57,2.0
Matilde,L395_f11,sst1.2,13096,4,556,L395_f11|sst1.2|13096,LLB+RLB,bout,B2,24,0.007622790988534689,0.6034296154975891,57,57,2.0
Matilde,L395_f11,sst1.2,13096,4,556,L395_f11|sst1.2|13096,LLC,continuous,B2,25,0.00476726284250617,-0.048152338713407516,57,57,2.0
Matilde,L395_f11,sst1.2,13096,4,556,L395_f11|sst1.2|13096,LLC+RLC,continuous,B2,26,0.0028756193351000547,-0.47979238629341125,57,57,2.0
Matilde,L395_f11,sst1.2,13096,4,556,L395_f11|sst1.2|13096,RLC,continuous,B2,28,0.003536742879077792,-0.32893556356430054,57,57,2.0
Matilde,L395_f11,sst1.2,13096,4,556,L395_f11|sst1.2|13096,LLB,bout,B2,30,0.004818842280656099,-0.03638284653425217,57,57,2.0
Matilde,L395_f11,sst1.2,13096,4,556,L395_f11|sst1.2|13096,RLB,bout,B2,31,0.00391792319715023,-0.24195677042007446,57,57,2.0
Matilde,L395_f11,sst1.2,13372,4,440,L395_f11|sst1.2|13372,RLC,continuous,B1,1,-0.0021066097542643547,-1.3550870418548584,57,57,2.0
Matilde,L395_f11,sst1.2,13372,4,440,L395_f11|sst1.2|13372,LLC,continuous,B1,2,0.008595888502895832,-0.012466049753129482,57,57,2.0
Matilde,L395_f11,sst1.2,13372,4,440,L395_f11|sst1.2|13372,RLB,bout,B1,3,0.002026317408308387,-0.8366142511367798,57,57,2.0
Matilde,L395_f11,sst1.2,13372,4,440,L395_f11|sst1.2|13372,LLB,bout,B1,4,0.012096772901713848,0.4267174303531647,57,57,2.0
Matilde,L395_f11,sst1.2,13372,4,440,L395_f11|sst1.2|13372,LLB+RLB,bout,B1,6,0.01646672748029232,0.9749252796173096,57,57,2.0
Matilde,L395_f11,sst1.2,13372,4,440,L395_f11|sst1.2|13372,LLC+RLC,continuous,B1,7,0.006547868717461824,-0.26938867568969727,57,57,2.0
Matilde,L395_f11,sst1.2,13372,4,440,L395_f11|sst1.2|13372,RLC,continuous,B1,9,0.005282034166157246,-0.4281867742538452,57,57,2.0
Matilde,L395_f11,sst1.2,13372,4,440,L395_f11|sst1.2|13372,LLB,bout,B1,10,0.010480948723852634,0.22401349246501923,57,57,2.0
Matilde,L395_f11,sst1.2,13372,4,440,L395_f11|sst1.2|13372,LLB+RLB,bout,B1,11,0.018163463100790977,1.1877793073654175,57,57,2.0
Matilde,L395_f11,sst1.2,13372,4,440,L395_f11|sst1.2|13372,RLB,bout,B1,12,0.009534790180623531,0.10531847923994064,57,57,2.0
Matilde,L395_f11,sst1.2,13372,4,440,L395_f11|sst1.2|13372,LLC,continuous,B1,13,0.00829513929784298,-0.05019477382302284,57,57,2.0
Matilde,L395_f11,sst1.2,13372,4,440,L395_f11|sst1.2|13372,LLC+RLC,continuous,B1,14,0.005710260011255741,-0.37446606159210205,57,57,2.0
Matilde,L395_f11,sst1.2,13372,4,440,L395_f11|sst1.2|13372,LLC+RLC,continuous,B2,16,0.00832243263721466,-0.04677090421319008,57,57,2.0
Matilde,L395_f11,sst1.2,13372,4,440,L395_f11|sst1.2|13372,LLB,bout,B2,17,0.0160018689930439,0.9166091680526733,57,57,2.0
Matilde,L395_f11,sst1.2,13372,4,440,L395_f11|sst1.2|13372,RLC,continuous,B2,20,0.01075731124728918,0.25868305563926697,57,57,2.0
Matilde,L395_f11,sst1.2,13372,4,440,L395_f11|sst1.2|13372,LLC,continuous,B2,21,0.013008255511522293,0.5410624146461487,57,57,2.0
Matilde,L395_f11,sst1.2,13372,4,440,L395_f11|sst1.2|13372,RLB,bout,B2,22,0.013292736373841763,0.5767502784729004,57,57,2.0
Matilde,L395_f11,sst1.2,13372,4,440,L395_f11|sst1.2|13372,LLB+RLB,bout,B2,23,0.016898520290851593,1.0290932655334473,57,57,2.0
Matilde,L395_f11,sst1.2,13372,4,440,L395_f11|sst1.2|13372,LLB+RLB,bout,B2,24,0.011539027094841003,0.3567486107349396,57,57,2.0
Matilde,L395_f11,sst1.2,13372,4,440,L395_f11|sst1.2|13372,LLC,continuous,B2,25,0.006899272557348013,-0.22530533373355865,57,57,2.0
Matilde,L395_f11,sst1.2,13372,4,440,L395_f11|sst1.2|13372,LLC+RLC,continuous,B2,26,0.01923389360308647,1.3220642805099487,57,57,2.0
Matilde,L395_f11,sst1.2,13372,4,440,L395_f11|sst1.2|13372,RLC,continuous,B2,28,0.014110788702964783,0.6793743371963501,57,57,2.0
Matilde,L395_f11,sst1.2,13372,4,440,L395_f11|sst1.2|13372,LLB,bout,B2,30,0.019308380782604218,1.3314086198806763,57,57,2.0
Matilde,L395_f11,sst1.2,13372,4,440,L395_f11|sst1.2|13372,RLB,bout,B2,31,0.015255223959684372,0.8229430317878723,57,57,2.0
Matilde,L395_f11,tac3b,12788,4,479,L395_f11|tac3b|12788,RLC,continuous,B1,1,0.005426391493529081,0.3744555711746216,57,57,2.0
Matilde,L395_f11,tac3b,12788,4,479,L395_f11|tac3b|12788,LLC,continuous,B1,2,0.006255513057112694,0.6010056138038635,57,57,2.0
Matilde,L395_f11,tac3b,12788,4,479,L395_f11|tac3b|12788,RLB,bout,B1,3,0.00572968227788806,0.4573269784450531,57,57,2.0
Matilde,L395_f11,tac3b,12788,4,479,L395_f11|tac3b|12788,LLB,bout,B1,4,0.0034740420524030924,-0.1590065062046051,57,57,2.0
Matilde,L395_f11,tac3b,12788,4,479,L395_f11|tac3b|12788,LLB+RLB,bout,B1,6,0.004023831337690353,-0.008781570941209793,57,57,2.0
Matilde,L395_f11,tac3b,12788,4,479,L395_f11|tac3b|12788,LLC+RLC,continuous,B1,7,0.004938608035445213,0.24117302894592285,57,57,2.0
Matilde,L395_f11,tac3b,12788,4,479,L395_f11|tac3b|12788,RLC,continuous,B1,9,0.0049006580375134945,0.23080362379550934,57,57,2.0
Matilde,L395_f11,tac3b,12788,4,479,L395_f11|tac3b|12788,LLB,bout,B1,10,0.004458231385797262,0.10991454869508743,57,57,2.0
Matilde,L395_f11,tac3b,12788,4,479,L395_f11|tac3b|12788,LLB+RLB,bout,B1,11,0.007621515542268753,0.9742535948753357,57,57,2.0
Matilde,L395_f11,tac3b,12788,4,479,L395_f11|tac3b|12788,RLB,bout,B1,12,0.0031708241440355778,-0.24185799062252045,57,57,2.0
Matilde,L395_f11,tac3b,12788,4,479,L395_f11|tac3b|12788,LLC,continuous,B1,13,0.0027870391495525837,-0.3467237949371338,57,57,2.0
Matilde,L395_f11,tac3b,12788,4,479,L395_f11|tac3b|12788,LLC+RLC,continuous,B1,14,0.0040427399799227715,-0.00361479795537889,57,57,2.0
Matilde,L395_f11,tac3b,12788,4,479,L395_f11|tac3b|12788,LLC+RLC,continuous,B2,16,0.005008254665881395,0.26020362973213196,57,57,2.0
Matilde,L395_f11,tac3b,12788,4,479,L395_f11|tac3b|12788,LLB,bout,B2,17,0.0019614375196397305,-0.57231205701828,57,57,2.0
Matilde,L395_f11,tac3b,12788,4,479,L395_f11|tac3b|12788,RLC,continuous,B2,20,0.005709024146199226,0.45168226957321167,57,57,2.0
Matilde,L395_f11,tac3b,12788,4,479,L395_f11|tac3b|12788,LLC,continuous,B2,21,0.0030759847722947598,-0.26777201890945435,57,57,2.0
Matilde,L395_f11,tac3b,12788,4,479,L395_f11|tac3b|12788,RLB,bout,B2,22,0.004270211327821016,0.05853966623544693,57,57,2.0
Matilde,L395_f11,tac3b,12788,4,479,L395_f11|tac3b|12788,LLB+RLB,bout,B2,23,0.005242834333330393,0.3243004083633423,57,57,2.0
Matilde,L395_f11,tac3b,12788,4,479,L395_f11|tac3b|12788,LLB+RLB,bout,B2,24,0.002824567724019289,-0.3364695906639099,57,57,2.0
Matilde,L395_f11,tac3b,12788,4,479,L395_f11|tac3b|12788,LLC,continuous,B2,25,0.00519521813839674,0.31128954887390137,57,57,2.0
Matilde,L395_f11,tac3b,12788,4,479,L395_f11|tac3b|12788,LLC+RLC,continuous,B2,26,0.0038062690291553736,-0.06822849810123444,57,57,2.0
Matilde,L395_f11,tac3b,12788,4,479,L395_f11|tac3b|12788,RLC,continuous,B2,28,0.006861323956400156,0.7665380239486694,57,57,2.0
Matilde,L395_f11,tac3b,12788,4,479,L395_f11|tac3b|12788,LLB,bout,B2,30,0.0045338827185332775,0.1305856704711914,57,57,2.0
Matilde,L395_f11,tac3b,12788,4,479,L395_f11|tac3b|12788,RLB,bout,B2,31,0.0037235103081911802,-0.09084148705005646,57,57,2.0
Matilde,L395_f11,tac3b,13698,3,529,L395_f11|tac3b|13698,RLC,continuous,B1,1,0.01746361143887043,0.8170066475868225,57,57,2.0
Matilde,L395_f11,tac3b,13698,3,529,L395_f11|tac3b|13698,LLC,continuous,B1,2,0.021234208717942238,1.272733211517334,57,57,2.0
Matilde,L395_f11,tac3b,13698,3,529,L395_f11|tac3b|13698,RLB,bout,B1,3,0.014760065823793411,0.490247517824173,57,57,2.0
Matilde,L395_f11,tac3b,13698,3,529,L395_f11|tac3b|13698,LLB,bout,B1,4,0.01782008446753025,0.8600910305976868,57,57,2.0
Matilde,L395_f11,tac3b,13698,3,529,L395_f11|tac3b|13698,LLB+RLB,bout,B1,6,0.022919803857803345,1.4764593839645386,57,57,2.0
Matilde,L395_f11,tac3b,13698,3,529,L395_f11|tac3b|13698,LLC+RLC,continuous,B1,7,0.020253771916031837,1.154234528541565,57,57,2.0
Matilde,L395_f11,tac3b,13698,3,529,L395_f11|tac3b|13698,RLC,continuous,B1,9,0.019230378791689873,1.0305438041687012,57,57,2.0
Matilde,L395_f11,tac3b,13698,3,529,L395_f11|tac3b|13698,LLB,bout,B1,10,0.015415872447192669,0.5695104002952576,57,57,2.0
Matilde,L395_f11,tac3b,13698,3,529,L395_f11|tac3b|13698,LLB+RLB,bout,B1,11,0.023451395332813263,1.540709376335144,57,57,2.0
Matilde,L395_f11,tac3b,13698,3,529,L395_f11|tac3b|13698,RLB,bout,B1,12,0.015938686206936836,0.6326993703842163,57,57,2.0
Matilde,L395_f11,tac3b,13698,3,529,L395_f11|tac3b|13698,LLC,continuous,B1,13,0.013472321443259716,0.3346066176891327,57,57,2.0
Matilde,L395_f11,tac3b,13698,3,529,L395_f11|tac3b|13698,LLC+RLC,continuous,B1,14,0.01467928197234869,0.4804837703704834,57,57,2.0
Matilde,L395_f11,tac3b,13698,3,529,L395_f11|tac3b|13698,LLC+RLC,continuous,B2,16,0.011129442602396011,0.05143887177109718,57,57,2.0
Matilde,L395_f11,tac3b,13698,3,529,L395_f11|tac3b|13698,LLB,bout,B2,17,0.008487178944051266,-0.2679136395454407,57,57,2.0
Matilde,L395_f11,tac3b,13698,3,529,L395_f11|tac3b|13698,RLC,continuous,B2,20,0.005241991486400366,-0.660137414932251,57,57,2.0
Matilde,L395_f11,tac3b,13698,3,529,L395_f11|tac3b|13698,LLC,continuous,B2,21,0.005004219710826874,-0.6888753175735474,57,57,2.0
Matilde,L395_f11,tac3b,13698,3,529,L395_f11|tac3b|13698,RLB,bout,B2,22,0.004378847312182188,-0.7644598484039307,57,57,2.0
Matilde,L395_f11,tac3b,13698,3,529,L395_f11|tac3b|13698,LLB+RLB,bout,B2,23,0.0051583340391516685,-0.6702486276626587,57,57,2.0
Matilde,L395_f11,tac3b,13698,3,529,L395_f11|tac3b|13698,LLB+RLB,bout,B2,24,0.003774410579353571,-0.8375140428543091,57,57,2.0
Matilde,L395_f11,tac3b,13698,3,529,L395_f11|tac3b|13698,LLC,continuous,B2,25,0.0033227012027055025,-0.8921089768409729,57,57,2.0
Matilde,L395_f11,tac3b,13698,3,529,L395_f11|tac3b|13698,LLC+RLC,continuous,B2,26,0.004796307999640703,-0.7140041589736938,57,57,2.0
Matilde,L395_f11,tac3b,13698,3,529,L395_f11|tac3b|13698,RLC,continuous,B2,28,0.00018120792810805142,-1.2718000411987305,57,57,2.0
Matilde,L395_f11,tac3b,13698,3,529,L395_f11|tac3b|13698,LLB,bout,B2,30,0.0003739304665941745,-1.2485069036483765,57,57,2.0
Matilde,L395_f11,tac3b,13698,3,529,L395_f11|tac3b|13698,RLB,bout,B2,31,0.0010530019644647837,-1.16643226146698,57,57,2.0
Matilde,L395_f11,tac3b,15085,3,455,L395_f11|tac3b|15085,RLC,continuous,B1,1,0.005607644096016884,0.7448621392250061,57,57,2.0
Matilde,L395_f11,tac3b,15085,3,455,L395_f11|tac3b|15085,LLC,continuous,B1,2,0.004444454796612263,0.33712369203567505,57,57,2.0
Matilde,L395_f11,tac3b,15085,3,455,L395_f11|tac3b|15085,RLB,bout,B1,3,0.004056176636368036,0.20101861655712128,57,57,2.0
Matilde,L395_f11,tac3b,15085,3,455,L395_f11|tac3b|15085,LLB,bout,B1,4,0.00363066210411489,0.051860958337783813,57,57,2.0
Matilde,L395_f11,tac3b,15085,3,455,L395_f11|tac3b|15085,LLB+RLB,bout,B1,6,0.0035156579688191414,0.01154784020036459,57,57,2.0
Matilde,L395_f11,tac3b,15085,3,455,L395_f11|tac3b|15085,LLC+RLC,continuous,B1,7,0.0036579002626240253,0.061408787965774536,57,57,2.0
Matilde,L395_f11,tac3b,15085,3,455,L395_f11|tac3b|15085,RLC,continuous,B1,9,0.0038274128455668688,0.12082883715629578,57,57,2.0
Matilde,L395_f11,tac3b,15085,3,455,L395_f11|tac3b|15085,LLB,bout,B1,10,0.003908855374902487,0.14937728643417358,57,57,2.0
Matilde,L395_f11,tac3b,15085,3,455,L395_f11|tac3b|15085,LLB+RLB,bout,B1,11,0.00464303232729435,0.40673190355300903,57,57,2.0
Matilde,L395_f11,tac3b,15085,3,455,L395_f11|tac3b|15085,RLB,bout,B1,12,0.00410957308486104,0.219735786318779,57,57,2.0
Matilde,L395_f11,tac3b,15085,3,455,L395_f11|tac3b|15085,LLC,continuous,B1,13,0.0035239080898463726,0.014439983293414116,57,57,2.0
Matilde,L395_f11,tac3b,15085,3,455,L395_f11|tac3b|15085,LLC+RLC,continuous,B1,14,0.0030636778101325035,-0.14688698947429657,57,57,2.0
Matilde,L395_f11,tac3b,15085,3,455,L395_f11|tac3b|15085,LLC+RLC,continuous,B2,16,0.003095467109233141,-0.13574367761611938,57,57,2.0
Matilde,L395_f11,tac3b,15085,3,455,L395_f11|tac3b|15085,LLB,bout,B2,17,0.001596542657352984,-0.6611689329147339,57,57,2.0
Matilde,L395_f11,tac3b,15085,3,455,L395_f11|tac3b|15085,RLC,continuous,B2,20,0.0034389602951705456,-0.015337316319346428,57,57,2.0
Matilde,L395_f11,tac3b,15085,3,455,L395_f11|tac3b|15085,LLC,continuous,B2,21,0.003697168081998825,0.07517360150814056,57,57,2.0
Matilde,L395_f11,tac3b,15085,3,455,L395_f11|tac3b|15085,RLB,bout,B2,22,0.003680740250274539,0.06941504031419754,57,57,2.0
Matilde,L395_f11,tac3b,15085,3,455,L395_f11|tac3b|15085,LLB+RLB,bout,B2,23,0.003989653196185827,0.17769980430603027,57,57,2.0
Matilde,L395_f11,tac3b,15085,3,455,L395_f11|tac3b|15085,LLB+RLB,bout,B2,24,0.002969752298668027,-0.17981110513210297,57,57,2.0
Matilde,L395_f11,tac3b,15085,3,455,L395_f11|tac3b|15085,LLC,continuous,B2,25,0.0031411091331392527,-0.11974451690912247,57,57,2.0
Matilde,L395_f11,tac3b,15085,3,455,L395_f11|tac3b|15085,LLC+RLC,continuous,B2,26,0.0032808741088956594,-0.07075194269418716,57,57,2.0
Matilde,L395_f11,tac3b,15085,3,455,L395_f11|tac3b|15085,RLC,continuous,B2,28,0.004111584275960922,0.2204408496618271,57,57,2.0
Matilde,L395_f11,tac3b,15085,3,455,L395_f11|tac3b|15085,LLB,bout,B2,30,0.001882829237729311,-0.5608154535293579,57,57,2.0
Matilde,L395_f11,tac3b,15085,3,455,L395_f11|tac3b|15085,RLB,bout,B2,31,0.0033369921147823334,-0.05108066648244858,57,57,2.0
Matilde,L396_f01,pth2,11150,4,203,L396_f01|pth2|11150,LLB+RLB,bout,B1,0,0.02375097945332527,10.574333190917969,57,57,2.0
Matilde,L396_f01,pth2,11150,4,203,L396_f01|pth2|11150,LLC,continuous,B1,2,0.0037880006711930037,0.7663795351982117,57,57,2.0
Matilde,L396_f01,pth2,11150,4,203,L396_f01|pth2|11150,RLC,continuous,B1,3,0.0025051049888134003,0.13608385622501373,57,57,2.0
Matilde,L396_f01,pth2,11150,4,203,L396_f01|pth2|11150,LLC+RLC,continuous,B1,5,0.00247667427174747,0.12211555987596512,57,57,2.0
Matilde,L396_f01,pth2,11150,4,203,L396_f01|pth2|11150,RLB,bout,B1,6,0.0019554945174604654,-0.1339438408613205,57,57,2.0
Matilde,L396_f01,pth2,11150,4,203,L396_f01|pth2|11150,LLB,bout,B1,7,0.013787676580250263,5.679291248321533,57,57,2.0
Matilde,L396_f01,pth2,11150,4,203,L396_f01|pth2|11150,LLB+RLB,bout,B1,9,0.01230111438781023,4.9489336013793945,57,57,2.0
Matilde,L396_f01,pth2,11150,4,203,L396_f01|pth2|11150,LLC+RLC,continuous,B1,11,0.0019072643481194973,-0.15763966739177704,57,57,2.0
Matilde,L396_f01,pth2,11150,4,203,L396_f01|pth2|11150,RLC,continuous,B1,12,0.0019143287790939212,-0.15416879951953888,57,57,2.0
Matilde,L396_f01,pth2,11150,4,203,L396_f01|pth2|11150,LLB,bout,B1,13,0.007663373835384846,2.6703779697418213,57,57,2.0
Matilde,L396_f01,pth2,11150,4,203,L396_f01|pth2|11150,RLB,bout,B1,14,0.001555542810820043,-0.3304429352283478,57,57,2.0
Matilde,L396_f01,pth2,11150,4,203,L396_f01|pth2|11150,LLC,continuous,B1,15,0.001527028507553041,-0.3444521725177765,57,57,2.0
Matilde,L396_f01,pth2,11150,4,203,L396_f01|pth2|11150,LLB+RLB,bout,B2,16,0.008478669449687004,3.0709388256073,57,57,2.0
Matilde,L396_f01,pth2,11150,4,203,L396_f01|pth2|11150,RLB,bout,B2,17,0.0016757674748077989,-0.2713756859302521,57,57,2.0
Matilde,L396_f01,pth2,11150,4,203,L396_f01|pth2|11150,LLB,bout,B2,18,0.007498440332710743,2.5893452167510986,57,57,2.0
Matilde,L396_f01,pth2,11150,4,203,L396_f01|pth2|11150,LLC,continuous,B2,21,0.0018432383658364415,-0.1890960931777954,57,57,2.0
Matilde,L396_f01,pth2,11150,4,203,L396_f01|pth2|11150,RLC,continuous,B2,22,0.0015966355567798018,-0.310253769159317,57,57,2.0
Matilde,L396_f01,pth2,11150,4,203,L396_f01|pth2|11150,LLC+RLC,continuous,B2,23,0.00175703433342278,-0.23144873976707458,57,57,2.0
Matilde,L396_f01,pth2,11150,4,203,L396_f01|pth2|11150,LLB+RLB,bout,B2,24,0.008346871472895145,3.0061850547790527,57,57,2.0
Matilde,L396_f01,pth2,11150,4,203,L396_f01|pth2|11150,LLC,continuous,B2,25,0.0017663929611444473,-0.22685080766677856,57,57,2.0
Matilde,L396_f01,pth2,11150,4,203,L396_f01|pth2|11150,RLC,continuous,B2,26,0.0010348506039008498,-0.5862627625465393,57,57,2.0
Matilde,L396_f01,pth2,11150,4,203,L396_f01|pth2|11150,LLB,bout,B2,27,0.0058834608644247055,1.7958942651748657,57,57,2.0
Matilde,L396_f01,pth2,11150,4,203,L396_f01|pth2|11150,RLB,bout,B2,28,0.0013483038637787104,-0.4322609007358551,57,57,2.0
Matilde,L396_f01,pth2,11150,4,203,L396_f01|pth2|11150,LLC+RLC,continuous,B2,31,0.0017635889817029238,-0.2282283455133438,57,57,2.0
Matilde,L396_f01,pth2,11430,4,220,L396_f01|pth2|11430,LLB+RLB,bout,B1,0,0.10996532440185547,18.11292266845703,57,57,2.0
Matilde,L396_f01,pth2,11430,4,220,L396_f01|pth2|11430,LLC,continuous,B1,2,0.005429642274975777,0.10212787985801697,57,57,2.0
Matilde,L396_f01,pth2,11430,4,220,L396_f01|pth2|11430,RLC,continuous,B1,3,0.004706833977252245,-0.022407129406929016,57,57,2.0
Matilde,L396_f01,pth2,11430,4,220,L396_f01|pth2|11430,LLC+RLC,continuous,B1,5,0.007061448879539967,0.3832773268222809,57,57,2.0
Matilde,L396_f01,pth2,11430,4,220,L396_f01|pth2|11430,RLB,bout,B1,6,0.0036395015195012093,-0.20630133152008057,57,57,2.0
Matilde,L396_f01,pth2,11430,4,220,L396_f01|pth2|11430,LLB,bout,B1,7,0.07388529926538467,11.896578788757324,57,57,2.0
Matilde,L396_f01,pth2,11430,4,220,L396_f01|pth2|11430,LLB+RLB,bout,B1,9,0.06977906823158264,11.189102172851562,57,57,2.0
Matilde,L396_f01,pth2,11430,4,220,L396_f01|pth2|11430,LLC+RLC,continuous,B1,11,0.004932132549583912,0.016410378739237785,57,57,2.0
Matilde,L396_f01,pth2,11430,4,220,L396_f01|pth2|11430,RLC,continuous,B1,12,0.0029172529466450214,-0.3307400047779083,57,57,2.0
Matilde,L396_f01,pth2,11430,4,220,L396_f01|pth2|11430,LLB,bout,B1,13,0.02413283661007881,3.3245632648468018,57,57,2.0
Matilde,L396_f01,pth2,11430,4,220,L396_f01|pth2|11430,RLB,bout,B1,14,0.0031343968585133553,-0.29332754015922546,57,57,2.0
Matilde,L396_f01,pth2,11430,4,220,L396_f01|pth2|11430,LLC,continuous,B1,15,0.002236240543425083,-0.4480738341808319,57,57,2.0
Matilde,L396_f01,pth2,11430,4,220,L396_f01|pth2|11430,LLB+RLB,bout,B2,16,0.03853129222989082,5.8053202629089355,57,57,2.0
Matilde,L396_f01,pth2,11430,4,220,L396_f01|pth2|11430,RLB,bout,B2,17,0.004089683759957552,-0.12873795628547668,57,57,2.0
Matilde,L396_f01,pth2,11430,4,220,L396_f01|pth2|11430,LLB,bout,B2,18,0.018944302573800087,2.4306132793426514,57,57,2.0
Matilde,L396_f01,pth2,11430,4,220,L396_f01|pth2|11430,LLC,continuous,B2,21,0.002640139078721404,-0.3784847557544708,57,57,2.0
Matilde,L396_f01,pth2,11430,4,220,L396_f01|pth2|11430,RLC,continuous,B2,22,0.00120369135402143,-0.6259750127792358,57,57,2.0
Matilde,L396_f01,pth2,11430,4,220,L396_f01|pth2|11430,LLC+RLC,continuous,B2,23,0.0015853929799050093,-0.5602104663848877,57,57,2.0
Matilde,L396_f01,pth2,11430,4,220,L396_f01|pth2|11430,LLB+RLB,bout,B2,24,0.011233299039304256,1.1020588874816895,57,57,2.0
Matilde,L396_f01,pth2,11430,4,220,L396_f01|pth2|11430,LLC,continuous,B2,25,0.0014371630968526006,-0.5857495069503784,57,57,2.0
Matilde,L396_f01,pth2,11430,4,220,L396_f01|pth2|11430,RLC,continuous,B2,26,0.0010952226584777236,-0.6446636319160461,57,57,2.0
Matilde,L396_f01,pth2,11430,4,220,L396_f01|pth2|11430,LLB,bout,B2,27,0.003818053985014558,-0.17553797364234924,57,57,2.0
Matilde,L396_f01,pth2,11430,4,220,L396_f01|pth2|11430,RLB,bout,B2,28,0.001429214607924223,-0.5871189832687378,57,57,2.0
Matilde,L396_f01,pth2,11430,4,220,L396_f01|pth2|11430,LLC+RLC,continuous,B2,31,0.0008192472159862518,-0.6922122836112976,57,57,2.0
Matilde,L396_f01,pth2,12078,4,431,L396_f01|pth2|12078,LLB+RLB,bout,B1,0,0.006825852673500776,1.123638391494751,57,57,2.0
Matilde,L396_f01,pth2,12078,4,431,L396_f01|pth2|12078,LLC,continuous,B1,2,0.004454136826097965,0.326464980840683,57,57,2.0
Matilde,L396_f01,pth2,12078,4,431,L396_f01|pth2|12078,RLC,continuous,B1,3,0.004604141227900982,0.37688398361206055,57,57,2.0
Matilde,L396_f01,pth2,12078,4,431,L396_f01|pth2|12078,LLC+RLC,continuous,B1,5,0.0038679693825542927,0.12944437563419342,57,57,2.0
Matilde,L396_f01,pth2,12078,4,431,L396_f01|pth2|12078,RLB,bout,B1,6,0.0048883575946092606,0.4724140465259552,57,57,2.0
Matilde,L396_f01,pth2,12078,4,431,L396_f01|pth2|12078,LLB,bout,B1,7,0.0032291121315211058,-0.0852862223982811,57,57,2.0
Matilde,L396_f01,pth2,12078,4,431,L396_f01|pth2|12078,LLB+RLB,bout,B1,9,0.0048270635306835175,0.45181187987327576,57,57,2.0
Matilde,L396_f01,pth2,12078,4,431,L396_f01|pth2|12078,LLC+RLC,continuous,B1,11,0.004328468348830938,0.2842256724834442,57,57,2.0
Matilde,L396_f01,pth2,12078,4,431,L396_f01|pth2|12078,RLC,continuous,B1,12,0.005134750157594681,0.5552305579185486,57,57,2.0
Matilde,L396_f01,pth2,12078,4,431,L396_f01|pth2|12078,LLB,bout,B1,13,0.0029633373487740755,-0.17461752891540527,57,57,2.0
Matilde,L396_f01,pth2,12078,4,431,L396_f01|pth2|12078,RLB,bout,B1,14,0.0030046317260712385,-0.1607377976179123,57,57,2.0
Matilde,L396_f01,pth2,12078,4,431,L396_f01|pth2|12078,LLC,continuous,B1,15,0.003987404052168131,0.16958828270435333,57,57,2.0
Matilde,L396_f01,pth2,12078,4,431,L396_f01|pth2|12078,LLB+RLB,bout,B2,16,0.004202242940664291,0.24179920554161072,57,57,2.0
Matilde,L396_f01,pth2,12078,4,431,L396_f01|pth2|12078,RLB,bout,B2,17,0.0030655302107334137,-0.14026892185211182,57,57,2.0
Matilde,L396_f01,pth2,12078,4,431,L396_f01|pth2|12078,LLB,bout,B2,18,0.003689071862027049,0.06931386888027191,57,57,2.0
Matilde,L396_f01,pth2,12078,4,431,L396_f01|pth2|12078,LLC,continuous,B2,21,0.002678431337699294,-0.2703791856765747,57,57,2.0
Matilde,L396_f01,pth2,12078,4,431,L396_f01|pth2|12078,RLC,continuous,B2,22,0.0026685509365051985,-0.2737002372741699,57,57,2.0
Matilde,L396_f01,pth2,12078,4,431,L396_f01|pth2|12078,LLC+RLC,continuous,B2,23,0.0027836509980261326,-0.23501312732696533,57,57,2.0
Matilde,L396_f01,pth2,12078,4,431,L396_f01|pth2|12078,LLB+RLB,bout,B2,24,0.003907162230461836,0.14261764287948608,57,57,2.0
Matilde,L396_f01,pth2,12078,4,431,L396_f01|pth2|12078,LLC,continuous,B2,25,0.002762754913419485,-0.2420366257429123,57,57,2.0
Matilde,L396_f01,pth2,12078,4,431,L396_f01|pth2|12078,RLC,continuous,B2,26,0.002286212984472513,-0.4022103548049927,57,57,2.0
Matilde,L396_f01,pth2,12078,4,431,L396_f01|pth2|12078,LLB,bout,B2,27,0.002236749278381467,-0.4188360273838043,57,57,2.0
Matilde,L396_f01,pth2,12078,4,431,L396_f01|pth2|12078,RLB,bout,B2,28,0.0027785785496234894,-0.2367180734872818,57,57,2.0
Matilde,L396_f01,pth2,12078,4,431,L396_f01|pth2|12078,LLC+RLC,continuous,B2,31,0.00300821615383029,-0.15953311324119568,57,57,2.0
Matilde,L396_f01,pth2,12606,4,243,L396_f01|pth2|12606,LLB+RLB,bout,B1,0,0.05943543463945389,18.078088760375977,57,57,2.0
Matilde,L396_f01,pth2,12606,4,243,L396_f01|pth2|12606,LLC,continuous,B1,2,0.0049410234205424786,0.550777018070221,57,57,2.0
Matilde,L396_f01,pth2,12606,4,243,L396_f01|pth2|12606,RLC,continuous,B1,3,0.0037636628840118647,0.17209669947624207,57,57,2.0
Matilde,L396_f01,pth2,12606,4,243,L396_f01|pth2|12606,LLC+RLC,continuous,B1,5,0.004326187074184418,0.35302406549453735,57,57,2.0
Matilde,L396_f01,pth2,12606,4,243,L396_f01|pth2|12606,RLB,bout,B1,6,0.0029381071217358112,-0.09343083202838898,57,57,2.0
Matilde,L396_f01,pth2,12606,4,243,L396_f01|pth2|12606,LLB,bout,B1,7,0.035687170922756195,10.439813613891602,57,57,2.0
Matilde,L396_f01,pth2,12606,4,243,L396_f01|pth2|12606,LLB+RLB,bout,B1,9,0.02381005883216858,6.619718551635742,57,57,2.0
Matilde,L396_f01,pth2,12606,4,243,L396_f01|pth2|12606,LLC+RLC,continuous,B1,11,0.0031439452432096004,-0.027226174250245094,57,57,2.0
Matilde,L396_f01,pth2,12606,4,243,L396_f01|pth2|12606,RLC,continuous,B1,12,0.0033610754180699587,0.04261050373315811,57,57,2.0
Matilde,L396_f01,pth2,12606,4,243,L396_f01|pth2|12606,LLB,bout,B1,13,0.02012944221496582,5.435903549194336,57,57,2.0
Matilde,L396_f01,pth2,12606,4,243,L396_f01|pth2|12606,RLB,bout,B1,14,0.0025838217698037624,-0.2073815017938614,57,57,2.0
Matilde,L396_f01,pth2,12606,4,243,L396_f01|pth2|12606,LLC,continuous,B1,15,0.0028529525734484196,-0.12081962823867798,57,57,2.0
Matilde,L396_f01,pth2,12606,4,243,L396_f01|pth2|12606,LLB+RLB,bout,B2,16,0.017764665186405182,4.675308704376221,57,57,2.0
Matilde,L396_f01,pth2,12606,4,243,L396_f01|pth2|12606,RLB,bout,B2,17,0.0024898939300328493,-0.23759204149246216,57,57,2.0
Matilde,L396_f01,pth2,12606,4,243,L396_f01|pth2|12606,LLB,bout,B2,18,0.015914032235741615,4.080080509185791,57,57,2.0
Matilde,L396_f01,pth2,12606,4,243,L396_f01|pth2|12606,LLC,continuous,B2,21,0.00286105670966208,-0.11821314692497253,57,57,2.0
Matilde,L396_f01,pth2,12606,4,243,L396_f01|pth2|12606,RLC,continuous,B2,22,0.0018456028774380684,-0.44481852650642395,57,57,2.0
Matilde,L396_f01,pth2,12606,4,243,L396_f01|pth2|12606,LLC+RLC,continuous,B2,23,0.002403373597189784,-0.26541996002197266,57,57,2.0
Matilde,L396_f01,pth2,12606,4,243,L396_f01|pth2|12606,LLB+RLB,bout,B2,24,0.015320844016969204,3.8892903327941895,57,57,2.0
Matilde,L396_f01,pth2,12606,4,243,L396_f01|pth2|12606,LLC,continuous,B2,25,0.0020227956119924784,-0.3878271281719208,57,57,2.0
Matilde,L396_f01,pth2,12606,4,243,L396_f01|pth2|12606,RLC,continuous,B2,26,0.0021093084942549467,-0.36000165343284607,57,57,2.0
Matilde,L396_f01,pth2,12606,4,243,L396_f01|pth2|12606,LLB,bout,B2,27,0.017482269555330276,4.5844807624816895,57,57,2.0
Matilde,L396_f01,pth2,12606,4,243,L396_f01|pth2|12606,RLB,bout,B2,28,0.002663676394149661,-0.18169748783111572,57,57,2.0
Matilde,L396_f01,pth2,12606,4,243,L396_f01|pth2|12606,LLC+RLC,continuous,B2,31,0.002312259515747428,-0.2947254478931427,57,57,2.0
Matilde,L396_f01,pth2,12608,3,281,L396_f01|pth2|12608,LLB+RLB,bout,B1,0,0.06801755726337433,20.690858840942383,57,57,2.0
Matilde,L396_f01,pth2,12608,3,281,L396_f01|pth2|12608,LLC,continuous,B1,2,0.0038004086818546057,0.16044151782989502,57,57,2.0
Matilde,L396_f01,pth2,12608,3,281,L396_f01|pth2|12608,RLC,continuous,B1,3,0.003989299759268761,0.22083063423633575,57,57,2.0
Matilde,L396_f01,pth2,12608,3,281,L396_f01|pth2|12608,LLC+RLC,continuous,B1,5,0.004873957484960556,0.5036582946777344,57,57,2.0
Matilde,L396_f01,pth2,12608,3,281,L396_f01|pth2|12608,RLB,bout,B1,6,0.002959473989903927,-0.10840795934200287,57,57,2.0
Matilde,L396_f01,pth2,12608,3,281,L396_f01|pth2|12608,LLB,bout,B1,7,0.045889392495155334,13.61641788482666,57,57,2.0
Matilde,L396_f01,pth2,12608,3,281,L396_f01|pth2|12608,LLB+RLB,bout,B1,9,0.03733925148844719,10.882911682128906,57,57,2.0
Matilde,L396_f01,pth2,12608,3,281,L396_f01|pth2|12608,LLC+RLC,continuous,B1,11,0.0029964041896164417,-0.0966012105345726,57,57,2.0
Matilde,L396_f01,pth2,12608,3,281,L396_f01|pth2|12608,RLC,continuous,B1,12,0.0026442348025739193,-0.20919083058834076,57,57,2.0
Matilde,L396_f01,pth2,12608,3,281,L396_f01|pth2|12608,LLB,bout,B1,13,0.02453814074397087,6.790358066558838,57,57,2.0
Matilde,L396_f01,pth2,12608,3,281,L396_f01|pth2|12608,RLB,bout,B1,14,0.002821398666128516,-0.15255098044872284,57,57,2.0
Matilde,L396_f01,pth2,12608,3,281,L396_f01|pth2|12608,LLC,continuous,B1,15,0.0021666213870048523,-0.36188530921936035,57,57,2.0
Matilde,L396_f01,pth2,12608,3,281,L396_f01|pth2|12608,LLB+RLB,bout,B2,16,0.02225208654999733,6.059500694274902,57,57,2.0
Matilde,L396_f01,pth2,12608,3,281,L396_f01|pth2|12608,RLB,bout,B2,17,0.002060192171484232,-0.39591115713119507,57,57,2.0
Matilde,L396_f01,pth2,12608,3,281,L396_f01|pth2|12608,LLB,bout,B2,18,0.013753038831055164,3.342327833175659,57,57,2.0
Matilde,L396_f01,pth2,12608,3,281,L396_f01|pth2|12608,LLC,continuous,B2,21,0.0020049146842211485,-0.4135834574699402,57,57,2.0
Matilde,L396_f01,pth2,12608,3,281,L396_f01|pth2|12608,RLC,continuous,B2,22,0.0013632740592584014,-0.6187179088592529,57,57,2.0
Matilde,L396_f01,pth2,12608,3,281,L396_f01|pth2|12608,LLC+RLC,continuous,B2,23,0.0014784398954361677,-0.5818989872932434,57,57,2.0
Matilde,L396_f01,pth2,12608,3,281,L396_f01|pth2|12608,LLB+RLB,bout,B2,24,0.013692805543541908,3.323071241378784,57,57,2.0
Matilde,L396_f01,pth2,12608,3,281,L396_f01|pth2|12608,LLC,continuous,B2,25,0.0019179038936272264,-0.44140106439590454,57,57,2.0
Matilde,L396_f01,pth2,12608,3,281,L396_f01|pth2|12608,RLC,continuous,B2,26,0.0010935411555692554,-0.7049523591995239,57,57,2.0
Matilde,L396_f01,pth2,12608,3,281,L396_f01|pth2|12608,LLB,bout,B2,27,0.006719674915075302,1.0937397480010986,57,57,2.0
Matilde,L396_f01,pth2,12608,3,281,L396_f01|pth2|12608,RLB,bout,B2,28,0.001455126330256462,-0.5893524289131165,57,57,2.0
Matilde,L396_f01,pth2,12608,3,281,L396_f01|pth2|12608,LLC+RLC,continuous,B2,31,0.0012578300666064024,-0.6524286866188049,57,57,2.0
Matilde,L396_f01,pth2,15110,2,274,L396_f01|pth2|15110,LLB+RLB,bout,B1,0,0.17130514979362488,13.796455383300781,57,57,2.0
Matilde,L396_f01,pth2,15110,2,274,L396_f01|pth2|15110,LLC,continuous,B1,2,0.018861033022403717,0.7253873944282532,57,57,2.0
Matilde,L396_f01,pth2,15110,2,274,L396_f01|pth2|15110,RLC,continuous,B1,3,0.018950389698147774,0.7330490350723267,57,57,2.0
Matilde,L396_f01,pth2,15110,2,274,L396_f01|pth2|15110,LLC+RLC,continuous,B1,5,0.02501315250992775,1.2528905868530273,57,57,2.0
Matilde,L396_f01,pth2,15110,2,274,L396_f01|pth2|15110,RLB,bout,B1,6,0.019370457157492638,0.7690671682357788,57,57,2.0
Matilde,L396_f01,pth2,15110,2,274,L396_f01|pth2|15110,LLB,bout,B1,7,0.08752039819955826,6.612471103668213,57,57,2.0
Matilde,L396_f01,pth2,15110,2,274,L396_f01|pth2|15110,LLB+RLB,bout,B1,9,0.09442167729139328,7.20421028137207,57,57,2.0
Matilde,L396_f01,pth2,15110,2,274,L396_f01|pth2|15110,LLC+RLC,continuous,B1,11,0.007409466430544853,-0.2565082907676697,57,57,2.0
Matilde,L396_f01,pth2,15110,2,274,L396_f01|pth2|15110,RLC,continuous,B1,12,0.005067752208560705,-0.4572947025299072,57,57,2.0
Matilde,L396_f01,pth2,15110,2,274,L396_f01|pth2|15110,LLB,bout,B1,13,0.029405953362584114,1.6295440196990967,57,57,2.0
Matilde,L396_f01,pth2,15110,2,274,L396_f01|pth2|15110,RLB,bout,B1,14,0.0027741040103137493,-0.6539597511291504,57,57,2.0
Matilde,L396_f01,pth2,15110,2,274,L396_f01|pth2|15110,LLC,continuous,B1,15,0.0046669114381074905,-0.49166417121887207,57,57,2.0
Matilde,L396_f01,pth2,15110,2,274,L396_f01|pth2|15110,LLB+RLB,bout,B2,16,0.06004904955625534,4.256986141204834,57,57,2.0
Matilde,L396_f01,pth2,15110,2,274,L396_f01|pth2|15110,RLB,bout,B2,17,0.0066889384761452675,-0.31828877329826355,57,57,2.0
Matilde,L396_f01,pth2,15110,2,274,L396_f01|pth2|15110,LLB,bout,B2,18,0.03799012675881386,2.3655800819396973,57,57,2.0
Matilde,L396_f01,pth2,15110,2,274,L396_f01|pth2|15110,LLC,continuous,B2,21,0.0028028003871440887,-0.6514992713928223,57,57,2.0
Matilde,L396_f01,pth2,15110,2,274,L396_f01|pth2|15110,RLC,continuous,B2,22,0.0008151440415531397,-0.821927547454834,57,57,2.0
Matilde,L396_f01,pth2,15110,2,274,L396_f01|pth2|15110,LLC+RLC,continuous,B2,23,0.0017215337138623,-0.7442107200622559,57,57,2.0
Matilde,L396_f01,pth2,15110,2,274,L396_f01|pth2|15110,LLB+RLB,bout,B2,24,0.02487616427242756,1.2411448955535889,57,57,2.0
Matilde,L396_f01,pth2,15110,2,274,L396_f01|pth2|15110,LLC,continuous,B2,25,0.0014980415580794215,-0.763373613357544,57,57,2.0
Matilde,L396_f01,pth2,15110,2,274,L396_f01|pth2|15110,RLC,continuous,B2,26,0.00012627680553123355,-0.8809933662414551,57,57,2.0
Matilde,L396_f01,pth2,15110,2,274,L396_f01|pth2|15110,LLB,bout,B2,27,0.019160542637109756,0.7510682940483093,57,57,2.0
Matilde,L396_f01,pth2,15110,2,274,L396_f01|pth2|15110,RLB,bout,B2,28,0.0016338087152689695,-0.7517325282096863,57,57,2.0
Matilde,L396_f01,pth2,15110,2,274,L396_f01|pth2|15110,LLC+RLC,continuous,B2,31,0.00021795679640490562,-0.8731324672698975,57,57,2.0
Matilde,L396_f01,pth2,15774,2,282,L396_f01|pth2|15774,LLB+RLB,bout,B1,0,0.19022531807422638,9.282812118530273,57,57,2.0
Matilde,L396_f01,pth2,15774,2,282,L396_f01|pth2|15774,LLC,continuous,B1,2,0.03036949224770069,0.7321823239326477,57,57,2.0
Matilde,L396_f01,pth2,15774,2,282,L396_f01|pth2|15774,RLC,continuous,B1,3,0.01455478835850954,-0.1137404516339302,57,57,2.0
Matilde,L396_f01,pth2,15774,2,282,L396_f01|pth2|15774,LLC+RLC,continuous,B1,5,0.0333004966378212,0.8889607191085815,57,57,2.0
Matilde,L396_f01,pth2,15774,2,282,L396_f01|pth2|15774,RLB,bout,B1,6,0.02630196511745453,0.5146118402481079,57,57,2.0
Matilde,L396_f01,pth2,15774,2,282,L396_f01|pth2|15774,LLB,bout,B1,7,0.16771632432937622,8.078815460205078,57,57,2.0
Matilde,L396_f01,pth2,15774,2,282,L396_f01|pth2|15774,LLB+RLB,bout,B1,9,0.1554063856601715,7.420360565185547,57,57,2.0
Matilde,L396_f01,pth2,15774,2,282,L396_f01|pth2|15774,LLC+RLC,continuous,B1,11,0.01031279843300581,-0.340643048286438,57,57,2.0
Matilde,L396_f01,pth2,15774,2,282,L396_f01|pth2|15774,RLC,continuous,B1,12,0.003931429702788591,-0.6819800734519958,57,57,2.0
Matilde,L396_f01,pth2,15774,2,282,L396_f01|pth2|15774,LLB,bout,B1,13,0.09244805574417114,4.0527424812316895,57,57,2.0
Matilde,L396_f01,pth2,15774,2,282,L396_f01|pth2|15774,RLB,bout,B1,14,0.009152593091130257,-0.40270188450813293,57,57,2.0
Matilde,L396_f01,pth2,15774,2,282,L396_f01|pth2|15774,LLC,continuous,B1,15,0.0044194539077579975,-0.6558759212493896,57,57,2.0
Matilde,L396_f01,pth2,15774,2,282,L396_f01|pth2|15774,LLB+RLB,bout,B2,16,0.10729067027568817,4.846668243408203,57,57,2.0
Matilde,L396_f01,pth2,15774,2,282,L396_f01|pth2|15774,RLB,bout,B2,17,0.008327287621796131,-0.44684725999832153,57,57,2.0
Matilde,L396_f01,pth2,15774,2,282,L396_f01|pth2|15774,LLB,bout,B2,18,0.08424396067857742,3.613908290863037,57,57,2.0
Matilde,L396_f01,pth2,15774,2,282,L396_f01|pth2|15774,LLC,continuous,B2,21,0.002719961339607835,-0.7467811107635498,57,57,2.0
Matilde,L396_f01,pth2,15774,2,282,L396_f01|pth2|15774,RLC,continuous,B2,22,0.00034795518149621785,-0.8736588954925537,57,57,2.0
Matilde,L396_f01,pth2,15774,2,282,L396_f01|pth2|15774,LLC+RLC,continuous,B2,23,0.0006724282284267247,-0.8563029170036316,57,57,2.0
Matilde,L396_f01,pth2,15774,2,282,L396_f01|pth2|15774,LLB+RLB,bout,B2,24,0.042903970927000046,1.4026470184326172,57,57,2.0
Matilde,L396_f01,pth2,15774,2,282,L396_f01|pth2|15774,LLC,continuous,B2,25,0.003120510373264551,-0.725355863571167,57,57,2.0
Matilde,L396_f01,pth2,15774,2,282,L396_f01|pth2|15774,RLC,continuous,B2,26,0.00039731847937218845,-0.8710184693336487,57,57,2.0
Matilde,L396_f01,pth2,15774,2,282,L396_f01|pth2|15774,LLB,bout,B2,27,0.0391356460750103,1.2010804414749146,57,57,2.0
Matilde,L396_f01,pth2,15774,2,282,L396_f01|pth2|15774,RLB,bout,B2,28,0.0026815414894372225,-0.7488361597061157,57,57,2.0
Matilde,L396_f01,pth2,15774,2,282,L396_f01|pth2|15774,LLC+RLC,continuous,B2,31,0.0009093137923628092,-0.8436319231987,57,57,2.0
Matilde,L396_f01,pth2,16097,1,296,L396_f01|pth2|16097,LLB+RLB,bout,B1,0,0.10725158452987671,6.462530136108398,57,57,2.0
Matilde,L396_f01,pth2,16097,1,296,L396_f01|pth2|16097,LLC,continuous,B1,2,0.031475041061639786,1.0714439153671265,57,57,2.0
Matilde,L396_f01,pth2,16097,1,296,L396_f01|pth2|16097,RLC,continuous,B1,3,0.01961440220475197,0.22762416303157806,57,57,2.0
Matilde,L396_f01,pth2,16097,1,296,L396_f01|pth2|16097,LLC+RLC,continuous,B1,5,0.029639434069395065,0.9408504366874695,57,57,2.0
Matilde,L396_f01,pth2,16097,1,296,L396_f01|pth2|16097,RLB,bout,B1,6,0.014579466544091702,-0.13058392703533173,57,57,2.0
Matilde,L396_f01,pth2,16097,1,296,L396_f01|pth2|16097,LLB,bout,B1,7,0.058313071727752686,2.980823278427124,57,57,2.0
Matilde,L396_f01,pth2,16097,1,296,L396_f01|pth2|16097,LLB+RLB,bout,B1,9,0.07452584058046341,4.13427209854126,57,57,2.0
Matilde,L396_f01,pth2,16097,1,296,L396_f01|pth2|16097,LLC+RLC,continuous,B1,11,0.01699933409690857,0.041576460003852844,57,57,2.0
Matilde,L396_f01,pth2,16097,1,296,L396_f01|pth2|16097,RLC,continuous,B1,12,0.015589393675327301,-0.05873306840658188,57,57,2.0
Matilde,L396_f01,pth2,16097,1,296,L396_f01|pth2|16097,LLB,bout,B1,13,0.03491431847214699,1.3161296844482422,57,57,2.0
Matilde,L396_f01,pth2,16097,1,296,L396_f01|pth2|16097,RLB,bout,B1,14,0.01429004967212677,-0.1511743813753128,57,57,2.0
Matilde,L396_f01,pth2,16097,1,296,L396_f01|pth2|16097,LLC,continuous,B1,15,0.014900273643434048,-0.10776026546955109,57,57,2.0
Matilde,L396_f01,pth2,16097,1,296,L396_f01|pth2|16097,LLB+RLB,bout,B2,16,0.03243490308523178,1.139732837677002,57,57,2.0
Matilde,L396_f01,pth2,16097,1,296,L396_f01|pth2|16097,RLB,bout,B2,17,0.01838090270757675,0.13986748456954956,57,57,2.0
Matilde,L396_f01,pth2,16097,1,296,L396_f01|pth2|16097,LLB,bout,B2,18,0.02258680760860443,0.439094603061676,57,57,2.0
Matilde,L396_f01,pth2,16097,1,296,L396_f01|pth2|16097,LLC,continuous,B2,21,0.018688561394810677,0.16175568103790283,57,57,2.0
Matilde,L396_f01,pth2,16097,1,296,L396_f01|pth2|16097,RLC,continuous,B2,22,0.0039696781896054745,-0.885412335395813,57,57,2.0
Matilde,L396_f01,pth2,16097,1,296,L396_f01|pth2|16097,LLC+RLC,continuous,B2,23,0.013348755426704884,-0.2181422859430313,57,57,2.0
Matilde,L396_f01,pth2,16097,1,296,L396_f01|pth2|16097,LLB+RLB,bout,B2,24,0.011522626504302025,-0.3480614423751831,57,57,2.0
Matilde,L396_f01,pth2,16097,1,296,L396_f01|pth2|16097,LLC,continuous,B2,25,0.009978515096008778,-0.4579164385795593,57,57,2.0
Matilde,L396_f01,pth2,16097,1,296,L396_f01|pth2|16097,RLC,continuous,B2,26,0.01027792040258646,-0.4366154670715332,57,57,2.0
Matilde,L396_f01,pth2,16097,1,296,L396_f01|pth2|16097,LLB,bout,B2,27,0.011718840338289738,-0.3341018855571747,57,57,2.0
Matilde,L396_f01,pth2,16097,1,296,L396_f01|pth2|16097,RLB,bout,B2,28,3.8630540075246245e-05,-1.165084719657898,57,57,2.0
Matilde,L396_f01,pth2,16097,1,296,L396_f01|pth2|16097,LLC+RLC,continuous,B2,31,0.002310637617483735,-1.003443956375122,57,57,2.0
Matilde,L396_f01,pth2,16103,1,309,L396_f01|pth2|16103,LLB+RLB,bout,B1,0,0.08738583326339722,16.617225646972656,57,57,2.0
Matilde,L396_f01,pth2,16103,1,309,L396_f01|pth2|16103,LLC,continuous,B1,2,0.00986210536211729,0.9690102934837341,57,57,2.0
Matilde,L396_f01,pth2,16103,1,309,L396_f01|pth2|16103,RLC,continuous,B1,3,0.008156311698257923,0.6246945858001709,57,57,2.0
Matilde,L396_f01,pth2,16103,1,309,L396_f01|pth2|16103,LLC+RLC,continuous,B1,5,0.009979281574487686,0.9926621317863464,57,57,2.0
Matilde,L396_f01,pth2,16103,1,309,L396_f01|pth2|16103,RLB,bout,B1,6,0.004844124894589186,-0.04387255758047104,57,57,2.0
Matilde,L396_f01,pth2,16103,1,309,L396_f01|pth2|16103,LLB,bout,B1,7,0.05801153555512428,10.688006401062012,57,57,2.0
Matilde,L396_f01,pth2,16103,1,309,L396_f01|pth2|16103,LLB+RLB,bout,B1,9,0.05536831170320511,10.154468536376953,57,57,2.0
Matilde,L396_f01,pth2,16103,1,309,L396_f01|pth2|16103,LLC+RLC,continuous,B1,11,0.00468427361920476,-0.07613859325647354,57,57,2.0
Matilde,L396_f01,pth2,16103,1,309,L396_f01|pth2|16103,RLC,continuous,B1,12,0.003831948386505246,-0.24818111956119537,57,57,2.0
Matilde,L396_f01,pth2,16103,1,309,L396_f01|pth2|16103,LLB,bout,B1,13,0.024172615259885788,3.8575966358184814,57,57,2.0
Matilde,L396_f01,pth2,16103,1,309,L396_f01|pth2|16103,RLB,bout,B1,14,0.002839497523382306,-0.4485079050064087,57,57,2.0
Matilde,L396_f01,pth2,16103,1,309,L396_f01|pth2|16103,LLC,continuous,B1,15,0.002363581210374832,-0.5445719957351685,57,57,2.0
Matilde,L396_f01,pth2,16103,1,309,L396_f01|pth2|16103,LLB+RLB,bout,B2,16,0.02639678679406643,4.306546211242676,57,57,2.0
Matilde,L396_f01,pth2,16103,1,309,L396_f01|pth2|16103,RLB,bout,B2,17,0.0034389193169772625,-0.3275142014026642,57,57,2.0
Matilde,L396_f01,pth2,16103,1,309,L396_f01|pth2|16103,LLB,bout,B2,18,0.012078914791345596,1.4164745807647705,57,57,2.0
Matilde,L396_f01,pth2,16103,1,309,L396_f01|pth2|16103,LLC,continuous,B2,21,0.002558008534833789,-0.5053266286849976,57,57,2.0
Matilde,L396_f01,pth2,16103,1,309,L396_f01|pth2|16103,RLC,continuous,B2,22,0.00109145138412714,-0.8013522624969482,57,57,2.0
Matilde,L396_f01,pth2,16103,1,309,L396_f01|pth2|16103,LLC+RLC,continuous,B2,23,0.0014599107671529055,-0.7269784808158875,57,57,2.0
Matilde,L396_f01,pth2,16103,1,309,L396_f01|pth2|16103,LLB+RLB,bout,B2,24,0.008526956662535667,0.6995094418525696,57,57,2.0
Matilde,L396_f01,pth2,16103,1,309,L396_f01|pth2|16103,LLC,continuous,B2,25,0.002953428542241454,-0.4255109429359436,57,57,2.0
Matilde,L396_f01,pth2,16103,1,309,L396_f01|pth2|16103,RLC,continuous,B2,26,0.0006056688143871725,-0.8994077444076538,57,57,2.0
Matilde,L396_f01,pth2,16103,1,309,L396_f01|pth2|16103,LLB,bout,B2,27,0.0040359171107411385,-0.20700974762439728,57,57,2.0
Matilde,L396_f01,pth2,16103,1,309,L396_f01|pth2|16103,RLB,bout,B2,28,0.0019636680372059345,-0.6252947449684143,57,57,2.0
Matilde,L396_f01,pth2,16103,1,309,L396_f01|pth2|16103,LLC+RLC,continuous,B2,31,0.0011292900890111923,-0.7937144637107849,57,57,2.0
Matilde,L396_f01,pth2,16511,1,644,L396_f01|pth2|16511,LLB+RLB,bout,B1,0,0.02775849774479866,5.82762336730957,57,57,2.0
Matilde,L396_f01,pth2,16511,1,644,L396_f01|pth2|16511,LLC,continuous,B1,2,0.004309499636292458,0.04089856520295143,57,57,2.0
Matilde,L396_f01,pth2,16511,1,644,L396_f01|pth2|16511,RLC,continuous,B1,3,0.012091771699488163,1.9614014625549316,57,57,2.0
Matilde,L396_f01,pth2,16511,1,644,L396_f01|pth2|16511,LLC+RLC,continuous,B1,5,0.005644090939313173,0.37024807929992676,57,57,2.0
Matilde,L396_f01,pth2,16511,1,644,L396_f01|pth2|16511,RLB,bout,B1,6,0.02372712455689907,4.832764148712158,57,57,2.0
Matilde,L396_f01,pth2,16511,1,644,L396_f01|pth2|16511,LLB,bout,B1,7,0.007455326151102781,0.817223072052002,57,57,2.0
Matilde,L396_f01,pth2,16511,1,644,L396_f01|pth2|16511,LLB+RLB,bout,B1,9,0.028333209455013275,5.9694504737854,57,57,2.0
Matilde,L396_f01,pth2,16511,1,644,L396_f01|pth2|16511,LLC+RLC,continuous,B1,11,0.004169109743088484,0.0062533095479011536,57,57,2.0
Matilde,L396_f01,pth2,16511,1,644,L396_f01|pth2|16511,RLC,continuous,B1,12,0.0040631648153066635,-0.019891655072569847,57,57,2.0
Matilde,L396_f01,pth2,16511,1,644,L396_f01|pth2|16511,LLB,bout,B1,13,0.003273820038884878,-0.21468545496463776,57,57,2.0
Matilde,L396_f01,pth2,16511,1,644,L396_f01|pth2|16511,RLB,bout,B1,14,0.008329955860972404,1.0330636501312256,57,57,2.0
Matilde,L396_f01,pth2,16511,1,644,L396_f01|pth2|16511,LLC,continuous,B1,15,0.0027319034561514854,-0.348419189453125,57,57,2.0
Matilde,L396_f01,pth2,16511,1,644,L396_f01|pth2|16511,LLB+RLB,bout,B2,16,0.016925834119319916,3.1543469429016113,57,57,2.0
Matilde,L396_f01,pth2,16511,1,644,L396_f01|pth2|16511,RLB,bout,B2,17,0.008962880820035934,1.1892563104629517,57,57,2.0
Matilde,L396_f01,pth2,16511,1,644,L396_f01|pth2|16511,LLB,bout,B2,18,0.003503059968352318,-0.15811389684677124,57,57,2.0
Matilde,L396_f01,pth2,16511,1,644,L396_f01|pth2|16511,LLC,continuous,B2,21,0.002922303508967161,-0.30143243074417114,57,57,2.0
Matilde,L396_f01,pth2,16511,1,644,L396_f01|pth2|16511,RLC,continuous,B2,22,0.004609137307852507,0.11484309285879135,57,57,2.0
Matilde,L396_f01,pth2,16511,1,644,L396_f01|pth2|16511,LLC+RLC,continuous,B2,23,0.003483154810965061,-0.16302601993083954,57,57,2.0
Matilde,L396_f01,pth2,16511,1,644,L396_f01|pth2|16511,LLB+RLB,bout,B2,24,0.008255363442003727,1.014655590057373,57,57,2.0
Matilde,L396_f01,pth2,16511,1,644,L396_f01|pth2|16511,LLC,continuous,B2,25,0.0026808015536516905,-0.36103013157844543,57,57,2.0
Matilde,L396_f01,pth2,16511,1,644,L396_f01|pth2|16511,RLC,continuous,B2,26,0.002652036026120186,-0.36812886595726013,57,57,2.0
Matilde,L396_f01,pth2,16511,1,644,L396_f01|pth2|16511,LLB,bout,B2,27,0.0021607510279864073,-0.4893677234649658,57,57,2.0
Matilde,L396_f01,pth2,16511,1,644,L396_f01|pth2|16511,RLB,bout,B2,28,0.0026464038528501987,-0.3695187270641327,57,57,2.0
Matilde,L396_f01,pth2,16511,1,644,L396_f01|pth2|16511,LLC+RLC,continuous,B2,31,0.0028228319715708494,-0.32597994804382324,57,57,2.0
Matilde,L396_f01,pth2,16762,1,268,L396_f01|pth2|16762,LLB+RLB,bout,B1,0,0.011848936788737774,2.101304054260254,57,57,2.0
Matilde,L396_f01,pth2,16762,1,268,L396_f01|pth2|16762,LLC,continuous,B1,2,0.005168265197426081,0.2598530054092407,57,57,2.0
Matilde,L396_f01,pth2,16762,1,268,L396_f01|pth2|16762,RLC,continuous,B1,3,0.004771500825881958,0.1504894196987152,57,57,2.0
Matilde,L396_f01,pth2,16762,1,268,L396_f01|pth2|16762,LLC+RLC,continuous,B1,5,0.005554542876780033,0.3663260042667389,57,57,2.0
Matilde,L396_f01,pth2,16762,1,268,L396_f01|pth2|16762,RLB,bout,B1,6,0.004737691953778267,0.14117032289505005,57,57,2.0
Matilde,L396_f01,pth2,16762,1,268,L396_f01|pth2|16762,LLB,bout,B1,7,0.006648190785199404,0.6677776575088501,57,57,2.0
Matilde,L396_f01,pth2,16762,1,268,L396_f01|pth2|16762,LLB+RLB,bout,B1,9,0.006767203100025654,0.7005819082260132,57,57,2.0
Matilde,L396_f01,pth2,16762,1,268,L396_f01|pth2|16762,LLC+RLC,continuous,B1,11,0.004139462951570749,-0.02372460626065731,57,57,2.0
Matilde,L396_f01,pth2,16762,1,268,L396_f01|pth2|16762,RLC,continuous,B1,12,0.004816721193492413,0.16295388340950012,57,57,2.0
Matilde,L396_f01,pth2,16762,1,268,L396_f01|pth2|16762,LLB,bout,B1,13,0.005041828844696283,0.225002259016037,57,57,2.0
Matilde,L396_f01,pth2,16762,1,268,L396_f01|pth2|16762,RLB,bout,B1,14,0.004131570924073458,-0.025899944826960564,57,57,2.0
Matilde,L396_f01,pth2,16762,1,268,L396_f01|pth2|16762,LLC,continuous,B1,15,0.0033811707980930805,-0.2327391803264618,57,57,2.0
Matilde,L396_f01,pth2,16762,1,268,L396_f01|pth2|16762,LLB+RLB,bout,B2,16,0.005961481481790543,0.4784940779209137,57,57,2.0
Matilde,L396_f01,pth2,16762,1,268,L396_f01|pth2|16762,RLB,bout,B2,17,0.0039620473980903625,-0.07262717932462692,57,57,2.0
Matilde,L396_f01,pth2,16762,1,268,L396_f01|pth2|16762,LLB,bout,B2,18,0.005410810932517052,0.3267079293727875,57,57,2.0
Matilde,L396_f01,pth2,16762,1,268,L396_f01|pth2|16762,LLC,continuous,B2,21,0.00433536060154438,0.0302723441272974,57,57,2.0
Matilde,L396_f01,pth2,16762,1,268,L396_f01|pth2|16762,RLC,continuous,B2,22,0.0036572092212736607,-0.15665240585803986,57,57,2.0
Matilde,L396_f01,pth2,16762,1,268,L396_f01|pth2|16762,LLC+RLC,continuous,B2,23,0.003361509880051017,-0.23815858364105225,57,57,2.0
Matilde,L396_f01,pth2,16762,1,268,L396_f01|pth2|16762,LLB+RLB,bout,B2,24,0.005344745237380266,0.308497816324234,57,57,2.0
Matilde,L396_f01,pth2,16762,1,268,L396_f01|pth2|16762,LLC,continuous,B2,25,0.0037891881074756384,-0.12027384340763092,57,57,2.0
Matilde,L396_f01,pth2,16762,1,268,L396_f01|pth2|16762,RLC,continuous,B2,26,0.0026238360442221165,-0.44148996472358704,57,57,2.0
Matilde,L396_f01,pth2,16762,1,268,L396_f01|pth2|16762,LLB,bout,B2,27,0.004426642786711454,0.05543334037065506,57,57,2.0
Matilde,L396_f01,pth2,16762,1,268,L396_f01|pth2|16762,RLB,bout,B2,28,0.0038743491750210524,-0.09680014848709106,57,57,2.0
Matilde,L396_f01,pth2,16762,1,268,L396_f01|pth2|16762,LLC+RLC,continuous,B2,31,0.002859138883650303,-0.37663134932518005,57,57,2.0
Matilde,L396_f01,pth2,16773,2,338,L396_f01|pth2|16773,LLB+RLB,bout,B1,0,0.07331545650959015,10.018638610839844,57,57,2.0
Matilde,L396_f01,pth2,16773,2,338,L396_f01|pth2|16773,LLC,continuous,B1,2,0.009079910814762115,0.38060644268989563,57,57,2.0
Matilde,L396_f01,pth2,16773,2,338,L396_f01|pth2|16773,RLC,continuous,B1,3,0.010059639811515808,0.5276070237159729,57,57,2.0
Matilde,L396_f01,pth2,16773,2,338,L396_f01|pth2|16773,LLC+RLC,continuous,B1,5,0.01899951882660389,1.868964672088623,57,57,2.0
Matilde,L396_f01,pth2,16773,2,338,L396_f01|pth2|16773,RLB,bout,B1,6,0.016083840280771255,1.431490182876587,57,57,2.0
Matilde,L396_f01,pth2,16773,2,338,L396_f01|pth2|16773,LLB,bout,B1,7,0.0818687453866005,11.301992416381836,57,57,2.0
Matilde,L396_f01,pth2,16773,2,338,L396_f01|pth2|16773,LLB+RLB,bout,B1,9,0.06457431614398956,8.707099914550781,57,57,2.0
Matilde,L396_f01,pth2,16773,2,338,L396_f01|pth2|16773,LLC+RLC,continuous,B1,11,0.006313414312899113,-0.034484364092350006,57,57,2.0
Matilde,L396_f01,pth2,16773,2,338,L396_f01|pth2|16773,RLC,continuous,B1,12,0.004146143794059753,-0.35966604948043823,57,57,2.0
Matilde,L396_f01,pth2,16773,2,338,L396_f01|pth2|16773,LLB,bout,B1,13,0.026732919737696648,3.029299736022949,57,57,2.0
Matilde,L396_f01,pth2,16773,2,338,L396_f01|pth2|16773,RLB,bout,B1,14,0.004035133868455887,-0.3763221800327301,57,57,2.0
Matilde,L396_f01,pth2,16773,2,338,L396_f01|pth2|16773,LLC,continuous,B1,15,0.004015987738966942,-0.37919488549232483,57,57,2.0
Matilde,L396_f01,pth2,16773,2,338,L396_f01|pth2|16773,LLB+RLB,bout,B2,16,0.03957925736904144,4.956790447235107,57,57,2.0
Matilde,L396_f01,pth2,16773,2,338,L396_f01|pth2|16773,RLB,bout,B2,17,0.004793442320078611,-0.26254409551620483,57,57,2.0
Matilde,L396_f01,pth2,16773,2,338,L396_f01|pth2|16773,LLB,bout,B2,18,0.025111442431807518,2.7860100269317627,57,57,2.0
Matilde,L396_f01,pth2,16773,2,338,L396_f01|pth2|16773,LLC,continuous,B2,21,0.00270364573225379,-0.5761013627052307,57,57,2.0
Matilde,L396_f01,pth2,16773,2,338,L396_f01|pth2|16773,RLC,continuous,B2,22,0.001727728289552033,-0.722529947757721,57,57,2.0
Matilde,L396_f01,pth2,16773,2,338,L396_f01|pth2|16773,LLC+RLC,continuous,B2,23,0.0013329959474503994,-0.7817564010620117,57,57,2.0
Matilde,L396_f01,pth2,16773,2,338,L396_f01|pth2|16773,LLB+RLB,bout,B2,24,0.01557156816124916,1.3546279668807983,57,57,2.0
Matilde,L396_f01,pth2,16773,2,338,L396_f01|pth2|16773,LLC,continuous,B2,25,0.0023942929692566395,-0.6225172877311707,57,57,2.0
Matilde,L396_f01,pth2,16773,2,338,L396_f01|pth2|16773,RLC,continuous,B2,26,0.0013502195943146944,-0.7791721820831299,57,57,2.0
Matilde,L396_f01,pth2,16773,2,338,L396_f01|pth2|16773,LLB,bout,B2,27,0.00699970405548811,0.06848793476819992,57,57,2.0
Matilde,L396_f01,pth2,16773,2,338,L396_f01|pth2|16773,RLB,bout,B2,28,0.002518046647310257,-0.6039490699768066,57,57,2.0
Matilde,L396_f01,pth2,16773,2,338,L396_f01|pth2|16773,LLC+RLC,continuous,B2,31,0.0028495113365352154,-0.5542153716087341,57,57,2.0
Matilde,L396_f01,pth2,16779,0,331,L396_f01|pth2|16779,LLB+RLB,bout,B1,0,0.12845994532108307,15.190401077270508,57,57,2.0
Matilde,L396_f01,pth2,16779,0,331,L396_f01|pth2|16779,LLC,continuous,B1,2,0.009505113586783409,0.37026551365852356,57,57,2.0
Matilde,L396_f01,pth2,16779,0,331,L396_f01|pth2|16779,RLC,continuous,B1,3,0.004011970479041338,-0.31410452723503113,57,57,2.0
Matilde,L396_f01,pth2,16779,0,331,L396_f01|pth2|16779,LLC+RLC,continuous,B1,5,0.028515856713056564,2.7387425899505615,57,57,2.0
Matilde,L396_f01,pth2,16779,0,331,L396_f01|pth2|16779,RLB,bout,B1,6,0.005859038792550564,-0.08398525416851044,57,57,2.0
Matilde,L396_f01,pth2,16779,0,331,L396_f01|pth2|16779,LLB,bout,B1,7,0.09917794913053513,11.542265892028809,57,57,2.0
Matilde,L396_f01,pth2,16779,0,331,L396_f01|pth2|16779,LLB+RLB,bout,B1,9,0.08168468624353409,9.362846374511719,57,57,2.0
Matilde,L396_f01,pth2,16779,0,331,L396_f01|pth2|16779,LLC+RLC,continuous,B1,11,0.004467719700187445,-0.25732433795928955,57,57,2.0
Matilde,L396_f01,pth2,16779,0,331,L396_f01|pth2|16779,RLC,continuous,B1,12,0.0031506444793194532,-0.4214138686656952,57,57,2.0
Matilde,L396_f01,pth2,16779,0,331,L396_f01|pth2|16779,LLB,bout,B1,13,0.05864071846008301,6.491885185241699,57,57,2.0
Matilde,L396_f01,pth2,16779,0,331,L396_f01|pth2|16779,RLB,bout,B1,14,0.004777467343956232,-0.21873414516448975,57,57,2.0
Matilde,L396_f01,pth2,16779,0,331,L396_f01|pth2|16779,LLC,continuous,B1,15,0.0012381067499518394,-0.659689724445343,57,57,2.0
Matilde,L396_f01,pth2,16779,0,331,L396_f01|pth2|16779,LLB+RLB,bout,B2,16,0.07413732260465622,8.422548294067383,57,57,2.0
Matilde,L396_f01,pth2,16779,0,331,L396_f01|pth2|16779,RLB,bout,B2,17,0.0038612624630331993,-0.3328806459903717,57,57,2.0
Matilde,L396_f01,pth2,16779,0,331,L396_f01|pth2|16779,LLB,bout,B2,18,0.049251385033130646,5.322103977203369,57,57,2.0
Matilde,L396_f01,pth2,16779,0,331,L396_f01|pth2|16779,LLC,continuous,B2,21,0.002054887590929866,-0.5579301118850708,57,57,2.0
Matilde,L396_f01,pth2,16779,0,331,L396_f01|pth2|16779,RLC,continuous,B2,22,0.0012041318695992231,-0.6639225482940674,57,57,2.0
Matilde,L396_f01,pth2,16779,0,331,L396_f01|pth2|16779,LLC+RLC,continuous,B2,23,0.0017287371447309852,-0.5985639691352844,57,57,2.0
Matilde,L396_f01,pth2,16779,0,331,L396_f01|pth2|16779,LLB+RLB,bout,B2,24,0.05772225931286812,6.377458095550537,57,57,2.0
Matilde,L396_f01,pth2,16779,0,331,L396_f01|pth2|16779,LLC,continuous,B2,25,0.003378170309588313,-0.39306727051734924,57,57,2.0
Matilde,L396_f01,pth2,16779,0,331,L396_f01|pth2|16779,RLC,continuous,B2,26,0.001007233513519168,-0.6884534358978271,57,57,2.0
Matilde,L396_f01,pth2,16779,0,331,L396_f01|pth2|16779,LLB,bout,B2,27,0.05095760151743889,5.534674167633057,57,57,2.0
Matilde,L396_f01,pth2,16779,0,331,L396_f01|pth2|16779,RLB,bout,B2,28,0.003354710526764393,-0.3959900438785553,57,57,2.0
Matilde,L396_f01,pth2,16779,0,331,L396_f01|pth2|16779,LLC+RLC,continuous,B2,31,0.0018178534228354692,-0.5874612331390381,57,57,2.0
Matilde,L396_f01,pth2,16781,0,335,L396_f01|pth2|16781,LLB+RLB,bout,B1,0,0.07334097474813461,14.638629913330078,57,57,2.0
Matilde,L396_f01,pth2,16781,0,335,L396_f01|pth2|16781,LLC,continuous,B1,2,0.004874080419540405,0.07593565434217453,57,57,2.0
Matilde,L396_f01,pth2,16781,0,335,L396_f01|pth2|16781,RLC,continuous,B1,3,0.0034931455738842487,-0.21778491139411926,57,57,2.0
Matilde,L396_f01,pth2,16781,0,335,L396_f01|pth2|16781,LLC+RLC,continuous,B1,5,0.006601138971745968,0.443275511264801,57,57,2.0
Matilde,L396_f01,pth2,16781,0,335,L396_f01|pth2|16781,RLB,bout,B1,6,0.003191041061654687,-0.2820417284965515,57,57,2.0
Matilde,L396_f01,pth2,16781,0,335,L396_f01|pth2|16781,LLB,bout,B1,7,0.04622623696923256,8.871411323547363,57,57,2.0
Matilde,L396_f01,pth2,16781,0,335,L396_f01|pth2|16781,LLB+RLB,bout,B1,9,0.025990309193730354,4.567291259765625,57,57,2.0
Matilde,L396_f01,pth2,16781,0,335,L396_f01|pth2|16781,LLC+RLC,continuous,B1,11,0.004778692498803139,0.05564694479107857,57,57,2.0
Matilde,L396_f01,pth2,16781,0,335,L396_f01|pth2|16781,RLC,continuous,B1,12,0.004424171522259712,-0.01975863426923752,57,57,2.0
Matilde,L396_f01,pth2,16781,0,335,L396_f01|pth2|16781,LLB,bout,B1,13,0.01634540595114231,2.5158512592315674,57,57,2.0
Matilde,L396_f01,pth2,16781,0,335,L396_f01|pth2|16781,RLB,bout,B1,14,0.0028180337976664305,-0.36137908697128296,57,57,2.0
Matilde,L396_f01,pth2,16781,0,335,L396_f01|pth2|16781,LLC,continuous,B1,15,0.002623358042910695,-0.4027860760688782,57,57,2.0
Matilde,L396_f01,pth2,16781,0,335,L396_f01|pth2|16781,LLB+RLB,bout,B2,16,0.01657317578792572,2.5642967224121094,57,57,2.0
Matilde,L396_f01,pth2,16781,0,335,L396_f01|pth2|16781,RLB,bout,B2,17,0.0034096878953278065,-0.23553615808486938,57,57,2.0
Matilde,L396_f01,pth2,16781,0,335,L396_f01|pth2|16781,LLB,bout,B2,18,0.016115721315145493,2.4669971466064453,57,57,2.0
Matilde,L396_f01,pth2,16781,0,335,L396_f01|pth2|16781,LLC,continuous,B2,21,0.0025775949470698833,-0.4125196933746338,57,57,2.0
Matilde,L396_f01,pth2,16781,0,335,L396_f01|pth2|16781,RLC,continuous,B2,22,0.0019513990264385939,-0.5457096099853516,57,57,2.0
Matilde,L396_f01,pth2,16781,0,335,L396_f01|pth2|16781,LLC+RLC,continuous,B2,23,0.002257427666336298,-0.48061826825141907,57,57,2.0
Matilde,L396_f01,pth2,16781,0,335,L396_f01|pth2|16781,LLB+RLB,bout,B2,24,0.009002912789583206,0.954125165939331,57,57,2.0
Matilde,L396_f01,pth2,16781,0,335,L396_f01|pth2|16781,LLC,continuous,B2,25,0.0020171396899968386,-0.5317268371582031,57,57,2.0
Matilde,L396_f01,pth2,16781,0,335,L396_f01|pth2|16781,RLC,continuous,B2,26,0.0015480625443160534,-0.6314980387687683,57,57,2.0
Matilde,L396_f01,pth2,16781,0,335,L396_f01|pth2|16781,LLB,bout,B2,27,0.004683814011514187,0.035466521978378296,57,57,2.0
Matilde,L396_f01,pth2,16781,0,335,L396_f01|pth2|16781,RLB,bout,B2,28,0.001973592210561037,-0.5409891605377197,57,57,2.0
Matilde,L396_f01,pth2,16781,0,335,L396_f01|pth2|16781,LLC+RLC,continuous,B2,31,0.0018783494597300887,-0.5612470507621765,57,57,2.0
Matilde,L396_f01,sst1.1,12078,4,431,L396_f01|sst1.1|12078,LLB+RLB,bout,B1,0,0.006825852673500776,1.123638391494751,57,57,2.0
Matilde,L396_f01,sst1.1,12078,4,431,L396_f01|sst1.1|12078,LLC,continuous,B1,2,0.004454136826097965,0.326464980840683,57,57,2.0
Matilde,L396_f01,sst1.1,12078,4,431,L396_f01|sst1.1|12078,RLC,continuous,B1,3,0.004604141227900982,0.37688398361206055,57,57,2.0
Matilde,L396_f01,sst1.1,12078,4,431,L396_f01|sst1.1|12078,LLC+RLC,continuous,B1,5,0.0038679693825542927,0.12944437563419342,57,57,2.0
Matilde,L396_f01,sst1.1,12078,4,431,L396_f01|sst1.1|12078,RLB,bout,B1,6,0.0048883575946092606,0.4724140465259552,57,57,2.0
Matilde,L396_f01,sst1.1,12078,4,431,L396_f01|sst1.1|12078,LLB,bout,B1,7,0.0032291121315211058,-0.0852862223982811,57,57,2.0
Matilde,L396_f01,sst1.1,12078,4,431,L396_f01|sst1.1|12078,LLB+RLB,bout,B1,9,0.0048270635306835175,0.45181187987327576,57,57,2.0
Matilde,L396_f01,sst1.1,12078,4,431,L396_f01|sst1.1|12078,LLC+RLC,continuous,B1,11,0.004328468348830938,0.2842256724834442,57,57,2.0
Matilde,L396_f01,sst1.1,12078,4,431,L396_f01|sst1.1|12078,RLC,continuous,B1,12,0.005134750157594681,0.5552305579185486,57,57,2.0
Matilde,L396_f01,sst1.1,12078,4,431,L396_f01|sst1.1|12078,LLB,bout,B1,13,0.0029633373487740755,-0.17461752891540527,57,57,2.0
Matilde,L396_f01,sst1.1,12078,4,431,L396_f01|sst1.1|12078,RLB,bout,B1,14,0.0030046317260712385,-0.1607377976179123,57,57,2.0
Matilde,L396_f01,sst1.1,12078,4,431,L396_f01|sst1.1|12078,LLC,continuous,B1,15,0.003987404052168131,0.16958828270435333,57,57,2.0
Matilde,L396_f01,sst1.1,12078,4,431,L396_f01|sst1.1|12078,LLB+RLB,bout,B2,16,0.004202242940664291,0.24179920554161072,57,57,2.0
Matilde,L396_f01,sst1.1,12078,4,431,L396_f01|sst1.1|12078,RLB,bout,B2,17,0.0030655302107334137,-0.14026892185211182,57,57,2.0
Matilde,L396_f01,sst1.1,12078,4,431,L396_f01|sst1.1|12078,LLB,bout,B2,18,0.003689071862027049,0.06931386888027191,57,57,2.0
Matilde,L396_f01,sst1.1,12078,4,431,L396_f01|sst1.1|12078,LLC,continuous,B2,21,0.002678431337699294,-0.2703791856765747,57,57,2.0
Matilde,L396_f01,sst1.1,12078,4,431,L396_f01|sst1.1|12078,RLC,continuous,B2,22,0.0026685509365051985,-0.2737002372741699,57,57,2.0
Matilde,L396_f01,sst1.1,12078,4,431,L396_f01|sst1.1|12078,LLC+RLC,continuous,B2,23,0.0027836509980261326,-0.23501312732696533,57,57,2.0
Matilde,L396_f01,sst1.1,12078,4,431,L396_f01|sst1.1|12078,LLB+RLB,bout,B2,24,0.003907162230461836,0.14261764287948608,57,57,2.0
Matilde,L396_f01,sst1.1,12078,4,431,L396_f01|sst1.1|12078,LLC,continuous,B2,25,0.002762754913419485,-0.2420366257429123,57,57,2.0
Matilde,L396_f01,sst1.1,12078,4,431,L396_f01|sst1.1|12078,RLC,continuous,B2,26,0.002286212984472513,-0.4022103548049927,57,57,2.0
Matilde,L396_f01,sst1.1,12078,4,431,L396_f01|sst1.1|12078,LLB,bout,B2,27,0.002236749278381467,-0.4188360273838043,57,57,2.0
Matilde,L396_f01,sst1.1,12078,4,431,L396_f01|sst1.1|12078,RLB,bout,B2,28,0.0027785785496234894,-0.2367180734872818,57,57,2.0
Matilde,L396_f01,sst1.1,12078,4,431,L396_f01|sst1.1|12078,LLC+RLC,continuous,B2,31,0.00300821615383029,-0.15953311324119568,57,57,2.0
Matilde,L396_f01,sst1.1,12602,4,235,L396_f01|sst1.1|12602,LLB+RLB,bout,B1,0,0.05448675900697708,13.273670196533203,57,57,2.0
Matilde,L396_f01,sst1.1,12602,4,235,L396_f01|sst1.1|12602,LLC,continuous,B1,2,0.006724056322127581,0.7304155826568604,57,57,2.0
Matilde,L396_f01,sst1.1,12602,4,235,L396_f01|sst1.1|12602,RLC,continuous,B1,3,0.004988997709006071,0.27476128935813904,57,57,2.0
Matilde,L396_f01,sst1.1,12602,4,235,L396_f01|sst1.1|12602,LLC+RLC,continuous,B1,5,0.006005970761179924,0.5418346524238586,57,57,2.0
Matilde,L396_f01,sst1.1,12602,4,235,L396_f01|sst1.1|12602,RLB,bout,B1,6,0.0037546034436672926,-0.049410492181777954,57,57,2.0
Matilde,L396_f01,sst1.1,12602,4,235,L396_f01|sst1.1|12602,LLB,bout,B1,7,0.03813895955681801,8.980473518371582,57,57,2.0
Matilde,L396_f01,sst1.1,12602,4,235,L396_f01|sst1.1|12602,LLB+RLB,bout,B1,9,0.03620654717087746,8.472990989685059,57,57,2.0
Matilde,L396_f01,sst1.1,12602,4,235,L396_f01|sst1.1|12602,LLC+RLC,continuous,B1,11,0.004397563170641661,0.1194409728050232,57,57,2.0
Matilde,L396_f01,sst1.1,12602,4,235,L396_f01|sst1.1|12602,RLC,continuous,B1,12,0.004461732227355242,0.13629283010959625,57,57,2.0
Matilde,L396_f01,sst1.1,12602,4,235,L396_f01|sst1.1|12602,LLB,bout,B1,13,0.014641880057752132,2.8097634315490723,57,57,2.0
Matilde,L396_f01,sst1.1,12602,4,235,L396_f01|sst1.1|12602,RLB,bout,B1,14,0.0026197717525064945,-0.3474355638027191,57,57,2.0
Matilde,L396_f01,sst1.1,12602,4,235,L396_f01|sst1.1|12602,LLC,continuous,B1,15,0.0024641151539981365,-0.38831353187561035,57,57,2.0
Matilde,L396_f01,sst1.1,12602,4,235,L396_f01|sst1.1|12602,LLB+RLB,bout,B2,16,0.022553080692887306,4.88737154006958,57,57,2.0
Matilde,L396_f01,sst1.1,12602,4,235,L396_f01|sst1.1|12602,RLB,bout,B2,17,0.0030082850717008114,-0.24540571868419647,57,57,2.0
Matilde,L396_f01,sst1.1,12602,4,235,L396_f01|sst1.1|12602,LLB,bout,B2,18,0.009417744353413582,1.4378212690353394,57,57,2.0
Matilde,L396_f01,sst1.1,12602,4,235,L396_f01|sst1.1|12602,LLC,continuous,B2,21,0.002425276907160878,-0.3985130190849304,57,57,2.0
Matilde,L396_f01,sst1.1,12602,4,235,L396_f01|sst1.1|12602,RLC,continuous,B2,22,0.0013607662403956056,-0.6780707240104675,57,57,2.0
Matilde,L396_f01,sst1.1,12602,4,235,L396_f01|sst1.1|12602,LLC+RLC,continuous,B2,23,0.001813766430132091,-0.5591055750846863,57,57,2.0
Matilde,L396_f01,sst1.1,12602,4,235,L396_f01|sst1.1|12602,LLB+RLB,bout,B2,24,0.00917007029056549,1.3727779388427734,57,57,2.0
Matilde,L396_f01,sst1.1,12602,4,235,L396_f01|sst1.1|12602,LLC,continuous,B2,25,0.0018371145706623793,-0.5529739856719971,57,57,2.0
Matilde,L396_f01,sst1.1,12602,4,235,L396_f01|sst1.1|12602,RLC,continuous,B2,26,0.0009332693880423903,-0.7903382778167725,57,57,2.0
Matilde,L396_f01,sst1.1,12602,4,235,L396_f01|sst1.1|12602,LLB,bout,B2,27,0.003724117996171117,-0.05741647258400917,57,57,2.0
Matilde,L396_f01,sst1.1,12602,4,235,L396_f01|sst1.1|12602,RLB,bout,B2,28,0.0016968999989330769,-0.5897964835166931,57,57,2.0
Matilde,L396_f01,sst1.1,12602,4,235,L396_f01|sst1.1|12602,LLC+RLC,continuous,B2,31,0.0015934744151309133,-0.6169576644897461,57,57,2.0
Matilde,L396_f01,sst1.1,15110,2,274,L396_f01|sst1.1|15110,LLB+RLB,bout,B1,0,0.17130514979362488,13.796455383300781,57,57,2.0
Matilde,L396_f01,sst1.1,15110,2,274,L396_f01|sst1.1|15110,LLC,continuous,B1,2,0.018861033022403717,0.7253873944282532,57,57,2.0
Matilde,L396_f01,sst1.1,15110,2,274,L396_f01|sst1.1|15110,RLC,continuous,B1,3,0.018950389698147774,0.7330490350723267,57,57,2.0
Matilde,L396_f01,sst1.1,15110,2,274,L396_f01|sst1.1|15110,LLC+RLC,continuous,B1,5,0.02501315250992775,1.2528905868530273,57,57,2.0
Matilde,L396_f01,sst1.1,15110,2,274,L396_f01|sst1.1|15110,RLB,bout,B1,6,0.019370457157492638,0.7690671682357788,57,57,2.0
Matilde,L396_f01,sst1.1,15110,2,274,L396_f01|sst1.1|15110,LLB,bout,B1,7,0.08752039819955826,6.612471103668213,57,57,2.0
Matilde,L396_f01,sst1.1,15110,2,274,L396_f01|sst1.1|15110,LLB+RLB,bout,B1,9,0.09442167729139328,7.20421028137207,57,57,2.0
Matilde,L396_f01,sst1.1,15110,2,274,L396_f01|sst1.1|15110,LLC+RLC,continuous,B1,11,0.007409466430544853,-0.2565082907676697,57,57,2.0
Matilde,L396_f01,sst1.1,15110,2,274,L396_f01|sst1.1|15110,RLC,continuous,B1,12,0.005067752208560705,-0.4572947025299072,57,57,2.0
Matilde,L396_f01,sst1.1,15110,2,274,L396_f01|sst1.1|15110,LLB,bout,B1,13,0.029405953362584114,1.6295440196990967,57,57,2.0
Matilde,L396_f01,sst1.1,15110,2,274,L396_f01|sst1.1|15110,RLB,bout,B1,14,0.0027741040103137493,-0.6539597511291504,57,57,2.0
Matilde,L396_f01,sst1.1,15110,2,274,L396_f01|sst1.1|15110,LLC,continuous,B1,15,0.0046669114381074905,-0.49166417121887207,57,57,2.0
Matilde,L396_f01,sst1.1,15110,2,274,L396_f01|sst1.1|15110,LLB+RLB,bout,B2,16,0.06004904955625534,4.256986141204834,57,57,2.0
Matilde,L396_f01,sst1.1,15110,2,274,L396_f01|sst1.1|15110,RLB,bout,B2,17,0.0066889384761452675,-0.31828877329826355,57,57,2.0
Matilde,L396_f01,sst1.1,15110,2,274,L396_f01|sst1.1|15110,LLB,bout,B2,18,0.03799012675881386,2.3655800819396973,57,57,2.0
Matilde,L396_f01,sst1.1,15110,2,274,L396_f01|sst1.1|15110,LLC,continuous,B2,21,0.0028028003871440887,-0.6514992713928223,57,57,2.0
Matilde,L396_f01,sst1.1,15110,2,274,L396_f01|sst1.1|15110,RLC,continuous,B2,22,0.0008151440415531397,-0.821927547454834,57,57,2.0
Matilde,L396_f01,sst1.1,15110,2,274,L396_f01|sst1.1|15110,LLC+RLC,continuous,B2,23,0.0017215337138623,-0.7442107200622559,57,57,2.0
Matilde,L396_f01,sst1.1,15110,2,274,L396_f01|sst1.1|15110,LLB+RLB,bout,B2,24,0.02487616427242756,1.2411448955535889,57,57,2.0
Matilde,L396_f01,sst1.1,15110,2,274,L396_f01|sst1.1|15110,LLC,continuous,B2,25,0.0014980415580794215,-0.763373613357544,57,57,2.0
Matilde,L396_f01,sst1.1,15110,2,274,L396_f01|sst1.1|15110,RLC,continuous,B2,26,0.00012627680553123355,-0.8809933662414551,57,57,2.0
Matilde,L396_f01,sst1.1,15110,2,274,L396_f01|sst1.1|15110,LLB,bout,B2,27,0.019160542637109756,0.7510682940483093,57,57,2.0
Matilde,L396_f01,sst1.1,15110,2,274,L396_f01|sst1.1|15110,RLB,bout,B2,28,0.0016338087152689695,-0.7517325282096863,57,57,2.0
Matilde,L396_f01,sst1.1,15110,2,274,L396_f01|sst1.1|15110,LLC+RLC,continuous,B2,31,0.00021795679640490562,-0.8731324672698975,57,57,2.0
Matilde,L396_f01,sst1.1,15774,2,282,L396_f01|sst1.1|15774,LLB+RLB,bout,B1,0,0.19022531807422638,9.282812118530273,57,57,2.0
Matilde,L396_f01,sst1.1,15774,2,282,L396_f01|sst1.1|15774,LLC,continuous,B1,2,0.03036949224770069,0.7321823239326477,57,57,2.0
Matilde,L396_f01,sst1.1,15774,2,282,L396_f01|sst1.1|15774,RLC,continuous,B1,3,0.01455478835850954,-0.1137404516339302,57,57,2.0
Matilde,L396_f01,sst1.1,15774,2,282,L396_f01|sst1.1|15774,LLC+RLC,continuous,B1,5,0.0333004966378212,0.8889607191085815,57,57,2.0
Matilde,L396_f01,sst1.1,15774,2,282,L396_f01|sst1.1|15774,RLB,bout,B1,6,0.02630196511745453,0.5146118402481079,57,57,2.0
Matilde,L396_f01,sst1.1,15774,2,282,L396_f01|sst1.1|15774,LLB,bout,B1,7,0.16771632432937622,8.078815460205078,57,57,2.0
Matilde,L396_f01,sst1.1,15774,2,282,L396_f01|sst1.1|15774,LLB+RLB,bout,B1,9,0.1554063856601715,7.420360565185547,57,57,2.0
Matilde,L396_f01,sst1.1,15774,2,282,L396_f01|sst1.1|15774,LLC+RLC,continuous,B1,11,0.01031279843300581,-0.340643048286438,57,57,2.0
Matilde,L396_f01,sst1.1,15774,2,282,L396_f01|sst1.1|15774,RLC,continuous,B1,12,0.003931429702788591,-0.6819800734519958,57,57,2.0
Matilde,L396_f01,sst1.1,15774,2,282,L396_f01|sst1.1|15774,LLB,bout,B1,13,0.09244805574417114,4.0527424812316895,57,57,2.0
Matilde,L396_f01,sst1.1,15774,2,282,L396_f01|sst1.1|15774,RLB,bout,B1,14,0.009152593091130257,-0.40270188450813293,57,57,2.0
Matilde,L396_f01,sst1.1,15774,2,282,L396_f01|sst1.1|15774,LLC,continuous,B1,15,0.0044194539077579975,-0.6558759212493896,57,57,2.0
Matilde,L396_f01,sst1.1,15774,2,282,L396_f01|sst1.1|15774,LLB+RLB,bout,B2,16,0.10729067027568817,4.846668243408203,57,57,2.0
Matilde,L396_f01,sst1.1,15774,2,282,L396_f01|sst1.1|15774,RLB,bout,B2,17,0.008327287621796131,-0.44684725999832153,57,57,2.0
Matilde,L396_f01,sst1.1,15774,2,282,L396_f01|sst1.1|15774,LLB,bout,B2,18,0.08424396067857742,3.613908290863037,57,57,2.0
Matilde,L396_f01,sst1.1,15774,2,282,L396_f01|sst1.1|15774,LLC,continuous,B2,21,0.002719961339607835,-0.7467811107635498,57,57,2.0
Matilde,L396_f01,sst1.1,15774,2,282,L396_f01|sst1.1|15774,RLC,continuous,B2,22,0.00034795518149621785,-0.8736588954925537,57,57,2.0
Matilde,L396_f01,sst1.1,15774,2,282,L396_f01|sst1.1|15774,LLC+RLC,continuous,B2,23,0.0006724282284267247,-0.8563029170036316,57,57,2.0
Matilde,L396_f01,sst1.1,15774,2,282,L396_f01|sst1.1|15774,LLB+RLB,bout,B2,24,0.042903970927000046,1.4026470184326172,57,57,2.0
Matilde,L396_f01,sst1.1,15774,2,282,L396_f01|sst1.1|15774,LLC,continuous,B2,25,0.003120510373264551,-0.725355863571167,57,57,2.0
Matilde,L396_f01,sst1.1,15774,2,282,L396_f01|sst1.1|15774,RLC,continuous,B2,26,0.00039731847937218845,-0.8710184693336487,57,57,2.0
Matilde,L396_f01,sst1.1,15774,2,282,L396_f01|sst1.1|15774,LLB,bout,B2,27,0.0391356460750103,1.2010804414749146,57,57,2.0
Matilde,L396_f01,sst1.1,15774,2,282,L396_f01|sst1.1|15774,RLB,bout,B2,28,0.0026815414894372225,-0.7488361597061157,57,57,2.0
Matilde,L396_f01,sst1.1,15774,2,282,L396_f01|sst1.1|15774,LLC+RLC,continuous,B2,31,0.0009093137923628092,-0.8436319231987,57,57,2.0
Matilde,L396_f01,sst1.1,15845,1,696,L396_f01|sst1.1|15845,LLB+RLB,bout,B1,0,0.012513228692114353,1.0617246627807617,57,57,2.0
Matilde,L396_f01,sst1.1,15845,1,696,L396_f01|sst1.1|15845,LLC,continuous,B1,2,0.012582741677761078,1.0741922855377197,57,57,2.0
Matilde,L396_f01,sst1.1,15845,1,696,L396_f01|sst1.1|15845,RLC,continuous,B1,3,0.010905292816460133,0.7733281850814819,57,57,2.0
Matilde,L396_f01,sst1.1,15845,1,696,L396_f01|sst1.1|15845,LLC+RLC,continuous,B1,5,0.008264563977718353,0.2996918559074402,57,57,2.0
Matilde,L396_f01,sst1.1,15845,1,696,L396_f01|sst1.1|15845,RLB,bout,B1,6,0.005120099522173405,-0.264293372631073,57,57,2.0
Matilde,L396_f01,sst1.1,15845,1,696,L396_f01|sst1.1|15845,LLB,bout,B1,7,0.004729428328573704,-0.33436349034309387,57,57,2.0
Matilde,L396_f01,sst1.1,15845,1,696,L396_f01|sst1.1|15845,LLB+RLB,bout,B1,9,0.010479405522346497,0.6969419717788696,57,57,2.0
Matilde,L396_f01,sst1.1,15845,1,696,L396_f01|sst1.1|15845,LLC+RLC,continuous,B1,11,0.006956504657864571,0.06508073955774307,57,57,2.0
Matilde,L396_f01,sst1.1,15845,1,696,L396_f01|sst1.1|15845,RLC,continuous,B1,12,0.015197835862636566,1.5432310104370117,57,57,2.0
Matilde,L396_f01,sst1.1,15845,1,696,L396_f01|sst1.1|15845,LLB,bout,B1,13,0.003295911941677332,-0.5914763808250427,57,57,2.0
Matilde,L396_f01,sst1.1,15845,1,696,L396_f01|sst1.1|15845,RLB,bout,B1,14,0.002899410203099251,-0.6625921726226807,57,57,2.0
Matilde,L396_f01,sst1.1,15845,1,696,L396_f01|sst1.1|15845,LLC,continuous,B1,15,0.011334102600812912,0.8502386808395386,57,57,2.0
Matilde,L396_f01,sst1.1,15845,1,696,L396_f01|sst1.1|15845,LLB+RLB,bout,B2,16,0.004588606767356396,-0.3596210479736328,57,57,2.0
Matilde,L396_f01,sst1.1,15845,1,696,L396_f01|sst1.1|15845,RLB,bout,B2,17,0.002928763860836625,-0.65732741355896,57,57,2.0
Matilde,L396_f01,sst1.1,15845,1,696,L396_f01|sst1.1|15845,LLB,bout,B2,18,0.00965757854282856,0.5495404005050659,57,57,2.0
Matilde,L396_f01,sst1.1,15845,1,696,L396_f01|sst1.1|15845,LLC,continuous,B2,21,0.005769526585936546,-0.14781340956687927,57,57,2.0
Matilde,L396_f01,sst1.1,15845,1,696,L396_f01|sst1.1|15845,RLC,continuous,B2,22,0.005799844395369291,-0.142375648021698,57,57,2.0
Matilde,L396_f01,sst1.1,15845,1,696,L396_f01|sst1.1|15845,LLC+RLC,continuous,B2,23,0.0026814870070666075,-0.7016785144805908,57,57,2.0
Matilde,L396_f01,sst1.1,15845,1,696,L396_f01|sst1.1|15845,LLB+RLB,bout,B2,24,0.0047179837711155415,-0.3364161252975464,57,57,2.0
Matilde,L396_f01,sst1.1,15845,1,696,L396_f01|sst1.1|15845,LLC,continuous,B2,25,0.0027816619258373976,-0.6837113499641418,57,57,2.0
Matilde,L396_f01,sst1.1,15845,1,696,L396_f01|sst1.1|15845,RLC,continuous,B2,26,0.0013105637626722455,-0.9475647807121277,57,57,2.0
Matilde,L396_f01,sst1.1,15845,1,696,L396_f01|sst1.1|15845,LLB,bout,B2,27,0.005179717671126127,-0.2536003589630127,57,57,2.0
Matilde,L396_f01,sst1.1,15845,1,696,L396_f01|sst1.1|15845,RLB,bout,B2,28,0.0028802601154893637,-0.6660270094871521,57,57,2.0
Matilde,L396_f01,sst1.1,15845,1,696,L396_f01|sst1.1|15845,LLC+RLC,continuous,B2,31,0.0019804928451776505,-0.8274075984954834,57,57,2.0
Matilde,L396_f01,sst1.1,16511,1,644,L396_f01|sst1.1|16511,LLB+RLB,bout,B1,0,0.02775849774479866,5.82762336730957,57,57,2.0
Matilde,L396_f01,sst1.1,16511,1,644,L396_f01|sst1.1|16511,LLC,continuous,B1,2,0.004309499636292458,0.04089856520295143,57,57,2.0
Matilde,L396_f01,sst1.1,16511,1,644,L396_f01|sst1.1|16511,RLC,continuous,B1,3,0.012091771699488163,1.9614014625549316,57,57,2.0
Matilde,L396_f01,sst1.1,16511,1,644,L396_f01|sst1.1|16511,LLC+RLC,continuous,B1,5,0.005644090939313173,0.37024807929992676,57,57,2.0
Matilde,L396_f01,sst1.1,16511,1,644,L396_f01|sst1.1|16511,RLB,bout,B1,6,0.02372712455689907,4.832764148712158,57,57,2.0
Matilde,L396_f01,sst1.1,16511,1,644,L396_f01|sst1.1|16511,LLB,bout,B1,7,0.007455326151102781,0.817223072052002,57,57,2.0
Matilde,L396_f01,sst1.1,16511,1,644,L396_f01|sst1.1|16511,LLB+RLB,bout,B1,9,0.028333209455013275,5.9694504737854,57,57,2.0
Matilde,L396_f01,sst1.1,16511,1,644,L396_f01|sst1.1|16511,LLC+RLC,continuous,B1,11,0.004169109743088484,0.0062533095479011536,57,57,2.0
Matilde,L396_f01,sst1.1,16511,1,644,L396_f01|sst1.1|16511,RLC,continuous,B1,12,0.0040631648153066635,-0.019891655072569847,57,57,2.0
Matilde,L396_f01,sst1.1,16511,1,644,L396_f01|sst1.1|16511,LLB,bout,B1,13,0.003273820038884878,-0.21468545496463776,57,57,2.0
Matilde,L396_f01,sst1.1,16511,1,644,L396_f01|sst1.1|16511,RLB,bout,B1,14,0.008329955860972404,1.0330636501312256,57,57,2.0
Matilde,L396_f01,sst1.1,16511,1,644,L396_f01|sst1.1|16511,LLC,continuous,B1,15,0.0027319034561514854,-0.348419189453125,57,57,2.0
Matilde,L396_f01,sst1.1,16511,1,644,L396_f01|sst1.1|16511,LLB+RLB,bout,B2,16,0.016925834119319916,3.1543469429016113,57,57,2.0
Matilde,L396_f01,sst1.1,16511,1,644,L396_f01|sst1.1|16511,RLB,bout,B2,17,0.008962880820035934,1.1892563104629517,57,57,2.0
Matilde,L396_f01,sst1.1,16511,1,644,L396_f01|sst1.1|16511,LLB,bout,B2,18,0.003503059968352318,-0.15811389684677124,57,57,2.0
Matilde,L396_f01,sst1.1,16511,1,644,L396_f01|sst1.1|16511,LLC,continuous,B2,21,0.002922303508967161,-0.30143243074417114,57,57,2.0
Matilde,L396_f01,sst1.1,16511,1,644,L396_f01|sst1.1|16511,RLC,continuous,B2,22,0.004609137307852507,0.11484309285879135,57,57,2.0
Matilde,L396_f01,sst1.1,16511,1,644,L396_f01|sst1.1|16511,LLC+RLC,continuous,B2,23,0.003483154810965061,-0.16302601993083954,57,57,2.0
Matilde,L396_f01,sst1.1,16511,1,644,L396_f01|sst1.1|16511,LLB+RLB,bout,B2,24,0.008255363442003727,1.014655590057373,57,57,2.0
Matilde,L396_f01,sst1.1,16511,1,644,L396_f01|sst1.1|16511,LLC,continuous,B2,25,0.0026808015536516905,-0.36103013157844543,57,57,2.0
Matilde,L396_f01,sst1.1,16511,1,644,L396_f01|sst1.1|16511,RLC,continuous,B2,26,0.002652036026120186,-0.36812886595726013,57,57,2.0
Matilde,L396_f01,sst1.1,16511,1,644,L396_f01|sst1.1|16511,LLB,bout,B2,27,0.0021607510279864073,-0.4893677234649658,57,57,2.0
Matilde,L396_f01,sst1.1,16511,1,644,L396_f01|sst1.1|16511,RLB,bout,B2,28,0.0026464038528501987,-0.3695187270641327,57,57,2.0
Matilde,L396_f01,sst1.1,16511,1,644,L396_f01|sst1.1|16511,LLC+RLC,continuous,B2,31,0.0028228319715708494,-0.32597994804382324,57,57,2.0
Matilde,L396_f01,sst1.1,16773,2,338,L396_f01|sst1.1|16773,LLB+RLB,bout,B1,0,0.07331545650959015,10.018638610839844,57,57,2.0
Matilde,L396_f01,sst1.1,16773,2,338,L396_f01|sst1.1|16773,LLC,continuous,B1,2,0.009079910814762115,0.38060644268989563,57,57,2.0
Matilde,L396_f01,sst1.1,16773,2,338,L396_f01|sst1.1|16773,RLC,continuous,B1,3,0.010059639811515808,0.5276070237159729,57,57,2.0
Matilde,L396_f01,sst1.1,16773,2,338,L396_f01|sst1.1|16773,LLC+RLC,continuous,B1,5,0.01899951882660389,1.868964672088623,57,57,2.0
Matilde,L396_f01,sst1.1,16773,2,338,L396_f01|sst1.1|16773,RLB,bout,B1,6,0.016083840280771255,1.431490182876587,57,57,2.0
Matilde,L396_f01,sst1.1,16773,2,338,L396_f01|sst1.1|16773,LLB,bout,B1,7,0.0818687453866005,11.301992416381836,57,57,2.0
Matilde,L396_f01,sst1.1,16773,2,338,L396_f01|sst1.1|16773,LLB+RLB,bout,B1,9,0.06457431614398956,8.707099914550781,57,57,2.0
Matilde,L396_f01,sst1.1,16773,2,338,L396_f01|sst1.1|16773,LLC+RLC,continuous,B1,11,0.006313414312899113,-0.034484364092350006,57,57,2.0
Matilde,L396_f01,sst1.1,16773,2,338,L396_f01|sst1.1|16773,RLC,continuous,B1,12,0.004146143794059753,-0.35966604948043823,57,57,2.0
Matilde,L396_f01,sst1.1,16773,2,338,L396_f01|sst1.1|16773,LLB,bout,B1,13,0.026732919737696648,3.029299736022949,57,57,2.0
Matilde,L396_f01,sst1.1,16773,2,338,L396_f01|sst1.1|16773,RLB,bout,B1,14,0.004035133868455887,-0.3763221800327301,57,57,2.0
Matilde,L396_f01,sst1.1,16773,2,338,L396_f01|sst1.1|16773,LLC,continuous,B1,15,0.004015987738966942,-0.37919488549232483,57,57,2.0
Matilde,L396_f01,sst1.1,16773,2,338,L396_f01|sst1.1|16773,LLB+RLB,bout,B2,16,0.03957925736904144,4.956790447235107,57,57,2.0
Matilde,L396_f01,sst1.1,16773,2,338,L396_f01|sst1.1|16773,RLB,bout,B2,17,0.004793442320078611,-0.26254409551620483,57,57,2.0
Matilde,L396_f01,sst1.1,16773,2,338,L396_f01|sst1.1|16773,LLB,bout,B2,18,0.025111442431807518,2.7860100269317627,57,57,2.0
Matilde,L396_f01,sst1.1,16773,2,338,L396_f01|sst1.1|16773,LLC,continuous,B2,21,0.00270364573225379,-0.5761013627052307,57,57,2.0
Matilde,L396_f01,sst1.1,16773,2,338,L396_f01|sst1.1|16773,RLC,continuous,B2,22,0.001727728289552033,-0.722529947757721,57,57,2.0
Matilde,L396_f01,sst1.1,16773,2,338,L396_f01|sst1.1|16773,LLC+RLC,continuous,B2,23,0.0013329959474503994,-0.7817564010620117,57,57,2.0
Matilde,L396_f01,sst1.1,16773,2,338,L396_f01|sst1.1|16773,LLB+RLB,bout,B2,24,0.01557156816124916,1.3546279668807983,57,57,2.0
Matilde,L396_f01,sst1.1,16773,2,338,L396_f01|sst1.1|16773,LLC,continuous,B2,25,0.0023942929692566395,-0.6225172877311707,57,57,2.0
Matilde,L396_f01,sst1.1,16773,2,338,L396_f01|sst1.1|16773,RLC,continuous,B2,26,0.0013502195943146944,-0.7791721820831299,57,57,2.0
Matilde,L396_f01,sst1.1,16773,2,338,L396_f01|sst1.1|16773,LLB,bout,B2,27,0.00699970405548811,0.06848793476819992,57,57,2.0
Matilde,L396_f01,sst1.1,16773,2,338,L396_f01|sst1.1|16773,RLB,bout,B2,28,0.002518046647310257,-0.6039490699768066,57,57,2.0
Matilde,L396_f01,sst1.1,16773,2,338,L396_f01|sst1.1|16773,LLC+RLC,continuous,B2,31,0.0028495113365352154,-0.5542153716087341,57,57,2.0
Matilde,L396_f03,pth2,13346,3,359,L396_f03|pth2|13346,RLB,bout,B1,0,0.005415171850472689,2.197680711746216,57,57,2.0
Matilde,L396_f03,pth2,13346,3,359,L396_f03|pth2|13346,LLC+RLC,continuous,B1,1,0.005434200633317232,2.209359645843506,57,57,2.0
Matilde,L396_f03,pth2,13346,3,359,L396_f03|pth2|13346,LLB,bout,B1,2,0.0022843116894364357,0.2761829197406769,57,57,2.0
Matilde,L396_f03,pth2,13346,3,359,L396_f03|pth2|13346,RLC,continuous,B1,3,0.003810967318713665,1.213134765625,57,57,2.0
Matilde,L396_f03,pth2,13346,3,359,L396_f03|pth2|13346,LLC,continuous,B1,4,0.002314566634595394,0.2947511374950409,57,57,2.0
Matilde,L396_f03,pth2,13346,3,359,L396_f03|pth2|13346,LLB+RLB,bout,B1,6,0.004706960171461105,1.763031244277954,57,57,2.0
Matilde,L396_f03,pth2,13346,3,359,L396_f03|pth2|13346,RLB,bout,B1,8,0.0028286180458962917,0.6102394461631775,57,57,2.0
Matilde,L396_f03,pth2,13346,3,359,L396_f03|pth2|13346,LLB,bout,B1,9,0.0016098306514322758,-0.1377653330564499,57,57,2.0
Matilde,L396_f03,pth2,13346,3,359,L396_f03|pth2|13346,LLB+RLB,bout,B1,10,0.004209951031953096,1.4580026865005493,57,57,2.0
Matilde,L396_f03,pth2,13346,3,359,L396_f03|pth2|13346,RLC,continuous,B1,11,0.002800574991852045,0.5930283069610596,57,57,2.0
Matilde,L396_f03,pth2,13346,3,359,L396_f03|pth2|13346,LLC+RLC,continuous,B1,12,0.0028320467099547386,0.6123434901237488,57,57,2.0
Matilde,L396_f03,pth2,13346,3,359,L396_f03|pth2|13346,LLC,continuous,B1,14,0.0019035085570067167,0.04247326776385307,57,57,2.0
Matilde,L396_f03,pth2,13346,3,359,L396_f03|pth2|13346,LLC,continuous,B2,16,0.0018600048497319221,0.015773771330714226,57,57,2.0
Matilde,L396_f03,pth2,13346,3,359,L396_f03|pth2|13346,RLC,continuous,B2,18,0.0018437483813613653,0.005796692334115505,57,57,2.0
Matilde,L396_f03,pth2,13346,3,359,L396_f03|pth2|13346,LLB+RLB,bout,B2,19,0.002948279958218336,0.6836791038513184,57,57,2.0
Matilde,L396_f03,pth2,13346,3,359,L396_f03|pth2|13346,RLB,bout,B2,21,0.0024622040800750256,0.3853607177734375,57,57,2.0
Matilde,L396_f03,pth2,13346,3,359,L396_f03|pth2|13346,LLB,bout,B2,22,0.002080516191199422,0.1511078178882599,57,57,2.0
Matilde,L396_f03,pth2,13346,3,359,L396_f03|pth2|13346,LLC+RLC,continuous,B2,23,0.002024685498327017,0.11684294044971466,57,57,2.0
Matilde,L396_f03,pth2,13346,3,359,L396_f03|pth2|13346,RLC,continuous,B2,24,0.0022083029616624117,0.22953438758850098,57,57,2.0
Matilde,L396_f03,pth2,13346,3,359,L396_f03|pth2|13346,LLC+RLC,continuous,B2,25,0.00195938628166914,0.0767669528722763,57,57,2.0
Matilde,L396_f03,pth2,13346,3,359,L396_f03|pth2|13346,LLC,continuous,B2,27,0.001438833074644208,-0.2427113950252533,57,57,2.0
Matilde,L396_f03,pth2,13346,3,359,L396_f03|pth2|13346,LLB+RLB,bout,B2,28,0.004609794821590185,1.70339834690094,57,57,2.0
Matilde,L396_f03,pth2,13346,3,359,L396_f03|pth2|13346,LLB,bout,B2,29,0.0013498556800186634,-0.29731932282447815,57,57,2.0
Matilde,L396_f03,pth2,13346,3,359,L396_f03|pth2|13346,RLB,bout,B2,31,0.003431347431614995,0.9801514744758606,57,57,2.0
Matilde,L396_f03,pth2,13603,3,346,L396_f03|pth2|13603,RLB,bout,B1,0,0.004737923853099346,1.6297088861465454,57,57,2.0
Matilde,L396_f03,pth2,13603,3,346,L396_f03|pth2|13603,LLC+RLC,continuous,B1,1,0.0027176563162356615,0.43651819229125977,57,57,2.0
Matilde,L396_f03,pth2,13603,3,346,L396_f03|pth2|13603,LLB,bout,B1,2,0.0021890115458518267,0.12429516762495041,57,57,2.0
Matilde,L396_f03,pth2,13603,3,346,L396_f03|pth2|13603,RLC,continuous,B1,3,0.0019881196785718203,0.005646314471960068,57,57,2.0
Matilde,L396_f03,pth2,13603,3,346,L396_f03|pth2|13603,LLC,continuous,B1,4,0.0020178169943392277,0.023185918107628822,57,57,2.0
Matilde,L396_f03,pth2,13603,3,346,L396_f03|pth2|13603,LLB+RLB,bout,B1,6,0.0036229402758181095,0.9711881875991821,57,57,2.0
Matilde,L396_f03,pth2,13603,3,346,L396_f03|pth2|13603,RLB,bout,B1,8,0.0024469199124723673,0.2766183614730835,57,57,2.0
Matilde,L396_f03,pth2,13603,3,346,L396_f03|pth2|13603,LLB,bout,B1,9,0.0016223967541009188,-0.21035327017307281,57,57,2.0
Matilde,L396_f03,pth2,13603,3,346,L396_f03|pth2|13603,LLB+RLB,bout,B1,10,0.004019881132990122,1.2056255340576172,57,57,2.0
Matilde,L396_f03,pth2,13603,3,346,L396_f03|pth2|13603,RLC,continuous,B1,11,0.0022018400486558676,0.1318717896938324,57,57,2.0
Matilde,L396_f03,pth2,13603,3,346,L396_f03|pth2|13603,LLC+RLC,continuous,B1,12,0.002160260919481516,0.10731474310159683,57,57,2.0
Matilde,L396_f03,pth2,13603,3,346,L396_f03|pth2|13603,LLC,continuous,B1,14,0.0021770710591226816,0.11724302917718887,57,57,2.0
Matilde,L396_f03,pth2,13603,3,346,L396_f03|pth2|13603,LLC,continuous,B2,16,0.0017940060934051871,-0.108999103307724,57,57,2.0
Matilde,L396_f03,pth2,13603,3,346,L396_f03|pth2|13603,RLC,continuous,B2,18,0.0022815836127847433,0.17896926403045654,57,57,2.0
Matilde,L396_f03,pth2,13603,3,346,L396_f03|pth2|13603,LLB+RLB,bout,B2,19,0.002604397712275386,0.36962655186653137,57,57,2.0
Matilde,L396_f03,pth2,13603,3,346,L396_f03|pth2|13603,RLB,bout,B2,21,0.002498997375369072,0.30737587809562683,57,57,2.0
Matilde,L396_f03,pth2,13603,3,346,L396_f03|pth2|13603,LLB,bout,B2,22,0.0020550768822431564,0.04519194737076759,57,57,2.0
Matilde,L396_f03,pth2,13603,3,346,L396_f03|pth2|13603,LLC+RLC,continuous,B2,23,0.0019475846784189343,-0.018294038251042366,57,57,2.0
Matilde,L396_f03,pth2,13603,3,346,L396_f03|pth2|13603,RLC,continuous,B2,24,0.0017430768348276615,-0.13907849788665771,57,57,2.0
Matilde,L396_f03,pth2,13603,3,346,L396_f03|pth2|13603,LLC+RLC,continuous,B2,25,0.001896779634989798,-0.04830002784729004,57,57,2.0
Matilde,L396_f03,pth2,13603,3,346,L396_f03|pth2|13603,LLC,continuous,B2,27,0.0018758280202746391,-0.06067422404885292,57,57,2.0
Matilde,L396_f03,pth2,13603,3,346,L396_f03|pth2|13603,LLB+RLB,bout,B2,28,0.002084210282191634,0.06239844486117363,57,57,2.0
Matilde,L396_f03,pth2,13603,3,346,L396_f03|pth2|13603,LLB,bout,B2,29,0.0011027128202840686,-0.5172839164733887,57,57,2.0
Matilde,L396_f03,pth2,13603,3,346,L396_f03|pth2|13603,RLB,bout,B2,31,0.0026332170236855745,0.38664764165878296,57,57,2.0
Matilde,L396_f03,pth2,13826,3,311,L396_f03|pth2|13826,RLB,bout,B1,0,0.0029408354312181473,1.0291801691055298,57,57,2.0
Matilde,L396_f03,pth2,13826,3,311,L396_f03|pth2|13826,LLC+RLC,continuous,B1,1,0.0035383794456720352,1.486371636390686,57,57,2.0
Matilde,L396_f03,pth2,13826,3,311,L396_f03|pth2|13826,LLB,bout,B1,2,0.0015132925473153591,-0.06305818259716034,57,57,2.0
Matilde,L396_f03,pth2,13826,3,311,L396_f03|pth2|13826,RLC,continuous,B1,3,0.003249476198107004,1.2653264999389648,57,57,2.0
Matilde,L396_f03,pth2,13826,3,311,L396_f03|pth2|13826,LLC,continuous,B1,4,0.002434853231534362,0.6420440673828125,57,57,2.0
Matilde,L396_f03,pth2,13826,3,311,L396_f03|pth2|13826,LLB+RLB,bout,B1,6,0.003021477721631527,1.0908808708190918,57,57,2.0
Matilde,L396_f03,pth2,13826,3,311,L396_f03|pth2|13826,RLB,bout,B1,8,0.0020436341874301434,0.34271568059921265,57,57,2.0
Matilde,L396_f03,pth2,13826,3,311,L396_f03|pth2|13826,LLB,bout,B1,9,0.0008609136566519737,-0.5622046589851379,57,57,2.0
Matilde,L396_f03,pth2,13826,3,311,L396_f03|pth2|13826,LLB+RLB,bout,B1,10,0.0036782254464924335,1.5933703184127808,57,57,2.0
Matilde,L396_f03,pth2,13826,3,311,L396_f03|pth2|13826,RLC,continuous,B1,11,0.0020728460513055325,0.36506620049476624,57,57,2.0
Matilde,L396_f03,pth2,13826,3,311,L396_f03|pth2|13826,LLC+RLC,continuous,B1,12,0.0012800105614587665,-0.24154633283615112,57,57,2.0
Matilde,L396_f03,pth2,13826,3,311,L396_f03|pth2|13826,LLC,continuous,B1,14,0.0015458231791853905,-0.03816838189959526,57,57,2.0
Matilde,L396_f03,pth2,13826,3,311,L396_f03|pth2|13826,LLC,continuous,B2,16,0.0014313466381281614,-0.1257563978433609,57,57,2.0
Matilde,L396_f03,pth2,13826,3,311,L396_f03|pth2|13826,RLC,continuous,B2,18,0.0013132677413523197,-0.21610066294670105,57,57,2.0
Matilde,L396_f03,pth2,13826,3,311,L396_f03|pth2|13826,LLB+RLB,bout,B2,19,0.0021654865704476833,0.43594714999198914,57,57,2.0
Matilde,L396_f03,pth2,13826,3,311,L396_f03|pth2|13826,RLB,bout,B2,21,0.0010823095217347145,-0.39281079173088074,57,57,2.0
Matilde,L396_f03,pth2,13826,3,311,L396_f03|pth2|13826,LLB,bout,B2,22,0.001437766244634986,-0.12084464728832245,57,57,2.0
Matilde,L396_f03,pth2,13826,3,311,L396_f03|pth2|13826,LLC+RLC,continuous,B2,23,0.0014386234106495976,-0.1201886460185051,57,57,2.0
Matilde,L396_f03,pth2,13826,3,311,L396_f03|pth2|13826,RLC,continuous,B2,24,0.0014766308013349771,-0.09110862016677856,57,57,2.0
Matilde,L396_f03,pth2,13826,3,311,L396_f03|pth2|13826,LLC+RLC,continuous,B2,25,0.001700629130937159,0.08027643710374832,57,57,2.0
Matilde,L396_f03,pth2,13826,3,311,L396_f03|pth2|13826,LLC,continuous,B2,27,0.0012221187353134155,-0.28584039211273193,57,57,2.0
Matilde,L396_f03,pth2,13826,3,311,L396_f03|pth2|13826,LLB+RLB,bout,B2,28,0.0023080508690327406,0.5450255274772644,57,57,2.0
Matilde,L396_f03,pth2,13826,3,311,L396_f03|pth2|13826,LLB,bout,B2,29,0.0009552758419886231,-0.49000656604766846,57,57,2.0
Matilde,L396_f03,pth2,13826,3,311,L396_f03|pth2|13826,RLB,bout,B2,31,0.001721530337817967,0.09626838564872742,57,57,2.0
Matilde,L396_f03,pth2,15040,1,484,L396_f03|pth2|15040,RLB,bout,B1,0,0.003419226501137018,0.6428629755973816,57,57,2.0
Matilde,L396_f03,pth2,15040,1,484,L396_f03|pth2|15040,LLC+RLC,continuous,B1,1,0.003303741104900837,0.5777774453163147,57,57,2.0
Matilde,L396_f03,pth2,15040,1,484,L396_f03|pth2|15040,LLB,bout,B1,2,0.0026807275135070086,0.2266579568386078,57,57,2.0
Matilde,L396_f03,pth2,15040,1,484,L396_f03|pth2|15040,RLC,continuous,B1,3,0.0026562546845525503,0.21286553144454956,57,57,2.0
Matilde,L396_f03,pth2,15040,1,484,L396_f03|pth2|15040,LLC,continuous,B1,4,0.0025073117576539516,0.12892410159111023,57,57,2.0
Matilde,L396_f03,pth2,15040,1,484,L396_f03|pth2|15040,LLB+RLB,bout,B1,6,0.0019519139314070344,-0.18408815562725067,57,57,2.0
Matilde,L396_f03,pth2,15040,1,484,L396_f03|pth2|15040,RLB,bout,B1,8,0.0018833568319678307,-0.22272562980651855,57,57,2.0
Matilde,L396_f03,pth2,15040,1,484,L396_f03|pth2|15040,LLB,bout,B1,9,0.0021009084302932024,-0.10011748969554901,57,57,2.0
Matilde,L396_f03,pth2,15040,1,484,L396_f03|pth2|15040,LLB+RLB,bout,B1,10,0.0026762639172375202,0.22414270043373108,57,57,2.0
Matilde,L396_f03,pth2,15040,1,484,L396_f03|pth2|15040,RLC,continuous,B1,11,0.002429405227303505,0.08501742035150528,57,57,2.0
Matilde,L396_f03,pth2,15040,1,484,L396_f03|pth2|15040,LLC+RLC,continuous,B1,12,0.002362043596804142,0.04705356806516647,57,57,2.0
Matilde,L396_f03,pth2,15040,1,484,L396_f03|pth2|15040,LLC,continuous,B1,14,0.002049359492957592,-0.12916940450668335,57,57,2.0
Matilde,L396_f03,pth2,15040,1,484,L396_f03|pth2|15040,LLC,continuous,B2,16,0.002497320994734764,0.12329354137182236,57,57,2.0
Matilde,L396_f03,pth2,15040,1,484,L396_f03|pth2|15040,RLC,continuous,B2,18,0.0022719651460647583,-0.003712982404977083,57,57,2.0
Matilde,L396_f03,pth2,15040,1,484,L396_f03|pth2|15040,LLB+RLB,bout,B2,19,0.002306148875504732,0.015552438795566559,57,57,2.0
Matilde,L396_f03,pth2,15040,1,484,L396_f03|pth2|15040,RLB,bout,B2,21,0.0009538562735542655,-0.7465754747390747,57,57,2.0
Matilde,L396_f03,pth2,15040,1,484,L396_f03|pth2|15040,LLB,bout,B2,22,0.0018961247988045216,-0.21552984416484833,57,57,2.0
Matilde,L396_f03,pth2,15040,1,484,L396_f03|pth2|15040,LLC+RLC,continuous,B2,23,0.0017769080586731434,-0.282718300819397,57,57,2.0
Matilde,L396_f03,pth2,15040,1,484,L396_f03|pth2|15040,RLC,continuous,B2,24,0.0020806307438760996,-0.1115456074476242,57,57,2.0
Matilde,L396_f03,pth2,15040,1,484,L396_f03|pth2|15040,LLC+RLC,continuous,B2,25,0.0018615139415487647,-0.23503585159778595,57,57,2.0
Matilde,L396_f03,pth2,15040,1,484,L396_f03|pth2|15040,LLC,continuous,B2,27,0.001866176025941968,-0.23240835964679718,57,57,2.0
Matilde,L396_f03,pth2,15040,1,484,L396_f03|pth2|15040,LLB+RLB,bout,B2,28,0.0015357625670731068,-0.41862353682518005,57,57,2.0
Matilde,L396_f03,pth2,15040,1,484,L396_f03|pth2|15040,LLB,bout,B2,29,0.001821122714318335,-0.2577996551990509,57,57,2.0
Matilde,L396_f03,pth2,15040,1,484,L396_f03|pth2|15040,RLB,bout,B2,31,0.0023766160011291504,0.05526639521121979,57,57,2.0
Matilde,L396_f03,pth2,16204,2,474,L396_f03|pth2|16204,RLB,bout,B1,0,0.0030470583587884903,1.1468108892440796,57,57,2.0
Matilde,L396_f03,pth2,16204,2,474,L396_f03|pth2|16204,LLC+RLC,continuous,B1,1,0.002111822599545121,0.42880353331565857,57,57,2.0
Matilde,L396_f03,pth2,16204,2,474,L396_f03|pth2|16204,LLB,bout,B1,2,0.0013562400126829743,-0.15127871930599213,57,57,2.0
Matilde,L396_f03,pth2,16204,2,474,L396_f03|pth2|16204,RLC,continuous,B1,3,0.001596901100128889,0.033483635634183884,57,57,2.0
Matilde,L396_f03,pth2,16204,2,474,L396_f03|pth2|16204,LLC,continuous,B1,4,0.0015954874688759446,0.03239841014146805,57,57,2.0
Matilde,L396_f03,pth2,16204,2,474,L396_f03|pth2|16204,LLB+RLB,bout,B1,6,0.0021890385542064905,0.48808443546295166,57,57,2.0
Matilde,L396_f03,pth2,16204,2,474,L396_f03|pth2|16204,RLB,bout,B1,8,0.0021506398916244507,0.4586048722267151,57,57,2.0
Matilde,L396_f03,pth2,16204,2,474,L396_f03|pth2|16204,LLB,bout,B1,9,0.0014171501388773322,-0.10451621562242508,57,57,2.0
Matilde,L396_f03,pth2,16204,2,474,L396_f03|pth2|16204,LLB+RLB,bout,B1,10,0.0024758882354944944,0.7083074450492859,57,57,2.0
Matilde,L396_f03,pth2,16204,2,474,L396_f03|pth2|16204,RLC,continuous,B1,11,0.0015633187722414732,0.007701460272073746,57,57,2.0
Matilde,L396_f03,pth2,16204,2,474,L396_f03|pth2|16204,LLC+RLC,continuous,B1,12,0.0015655605820938945,0.00942267756909132,57,57,2.0
Matilde,L396_f03,pth2,16204,2,474,L396_f03|pth2|16204,LLC,continuous,B1,14,0.0017396437469869852,0.1430712193250656,57,57,2.0
Matilde,L396_f03,pth2,16204,2,474,L396_f03|pth2|16204,LLC,continuous,B2,16,0.0015599163016304374,0.005089385434985161,57,57,2.0
Matilde,L396_f03,pth2,16204,2,474,L396_f03|pth2|16204,RLC,continuous,B2,18,0.0013067725813016295,-0.18925617635250092,57,57,2.0
Matilde,L396_f03,pth2,16204,2,474,L396_f03|pth2|16204,LLB+RLB,bout,B2,19,0.001861598459072411,0.23669922351837158,57,57,2.0
Matilde,L396_f03,pth2,16204,2,474,L396_f03|pth2|16204,RLB,bout,B2,21,0.0016546722035855055,0.07783620059490204,57,57,2.0
Matilde,L396_f03,pth2,16204,2,474,L396_f03|pth2|16204,LLB,bout,B2,22,0.0016196778742596507,0.05097002908587456,57,57,2.0
Matilde,L396_f03,pth2,16204,2,474,L396_f03|pth2|16204,LLC+RLC,continuous,B2,23,0.0017614681273698807,0.1598263829946518,57,57,2.0
Matilde,L396_f03,pth2,16204,2,474,L396_f03|pth2|16204,RLC,continuous,B2,24,0.0017651151865720749,0.16262641549110413,57,57,2.0
Matilde,L396_f03,pth2,16204,2,474,L396_f03|pth2|16204,LLC+RLC,continuous,B2,25,0.001766364322975278,0.16358551383018494,57,57,2.0
Matilde,L396_f03,pth2,16204,2,474,L396_f03|pth2|16204,LLC,continuous,B2,27,0.001599718350917101,0.035646431148052216,57,57,2.0
Matilde,L396_f03,pth2,16204,2,474,L396_f03|pth2|16204,LLB+RLB,bout,B2,28,0.001764077227562666,0.16182953119277954,57,57,2.0
Matilde,L396_f03,pth2,16204,2,474,L396_f03|pth2|16204,LLB,bout,B2,29,0.0009535390418022871,-0.4604437053203583,57,57,2.0
Matilde,L396_f03,pth2,16204,2,474,L396_f03|pth2|16204,RLB,bout,B2,31,0.0021765960846096277,0.47853216528892517,57,57,2.0
Matilde,L396_f03,pth2,16495,1,355,L396_f03|pth2|16495,RLB,bout,B1,0,0.03554587438702583,9.843865394592285,57,57,2.0
Matilde,L396_f03,pth2,16495,1,355,L396_f03|pth2|16495,LLC+RLC,continuous,B1,1,0.015216438099741936,3.647939682006836,57,57,2.0
Matilde,L396_f03,pth2,16495,1,355,L396_f03|pth2|16495,LLB,bout,B1,2,0.010492193512618542,2.2081024646759033,57,57,2.0
Matilde,L396_f03,pth2,16495,1,355,L396_f03|pth2|16495,RLC,continuous,B1,3,0.007185996510088444,1.2004531621932983,57,57,2.0
Matilde,L396_f03,pth2,16495,1,355,L396_f03|pth2|16495,LLC,continuous,B1,4,0.0017315507866442204,-0.4619315564632416,57,57,2.0
Matilde,L396_f03,pth2,16495,1,355,L396_f03|pth2|16495,LLB+RLB,bout,B1,6,0.044190097600221634,12.47841739654541,57,57,2.0
Matilde,L396_f03,pth2,16495,1,355,L396_f03|pth2|16495,RLB,bout,B1,8,0.016353340819478035,3.9944400787353516,57,57,2.0
Matilde,L396_f03,pth2,16495,1,355,L396_f03|pth2|16495,LLB,bout,B1,9,0.004966731648892164,0.5240741968154907,57,57,2.0
Matilde,L396_f03,pth2,16495,1,355,L396_f03|pth2|16495,LLB+RLB,bout,B1,10,0.03775329887866974,10.51663589477539,57,57,2.0
Matilde,L396_f03,pth2,16495,1,355,L396_f03|pth2|16495,RLC,continuous,B1,11,0.013997391797602177,3.2764036655426025,57,57,2.0
Matilde,L396_f03,pth2,16495,1,355,L396_f03|pth2|16495,LLC+RLC,continuous,B1,12,0.005209728144109249,0.5981336832046509,57,57,2.0
Matilde,L396_f03,pth2,16495,1,355,L396_f03|pth2|16495,LLC,continuous,B1,14,0.0026380380149930716,-0.185655876994133,57,57,2.0
Matilde,L396_f03,pth2,16495,1,355,L396_f03|pth2|16495,LLC,continuous,B2,16,0.0022011916153132915,-0.3187961280345917,57,57,2.0
Matilde,L396_f03,pth2,16495,1,355,L396_f03|pth2|16495,RLC,continuous,B2,18,0.002314923331141472,-0.28413352370262146,57,57,2.0
Matilde,L396_f03,pth2,16495,1,355,L396_f03|pth2|16495,LLB+RLB,bout,B2,19,0.014831884764134884,3.5307369232177734,57,57,2.0
Matilde,L396_f03,pth2,16495,1,355,L396_f03|pth2|16495,RLB,bout,B2,21,0.003566320287063718,0.09726233035326004,57,57,2.0
Matilde,L396_f03,pth2,16495,1,355,L396_f03|pth2|16495,LLB,bout,B2,22,0.0029974107164889574,-0.07612768560647964,57,57,2.0
Matilde,L396_f03,pth2,16495,1,355,L396_f03|pth2|16495,LLC+RLC,continuous,B2,23,0.002003658562898636,-0.3789995014667511,57,57,2.0
Matilde,L396_f03,pth2,16495,1,355,L396_f03|pth2|16495,RLC,continuous,B2,24,0.00301917246542871,-0.06949528306722641,57,57,2.0
Matilde,L396_f03,pth2,16495,1,355,L396_f03|pth2|16495,LLC+RLC,continuous,B2,25,0.0010188664309680462,-0.6791406869888306,57,57,2.0
Matilde,L396_f03,pth2,16495,1,355,L396_f03|pth2|16495,LLC,continuous,B2,27,0.0013806117931380868,-0.5688893795013428,57,57,2.0
Matilde,L396_f03,pth2,16495,1,355,L396_f03|pth2|16495,LLB+RLB,bout,B2,28,0.01473650150001049,3.501666307449341,57,57,2.0
Matilde,L396_f03,pth2,16495,1,355,L396_f03|pth2|16495,LLB,bout,B2,29,0.00221064081415534,-0.3159163296222687,57,57,2.0
Matilde,L396_f03,pth2,16495,1,355,L396_f03|pth2|16495,RLB,bout,B2,31,0.005102669820189476,0.5655050873756409,57,57,2.0
Matilde,L396_f03,pth2,16539,2,513,L396_f03|pth2|16539,RLB,bout,B1,0,0.002353280084207654,0.747337281703949,57,57,2.0
Matilde,L396_f03,pth2,16539,2,513,L396_f03|pth2|16539,LLC+RLC,continuous,B1,1,0.0017774575389921665,0.27820295095443726,57,57,2.0
Matilde,L396_f03,pth2,16539,2,513,L396_f03|pth2|16539,LLB,bout,B1,2,0.0013401967007666826,-0.07804209738969803,57,57,2.0
Matilde,L396_f03,pth2,16539,2,513,L396_f03|pth2|16539,RLC,continuous,B1,3,0.001440193853341043,0.003427528077736497,57,57,2.0
Matilde,L396_f03,pth2,16539,2,513,L396_f03|pth2|16539,LLC,continuous,B1,4,0.0015031448565423489,0.05471497401595116,57,57,2.0
Matilde,L396_f03,pth2,16539,2,513,L396_f03|pth2|16539,LLB+RLB,bout,B1,6,0.0016308289486914873,0.15874168276786804,57,57,2.0
Matilde,L396_f03,pth2,16539,2,513,L396_f03|pth2|16539,RLB,bout,B1,8,0.0016271912027150393,0.1557779610157013,57,57,2.0
Matilde,L396_f03,pth2,16539,2,513,L396_f03|pth2|16539,LLB,bout,B1,9,0.0011558044934645295,-0.22827012836933136,57,57,2.0
Matilde,L396_f03,pth2,16539,2,513,L396_f03|pth2|16539,LLB+RLB,bout,B1,10,0.002758798887953162,1.0777214765548706,57,57,2.0
Matilde,L396_f03,pth2,16539,2,513,L396_f03|pth2|16539,RLC,continuous,B1,11,0.0014929878525435925,0.0464397594332695,57,57,2.0
Matilde,L396_f03,pth2,16539,2,513,L396_f03|pth2|16539,LLC+RLC,continuous,B1,12,0.0014666150091215968,0.024953436106443405,57,57,2.0
Matilde,L396_f03,pth2,16539,2,513,L396_f03|pth2|16539,LLC,continuous,B1,14,0.001489692134782672,0.04375465214252472,57,57,2.0
Matilde,L396_f03,pth2,16539,2,513,L396_f03|pth2|16539,LLC,continuous,B2,16,0.0016268909676000476,0.15553349256515503,57,57,2.0
Matilde,L396_f03,pth2,16539,2,513,L396_f03|pth2|16539,RLC,continuous,B2,18,0.0009795727673918009,-0.37184959650039673,57,57,2.0
Matilde,L396_f03,pth2,16539,2,513,L396_f03|pth2|16539,LLB+RLB,bout,B2,19,0.0013814102858304977,-0.04446461796760559,57,57,2.0
Matilde,L396_f03,pth2,16539,2,513,L396_f03|pth2|16539,RLB,bout,B2,21,0.0018395553342998028,0.32879525423049927,57,57,2.0
Matilde,L396_f03,pth2,16539,2,513,L396_f03|pth2|16539,LLB,bout,B2,22,0.001594528672285378,0.12916727364063263,57,57,2.0
Matilde,L396_f03,pth2,16539,2,513,L396_f03|pth2|16539,LLC+RLC,continuous,B2,23,0.0015192932914942503,0.06787145882844925,57,57,2.0
Matilde,L396_f03,pth2,16539,2,513,L396_f03|pth2|16539,RLC,continuous,B2,24,0.001608259859494865,0.14035433530807495,57,57,2.0
Matilde,L396_f03,pth2,16539,2,513,L396_f03|pth2|16539,LLC+RLC,continuous,B2,25,0.0014728964306414127,0.030070986598730087,57,57,2.0
Matilde,L396_f03,pth2,16539,2,513,L396_f03|pth2|16539,LLC,continuous,B2,27,0.001348813297227025,-0.07102204114198685,57,57,2.0
Matilde,L396_f03,pth2,16539,2,513,L396_f03|pth2|16539,LLB+RLB,bout,B2,28,0.002398946089670062,0.7845422625541687,57,57,2.0
Matilde,L396_f03,pth2,16539,2,513,L396_f03|pth2|16539,LLB,bout,B2,29,0.0011800985084846616,-0.20847739279270172,57,57,2.0
Matilde,L396_f03,pth2,16539,2,513,L396_f03|pth2|16539,RLB,bout,B2,31,0.0024277796037495136,0.8080335259437561,57,57,2.0
Matilde,L396_f03,pth2,16551,1,561,L396_f03|pth2|16551,RLB,bout,B1,0,0.001965212170034647,-0.06551562994718552,57,57,2.0
Matilde,L396_f03,pth2,16551,1,561,L396_f03|pth2|16551,LLC+RLC,continuous,B1,1,0.0023031013552099466,0.12594540417194366,57,57,2.0
Matilde,L396_f03,pth2,16551,1,561,L396_f03|pth2|16551,LLB,bout,B1,2,0.002589949406683445,0.2884848415851593,57,57,2.0
Matilde,L396_f03,pth2,16551,1,561,L396_f03|pth2|16551,RLC,continuous,B1,3,0.001713567296974361,-0.20810723304748535,57,57,2.0
Matilde,L396_f03,pth2,16551,1,561,L396_f03|pth2|16551,LLC,continuous,B1,4,0.0018850428750738502,-0.1109425500035286,57,57,2.0
Matilde,L396_f03,pth2,16551,1,561,L396_f03|pth2|16551,LLB+RLB,bout,B1,6,0.002393522998318076,0.1771821528673172,57,57,2.0
Matilde,L396_f03,pth2,16551,1,561,L396_f03|pth2|16551,RLB,bout,B1,8,0.0017004921101033688,-0.21551613509655,57,57,2.0
Matilde,L396_f03,pth2,16551,1,561,L396_f03|pth2|16551,LLB,bout,B1,9,0.0017316575394943357,-0.19785666465759277,57,57,2.0
Matilde,L396_f03,pth2,16551,1,561,L396_f03|pth2|16551,LLB+RLB,bout,B1,10,0.0023167752660810947,0.13369370996952057,57,57,2.0
Matilde,L396_f03,pth2,16551,1,561,L396_f03|pth2|16551,RLC,continuous,B1,11,0.0022163011599332094,0.07676126807928085,57,57,2.0
Matilde,L396_f03,pth2,16551,1,561,L396_f03|pth2|16551,LLC+RLC,continuous,B1,12,0.0026200946886092424,0.30556628108024597,57,57,2.0
Matilde,L396_f03,pth2,16551,1,561,L396_f03|pth2|16551,LLC,continuous,B1,14,0.002349787624552846,0.1523999273777008,57,57,2.0
Matilde,L396_f03,pth2,16551,1,561,L396_f03|pth2|16551,LLC,continuous,B2,16,0.0022748501505702734,0.10993731021881104,57,57,2.0
Matilde,L396_f03,pth2,16551,1,561,L396_f03|pth2|16551,RLC,continuous,B2,18,0.002214883454144001,0.07595793157815933,57,57,2.0
Matilde,L396_f03,pth2,16551,1,561,L396_f03|pth2|16551,LLB+RLB,bout,B2,19,0.0029208019841462374,0.4759586453437805,57,57,2.0
Matilde,L396_f03,pth2,16551,1,561,L396_f03|pth2|16551,RLB,bout,B2,21,0.0021392798516899347,0.03311788663268089,57,57,2.0
Matilde,L396_f03,pth2,16551,1,561,L396_f03|pth2|16551,LLB,bout,B2,22,0.0029226592741906643,0.4770110547542572,57,57,2.0
Matilde,L396_f03,pth2,16551,1,561,L396_f03|pth2|16551,LLC+RLC,continuous,B2,23,0.0025600071530789137,0.2715184688568115,57,57,2.0
Matilde,L396_f03,pth2,16551,1,561,L396_f03|pth2|16551,RLC,continuous,B2,24,0.002254620660096407,0.09847458451986313,57,57,2.0
Matilde,L396_f03,pth2,16551,1,561,L396_f03|pth2|16551,LLC+RLC,continuous,B2,25,0.002505339216440916,0.24054141342639923,57,57,2.0
Matilde,L396_f03,pth2,16551,1,561,L396_f03|pth2|16551,LLC,continuous,B2,27,0.002532036742195487,0.25566914677619934,57,57,2.0
Matilde,L396_f03,pth2,16551,1,561,L396_f03|pth2|16551,LLB+RLB,bout,B2,28,0.002065036678686738,-0.008951118215918541,57,57,2.0
Matilde,L396_f03,pth2,16551,1,561,L396_f03|pth2|16551,LLB,bout,B2,29,0.002348031150177121,0.15140452980995178,57,57,2.0
Matilde,L396_f03,pth2,16551,1,561,L396_f03|pth2|16551,RLB,bout,B2,31,0.0027442395221441984,0.3759113848209381,57,57,2.0
Matilde,L396_f03,pth2,16840,0,202,L396_f03|pth2|16840,RLB,bout,B1,0,0.014388958923518658,6.599414348602295,57,57,2.0
Matilde,L396_f03,pth2,16840,0,202,L396_f03|pth2|16840,LLC+RLC,continuous,B1,1,0.007224814500659704,2.7776741981506348,57,57,2.0
Matilde,L396_f03,pth2,16840,0,202,L396_f03|pth2|16840,LLB,bout,B1,2,0.002457365859299898,0.23446041345596313,57,57,2.0
Matilde,L396_f03,pth2,16840,0,202,L396_f03|pth2|16840,RLC,continuous,B1,3,0.007433538790792227,2.889019012451172,57,57,2.0
Matilde,L396_f03,pth2,16840,0,202,L396_f03|pth2|16840,LLC,continuous,B1,4,0.002295849146321416,0.14829863607883453,57,57,2.0
Matilde,L396_f03,pth2,16840,0,202,L396_f03|pth2|16840,LLB+RLB,bout,B1,6,0.005530703347176313,1.8739440441131592,57,57,2.0
Matilde,L396_f03,pth2,16840,0,202,L396_f03|pth2|16840,RLB,bout,B1,8,0.007576133124530315,2.9650864601135254,57,57,2.0
Matilde,L396_f03,pth2,16840,0,202,L396_f03|pth2|16840,LLB,bout,B1,9,0.0015036738477647305,-0.27429038286209106,57,57,2.0
Matilde,L396_f03,pth2,16840,0,202,L396_f03|pth2|16840,LLB+RLB,bout,B1,10,0.004893504548817873,1.5340274572372437,57,57,2.0
Matilde,L396_f03,pth2,16840,0,202,L396_f03|pth2|16840,RLC,continuous,B1,11,0.007006020750850439,2.6609580516815186,57,57,2.0
Matilde,L396_f03,pth2,16840,0,202,L396_f03|pth2|16840,LLC+RLC,continuous,B1,12,0.002956056734547019,0.5004889965057373,57,57,2.0
Matilde,L396_f03,pth2,16840,0,202,L396_f03|pth2|16840,LLC,continuous,B1,14,0.001823400380089879,-0.10373109579086304,57,57,2.0
Matilde,L396_f03,pth2,16840,0,202,L396_f03|pth2|16840,LLC,continuous,B2,16,0.0020047491416335106,-0.0069898804649710655,57,57,2.0
Matilde,L396_f03,pth2,16840,0,202,L396_f03|pth2|16840,RLC,continuous,B2,18,0.008421886712312698,3.416256904602051,57,57,2.0
Matilde,L396_f03,pth2,16840,0,202,L396_f03|pth2|16840,LLB+RLB,bout,B2,19,0.0027548926882445812,0.39317724108695984,57,57,2.0
Matilde,L396_f03,pth2,16840,0,202,L396_f03|pth2|16840,RLB,bout,B2,21,0.0021170894615352154,0.052938565611839294,57,57,2.0
Matilde,L396_f03,pth2,16840,0,202,L396_f03|pth2|16840,LLB,bout,B2,22,0.0017933995695784688,-0.11973501741886139,57,57,2.0
Matilde,L396_f03,pth2,16840,0,202,L396_f03|pth2|16840,LLC+RLC,continuous,B2,23,0.0035248505882918835,0.8039138913154602,57,57,2.0
Matilde,L396_f03,pth2,16840,0,202,L396_f03|pth2|16840,RLC,continuous,B2,24,0.0045092361979186535,1.3290382623672485,57,57,2.0
Matilde,L396_f03,pth2,16840,0,202,L396_f03|pth2|16840,LLC+RLC,continuous,B2,25,0.004533282946795225,1.341866374015808,57,57,2.0
Matilde,L396_f03,pth2,16840,0,202,L396_f03|pth2|16840,LLC,continuous,B2,27,0.0017528231255710125,-0.14138087630271912,57,57,2.0
Matilde,L396_f03,pth2,16840,0,202,L396_f03|pth2|16840,LLB+RLB,bout,B2,28,0.0020218929275870323,0.0021555747371166945,57,57,2.0
Matilde,L396_f03,pth2,16840,0,202,L396_f03|pth2|16840,LLB,bout,B2,29,0.0021158799063414335,0.05229318514466286,57,57,2.0
Matilde,L396_f03,pth2,16840,0,202,L396_f03|pth2|16840,RLB,bout,B2,31,0.004400377161800861,1.2709673643112183,57,57,2.0
Matilde,L396_f03,pth2,16902,1,580,L396_f03|pth2|16902,RLB,bout,B1,0,0.002442092401906848,0.3568175137042999,57,57,2.0
Matilde,L396_f03,pth2,16902,1,580,L396_f03|pth2|16902,LLC+RLC,continuous,B1,1,0.0020691948011517525,0.11800482869148254,57,57,2.0
Matilde,L396_f03,pth2,16902,1,580,L396_f03|pth2|16902,LLB,bout,B1,2,0.002569354372099042,0.43831926584243774,57,57,2.0
Matilde,L396_f03,pth2,16902,1,580,L396_f03|pth2|16902,RLC,continuous,B1,3,0.002148324390873313,0.16868115961551666,57,57,2.0
Matilde,L396_f03,pth2,16902,1,580,L396_f03|pth2|16902,LLC,continuous,B1,4,0.0019459062023088336,0.0390477329492569,57,57,2.0
Matilde,L396_f03,pth2,16902,1,580,L396_f03|pth2|16902,LLB+RLB,bout,B1,6,0.0036755648907274008,1.146762728691101,57,57,2.0
Matilde,L396_f03,pth2,16902,1,580,L396_f03|pth2|16902,RLB,bout,B1,8,0.0021141855977475643,0.14681801199913025,57,57,2.0
Matilde,L396_f03,pth2,16902,1,580,L396_f03|pth2|16902,LLB,bout,B1,9,0.002125607104972005,0.15413260459899902,57,57,2.0
Matilde,L396_f03,pth2,16902,1,580,L396_f03|pth2|16902,LLB+RLB,bout,B1,10,0.00356897059828043,1.0784974098205566,57,57,2.0
Matilde,L396_f03,pth2,16902,1,580,L396_f03|pth2|16902,RLC,continuous,B1,11,0.0021149565000087023,0.14731165766716003,57,57,2.0
Matilde,L396_f03,pth2,16902,1,580,L396_f03|pth2|16902,LLC+RLC,continuous,B1,12,0.001702356617897749,-0.11692734062671661,57,57,2.0
Matilde,L396_f03,pth2,16902,1,580,L396_f03|pth2|16902,LLC,continuous,B1,14,0.0017365891253575683,-0.09500394016504288,57,57,2.0
Matilde,L396_f03,pth2,16902,1,580,L396_f03|pth2|16902,LLC,continuous,B2,16,0.00164670345839113,-0.15256895124912262,57,57,2.0
Matilde,L396_f03,pth2,16902,1,580,L396_f03|pth2|16902,RLC,continuous,B2,18,0.0016415291465818882,-0.15588261187076569,57,57,2.0
Matilde,L396_f03,pth2,16902,1,580,L396_f03|pth2|16902,LLB+RLB,bout,B2,19,0.0027476870454847813,0.5525276064872742,57,57,2.0
Matilde,L396_f03,pth2,16902,1,580,L396_f03|pth2|16902,RLB,bout,B2,21,0.0010888046817854047,-0.5098608136177063,57,57,2.0
Matilde,L396_f03,pth2,16902,1,580,L396_f03|pth2|16902,LLB,bout,B2,22,0.002243394497781992,0.2295663207769394,57,57,2.0
Matilde,L396_f03,pth2,16902,1,580,L396_f03|pth2|16902,LLC+RLC,continuous,B2,23,0.0019441612530499697,0.03793029114603996,57,57,2.0
Matilde,L396_f03,pth2,16902,1,580,L396_f03|pth2|16902,RLC,continuous,B2,24,0.0018089169170707464,-0.04868346080183983,57,57,2.0
Matilde,L396_f03,pth2,16902,1,580,L396_f03|pth2|16902,LLC+RLC,continuous,B2,25,0.0017843408277258277,-0.0644226148724556,57,57,2.0
Matilde,L396_f03,pth2,16902,1,580,L396_f03|pth2|16902,LLC,continuous,B2,27,0.0015477037522941828,-0.21597082912921906,57,57,2.0
Matilde,L396_f03,pth2,16902,1,580,L396_f03|pth2|16902,LLB+RLB,bout,B2,28,0.0021469201892614365,0.1677820235490799,57,57,2.0
Matilde,L396_f03,pth2,16902,1,580,L396_f03|pth2|16902,LLB,bout,B2,29,0.001624097116291523,-0.16704654693603516,57,57,2.0
Matilde,L396_f03,pth2,16902,1,580,L396_f03|pth2|16902,RLB,bout,B2,31,0.0017314453143626451,-0.09829823672771454,57,57,2.0
Matilde,L396_f03,pth2,17229,0,483,L396_f03|pth2|17229,RLB,bout,B1,0,0.0018397474195808172,-0.311941534280777,57,57,2.0
Matilde,L396_f03,pth2,17229,0,483,L396_f03|pth2|17229,LLC+RLC,continuous,B1,1,0.0010379626182839274,-0.4747411012649536,57,57,2.0
Matilde,L396_f03,pth2,17229,0,483,L396_f03|pth2|17229,LLB,bout,B1,2,0.0017901338869705796,-0.3220154345035553,57,57,2.0
Matilde,L396_f03,pth2,17229,0,483,L396_f03|pth2|17229,RLC,continuous,B1,3,0.001460599829442799,-0.3889261484146118,57,57,2.0
Matilde,L396_f03,pth2,17229,0,483,L396_f03|pth2|17229,LLC,continuous,B1,4,0.0014245405327528715,-0.39624789357185364,57,57,2.0
Matilde,L396_f03,pth2,17229,0,483,L396_f03|pth2|17229,LLB+RLB,bout,B1,6,0.0017934113275259733,-0.3213499188423157,57,57,2.0
Matilde,L396_f03,pth2,17229,0,483,L396_f03|pth2|17229,RLB,bout,B1,8,0.0012420514831319451,-0.4333015978336334,57,57,2.0
Matilde,L396_f03,pth2,17229,0,483,L396_f03|pth2|17229,LLB,bout,B1,9,0.0011025957064703107,-0.4616175889968872,57,57,2.0
Matilde,L396_f03,pth2,17229,0,483,L396_f03|pth2|17229,LLB+RLB,bout,B1,10,0.00224571512080729,-0.22951124608516693,57,57,2.0
Matilde,L396_f03,pth2,17229,0,483,L396_f03|pth2|17229,RLC,continuous,B1,11,0.0021582033950835466,-0.24728021025657654,57,57,2.0
Matilde,L396_f03,pth2,17229,0,483,L396_f03|pth2|17229,LLC+RLC,continuous,B1,12,0.0009993871208280325,-0.4825737476348877,57,57,2.0
Matilde,L396_f03,pth2,17229,0,483,L396_f03|pth2|17229,LLC,continuous,B1,14,0.007987836375832558,0.9364060759544373,57,57,2.0
Matilde,L396_f03,pth2,17229,0,483,L396_f03|pth2|17229,LLC,continuous,B2,16,0.003047020174562931,-0.06680905073881149,57,57,2.0
Matilde,L396_f03,pth2,17229,0,483,L396_f03|pth2|17229,RLC,continuous,B2,18,0.0065353806130588055,0.6414901614189148,57,57,2.0
Matilde,L396_f03,pth2,17229,0,483,L396_f03|pth2|17229,LLB+RLB,bout,B2,19,0.0019706564489752054,-0.2853609621524811,57,57,2.0
Matilde,L396_f03,pth2,17229,0,483,L396_f03|pth2|17229,RLB,bout,B2,21,0.004077950492501259,0.14251761138439178,57,57,2.0
Matilde,L396_f03,pth2,17229,0,483,L396_f03|pth2|17229,LLB,bout,B2,22,0.0017299216706305742,-0.3342413008213043,57,57,2.0
Matilde,L396_f03,pth2,17229,0,483,L396_f03|pth2|17229,LLC+RLC,continuous,B2,23,0.001996529521420598,-0.2801075279712677,57,57,2.0
Matilde,L396_f03,pth2,17229,0,483,L396_f03|pth2|17229,RLC,continuous,B2,24,0.0027679530903697014,-0.1234726831316948,57,57,2.0
Matilde,L396_f03,pth2,17229,0,483,L396_f03|pth2|17229,LLC+RLC,continuous,B2,25,0.014361655339598656,2.2305874824523926,57,57,2.0
Matilde,L396_f03,pth2,17229,0,483,L396_f03|pth2|17229,LLC,continuous,B2,27,0.0022314905654639006,-0.23239955306053162,57,57,2.0
Matilde,L396_f03,pth2,17229,0,483,L396_f03|pth2|17229,LLB+RLB,bout,B2,28,0.0017320155166089535,-0.33381617069244385,57,57,2.0
Matilde,L396_f03,pth2,17229,0,483,L396_f03|pth2|17229,LLB,bout,B2,29,0.0026164790615439415,-0.15422901511192322,57,57,2.0
Matilde,L396_f03,pth2,17229,0,483,L396_f03|pth2|17229,RLB,bout,B2,31,0.01652788743376732,2.670433521270752,57,57,2.0
Matilde,L396_f03,pth2,17751,1,240,L396_f03|pth2|17751,RLB,bout,B1,0,0.002512135077267885,0.23263436555862427,57,57,2.0
Matilde,L396_f03,pth2,17751,1,240,L396_f03|pth2|17751,LLC+RLC,continuous,B1,1,0.002100275596603751,-0.005417884327471256,57,57,2.0
Matilde,L396_f03,pth2,17751,1,240,L396_f03|pth2|17751,LLB,bout,B1,2,0.0027216672897338867,0.3537425696849823,57,57,2.0
Matilde,L396_f03,pth2,17751,1,240,L396_f03|pth2|17751,RLC,continuous,B1,3,0.0017936822259798646,-0.1826268881559372,57,57,2.0
Matilde,L396_f03,pth2,17751,1,240,L396_f03|pth2|17751,LLC,continuous,B1,4,0.002235806081444025,0.07291795313358307,57,57,2.0
Matilde,L396_f03,pth2,17751,1,240,L396_f03|pth2|17751,LLB+RLB,bout,B1,6,0.002185259945690632,0.04370255395770073,57,57,2.0
Matilde,L396_f03,pth2,17751,1,240,L396_f03|pth2|17751,RLB,bout,B1,8,0.0019051627023145556,-0.11819183826446533,57,57,2.0
Matilde,L396_f03,pth2,17751,1,240,L396_f03|pth2|17751,LLB,bout,B1,9,0.0021052116062492132,-0.002564885187894106,57,57,2.0
Matilde,L396_f03,pth2,17751,1,240,L396_f03|pth2|17751,LLB+RLB,bout,B1,10,0.002219126559793949,0.06327730417251587,57,57,2.0
Matilde,L396_f03,pth2,17751,1,240,L396_f03|pth2|17751,RLC,continuous,B1,11,0.001910510822199285,-0.11510060727596283,57,57,2.0
Matilde,L396_f03,pth2,17751,1,240,L396_f03|pth2|17751,LLC+RLC,continuous,B1,12,0.0024755087215453386,0.21146459877490997,57,57,2.0
Matilde,L396_f03,pth2,17751,1,240,L396_f03|pth2|17751,LLC,continuous,B1,14,0.002648163354024291,0.31125780940055847,57,57,2.0
Matilde,L396_f03,pth2,17751,1,240,L396_f03|pth2|17751,LLC,continuous,B2,16,0.0020647768396884203,-0.02593587525188923,57,57,2.0
Matilde,L396_f03,pth2,17751,1,240,L396_f03|pth2|17751,RLC,continuous,B2,18,0.0019970049615949392,-0.06510765850543976,57,57,2.0
Matilde,L396_f03,pth2,17751,1,240,L396_f03|pth2|17751,LLB+RLB,bout,B2,19,0.002280422719195485,0.09870613366365433,57,57,2.0
Matilde,L396_f03,pth2,17751,1,240,L396_f03|pth2|17751,RLB,bout,B2,21,0.0020706946961581707,-0.022515371441841125,57,57,2.0
Matilde,L396_f03,pth2,17751,1,240,L396_f03|pth2|17751,LLB,bout,B2,22,0.0021327314898371696,0.013341479003429413,57,57,2.0
Matilde,L396_f03,pth2,17751,1,240,L396_f03|pth2|17751,LLC+RLC,continuous,B2,23,0.0023329260293394327,0.12905266880989075,57,57,2.0
Matilde,L396_f03,pth2,17751,1,240,L396_f03|pth2|17751,RLC,continuous,B2,24,0.0021766896825283766,0.038749054074287415,57,57,2.0
Matilde,L396_f03,pth2,17751,1,240,L396_f03|pth2|17751,LLC+RLC,continuous,B2,25,0.002144470112398267,0.02012624591588974,57,57,2.0
Matilde,L396_f03,pth2,17751,1,240,L396_f03|pth2|17751,LLC,continuous,B2,27,0.001686355099081993,-0.24466124176979065,57,57,2.0
Matilde,L396_f03,pth2,17751,1,240,L396_f03|pth2|17751,LLB+RLB,bout,B2,28,0.0019442887278273702,-0.0955771952867508,57,57,2.0
Matilde,L396_f03,pth2,17751,1,240,L396_f03|pth2|17751,LLB,bout,B2,29,0.001989461714401841,-0.06946749985218048,57,57,2.0
Matilde,L396_f03,pth2,17751,1,240,L396_f03|pth2|17751,RLB,bout,B2,31,0.0025148983113467693,0.23423129320144653,57,57,2.0
Matilde,L396_f03,pth2,18515,0,457,L396_f03|pth2|18515,RLB,bout,B1,0,0.0018773332703858614,0.06827927380800247,57,57,2.0
Matilde,L396_f03,pth2,18515,0,457,L396_f03|pth2|18515,LLC+RLC,continuous,B1,1,0.001376477419398725,-0.25281208753585815,57,57,2.0
Matilde,L396_f03,pth2,18515,0,457,L396_f03|pth2|18515,LLB,bout,B1,2,0.002397727919742465,0.401896595954895,57,57,2.0
Matilde,L396_f03,pth2,18515,0,457,L396_f03|pth2|18515,RLC,continuous,B1,3,0.001637861831113696,-0.08524233102798462,57,57,2.0
Matilde,L396_f03,pth2,18515,0,457,L396_f03|pth2|18515,LLC,continuous,B1,4,0.0016454780707135797,-0.08035951107740402,57,57,2.0
Matilde,L396_f03,pth2,18515,0,457,L396_f03|pth2|18515,LLB+RLB,bout,B1,6,0.004482886753976345,1.738661527633667,57,57,2.0
Matilde,L396_f03,pth2,18515,0,457,L396_f03|pth2|18515,RLB,bout,B1,8,0.001765047898516059,-0.0037052275147289038,57,57,2.0
Matilde,L396_f03,pth2,18515,0,457,L396_f03|pth2|18515,LLB,bout,B1,9,0.002064643893390894,0.18836139142513275,57,57,2.0
Matilde,L396_f03,pth2,18515,0,457,L396_f03|pth2|18515,LLB+RLB,bout,B1,10,0.0031951209530234337,0.9130935072898865,57,57,2.0
Matilde,L396_f03,pth2,18515,0,457,L396_f03|pth2|18515,RLC,continuous,B1,11,0.001851782319135964,0.051898930221796036,57,57,2.0
Matilde,L396_f03,pth2,18515,0,457,L396_f03|pth2|18515,LLC+RLC,continuous,B1,12,0.0014660373562946916,-0.19539636373519897,57,57,2.0
Matilde,L396_f03,pth2,18515,0,457,L396_f03|pth2|18515,LLC,continuous,B1,14,0.0018797325901687145,0.06981758773326874,57,57,2.0
Matilde,L396_f03,pth2,18515,0,457,L396_f03|pth2|18515,LLC,continuous,B2,16,0.001506863278336823,-0.16922351717948914,57,57,2.0
Matilde,L396_f03,pth2,18515,0,457,L396_f03|pth2|18515,RLC,continuous,B2,18,0.001541057601571083,-0.14730200171470642,57,57,2.0
Matilde,L396_f03,pth2,18515,0,457,L396_f03|pth2|18515,LLB+RLB,bout,B2,19,0.0026905967388302088,0.5896505117416382,57,57,2.0
Matilde,L396_f03,pth2,18515,0,457,L396_f03|pth2|18515,RLB,bout,B2,21,0.0026266344357281923,0.5486453175544739,57,57,2.0
Matilde,L396_f03,pth2,18515,0,457,L396_f03|pth2|18515,LLB,bout,B2,22,0.0033084263559430838,0.9857320785522461,57,57,2.0
Matilde,L396_f03,pth2,18515,0,457,L396_f03|pth2|18515,LLC+RLC,continuous,B2,23,0.0024138581939041615,0.4122377038002014,57,57,2.0
Matilde,L396_f03,pth2,18515,0,457,L396_f03|pth2|18515,RLC,continuous,B2,24,0.0023285404313355684,0.3575415015220642,57,57,2.0
Matilde,L396_f03,pth2,18515,0,457,L396_f03|pth2|18515,LLC+RLC,continuous,B2,25,0.0024703284725546837,0.44843974709510803,57,57,2.0
Matilde,L396_f03,pth2,18515,0,457,L396_f03|pth2|18515,LLC,continuous,B2,27,0.0018805634463205934,0.07035008817911148,57,57,2.0
Matilde,L396_f03,pth2,18515,0,457,L396_f03|pth2|18515,LLB+RLB,bout,B2,28,0.0034499773755669594,1.0764786005020142,57,57,2.0
Matilde,L396_f03,pth2,18515,0,457,L396_f03|pth2|18515,LLB,bout,B2,29,0.0026431360747665167,0.5592241883277893,57,57,2.0
Matilde,L396_f03,pth2,18515,0,457,L396_f03|pth2|18515,RLB,bout,B2,31,0.002766734454780817,0.6384613513946533,57,57,2.0
Matilde,L396_f03,pth2,18933,0,450,L396_f03|pth2|18933,RLB,bout,B1,0,0.006715283263474703,0.40802231431007385,57,57,2.0
Matilde,L396_f03,pth2,18933,0,450,L396_f03|pth2|18933,LLC+RLC,continuous,B1,1,0.013310924172401428,1.9677666425704956,57,57,2.0
Matilde,L396_f03,pth2,18933,0,450,L396_f03|pth2|18933,LLB,bout,B1,2,0.008636324666440487,0.8623123168945312,57,57,2.0
Matilde,L396_f03,pth2,18933,0,450,L396_f03|pth2|18933,RLC,continuous,B1,3,0.011107836849987507,1.4467781782150269,57,57,2.0
Matilde,L396_f03,pth2,18933,0,450,L396_f03|pth2|18933,LLC,continuous,B1,4,0.0048250495456159115,-0.03898211941123009,57,57,2.0
Matilde,L396_f03,pth2,18933,0,450,L396_f03|pth2|18933,LLB+RLB,bout,B1,6,0.006671820301562548,0.3977443277835846,57,57,2.0
Matilde,L396_f03,pth2,18933,0,450,L396_f03|pth2|18933,RLB,bout,B1,8,0.0034846626222133636,-0.35595816373825073,57,57,2.0
Matilde,L396_f03,pth2,18933,0,450,L396_f03|pth2|18933,LLB,bout,B1,9,0.005669367033988237,0.16068293154239655,57,57,2.0
Matilde,L396_f03,pth2,18933,0,450,L396_f03|pth2|18933,LLB+RLB,bout,B1,10,0.0032549777533859015,-0.41027432680130005,57,57,2.0
Matilde,L396_f03,pth2,18933,0,450,L396_f03|pth2|18933,RLC,continuous,B1,11,0.003458962542936206,-0.36203575134277344,57,57,2.0
Matilde,L396_f03,pth2,18933,0,450,L396_f03|pth2|18933,LLC+RLC,continuous,B1,12,0.004802236333489418,-0.04437706619501114,57,57,2.0
Matilde,L396_f03,pth2,18933,0,450,L396_f03|pth2|18933,LLC,continuous,B1,14,0.003455397440120578,-0.3628788888454437,57,57,2.0
Matilde,L396_f03,pth2,18933,0,450,L396_f03|pth2|18933,LLC,continuous,B2,16,0.005629780702292919,0.1513216346502304,57,57,2.0
Matilde,L396_f03,pth2,18933,0,450,L396_f03|pth2|18933,RLC,continuous,B2,18,0.007537012919783592,0.6023460030555725,57,57,2.0
Matilde,L396_f03,pth2,18933,0,450,L396_f03|pth2|18933,LLB+RLB,bout,B2,19,0.007185245864093304,0.5191597938537598,57,57,2.0
Matilde,L396_f03,pth2,18933,0,450,L396_f03|pth2|18933,RLB,bout,B2,21,-0.0015142194461077452,-1.5380991697311401,57,57,2.0
Matilde,L396_f03,pth2,18933,0,450,L396_f03|pth2|18933,LLB,bout,B2,22,0.0004143789119552821,-1.0820221900939941,57,57,2.0
Matilde,L396_f03,pth2,18933,0,450,L396_f03|pth2|18933,LLC+RLC,continuous,B2,23,0.0028807069174945354,-0.49878227710723877,57,57,2.0
Matilde,L396_f03,pth2,18933,0,450,L396_f03|pth2|18933,RLC,continuous,B2,24,0.0018681456567719579,-0.7382338643074036,57,57,2.0
Matilde,L396_f03,pth2,18933,0,450,L396_f03|pth2|18933,LLC+RLC,continuous,B2,25,0.002295405138283968,-0.6371950507164001,57,57,2.0
Matilde,L396_f03,pth2,18933,0,450,L396_f03|pth2|18933,LLC,continuous,B2,27,0.00820496492087841,0.7603040337562561,57,57,2.0
Matilde,L396_f03,pth2,18933,0,450,L396_f03|pth2|18933,LLB+RLB,bout,B2,28,0.0069009182043373585,0.45192158222198486,57,57,2.0
Matilde,L396_f03,pth2,18933,0,450,L396_f03|pth2|18933,LLB,bout,B2,29,0.004457490518689156,-0.12590289115905762,57,57,2.0
Matilde,L396_f03,pth2,18933,0,450,L396_f03|pth2|18933,RLB,bout,B2,31,0.005397869274020195,0.09647901356220245,57,57,2.0
Matilde,L396_f03,sst1.1,11062,2,454,L396_f03|sst1.1|11062,RLB,bout,B1,0,0.003951279912143946,0.91154545545578,57,57,2.0
Matilde,L396_f03,sst1.1,11062,2,454,L396_f03|sst1.1|11062,LLC+RLC,continuous,B1,1,0.004645644221454859,1.280778408050537,57,57,2.0
Matilde,L396_f03,sst1.1,11062,2,454,L396_f03|sst1.1|11062,LLB,bout,B1,2,0.0036032157950103283,0.7264600992202759,57,57,2.0
Matilde,L396_f03,sst1.1,11062,2,454,L396_f03|sst1.1|11062,RLC,continuous,B1,3,0.003267704974859953,0.548049807548523,57,57,2.0
Matilde,L396_f03,sst1.1,11062,2,454,L396_f03|sst1.1|11062,LLC,continuous,B1,4,0.0031660364475101233,0.49398690462112427,57,57,2.0
Matilde,L396_f03,sst1.1,11062,2,454,L396_f03|sst1.1|11062,LLB+RLB,bout,B1,6,0.0030755307525396347,0.4458600878715515,57,57,2.0
Matilde,L396_f03,sst1.1,11062,2,454,L396_f03|sst1.1|11062,RLB,bout,B1,8,0.0027999375015497208,0.2993115186691284,57,57,2.0
Matilde,L396_f03,sst1.1,11062,2,454,L396_f03|sst1.1|11062,LLB,bout,B1,9,0.0014734799042344093,-0.4060411751270294,57,57,2.0
Matilde,L396_f03,sst1.1,11062,2,454,L396_f03|sst1.1|11062,LLB+RLB,bout,B1,10,0.002647011075168848,0.21799185872077942,57,57,2.0
Matilde,L396_f03,sst1.1,11062,2,454,L396_f03|sst1.1|11062,RLC,continuous,B1,11,0.0031531050335615873,0.4871106743812561,57,57,2.0
Matilde,L396_f03,sst1.1,11062,2,454,L396_f03|sst1.1|11062,LLC+RLC,continuous,B1,12,0.0025127893313765526,0.14661851525306702,57,57,2.0
Matilde,L396_f03,sst1.1,11062,2,454,L396_f03|sst1.1|11062,LLC,continuous,B1,14,0.002199172507971525,-0.020149370655417442,57,57,2.0
Matilde,L396_f03,sst1.1,11062,2,454,L396_f03|sst1.1|11062,LLC,continuous,B2,16,0.0019729146733880043,-0.14046338200569153,57,57,2.0
Matilde,L396_f03,sst1.1,11062,2,454,L396_f03|sst1.1|11062,RLC,continuous,B2,18,0.0027924864552915096,0.2953493893146515,57,57,2.0
Matilde,L396_f03,sst1.1,11062,2,454,L396_f03|sst1.1|11062,LLB+RLB,bout,B2,19,0.0021769048180431128,-0.031990330666303635,57,57,2.0
Matilde,L396_f03,sst1.1,11062,2,454,L396_f03|sst1.1|11062,RLB,bout,B2,21,0.0014668646035715938,-0.4095590114593506,57,57,2.0
Matilde,L396_f03,sst1.1,11062,2,454,L396_f03|sst1.1|11062,LLB,bout,B2,22,0.0011112240608781576,-0.5986732244491577,57,57,2.0
Matilde,L396_f03,sst1.1,11062,2,454,L396_f03|sst1.1|11062,LLC+RLC,continuous,B2,23,0.001740242587402463,-0.26418837904930115,57,57,2.0
Matilde,L396_f03,sst1.1,11062,2,454,L396_f03|sst1.1|11062,RLC,continuous,B2,24,0.0019797664135694504,-0.1368200182914734,57,57,2.0
Matilde,L396_f03,sst1.1,11062,2,454,L396_f03|sst1.1|11062,LLC+RLC,continuous,B2,25,0.0014148197369650006,-0.43723422288894653,57,57,2.0
Matilde,L396_f03,sst1.1,11062,2,454,L396_f03|sst1.1|11062,LLC,continuous,B2,27,0.00114807381760329,-0.5790781378746033,57,57,2.0
Matilde,L396_f03,sst1.1,11062,2,454,L396_f03|sst1.1|11062,LLB+RLB,bout,B2,28,0.0015009749913588166,-0.39142054319381714,57,57,2.0
Matilde,L396_f03,sst1.1,11062,2,454,L396_f03|sst1.1|11062,LLB,bout,B2,29,0.0005723675712943077,-0.8852137327194214,57,57,2.0
Matilde,L396_f03,sst1.1,11062,2,454,L396_f03|sst1.1|11062,RLB,bout,B2,31,0.0016961644869297743,-0.2876271903514862,57,57,2.0
Matilde,L396_f03,sst1.1,11843,4,165,L396_f03|sst1.1|11843,RLB,bout,B1,0,0.002158127725124359,-0.03627277538180351,57,57,2.0
Matilde,L396_f03,sst1.1,11843,4,165,L396_f03|sst1.1|11843,LLC+RLC,continuous,B1,1,0.0025668232701718807,0.18653090298175812,57,57,2.0
Matilde,L396_f03,sst1.1,11843,4,165,L396_f03|sst1.1|11843,LLB,bout,B1,2,0.0020861984230577946,-0.07548550516366959,57,57,2.0
Matilde,L396_f03,sst1.1,11843,4,165,L396_f03|sst1.1|11843,RLC,continuous,B1,3,0.002017807215452194,-0.11276955902576447,57,57,2.0
Matilde,L396_f03,sst1.1,11843,4,165,L396_f03|sst1.1|11843,LLC,continuous,B1,4,0.00264678499661386,0.23012252151966095,57,57,2.0
Matilde,L396_f03,sst1.1,11843,4,165,L396_f03|sst1.1|11843,LLB+RLB,bout,B1,6,0.0021683324594050646,-0.03070945478975773,57,57,2.0
Matilde,L396_f03,sst1.1,11843,4,165,L396_f03|sst1.1|11843,RLB,bout,B1,8,0.002094011288136244,-0.07122625410556793,57,57,2.0
Matilde,L396_f03,sst1.1,11843,4,165,L396_f03|sst1.1|11843,LLB,bout,B1,9,0.001954557141289115,-0.14725089073181152,57,57,2.0
Matilde,L396_f03,sst1.1,11843,4,165,L396_f03|sst1.1|11843,LLB+RLB,bout,B1,10,0.0024891349021345377,0.14417852461338043,57,57,2.0
Matilde,L396_f03,sst1.1,11843,4,165,L396_f03|sst1.1|11843,RLC,continuous,B1,11,0.0024024362210184336,0.0969139039516449,57,57,2.0
Matilde,L396_f03,sst1.1,11843,4,165,L396_f03|sst1.1|11843,LLC+RLC,continuous,B1,12,0.001997995423153043,-0.12357018887996674,57,57,2.0
Matilde,L396_f03,sst1.1,11843,4,165,L396_f03|sst1.1|11843,LLC,continuous,B1,14,0.002117823576554656,-0.058244869112968445,57,57,2.0
Matilde,L396_f03,sst1.1,11843,4,165,L396_f03|sst1.1|11843,LLC,continuous,B2,16,0.002501462586224079,0.15089890360832214,57,57,2.0
Matilde,L396_f03,sst1.1,11843,4,165,L396_f03|sst1.1|11843,RLC,continuous,B2,18,0.002044311258941889,-0.09832057356834412,57,57,2.0
Matilde,L396_f03,sst1.1,11843,4,165,L396_f03|sst1.1|11843,LLB+RLB,bout,B2,19,0.0016768294153735042,-0.29865628480911255,57,57,2.0
Matilde,L396_f03,sst1.1,11843,4,165,L396_f03|sst1.1|11843,RLB,bout,B2,21,0.001968547934666276,-0.13962368667125702,57,57,2.0
Matilde,L396_f03,sst1.1,11843,4,165,L396_f03|sst1.1|11843,LLB,bout,B2,22,0.0027299742214381695,0.2754739224910736,57,57,2.0
Matilde,L396_f03,sst1.1,11843,4,165,L396_f03|sst1.1|11843,LLC+RLC,continuous,B2,23,0.002070189220830798,-0.08421316742897034,57,57,2.0
Matilde,L396_f03,sst1.1,11843,4,165,L396_f03|sst1.1|11843,RLC,continuous,B2,24,0.0023652713280171156,0.07665319740772247,57,57,2.0
Matilde,L396_f03,sst1.1,11843,4,165,L396_f03|sst1.1|11843,LLC+RLC,continuous,B2,25,0.0025379941798746586,0.1708144098520279,57,57,2.0
Matilde,L396_f03,sst1.1,11843,4,165,L396_f03|sst1.1|11843,LLC,continuous,B2,27,0.0015388557221740484,-0.37387365102767944,57,57,2.0
Matilde,L396_f03,sst1.1,11843,4,165,L396_f03|sst1.1|11843,LLB+RLB,bout,B2,28,0.0018683656817302108,-0.1942388117313385,57,57,2.0
Matilde,L396_f03,sst1.1,11843,4,165,L396_f03|sst1.1|11843,LLB,bout,B2,29,0.0018199958140030503,-0.22060799598693848,57,57,2.0
Matilde,L396_f03,sst1.1,11843,4,165,L396_f03|sst1.1|11843,RLB,bout,B2,31,0.0021671869326382875,-0.03133409842848778,57,57,2.0
Matilde,L396_f03,sst1.1,12422,4,286,L396_f03|sst1.1|12422,RLB,bout,B1,0,0.0036031075287610292,0.514805257320404,57,57,2.0
Matilde,L396_f03,sst1.1,12422,4,286,L396_f03|sst1.1|12422,LLC+RLC,continuous,B1,1,0.0038874719757586718,0.6523305177688599,57,57,2.0
Matilde,L396_f03,sst1.1,12422,4,286,L396_f03|sst1.1|12422,LLB,bout,B1,2,0.00260157254524529,0.030439510941505432,57,57,2.0
Matilde,L396_f03,sst1.1,12422,4,286,L396_f03|sst1.1|12422,RLC,continuous,B1,3,0.002109185326844454,-0.20769038796424866,57,57,2.0
Matilde,L396_f03,sst1.1,12422,4,286,L396_f03|sst1.1|12422,LLC,continuous,B1,4,0.0022256372030824423,-0.15137170255184174,57,57,2.0
Matilde,L396_f03,sst1.1,12422,4,286,L396_f03|sst1.1|12422,LLB+RLB,bout,B1,6,0.003683360991999507,0.5536176562309265,57,57,2.0
Matilde,L396_f03,sst1.1,12422,4,286,L396_f03|sst1.1|12422,RLB,bout,B1,8,0.0027194784488528967,0.08746161311864853,57,57,2.0
Matilde,L396_f03,sst1.1,12422,4,286,L396_f03|sst1.1|12422,LLB,bout,B1,9,0.0022701637353748083,-0.1298375129699707,57,57,2.0
Matilde,L396_f03,sst1.1,12422,4,286,L396_f03|sst1.1|12422,LLB+RLB,bout,B1,10,0.002351992065086961,-0.09026346355676651,57,57,2.0
Matilde,L396_f03,sst1.1,12422,4,286,L396_f03|sst1.1|12422,RLC,continuous,B1,11,0.0021154258865863085,-0.20467230677604675,57,57,2.0
Matilde,L396_f03,sst1.1,12422,4,286,L396_f03|sst1.1|12422,LLC+RLC,continuous,B1,12,0.0034314433578401804,0.4317844808101654,57,57,2.0
Matilde,L396_f03,sst1.1,12422,4,286,L396_f03|sst1.1|12422,LLC,continuous,B1,14,0.002546201227232814,0.003660635557025671,57,57,2.0
Matilde,L396_f03,sst1.1,12422,4,286,L396_f03|sst1.1|12422,LLC,continuous,B2,16,0.002401175908744335,-0.06647683680057526,57,57,2.0
Matilde,L396_f03,sst1.1,12422,4,286,L396_f03|sst1.1|12422,RLC,continuous,B2,18,0.0026175607927143574,0.038171909749507904,57,57,2.0
Matilde,L396_f03,sst1.1,12422,4,286,L396_f03|sst1.1|12422,LLB+RLB,bout,B2,19,0.0034068298991769552,0.41988107562065125,57,57,2.0
Matilde,L396_f03,sst1.1,12422,4,286,L396_f03|sst1.1|12422,RLB,bout,B2,21,0.002044046064838767,-0.23919329047203064,57,57,2.0
Matilde,L396_f03,sst1.1,12422,4,286,L396_f03|sst1.1|12422,LLB,bout,B2,22,0.0022741323336958885,-0.12791815400123596,57,57,2.0
Matilde,L396_f03,sst1.1,12422,4,286,L396_f03|sst1.1|12422,LLC+RLC,continuous,B2,23,0.0015426015015691519,-0.48170357942581177,57,57,2.0
Matilde,L396_f03,sst1.1,12422,4,286,L396_f03|sst1.1|12422,RLC,continuous,B2,24,0.0025807793717831373,0.020383480936288834,57,57,2.0
Matilde,L396_f03,sst1.1,12422,4,286,L396_f03|sst1.1|12422,LLC+RLC,continuous,B2,25,0.002256288193166256,-0.1365479826927185,57,57,2.0
Matilde,L396_f03,sst1.1,12422,4,286,L396_f03|sst1.1|12422,LLC,continuous,B2,27,0.001500996993854642,-0.5018244981765747,57,57,2.0
Matilde,L396_f03,sst1.1,12422,4,286,L396_f03|sst1.1|12422,LLB+RLB,bout,B2,28,0.002584662986919284,0.022261591628193855,57,57,2.0
Matilde,L396_f03,sst1.1,12422,4,286,L396_f03|sst1.1|12422,LLB,bout,B2,29,0.0013328853528946638,-0.5831272006034851,57,57,2.0
Matilde,L396_f03,sst1.1,12422,4,286,L396_f03|sst1.1|12422,RLB,bout,B2,31,0.0025259447284042835,-0.0061358558014035225,57,57,2.0
Matilde,L396_f03,sst1.1,13144,1,480,L396_f03|sst1.1|13144,RLB,bout,B1,0,0.005800245329737663,2.3634798526763916,57,57,2.0
Matilde,L396_f03,sst1.1,13144,1,480,L396_f03|sst1.1|13144,LLC+RLC,continuous,B1,1,0.003115040250122547,0.7475386261940002,57,57,2.0
Matilde,L396_f03,sst1.1,13144,1,480,L396_f03|sst1.1|13144,LLB,bout,B1,2,0.003686128417029977,1.0912162065505981,57,57,2.0
Matilde,L396_f03,sst1.1,13144,1,480,L396_f03|sst1.1|13144,RLC,continuous,B1,3,0.001446331269107759,-0.256681352853775,57,57,2.0
Matilde,L396_f03,sst1.1,13144,1,480,L396_f03|sst1.1|13144,LLC,continuous,B1,4,0.0022227787412703037,0.21058042347431183,57,57,2.0
Matilde,L396_f03,sst1.1,13144,1,480,L396_f03|sst1.1|13144,LLB+RLB,bout,B1,6,0.006546700838953257,2.812692642211914,57,57,2.0
Matilde,L396_f03,sst1.1,13144,1,480,L396_f03|sst1.1|13144,RLB,bout,B1,8,0.0015776167856529355,-0.17767447233200073,57,57,2.0
Matilde,L396_f03,sst1.1,13144,1,480,L396_f03|sst1.1|13144,LLB,bout,B1,9,0.002106573898345232,0.1406489461660385,57,57,2.0
Matilde,L396_f03,sst1.1,13144,1,480,L396_f03|sst1.1|13144,LLB+RLB,bout,B1,10,0.002984707010909915,0.6691045761108398,57,57,2.0
Matilde,L396_f03,sst1.1,13144,1,480,L396_f03|sst1.1|13144,RLC,continuous,B1,11,0.0019502764334902167,0.04658997431397438,57,57,2.0
Matilde,L396_f03,sst1.1,13144,1,480,L396_f03|sst1.1|13144,LLC+RLC,continuous,B1,12,0.0018375125946477056,-0.02127058431506157,57,57,2.0
Matilde,L396_f03,sst1.1,13144,1,480,L396_f03|sst1.1|13144,LLC,continuous,B1,14,0.0021014732774347067,0.13757942616939545,57,57,2.0
Matilde,L396_f03,sst1.1,13144,1,480,L396_f03|sst1.1|13144,LLC,continuous,B2,16,0.0016179694794118404,-0.1533905565738678,57,57,2.0
Matilde,L396_f03,sst1.1,13144,1,480,L396_f03|sst1.1|13144,RLC,continuous,B2,18,0.0018814604263752699,0.005177014973014593,57,57,2.0
Matilde,L396_f03,sst1.1,13144,1,480,L396_f03|sst1.1|13144,LLB+RLB,bout,B2,19,0.004044597502797842,1.3069407939910889,57,57,2.0
Matilde,L396_f03,sst1.1,13144,1,480,L396_f03|sst1.1|13144,RLB,bout,B2,21,0.0015924444887787104,-0.1687513291835785,57,57,2.0
Matilde,L396_f03,sst1.1,13144,1,480,L396_f03|sst1.1|13144,LLB,bout,B2,22,0.00440596416592598,1.5244094133377075,57,57,2.0
Matilde,L396_f03,sst1.1,13144,1,480,L396_f03|sst1.1|13144,LLC+RLC,continuous,B2,23,0.002134293084964156,0.15733012557029724,57,57,2.0
Matilde,L396_f03,sst1.1,13144,1,480,L396_f03|sst1.1|13144,RLC,continuous,B2,24,0.0015957028372213244,-0.16679039597511292,57,57,2.0
Matilde,L396_f03,sst1.1,13144,1,480,L396_f03|sst1.1|13144,LLC+RLC,continuous,B2,25,0.002077295910567045,0.1230296865105629,57,57,2.0
Matilde,L396_f03,sst1.1,13144,1,480,L396_f03|sst1.1|13144,LLC,continuous,B2,27,0.0018326165154576302,-0.024217044934630394,57,57,2.0
Matilde,L396_f03,sst1.1,13144,1,480,L396_f03|sst1.1|13144,LLB+RLB,bout,B2,28,0.0018604813376441598,-0.007448119111359119,57,57,2.0
Matilde,L396_f03,sst1.1,13144,1,480,L396_f03|sst1.1|13144,LLB,bout,B2,29,0.002084334148094058,0.12726527452468872,57,57,2.0
Matilde,L396_f03,sst1.1,13144,1,480,L396_f03|sst1.1|13144,RLB,bout,B2,31,0.001619958900846541,-0.15219321846961975,57,57,2.0
Matilde,L396_f03,sst1.1,16205,2,497,L396_f03|sst1.1|16205,RLB,bout,B1,0,0.0023087100125849247,0.6998864412307739,57,57,2.0
Matilde,L396_f03,sst1.1,16205,2,497,L396_f03|sst1.1|16205,LLC+RLC,continuous,B1,1,0.003745921654626727,1.866554617881775,57,57,2.0
Matilde,L396_f03,sst1.1,16205,2,497,L396_f03|sst1.1|16205,LLB,bout,B1,2,0.0014085480943322182,-0.030827488750219345,57,57,2.0
Matilde,L396_f03,sst1.1,16205,2,497,L396_f03|sst1.1|16205,RLC,continuous,B1,3,0.00254869950003922,0.8946998715400696,57,57,2.0
Matilde,L396_f03,sst1.1,16205,2,497,L396_f03|sst1.1|16205,LLC,continuous,B1,4,0.0022927867248654366,0.6869605779647827,57,57,2.0
Matilde,L396_f03,sst1.1,16205,2,497,L396_f03|sst1.1|16205,LLB+RLB,bout,B1,6,0.0019101034849882126,0.3763142228126526,57,57,2.0
Matilde,L396_f03,sst1.1,16205,2,497,L396_f03|sst1.1|16205,RLB,bout,B1,8,0.001532752881757915,0.06999684125185013,57,57,2.0
Matilde,L396_f03,sst1.1,16205,2,497,L396_f03|sst1.1|16205,LLB,bout,B1,9,0.0013569631846621633,-0.07270205020904541,57,57,2.0
Matilde,L396_f03,sst1.1,16205,2,497,L396_f03|sst1.1|16205,LLB+RLB,bout,B1,10,0.001865551806986332,0.34014904499053955,57,57,2.0
Matilde,L396_f03,sst1.1,16205,2,497,L396_f03|sst1.1|16205,RLC,continuous,B1,11,0.0017884477274492383,0.2775590717792511,57,57,2.0
Matilde,L396_f03,sst1.1,16205,2,497,L396_f03|sst1.1|16205,LLC+RLC,continuous,B1,12,0.0014667959185317159,0.016455642879009247,57,57,2.0
Matilde,L396_f03,sst1.1,16205,2,497,L396_f03|sst1.1|16205,LLC,continuous,B1,14,0.0016704880399629474,0.181804358959198,57,57,2.0
Matilde,L396_f03,sst1.1,16205,2,497,L396_f03|sst1.1|16205,LLC,continuous,B2,16,0.001376010593958199,-0.05724005028605461,57,57,2.0
Matilde,L396_f03,sst1.1,16205,2,497,L396_f03|sst1.1|16205,RLC,continuous,B2,18,0.0013257403625175357,-0.09804733842611313,57,57,2.0
Matilde,L396_f03,sst1.1,16205,2,497,L396_f03|sst1.1|16205,LLB+RLB,bout,B2,19,0.0021436247043311596,0.5658769607543945,57,57,2.0
Matilde,L396_f03,sst1.1,16205,2,497,L396_f03|sst1.1|16205,RLB,bout,B2,21,0.0013332029338926077,-0.0919894278049469,57,57,2.0
Matilde,L396_f03,sst1.1,16205,2,497,L396_f03|sst1.1|16205,LLB,bout,B2,22,0.0011713189305737615,-0.22340014576911926,57,57,2.0
Matilde,L396_f03,sst1.1,16205,2,497,L396_f03|sst1.1|16205,LLC+RLC,continuous,B2,23,0.00129224534612149,-0.12523722648620605,57,57,2.0
Matilde,L396_f03,sst1.1,16205,2,497,L396_f03|sst1.1|16205,RLC,continuous,B2,24,0.0016830405220389366,0.19199393689632416,57,57,2.0
Matilde,L396_f03,sst1.1,16205,2,497,L396_f03|sst1.1|16205,LLC+RLC,continuous,B2,25,0.0018207301618531346,0.3037647306919098,57,57,2.0
Matilde,L396_f03,sst1.1,16205,2,497,L396_f03|sst1.1|16205,LLC,continuous,B2,27,0.0011958436807617545,-0.20349203050136566,57,57,2.0
Matilde,L396_f03,sst1.1,16205,2,497,L396_f03|sst1.1|16205,LLB+RLB,bout,B2,28,0.0014554944355040789,0.00728162657469511,57,57,2.0
Matilde,L396_f03,sst1.1,16205,2,497,L396_f03|sst1.1|16205,LLB,bout,B2,29,0.0010933342855423689,-0.28670480847358704,57,57,2.0
Matilde,L396_f03,sst1.1,16205,2,497,L396_f03|sst1.1|16205,RLB,bout,B2,31,0.0013106338446959853,-0.11031025648117065,57,57,2.0
Matilde,L396_f03,sst1.1,16495,1,355,L396_f03|sst1.1|16495,RLB,bout,B1,0,0.03554587438702583,9.843865394592285,57,57,2.0
Matilde,L396_f03,sst1.1,16495,1,355,L396_f03|sst1.1|16495,LLC+RLC,continuous,B1,1,0.015216438099741936,3.647939682006836,57,57,2.0
Matilde,L396_f03,sst1.1,16495,1,355,L396_f03|sst1.1|16495,LLB,bout,B1,2,0.010492193512618542,2.2081024646759033,57,57,2.0
Matilde,L396_f03,sst1.1,16495,1,355,L396_f03|sst1.1|16495,RLC,continuous,B1,3,0.007185996510088444,1.2004531621932983,57,57,2.0
Matilde,L396_f03,sst1.1,16495,1,355,L396_f03|sst1.1|16495,LLC,continuous,B1,4,0.0017315507866442204,-0.4619315564632416,57,57,2.0
Matilde,L396_f03,sst1.1,16495,1,355,L396_f03|sst1.1|16495,LLB+RLB,bout,B1,6,0.044190097600221634,12.47841739654541,57,57,2.0
Matilde,L396_f03,sst1.1,16495,1,355,L396_f03|sst1.1|16495,RLB,bout,B1,8,0.016353340819478035,3.9944400787353516,57,57,2.0
Matilde,L396_f03,sst1.1,16495,1,355,L396_f03|sst1.1|16495,LLB,bout,B1,9,0.004966731648892164,0.5240741968154907,57,57,2.0
Matilde,L396_f03,sst1.1,16495,1,355,L396_f03|sst1.1|16495,LLB+RLB,bout,B1,10,0.03775329887866974,10.51663589477539,57,57,2.0
Matilde,L396_f03,sst1.1,16495,1,355,L396_f03|sst1.1|16495,RLC,continuous,B1,11,0.013997391797602177,3.2764036655426025,57,57,2.0
Matilde,L396_f03,sst1.1,16495,1,355,L396_f03|sst1.1|16495,LLC+RLC,continuous,B1,12,0.005209728144109249,0.5981336832046509,57,57,2.0
Matilde,L396_f03,sst1.1,16495,1,355,L396_f03|sst1.1|16495,LLC,continuous,B1,14,0.0026380380149930716,-0.185655876994133,57,57,2.0
Matilde,L396_f03,sst1.1,16495,1,355,L396_f03|sst1.1|16495,LLC,continuous,B2,16,0.0022011916153132915,-0.3187961280345917,57,57,2.0
Matilde,L396_f03,sst1.1,16495,1,355,L396_f03|sst1.1|16495,RLC,continuous,B2,18,0.002314923331141472,-0.28413352370262146,57,57,2.0
Matilde,L396_f03,sst1.1,16495,1,355,L396_f03|sst1.1|16495,LLB+RLB,bout,B2,19,0.014831884764134884,3.5307369232177734,57,57,2.0
Matilde,L396_f03,sst1.1,16495,1,355,L396_f03|sst1.1|16495,RLB,bout,B2,21,0.003566320287063718,0.09726233035326004,57,57,2.0
Matilde,L396_f03,sst1.1,16495,1,355,L396_f03|sst1.1|16495,LLB,bout,B2,22,0.0029974107164889574,-0.07612768560647964,57,57,2.0
Matilde,L396_f03,sst1.1,16495,1,355,L396_f03|sst1.1|16495,LLC+RLC,continuous,B2,23,0.002003658562898636,-0.3789995014667511,57,57,2.0
Matilde,L396_f03,sst1.1,16495,1,355,L396_f03|sst1.1|16495,RLC,continuous,B2,24,0.00301917246542871,-0.06949528306722641,57,57,2.0
Matilde,L396_f03,sst1.1,16495,1,355,L396_f03|sst1.1|16495,LLC+RLC,continuous,B2,25,0.0010188664309680462,-0.6791406869888306,57,57,2.0
Matilde,L396_f03,sst1.1,16495,1,355,L396_f03|sst1.1|16495,LLC,continuous,B2,27,0.0013806117931380868,-0.5688893795013428,57,57,2.0
Matilde,L396_f03,sst1.1,16495,1,355,L396_f03|sst1.1|16495,LLB+RLB,bout,B2,28,0.01473650150001049,3.501666307449341,57,57,2.0
Matilde,L396_f03,sst1.1,16495,1,355,L396_f03|sst1.1|16495,LLB,bout,B2,29,0.00221064081415534,-0.3159163296222687,57,57,2.0
Matilde,L396_f03,sst1.1,16495,1,355,L396_f03|sst1.1|16495,RLB,bout,B2,31,0.005102669820189476,0.5655050873756409,57,57,2.0
Matilde,L396_f03,sst1.1,16539,2,513,L396_f03|sst1.1|16539,RLB,bout,B1,0,0.002353280084207654,0.747337281703949,57,57,2.0
Matilde,L396_f03,sst1.1,16539,2,513,L396_f03|sst1.1|16539,LLC+RLC,continuous,B1,1,0.0017774575389921665,0.27820295095443726,57,57,2.0
Matilde,L396_f03,sst1.1,16539,2,513,L396_f03|sst1.1|16539,LLB,bout,B1,2,0.0013401967007666826,-0.07804209738969803,57,57,2.0
Matilde,L396_f03,sst1.1,16539,2,513,L396_f03|sst1.1|16539,RLC,continuous,B1,3,0.001440193853341043,0.003427528077736497,57,57,2.0
Matilde,L396_f03,sst1.1,16539,2,513,L396_f03|sst1.1|16539,LLC,continuous,B1,4,0.0015031448565423489,0.05471497401595116,57,57,2.0
Matilde,L396_f03,sst1.1,16539,2,513,L396_f03|sst1.1|16539,LLB+RLB,bout,B1,6,0.0016308289486914873,0.15874168276786804,57,57,2.0
Matilde,L396_f03,sst1.1,16539,2,513,L396_f03|sst1.1|16539,RLB,bout,B1,8,0.0016271912027150393,0.1557779610157013,57,57,2.0
Matilde,L396_f03,sst1.1,16539,2,513,L396_f03|sst1.1|16539,LLB,bout,B1,9,0.0011558044934645295,-0.22827012836933136,57,57,2.0
Matilde,L396_f03,sst1.1,16539,2,513,L396_f03|sst1.1|16539,LLB+RLB,bout,B1,10,0.002758798887953162,1.0777214765548706,57,57,2.0
Matilde,L396_f03,sst1.1,16539,2,513,L396_f03|sst1.1|16539,RLC,continuous,B1,11,0.0014929878525435925,0.0464397594332695,57,57,2.0
Matilde,L396_f03,sst1.1,16539,2,513,L396_f03|sst1.1|16539,LLC+RLC,continuous,B1,12,0.0014666150091215968,0.024953436106443405,57,57,2.0
Matilde,L396_f03,sst1.1,16539,2,513,L396_f03|sst1.1|16539,LLC,continuous,B1,14,0.001489692134782672,0.04375465214252472,57,57,2.0
Matilde,L396_f03,sst1.1,16539,2,513,L396_f03|sst1.1|16539,LLC,continuous,B2,16,0.0016268909676000476,0.15553349256515503,57,57,2.0
Matilde,L396_f03,sst1.1,16539,2,513,L396_f03|sst1.1|16539,RLC,continuous,B2,18,0.0009795727673918009,-0.37184959650039673,57,57,2.0
Matilde,L396_f03,sst1.1,16539,2,513,L396_f03|sst1.1|16539,LLB+RLB,bout,B2,19,0.0013814102858304977,-0.04446461796760559,57,57,2.0
Matilde,L396_f03,sst1.1,16539,2,513,L396_f03|sst1.1|16539,RLB,bout,B2,21,0.0018395553342998028,0.32879525423049927,57,57,2.0
Matilde,L396_f03,sst1.1,16539,2,513,L396_f03|sst1.1|16539,LLB,bout,B2,22,0.001594528672285378,0.12916727364063263,57,57,2.0
Matilde,L396_f03,sst1.1,16539,2,513,L396_f03|sst1.1|16539,LLC+RLC,continuous,B2,23,0.0015192932914942503,0.06787145882844925,57,57,2.0
Matilde,L396_f03,sst1.1,16539,2,513,L396_f03|sst1.1|16539,RLC,continuous,B2,24,0.001608259859494865,0.14035433530807495,57,57,2.0
Matilde,L396_f03,sst1.1,16539,2,513,L396_f03|sst1.1|16539,LLC+RLC,continuous,B2,25,0.0014728964306414127,0.030070986598730087,57,57,2.0
Matilde,L396_f03,sst1.1,16539,2,513,L396_f03|sst1.1|16539,LLC,continuous,B2,27,0.001348813297227025,-0.07102204114198685,57,57,2.0
Matilde,L396_f03,sst1.1,16539,2,513,L396_f03|sst1.1|16539,LLB+RLB,bout,B2,28,0.002398946089670062,0.7845422625541687,57,57,2.0
Matilde,L396_f03,sst1.1,16539,2,513,L396_f03|sst1.1|16539,LLB,bout,B2,29,0.0011800985084846616,-0.20847739279270172,57,57,2.0
Matilde,L396_f03,sst1.1,16539,2,513,L396_f03|sst1.1|16539,RLB,bout,B2,31,0.0024277796037495136,0.8080335259437561,57,57,2.0
Matilde,L396_f03,sst1.1,16840,0,202,L396_f03|sst1.1|16840,RLB,bout,B1,0,0.014388958923518658,6.599414348602295,57,57,2.0
Matilde,L396_f03,sst1.1,16840,0,202,L396_f03|sst1.1|16840,LLC+RLC,continuous,B1,1,0.007224814500659704,2.7776741981506348,57,57,2.0
Matilde,L396_f03,sst1.1,16840,0,202,L396_f03|sst1.1|16840,LLB,bout,B1,2,0.002457365859299898,0.23446041345596313,57,57,2.0
Matilde,L396_f03,sst1.1,16840,0,202,L396_f03|sst1.1|16840,RLC,continuous,B1,3,0.007433538790792227,2.889019012451172,57,57,2.0
Matilde,L396_f03,sst1.1,16840,0,202,L396_f03|sst1.1|16840,LLC,continuous,B1,4,0.002295849146321416,0.14829863607883453,57,57,2.0
Matilde,L396_f03,sst1.1,16840,0,202,L396_f03|sst1.1|16840,LLB+RLB,bout,B1,6,0.005530703347176313,1.8739440441131592,57,57,2.0
Matilde,L396_f03,sst1.1,16840,0,202,L396_f03|sst1.1|16840,RLB,bout,B1,8,0.007576133124530315,2.9650864601135254,57,57,2.0
Matilde,L396_f03,sst1.1,16840,0,202,L396_f03|sst1.1|16840,LLB,bout,B1,9,0.0015036738477647305,-0.27429038286209106,57,57,2.0
Matilde,L396_f03,sst1.1,16840,0,202,L396_f03|sst1.1|16840,LLB+RLB,bout,B1,10,0.004893504548817873,1.5340274572372437,57,57,2.0
Matilde,L396_f03,sst1.1,16840,0,202,L396_f03|sst1.1|16840,RLC,continuous,B1,11,0.007006020750850439,2.6609580516815186,57,57,2.0
Matilde,L396_f03,sst1.1,16840,0,202,L396_f03|sst1.1|16840,LLC+RLC,continuous,B1,12,0.002956056734547019,0.5004889965057373,57,57,2.0
Matilde,L396_f03,sst1.1,16840,0,202,L396_f03|sst1.1|16840,LLC,continuous,B1,14,0.001823400380089879,-0.10373109579086304,57,57,2.0
Matilde,L396_f03,sst1.1,16840,0,202,L396_f03|sst1.1|16840,LLC,continuous,B2,16,0.0020047491416335106,-0.0069898804649710655,57,57,2.0
Matilde,L396_f03,sst1.1,16840,0,202,L396_f03|sst1.1|16840,RLC,continuous,B2,18,0.008421886712312698,3.416256904602051,57,57,2.0
Matilde,L396_f03,sst1.1,16840,0,202,L396_f03|sst1.1|16840,LLB+RLB,bout,B2,19,0.0027548926882445812,0.39317724108695984,57,57,2.0
Matilde,L396_f03,sst1.1,16840,0,202,L396_f03|sst1.1|16840,RLB,bout,B2,21,0.0021170894615352154,0.052938565611839294,57,57,2.0
Matilde,L396_f03,sst1.1,16840,0,202,L396_f03|sst1.1|16840,LLB,bout,B2,22,0.0017933995695784688,-0.11973501741886139,57,57,2.0
Matilde,L396_f03,sst1.1,16840,0,202,L396_f03|sst1.1|16840,LLC+RLC,continuous,B2,23,0.0035248505882918835,0.8039138913154602,57,57,2.0
Matilde,L396_f03,sst1.1,16840,0,202,L396_f03|sst1.1|16840,RLC,continuous,B2,24,0.0045092361979186535,1.3290382623672485,57,57,2.0
Matilde,L396_f03,sst1.1,16840,0,202,L396_f03|sst1.1|16840,LLC+RLC,continuous,B2,25,0.004533282946795225,1.341866374015808,57,57,2.0
Matilde,L396_f03,sst1.1,16840,0,202,L396_f03|sst1.1|16840,LLC,continuous,B2,27,0.0017528231255710125,-0.14138087630271912,57,57,2.0
Matilde,L396_f03,sst1.1,16840,0,202,L396_f03|sst1.1|16840,LLB+RLB,bout,B2,28,0.0020218929275870323,0.0021555747371166945,57,57,2.0
Matilde,L396_f03,sst1.1,16840,0,202,L396_f03|sst1.1|16840,LLB,bout,B2,29,0.0021158799063414335,0.05229318514466286,57,57,2.0
Matilde,L396_f03,sst1.1,16840,0,202,L396_f03|sst1.1|16840,RLB,bout,B2,31,0.004400377161800861,1.2709673643112183,57,57,2.0
Matilde,L396_f03,sst1.2,11843,4,165,L396_f03|sst1.2|11843,RLB,bout,B1,0,0.002158127725124359,-0.03627277538180351,57,57,2.0
Matilde,L396_f03,sst1.2,11843,4,165,L396_f03|sst1.2|11843,LLC+RLC,continuous,B1,1,0.0025668232701718807,0.18653090298175812,57,57,2.0
Matilde,L396_f03,sst1.2,11843,4,165,L396_f03|sst1.2|11843,LLB,bout,B1,2,0.0020861984230577946,-0.07548550516366959,57,57,2.0
Matilde,L396_f03,sst1.2,11843,4,165,L396_f03|sst1.2|11843,RLC,continuous,B1,3,0.002017807215452194,-0.11276955902576447,57,57,2.0
Matilde,L396_f03,sst1.2,11843,4,165,L396_f03|sst1.2|11843,LLC,continuous,B1,4,0.00264678499661386,0.23012252151966095,57,57,2.0
Matilde,L396_f03,sst1.2,11843,4,165,L396_f03|sst1.2|11843,LLB+RLB,bout,B1,6,0.0021683324594050646,-0.03070945478975773,57,57,2.0
Matilde,L396_f03,sst1.2,11843,4,165,L396_f03|sst1.2|11843,RLB,bout,B1,8,0.002094011288136244,-0.07122625410556793,57,57,2.0
Matilde,L396_f03,sst1.2,11843,4,165,L396_f03|sst1.2|11843,LLB,bout,B1,9,0.001954557141289115,-0.14725089073181152,57,57,2.0
Matilde,L396_f03,sst1.2,11843,4,165,L396_f03|sst1.2|11843,LLB+RLB,bout,B1,10,0.0024891349021345377,0.14417852461338043,57,57,2.0
Matilde,L396_f03,sst1.2,11843,4,165,L396_f03|sst1.2|11843,RLC,continuous,B1,11,0.0024024362210184336,0.0969139039516449,57,57,2.0
Matilde,L396_f03,sst1.2,11843,4,165,L396_f03|sst1.2|11843,LLC+RLC,continuous,B1,12,0.001997995423153043,-0.12357018887996674,57,57,2.0
Matilde,L396_f03,sst1.2,11843,4,165,L396_f03|sst1.2|11843,LLC,continuous,B1,14,0.002117823576554656,-0.058244869112968445,57,57,2.0
Matilde,L396_f03,sst1.2,11843,4,165,L396_f03|sst1.2|11843,LLC,continuous,B2,16,0.002501462586224079,0.15089890360832214,57,57,2.0
Matilde,L396_f03,sst1.2,11843,4,165,L396_f03|sst1.2|11843,RLC,continuous,B2,18,0.002044311258941889,-0.09832057356834412,57,57,2.0
Matilde,L396_f03,sst1.2,11843,4,165,L396_f03|sst1.2|11843,LLB+RLB,bout,B2,19,0.0016768294153735042,-0.29865628480911255,57,57,2.0
Matilde,L396_f03,sst1.2,11843,4,165,L396_f03|sst1.2|11843,RLB,bout,B2,21,0.001968547934666276,-0.13962368667125702,57,57,2.0
Matilde,L396_f03,sst1.2,11843,4,165,L396_f03|sst1.2|11843,LLB,bout,B2,22,0.0027299742214381695,0.2754739224910736,57,57,2.0
Matilde,L396_f03,sst1.2,11843,4,165,L396_f03|sst1.2|11843,LLC+RLC,continuous,B2,23,0.002070189220830798,-0.08421316742897034,57,57,2.0
Matilde,L396_f03,sst1.2,11843,4,165,L396_f03|sst1.2|11843,RLC,continuous,B2,24,0.0023652713280171156,0.07665319740772247,57,57,2.0
Matilde,L396_f03,sst1.2,11843,4,165,L396_f03|sst1.2|11843,LLC+RLC,continuous,B2,25,0.0025379941798746586,0.1708144098520279,57,57,2.0
Matilde,L396_f03,sst1.2,11843,4,165,L396_f03|sst1.2|11843,LLC,continuous,B2,27,0.0015388557221740484,-0.37387365102767944,57,57,2.0
Matilde,L396_f03,sst1.2,11843,4,165,L396_f03|sst1.2|11843,LLB+RLB,bout,B2,28,0.0018683656817302108,-0.1942388117313385,57,57,2.0
Matilde,L396_f03,sst1.2,11843,4,165,L396_f03|sst1.2|11843,LLB,bout,B2,29,0.0018199958140030503,-0.22060799598693848,57,57,2.0
Matilde,L396_f03,sst1.2,11843,4,165,L396_f03|sst1.2|11843,RLB,bout,B2,31,0.0021671869326382875,-0.03133409842848778,57,57,2.0
Matilde,L396_f03,sst1.2,12120,2,244,L396_f03|sst1.2|12120,RLB,bout,B1,0,0.0027590037789195776,0.6229402422904968,57,57,2.0
Matilde,L396_f03,sst1.2,12120,2,244,L396_f03|sst1.2|12120,LLC+RLC,continuous,B1,1,0.002313375473022461,0.32584086060523987,57,57,2.0
Matilde,L396_f03,sst1.2,12120,2,244,L396_f03|sst1.2|12120,LLB,bout,B1,2,0.0025202890392392874,0.46378985047340393,57,57,2.0
Matilde,L396_f03,sst1.2,12120,2,244,L396_f03|sst1.2|12120,RLC,continuous,B1,3,0.0017060532700270414,-0.07905986160039902,57,57,2.0
Matilde,L396_f03,sst1.2,12120,2,244,L396_f03|sst1.2|12120,LLC,continuous,B1,4,0.001653496059589088,-0.11409956961870193,57,57,2.0
Matilde,L396_f03,sst1.2,12120,2,244,L396_f03|sst1.2|12120,LLB+RLB,bout,B1,6,0.0020623712334781885,0.15849663317203522,57,57,2.0
Matilde,L396_f03,sst1.2,12120,2,244,L396_f03|sst1.2|12120,RLB,bout,B1,8,0.001834118040278554,0.006320654414594173,57,57,2.0
Matilde,L396_f03,sst1.2,12120,2,244,L396_f03|sst1.2|12120,LLB,bout,B1,9,0.0019070833222940564,0.05496644973754883,57,57,2.0
Matilde,L396_f03,sst1.2,12120,2,244,L396_f03|sst1.2|12120,LLB+RLB,bout,B1,10,0.0020559278782457113,0.1542009711265564,57,57,2.0
Matilde,L396_f03,sst1.2,12120,2,244,L396_f03|sst1.2|12120,RLC,continuous,B1,11,0.0024227420799434185,0.39875537157058716,57,57,2.0
Matilde,L396_f03,sst1.2,12120,2,244,L396_f03|sst1.2|12120,LLC+RLC,continuous,B1,12,0.0017223061295226216,-0.06822413951158524,57,57,2.0
Matilde,L396_f03,sst1.2,12120,2,244,L396_f03|sst1.2|12120,LLC,continuous,B1,14,0.0017622564919292927,-0.041589271277189255,57,57,2.0
Matilde,L396_f03,sst1.2,12120,2,244,L396_f03|sst1.2|12120,LLC,continuous,B2,16,0.0019099671626463532,0.05688928812742233,57,57,2.0
Matilde,L396_f03,sst1.2,12120,2,244,L396_f03|sst1.2|12120,RLC,continuous,B2,18,0.0018724085530266166,0.0318489708006382,57,57,2.0
Matilde,L396_f03,sst1.2,12120,2,244,L396_f03|sst1.2|12120,LLB+RLB,bout,B2,19,0.0017479147063568234,-0.05115092918276787,57,57,2.0
Matilde,L396_f03,sst1.2,12120,2,244,L396_f03|sst1.2|12120,RLB,bout,B2,21,0.0017019447404891253,-0.08179895579814911,57,57,2.0
Matilde,L396_f03,sst1.2,12120,2,244,L396_f03|sst1.2|12120,LLB,bout,B2,22,0.0018250016728416085,0.0002428868319839239,57,57,2.0
Matilde,L396_f03,sst1.2,12120,2,244,L396_f03|sst1.2|12120,LLC+RLC,continuous,B2,23,0.0016860368195921183,-0.09240466356277466,57,57,2.0
Matilde,L396_f03,sst1.2,12120,2,244,L396_f03|sst1.2|12120,RLC,continuous,B2,24,0.0017165127210319042,-0.07208653539419174,57,57,2.0
Matilde,L396_f03,sst1.2,12120,2,244,L396_f03|sst1.2|12120,LLC+RLC,continuous,B2,25,0.0016971646109595895,-0.08498579263687134,57,57,2.0
Matilde,L396_f03,sst1.2,12120,2,244,L396_f03|sst1.2|12120,LLC,continuous,B2,27,0.001741560292430222,-0.05538741499185562,57,57,2.0
Matilde,L396_f03,sst1.2,12120,2,244,L396_f03|sst1.2|12120,LLB+RLB,bout,B2,28,0.0015837165992707014,-0.1606215238571167,57,57,2.0
Matilde,L396_f03,sst1.2,12120,2,244,L396_f03|sst1.2|12120,LLB,bout,B2,29,0.0016367407515645027,-0.1252702921628952,57,57,2.0
Matilde,L396_f03,sst1.2,12120,2,244,L396_f03|sst1.2|12120,RLB,bout,B2,31,0.0023328405804932117,0.338818222284317,57,57,2.0
Matilde,L396_f03,sst1.2,13123,4,144,L396_f03|sst1.2|13123,RLB,bout,B1,0,0.0029921240638941526,0.4172564446926117,57,57,2.0
Matilde,L396_f03,sst1.2,13123,4,144,L396_f03|sst1.2|13123,LLC+RLC,continuous,B1,1,0.001934507512487471,-0.14269456267356873,57,57,2.0
Matilde,L396_f03,sst1.2,13123,4,144,L396_f03|sst1.2|13123,LLB,bout,B1,2,0.002486833371222019,0.14973218739032745,57,57,2.0
Matilde,L396_f03,sst1.2,13123,4,144,L396_f03|sst1.2|13123,RLC,continuous,B1,3,0.0016055757878348231,-0.3168463408946991,57,57,2.0
Matilde,L396_f03,sst1.2,13123,4,144,L396_f03|sst1.2|13123,LLC,continuous,B1,4,0.002079913392663002,-0.06571001559495926,57,57,2.0
Matilde,L396_f03,sst1.2,13123,4,144,L396_f03|sst1.2|13123,LLB+RLB,bout,B1,6,0.0024720528163015842,0.1419067680835724,57,57,2.0
Matilde,L396_f03,sst1.2,13123,4,144,L396_f03|sst1.2|13123,RLB,bout,B1,8,0.0022880863398313522,0.04450629651546478,57,57,2.0
Matilde,L396_f03,sst1.2,13123,4,144,L396_f03|sst1.2|13123,LLB,bout,B1,9,0.0019572528544813395,-0.13065224885940552,57,57,2.0
Matilde,L396_f03,sst1.2,13123,4,144,L396_f03|sst1.2|13123,LLB+RLB,bout,B1,10,0.002445608377456665,0.12790587544441223,57,57,2.0
Matilde,L396_f03,sst1.2,13123,4,144,L396_f03|sst1.2|13123,RLC,continuous,B1,11,0.002082664519548416,-0.06425349414348602,57,57,2.0
Matilde,L396_f03,sst1.2,13123,4,144,L396_f03|sst1.2|13123,LLC+RLC,continuous,B1,12,0.0023141000419855118,0.05827924609184265,57,57,2.0
Matilde,L396_f03,sst1.2,13123,4,144,L396_f03|sst1.2|13123,LLC,continuous,B1,14,0.002171130385249853,-0.017415588721632957,57,57,2.0
Matilde,L396_f03,sst1.2,13123,4,144,L396_f03|sst1.2|13123,LLC,continuous,B2,16,0.0022315664682537317,0.014582316391170025,57,57,2.0
Matilde,L396_f03,sst1.2,13123,4,144,L396_f03|sst1.2|13123,RLC,continuous,B2,18,0.0019078386249020696,-0.1568143218755722,57,57,2.0
Matilde,L396_f03,sst1.2,13123,4,144,L396_f03|sst1.2|13123,LLB+RLB,bout,B2,19,0.0022606549318879843,0.029982946813106537,57,57,2.0
Matilde,L396_f03,sst1.2,13123,4,144,L396_f03|sst1.2|13123,RLB,bout,B2,21,0.0025217116344720125,0.1681983917951584,57,57,2.0
Matilde,L396_f03,sst1.2,13123,4,144,L396_f03|sst1.2|13123,LLB,bout,B2,22,0.002278414322063327,0.03938549384474754,57,57,2.0
Matilde,L396_f03,sst1.2,13123,4,144,L396_f03|sst1.2|13123,LLC+RLC,continuous,B2,23,0.001971619436517358,-0.12304593622684479,57,57,2.0
Matilde,L396_f03,sst1.2,13123,4,144,L396_f03|sst1.2|13123,RLC,continuous,B2,24,0.0023406334221363068,0.07232718169689178,57,57,2.0
Matilde,L396_f03,sst1.2,13123,4,144,L396_f03|sst1.2|13123,LLC+RLC,continuous,B2,25,0.0027401025872677565,0.2838246822357178,57,57,2.0
Matilde,L396_f03,sst1.2,13123,4,144,L396_f03|sst1.2|13123,LLC,continuous,B2,27,0.002462963806465268,0.1370946168899536,57,57,2.0
Matilde,L396_f03,sst1.2,13123,4,144,L396_f03|sst1.2|13123,LLB+RLB,bout,B2,28,0.0020015554036945105,-0.10719645023345947,57,57,2.0
Matilde,L396_f03,sst1.2,13123,4,144,L396_f03|sst1.2|13123,LLB,bout,B2,29,0.0016350492369383574,-0.3012416958808899,57,57,2.0
Matilde,L396_f03,sst1.2,13123,4,144,L396_f03|sst1.2|13123,RLB,bout,B2,31,0.003004486672580242,0.42380186915397644,57,57,2.0
Matilde,L396_f03,sst1.2,13303,4,140,L396_f03|sst1.2|13303,RLB,bout,B1,0,0.0034591739531606436,0.730535089969635,57,57,2.0
Matilde,L396_f03,sst1.2,13303,4,140,L396_f03|sst1.2|13303,LLC+RLC,continuous,B1,1,0.002650070935487747,0.2924237549304962,57,57,2.0
Matilde,L396_f03,sst1.2,13303,4,140,L396_f03|sst1.2|13303,LLB,bout,B1,2,0.002202783478423953,0.050227608531713486,57,57,2.0
Matilde,L396_f03,sst1.2,13303,4,140,L396_f03|sst1.2|13303,RLC,continuous,B1,3,0.0022058652248233557,0.05189630389213562,57,57,2.0
Matilde,L396_f03,sst1.2,13303,4,140,L396_f03|sst1.2|13303,LLC,continuous,B1,4,0.0018615213921293616,-0.13455823063850403,57,57,2.0
Matilde,L396_f03,sst1.2,13303,4,140,L396_f03|sst1.2|13303,LLB+RLB,bout,B1,6,0.005467118229717016,1.8177926540374756,57,57,2.0
Matilde,L396_f03,sst1.2,13303,4,140,L396_f03|sst1.2|13303,RLB,bout,B1,8,0.003748938674107194,0.8874365091323853,57,57,2.0
Matilde,L396_f03,sst1.2,13303,4,140,L396_f03|sst1.2|13303,LLB,bout,B1,9,0.0019020973704755306,-0.11258731037378311,57,57,2.0
Matilde,L396_f03,sst1.2,13303,4,140,L396_f03|sst1.2|13303,LLB+RLB,bout,B1,10,0.0034351579379290342,0.7175310254096985,57,57,2.0
Matilde,L396_f03,sst1.2,13303,4,140,L396_f03|sst1.2|13303,RLC,continuous,B1,11,0.004324199631810188,1.1989270448684692,57,57,2.0
Matilde,L396_f03,sst1.2,13303,4,140,L396_f03|sst1.2|13303,LLC+RLC,continuous,B1,12,0.0019551946315914392,-0.08383633196353912,57,57,2.0
Matilde,L396_f03,sst1.2,13303,4,140,L396_f03|sst1.2|13303,LLC,continuous,B1,14,0.0019587839487940073,-0.08189267665147781,57,57,2.0
Matilde,L396_f03,sst1.2,13303,4,140,L396_f03|sst1.2|13303,LLC,continuous,B2,16,0.0019058209145441651,-0.11057110130786896,57,57,2.0
Matilde,L396_f03,sst1.2,13303,4,140,L396_f03|sst1.2|13303,RLC,continuous,B2,18,0.0031046478543430567,0.5385671854019165,57,57,2.0
Matilde,L396_f03,sst1.2,13303,4,140,L396_f03|sst1.2|13303,LLB+RLB,bout,B2,19,0.0019695174414664507,-0.0760807916522026,57,57,2.0
Matilde,L396_f03,sst1.2,13303,4,140,L396_f03|sst1.2|13303,RLB,bout,B2,21,0.002601312007755041,0.26602205634117126,57,57,2.0
Matilde,L396_f03,sst1.2,13303,4,140,L396_f03|sst1.2|13303,LLB,bout,B2,22,0.0018768715672194958,-0.12624643743038177,57,57,2.0
Matilde,L396_f03,sst1.2,13303,4,140,L396_f03|sst1.2|13303,LLC+RLC,continuous,B2,23,0.003059167182072997,0.5139403343200684,57,57,2.0
Matilde,L396_f03,sst1.2,13303,4,140,L396_f03|sst1.2|13303,RLC,continuous,B2,24,0.0034680855460464954,0.7353606224060059,57,57,2.0
Matilde,L396_f03,sst1.2,13303,4,140,L396_f03|sst1.2|13303,LLC+RLC,continuous,B2,25,0.002874875906854868,0.4141506850719452,57,57,2.0
Matilde,L396_f03,sst1.2,13303,4,140,L396_f03|sst1.2|13303,LLC,continuous,B2,27,0.002165304496884346,0.029933586716651917,57,57,2.0
Matilde,L396_f03,sst1.2,13303,4,140,L396_f03|sst1.2|13303,LLB+RLB,bout,B2,28,0.0019642335828393698,-0.07894181460142136,57,57,2.0
Matilde,L396_f03,sst1.2,13303,4,140,L396_f03|sst1.2|13303,LLB,bout,B2,29,0.0019225954310968518,-0.10148799419403076,57,57,2.0
Matilde,L396_f03,sst1.2,13303,4,140,L396_f03|sst1.2|13303,RLB,bout,B2,31,0.002864904934540391,0.40875163674354553,57,57,2.0
Matilde,L396_f03,sst1.2,14308,3,213,L396_f03|sst1.2|14308,RLB,bout,B1,0,0.00557266641408205,4.093701362609863,57,57,2.0
Matilde,L396_f03,sst1.2,14308,3,213,L396_f03|sst1.2|14308,LLC+RLC,continuous,B1,1,0.00271313707344234,1.4457226991653442,57,57,2.0
Matilde,L396_f03,sst1.2,14308,3,213,L396_f03|sst1.2|14308,LLB,bout,B1,2,0.002102858619764447,0.8805936574935913,57,57,2.0
Matilde,L396_f03,sst1.2,14308,3,213,L396_f03|sst1.2|14308,RLC,continuous,B1,3,0.0011939584510400891,0.03893490880727768,57,57,2.0
Matilde,L396_f03,sst1.2,14308,3,213,L396_f03|sst1.2|14308,LLC,continuous,B1,4,0.0011506429873406887,-0.001176232355646789,57,57,2.0
Matilde,L396_f03,sst1.2,14308,3,213,L396_f03|sst1.2|14308,LLB+RLB,bout,B1,6,0.004632911644876003,3.223470687866211,57,57,2.0
Matilde,L396_f03,sst1.2,14308,3,213,L396_f03|sst1.2|14308,RLB,bout,B1,8,0.0014271456748247147,0.25487062335014343,57,57,2.0
Matilde,L396_f03,sst1.2,14308,3,213,L396_f03|sst1.2|14308,LLB,bout,B1,9,0.0014526445884257555,0.27848291397094727,57,57,2.0
Matilde,L396_f03,sst1.2,14308,3,213,L396_f03|sst1.2|14308,LLB+RLB,bout,B1,10,0.004501736257225275,3.1019997596740723,57,57,2.0
Matilde,L396_f03,sst1.2,14308,3,213,L396_f03|sst1.2|14308,RLC,continuous,B1,11,0.0014379952335730195,0.2649174630641937,57,57,2.0
Matilde,L396_f03,sst1.2,14308,3,213,L396_f03|sst1.2|14308,LLC+RLC,continuous,B1,12,0.0012452316004782915,0.08641469478607178,57,57,2.0
Matilde,L396_f03,sst1.2,14308,3,213,L396_f03|sst1.2|14308,LLC,continuous,B1,14,0.0007372927502728999,-0.3839462697505951,57,57,2.0
Matilde,L396_f03,sst1.2,14308,3,213,L396_f03|sst1.2|14308,LLC,continuous,B2,16,0.001067787641659379,-0.077901691198349,57,57,2.0
Matilde,L396_f03,sst1.2,14308,3,213,L396_f03|sst1.2|14308,RLC,continuous,B2,18,0.0012683708919212222,0.10784205049276352,57,57,2.0
Matilde,L396_f03,sst1.2,14308,3,213,L396_f03|sst1.2|14308,LLB+RLB,bout,B2,19,0.0026558341924101114,1.3926594257354736,57,57,2.0
Matilde,L396_f03,sst1.2,14308,3,213,L396_f03|sst1.2|14308,RLB,bout,B2,21,0.00132375443354249,0.15912829339504242,57,57,2.0
Matilde,L396_f03,sst1.2,14308,3,213,L396_f03|sst1.2|14308,LLB,bout,B2,22,0.0014851810410618782,0.30861252546310425,57,57,2.0
Matilde,L396_f03,sst1.2,14308,3,213,L396_f03|sst1.2|14308,LLC+RLC,continuous,B2,23,0.0015131888212636113,0.3345482349395752,57,57,2.0
Matilde,L396_f03,sst1.2,14308,3,213,L396_f03|sst1.2|14308,RLC,continuous,B2,24,0.001114014070481062,-0.03509525954723358,57,57,2.0
Matilde,L396_f03,sst1.2,14308,3,213,L396_f03|sst1.2|14308,LLC+RLC,continuous,B2,25,0.0014606184558942914,0.2858670651912689,57,57,2.0
Matilde,L396_f03,sst1.2,14308,3,213,L396_f03|sst1.2|14308,LLC,continuous,B2,27,0.001345631550066173,0.17938697338104248,57,57,2.0
Matilde,L396_f03,sst1.2,14308,3,213,L396_f03|sst1.2|14308,LLB+RLB,bout,B2,28,0.003429007949307561,2.108633041381836,57,57,2.0
Matilde,L396_f03,sst1.2,14308,3,213,L396_f03|sst1.2|14308,LLB,bout,B2,29,0.0010461843339726329,-0.09790673106908798,57,57,2.0
Matilde,L396_f03,sst1.2,14308,3,213,L396_f03|sst1.2|14308,RLB,bout,B2,31,0.0022524960804730654,1.0191611051559448,57,57,2.0
Matilde,L396_f03,sst1.2,14511,1,268,L396_f03|sst1.2|14511,RLB,bout,B1,0,0.0038709791842848063,1.4258670806884766,57,57,2.0
Matilde,L396_f03,sst1.2,14511,1,268,L396_f03|sst1.2|14511,LLC+RLC,continuous,B1,1,0.002530441153794527,0.5152257680892944,57,57,2.0
Matilde,L396_f03,sst1.2,14511,1,268,L396_f03|sst1.2|14511,LLB,bout,B1,2,0.0022154911421239376,0.3012765944004059,57,57,2.0
Matilde,L396_f03,sst1.2,14511,1,268,L396_f03|sst1.2|14511,RLC,continuous,B1,3,0.0019129069987684488,0.09572838991880417,57,57,2.0
Matilde,L396_f03,sst1.2,14511,1,268,L396_f03|sst1.2|14511,LLC,continuous,B1,4,0.0017594347009435296,-0.008526886813342571,57,57,2.0
Matilde,L396_f03,sst1.2,14511,1,268,L396_f03|sst1.2|14511,LLB+RLB,bout,B1,6,0.003989513032138348,1.5063879489898682,57,57,2.0
Matilde,L396_f03,sst1.2,14511,1,268,L396_f03|sst1.2|14511,RLB,bout,B1,8,0.002451646141707897,0.4616994559764862,57,57,2.0
Matilde,L396_f03,sst1.2,14511,1,268,L396_f03|sst1.2|14511,LLB,bout,B1,9,0.00138545548543334,-0.2625749409198761,57,57,2.0
Matilde,L396_f03,sst1.2,14511,1,268,L396_f03|sst1.2|14511,LLB+RLB,bout,B1,10,0.007026263512670994,3.569283962249756,57,57,2.0
Matilde,L396_f03,sst1.2,14511,1,268,L396_f03|sst1.2|14511,RLC,continuous,B1,11,0.002556851366534829,0.5331661701202393,57,57,2.0
Matilde,L396_f03,sst1.2,14511,1,268,L396_f03|sst1.2|14511,LLC+RLC,continuous,B1,12,0.0017777278553694487,0.0038997638039290905,57,57,2.0
Matilde,L396_f03,sst1.2,14511,1,268,L396_f03|sst1.2|14511,LLC,continuous,B1,14,0.0015924508916214108,-0.12196069210767746,57,57,2.0
Matilde,L396_f03,sst1.2,14511,1,268,L396_f03|sst1.2|14511,LLC,continuous,B2,16,0.0013402682961896062,-0.2932709753513336,57,57,2.0
Matilde,L396_f03,sst1.2,14511,1,268,L396_f03|sst1.2|14511,RLC,continuous,B2,18,0.0013534765457734466,-0.28429850935935974,57,57,2.0
Matilde,L396_f03,sst1.2,14511,1,268,L396_f03|sst1.2|14511,LLB+RLB,bout,B2,19,0.002433110261335969,0.4491077661514282,57,57,2.0
Matilde,L396_f03,sst1.2,14511,1,268,L396_f03|sst1.2|14511,RLB,bout,B2,21,0.0016498541226610541,-0.08296617865562439,57,57,2.0
Matilde,L396_f03,sst1.2,14511,1,268,L396_f03|sst1.2|14511,LLB,bout,B2,22,0.0018398236716166139,0.04608209431171417,57,57,2.0
Matilde,L396_f03,sst1.2,14511,1,268,L396_f03|sst1.2|14511,LLC+RLC,continuous,B2,23,0.0014512131456285715,-0.21790501475334167,57,57,2.0
Matilde,L396_f03,sst1.2,14511,1,268,L396_f03|sst1.2|14511,RLC,continuous,B2,24,0.0016508077969774604,-0.08231835812330246,57,57,2.0
Matilde,L396_f03,sst1.2,14511,1,268,L396_f03|sst1.2|14511,LLC+RLC,continuous,B2,25,0.0020240815356373787,0.1712503731250763,57,57,2.0
Matilde,L396_f03,sst1.2,14511,1,268,L396_f03|sst1.2|14511,LLC,continuous,B2,27,0.0014232933754101396,-0.2368711680173874,57,57,2.0
Matilde,L396_f03,sst1.2,14511,1,268,L396_f03|sst1.2|14511,LLB+RLB,bout,B2,28,0.002114594914019108,0.2327370047569275,57,57,2.0
Matilde,L396_f03,sst1.2,14511,1,268,L396_f03|sst1.2|14511,LLB,bout,B2,29,0.0013481988571584225,-0.2878836691379547,57,57,2.0
Matilde,L396_f03,sst1.2,14511,1,268,L396_f03|sst1.2|14511,RLB,bout,B2,31,0.002770746126770973,0.6784675121307373,57,57,2.0
Matilde,L396_f03,sst1.2,14519,1,339,L396_f03|sst1.2|14519,RLB,bout,B1,0,0.008555064909160137,3.8885931968688965,57,57,2.0
Matilde,L396_f03,sst1.2,14519,1,339,L396_f03|sst1.2|14519,LLC+RLC,continuous,B1,1,0.004474638029932976,1.4756673574447632,57,57,2.0
Matilde,L396_f03,sst1.2,14519,1,339,L396_f03|sst1.2|14519,LLB,bout,B1,2,0.0027612701524049044,0.46248239278793335,57,57,2.0
Matilde,L396_f03,sst1.2,14519,1,339,L396_f03|sst1.2|14519,RLC,continuous,B1,3,0.0018943538889288902,-0.050161316990852356,57,57,2.0
Matilde,L396_f03,sst1.2,14519,1,339,L396_f03|sst1.2|14519,LLC,continuous,B1,4,0.002032821998000145,0.031720712780952454,57,57,2.0
Matilde,L396_f03,sst1.2,14519,1,339,L396_f03|sst1.2|14519,LLB+RLB,bout,B1,6,0.006035170052200556,2.398475170135498,57,57,2.0
Matilde,L396_f03,sst1.2,14519,1,339,L396_f03|sst1.2|14519,RLB,bout,B1,8,0.002796798013150692,0.48349109292030334,57,57,2.0
Matilde,L396_f03,sst1.2,14519,1,339,L396_f03|sst1.2|14519,LLB,bout,B1,9,0.0019850851967930794,0.0034918314777314663,57,57,2.0
Matilde,L396_f03,sst1.2,14519,1,339,L396_f03|sst1.2|14519,LLB+RLB,bout,B1,10,0.0042886449955403805,1.3656822443008423,57,57,2.0
Matilde,L396_f03,sst1.2,14519,1,339,L396_f03|sst1.2|14519,RLC,continuous,B1,11,0.0024335812777280807,0.26870614290237427,57,57,2.0
Matilde,L396_f03,sst1.2,14519,1,339,L396_f03|sst1.2|14519,LLC+RLC,continuous,B1,12,0.0020672117825597525,0.052056729793548584,57,57,2.0
Matilde,L396_f03,sst1.2,14519,1,339,L396_f03|sst1.2|14519,LLC,continuous,B1,14,0.0019231276819482446,-0.03314610570669174,57,57,2.0
Matilde,L396_f03,sst1.2,14519,1,339,L396_f03|sst1.2|14519,LLC,continuous,B2,16,0.0020200361032038927,0.02415972575545311,57,57,2.0
Matilde,L396_f03,sst1.2,14519,1,339,L396_f03|sst1.2|14519,RLC,continuous,B2,18,0.0020441978704184294,0.0384475402534008,57,57,2.0
Matilde,L396_f03,sst1.2,14519,1,339,L396_f03|sst1.2|14519,LLB+RLB,bout,B2,19,0.0020942550618201494,0.06804855167865753,57,57,2.0
Matilde,L396_f03,sst1.2,14519,1,339,L396_f03|sst1.2|14519,RLB,bout,B2,21,0.0023209028877317905,0.20207491517066956,57,57,2.0
Matilde,L396_f03,sst1.2,14519,1,339,L396_f03|sst1.2|14519,LLB,bout,B2,22,0.0017786768730729818,-0.11856590956449509,57,57,2.0
Matilde,L396_f03,sst1.2,14519,1,339,L396_f03|sst1.2|14519,LLC+RLC,continuous,B2,23,0.0014478464145213366,-0.31419968605041504,57,57,2.0
Matilde,L396_f03,sst1.2,14519,1,339,L396_f03|sst1.2|14519,RLC,continuous,B2,24,0.0022523868829011917,0.16155841946601868,57,57,2.0
Matilde,L396_f03,sst1.2,14519,1,339,L396_f03|sst1.2|14519,LLC+RLC,continuous,B2,25,0.002108552260324359,0.07650316506624222,57,57,2.0
Matilde,L396_f03,sst1.2,14519,1,339,L396_f03|sst1.2|14519,LLC,continuous,B2,27,0.0017759829061105847,-0.12015894055366516,57,57,2.0
Matilde,L396_f03,sst1.2,14519,1,339,L396_f03|sst1.2|14519,LLB+RLB,bout,B2,28,0.0026740608736872673,0.4109116792678833,57,57,2.0
Matilde,L396_f03,sst1.2,14519,1,339,L396_f03|sst1.2|14519,LLB,bout,B2,29,0.0013326049083843827,-0.3823467493057251,57,57,2.0
Matilde,L396_f03,sst1.2,14519,1,339,L396_f03|sst1.2|14519,RLB,bout,B2,31,0.0028618613723665476,0.521965742111206,57,57,2.0
Matilde,L396_f03,sst1.2,14528,2,393,L396_f03|sst1.2|14528,RLB,bout,B1,0,0.005387590266764164,3.0736804008483887,57,57,2.0
Matilde,L396_f03,sst1.2,14528,2,393,L396_f03|sst1.2|14528,LLC+RLC,continuous,B1,1,0.004002240486443043,1.98244047164917,57,57,2.0
Matilde,L396_f03,sst1.2,14528,2,393,L396_f03|sst1.2|14528,LLB,bout,B1,2,0.0026429984718561172,0.9117653369903564,57,57,2.0
Matilde,L396_f03,sst1.2,14528,2,393,L396_f03|sst1.2|14528,RLC,continuous,B1,3,0.0031453731935471296,1.3074859380722046,57,57,2.0
Matilde,L396_f03,sst1.2,14528,2,393,L396_f03|sst1.2|14528,LLC,continuous,B1,4,0.001966568874195218,0.37894150614738464,57,57,2.0
Matilde,L396_f03,sst1.2,14528,2,393,L396_f03|sst1.2|14528,LLB+RLB,bout,B1,6,0.0035426386166363955,1.62041175365448,57,57,2.0
Matilde,L396_f03,sst1.2,14528,2,393,L396_f03|sst1.2|14528,RLB,bout,B1,8,0.0020154716912657022,0.4174622595310211,57,57,2.0
Matilde,L396_f03,sst1.2,14528,2,393,L396_f03|sst1.2|14528,LLB,bout,B1,9,0.0015171354170888662,0.024922901764512062,57,57,2.0
Matilde,L396_f03,sst1.2,14528,2,393,L396_f03|sst1.2|14528,LLB+RLB,bout,B1,10,0.0033853226341307163,1.496494174003601,57,57,2.0
Matilde,L396_f03,sst1.2,14528,2,393,L396_f03|sst1.2|14528,RLC,continuous,B1,11,0.0017313729040324688,0.19367767870426178,57,57,2.0
Matilde,L396_f03,sst1.2,14528,2,393,L396_f03|sst1.2|14528,LLC+RLC,continuous,B1,12,0.00156506709754467,0.06267863512039185,57,57,2.0
Matilde,L396_f03,sst1.2,14528,2,393,L396_f03|sst1.2|14528,LLC,continuous,B1,14,0.0012906499905511737,-0.1534799039363861,57,57,2.0
Matilde,L396_f03,sst1.2,14528,2,393,L396_f03|sst1.2|14528,LLC,continuous,B2,16,0.001079051522538066,-0.3201560378074646,57,57,2.0
Matilde,L396_f03,sst1.2,14528,2,393,L396_f03|sst1.2|14528,RLC,continuous,B2,18,0.0013016305165365338,-0.1448303461074829,57,57,2.0
Matilde,L396_f03,sst1.2,14528,2,393,L396_f03|sst1.2|14528,LLB+RLB,bout,B2,19,0.001896832836791873,0.32401061058044434,57,57,2.0
Matilde,L396_f03,sst1.2,14528,2,393,L396_f03|sst1.2|14528,RLB,bout,B2,21,0.0023669470101594925,0.6943194270133972,57,57,2.0
Matilde,L396_f03,sst1.2,14528,2,393,L396_f03|sst1.2|14528,LLB,bout,B2,22,0.0015364045975729823,0.04010116681456566,57,57,2.0
Matilde,L396_f03,sst1.2,14528,2,393,L396_f03|sst1.2|14528,LLC+RLC,continuous,B2,23,0.0011944066500291228,-0.22929081320762634,57,57,2.0
Matilde,L396_f03,sst1.2,14528,2,393,L396_f03|sst1.2|14528,RLC,continuous,B2,24,0.0009876653784886003,-0.3921407461166382,57,57,2.0
Matilde,L396_f03,sst1.2,14528,2,393,L396_f03|sst1.2|14528,LLC+RLC,continuous,B2,25,0.0016903566429391503,0.16136910021305084,57,57,2.0
Matilde,L396_f03,sst1.2,14528,2,393,L396_f03|sst1.2|14528,LLC,continuous,B2,27,0.0012934529222548008,-0.1512719988822937,57,57,2.0
Matilde,L396_f03,sst1.2,14528,2,393,L396_f03|sst1.2|14528,LLB+RLB,bout,B2,28,0.0022728736512362957,0.6202178001403809,57,57,2.0
Matilde,L396_f03,sst1.2,14528,2,393,L396_f03|sst1.2|14528,LLB,bout,B2,29,0.0010963045060634613,-0.3065657615661621,57,57,2.0
Matilde,L396_f03,sst1.2,14528,2,393,L396_f03|sst1.2|14528,RLB,bout,B2,31,0.002250290708616376,0.6024294495582581,57,57,2.0
Matilde,L396_f03,sst1.2,14798,2,350,L396_f03|sst1.2|14798,RLB,bout,B1,0,0.006326525937765837,2.4705183506011963,57,57,2.0
Matilde,L396_f03,sst1.2,14798,2,350,L396_f03|sst1.2|14798,LLC+RLC,continuous,B1,1,0.004027081653475761,1.1537609100341797,57,57,2.0
Matilde,L396_f03,sst1.2,14798,2,350,L396_f03|sst1.2|14798,LLB,bout,B1,2,0.0032781094778329134,0.7248684167861938,57,57,2.0
Matilde,L396_f03,sst1.2,14798,2,350,L396_f03|sst1.2|14798,RLC,continuous,B1,3,0.0028463443741202354,0.47762158513069153,57,57,2.0
Matilde,L396_f03,sst1.2,14798,2,350,L396_f03|sst1.2|14798,LLC,continuous,B1,4,0.0021888245828449726,0.1010984480381012,57,57,2.0
Matilde,L396_f03,sst1.2,14798,2,350,L396_f03|sst1.2|14798,LLB+RLB,bout,B1,6,0.006386377848684788,2.504791736602783,57,57,2.0
Matilde,L396_f03,sst1.2,14798,2,350,L396_f03|sst1.2|14798,RLB,bout,B1,8,0.003051181323826313,0.5949198007583618,57,57,2.0
Matilde,L396_f03,sst1.2,14798,2,350,L396_f03|sst1.2|14798,LLB,bout,B1,9,0.0019021501066163182,-0.0630633607506752,57,57,2.0
Matilde,L396_f03,sst1.2,14798,2,350,L396_f03|sst1.2|14798,LLB+RLB,bout,B1,10,0.005939869675785303,2.249102830886841,57,57,2.0
Matilde,L396_f03,sst1.2,14798,2,350,L396_f03|sst1.2|14798,RLC,continuous,B1,11,0.003105767769739032,0.6261781454086304,57,57,2.0
Matilde,L396_f03,sst1.2,14798,2,350,L396_f03|sst1.2|14798,LLC+RLC,continuous,B1,12,0.0025581205263733864,0.3125726878643036,57,57,2.0
Matilde,L396_f03,sst1.2,14798,2,350,L396_f03|sst1.2|14798,LLC,continuous,B1,14,0.0018812223570421338,-0.0750473141670227,57,57,2.0
Matilde,L396_f03,sst1.2,14798,2,350,L396_f03|sst1.2|14798,LLC,continuous,B2,16,0.0020427540875971317,0.017452403903007507,57,57,2.0
Matilde,L396_f03,sst1.2,14798,2,350,L396_f03|sst1.2|14798,RLC,continuous,B2,18,0.0021815476939082146,0.09693145006895065,57,57,2.0
Matilde,L396_f03,sst1.2,14798,2,350,L396_f03|sst1.2|14798,LLB+RLB,bout,B2,19,0.003054788801819086,0.5969854593276978,57,57,2.0
Matilde,L396_f03,sst1.2,14798,2,350,L396_f03|sst1.2|14798,RLB,bout,B2,21,0.0016250013140961528,-0.221770241856575,57,57,2.0
Matilde,L396_f03,sst1.2,14798,2,350,L396_f03|sst1.2|14798,LLB,bout,B2,22,0.0017537919338792562,-0.14801941812038422,57,57,2.0
Matilde,L396_f03,sst1.2,14798,2,350,L396_f03|sst1.2|14798,LLC+RLC,continuous,B2,23,0.0017842401284724474,-0.13058340549468994,57,57,2.0
Matilde,L396_f03,sst1.2,14798,2,350,L396_f03|sst1.2|14798,RLC,continuous,B2,24,0.0020942052360624075,0.046915531158447266,57,57,2.0
Matilde,L396_f03,sst1.2,14798,2,350,L396_f03|sst1.2|14798,LLC+RLC,continuous,B2,25,0.00204269215464592,0.017416933551430702,57,57,2.0
Matilde,L396_f03,sst1.2,14798,2,350,L396_f03|sst1.2|14798,LLC,continuous,B2,27,0.0015629155095666647,-0.25732317566871643,57,57,2.0
Matilde,L396_f03,sst1.2,14798,2,350,L396_f03|sst1.2|14798,LLB+RLB,bout,B2,28,0.0036764920223504305,0.9529989957809448,57,57,2.0
Matilde,L396_f03,sst1.2,14798,2,350,L396_f03|sst1.2|14798,LLB,bout,B2,29,0.0015442839358001947,-0.2679922580718994,57,57,2.0
Matilde,L396_f03,sst1.2,14798,2,350,L396_f03|sst1.2|14798,RLB,bout,B2,31,0.002502882620319724,0.2809411883354187,57,57,2.0
Matilde,L396_f03,sst1.2,15264,1,213,L396_f03|sst1.2|15264,RLB,bout,B1,0,0.004714315757155418,0.11615418642759323,57,57,2.0
Matilde,L396_f03,sst1.2,15264,1,213,L396_f03|sst1.2|15264,LLC+RLC,continuous,B1,1,0.0055353594943881035,0.3097713589668274,57,57,2.0
Matilde,L396_f03,sst1.2,15264,1,213,L396_f03|sst1.2|15264,LLB,bout,B1,2,0.002132699592038989,-0.4926384687423706,57,57,2.0
Matilde,L396_f03,sst1.2,15264,1,213,L396_f03|sst1.2|15264,RLC,continuous,B1,3,0.0015673644375056028,-0.6259549260139465,57,57,2.0
Matilde,L396_f03,sst1.2,15264,1,213,L396_f03|sst1.2|15264,LLC,continuous,B1,4,0.004823457915335894,0.14189189672470093,57,57,2.0
Matilde,L396_f03,sst1.2,15264,1,213,L396_f03|sst1.2|15264,LLB+RLB,bout,B1,6,0.0027791622560471296,-0.3401907682418823,57,57,2.0
Matilde,L396_f03,sst1.2,15264,1,213,L396_f03|sst1.2|15264,RLB,bout,B1,8,0.0019558791536837816,-0.5343360304832458,57,57,2.0
Matilde,L396_f03,sst1.2,15264,1,213,L396_f03|sst1.2|15264,LLB,bout,B1,9,0.0035936005879193544,-0.14813117682933807,57,57,2.0
Matilde,L396_f03,sst1.2,15264,1,213,L396_f03|sst1.2|15264,LLB+RLB,bout,B1,10,0.00420268764719367,-0.00449721422046423,57,57,2.0
Matilde,L396_f03,sst1.2,15264,1,213,L396_f03|sst1.2|15264,RLC,continuous,B1,11,0.00442949403077364,0.04898791015148163,57,57,2.0
Matilde,L396_f03,sst1.2,15264,1,213,L396_f03|sst1.2|15264,LLC+RLC,continuous,B1,12,0.005238144658505917,0.23968251049518585,57,57,2.0
Matilde,L396_f03,sst1.2,15264,1,213,L396_f03|sst1.2|15264,LLC,continuous,B1,14,0.007541039492934942,0.7827475666999817,57,57,2.0
Matilde,L396_f03,sst1.2,15264,1,213,L396_f03|sst1.2|15264,LLC,continuous,B2,16,0.0029968598391860723,-0.2888535261154175,57,57,2.0
Matilde,L396_f03,sst1.2,15264,1,213,L396_f03|sst1.2|15264,RLC,continuous,B2,18,0.0048624067567288876,0.15107673406600952,57,57,2.0
Matilde,L396_f03,sst1.2,15264,1,213,L396_f03|sst1.2|15264,LLB+RLB,bout,B2,19,0.0016806046478450298,-0.599250853061676,57,57,2.0
Matilde,L396_f03,sst1.2,15264,1,213,L396_f03|sst1.2|15264,RLB,bout,B2,21,0.004322586581110954,0.023777123540639877,57,57,2.0
Matilde,L396_f03,sst1.2,15264,1,213,L396_f03|sst1.2|15264,LLB,bout,B2,22,0.005521523300558329,0.30650851130485535,57,57,2.0
Matilde,L396_f03,sst1.2,15264,1,213,L396_f03|sst1.2|15264,LLC+RLC,continuous,B2,23,0.004337244667112827,0.027233731001615524,57,57,2.0
Matilde,L396_f03,sst1.2,15264,1,213,L396_f03|sst1.2|15264,RLC,continuous,B2,24,0.0032646844629198313,-0.22569561004638672,57,57,2.0
Matilde,L396_f03,sst1.2,15264,1,213,L396_f03|sst1.2|15264,LLC+RLC,continuous,B2,25,0.010171634145081043,1.4030903577804565,57,57,2.0
Matilde,L396_f03,sst1.2,15264,1,213,L396_f03|sst1.2|15264,LLC,continuous,B2,27,0.0015137777663767338,-0.6385916471481323,57,57,2.0
Matilde,L396_f03,sst1.2,15264,1,213,L396_f03|sst1.2|15264,LLB+RLB,bout,B2,28,0.0018240493955090642,-0.565423846244812,57,57,2.0
Matilde,L396_f03,sst1.2,15264,1,213,L396_f03|sst1.2|15264,LLB,bout,B2,29,0.0046438416466116905,0.09953510016202927,57,57,2.0
Matilde,L396_f03,sst1.2,15264,1,213,L396_f03|sst1.2|15264,RLB,bout,B2,31,0.007043579593300819,0.6654374003410339,57,57,2.0
Matilde,L396_f03,sst1.2,15586,2,362,L396_f03|sst1.2|15586,RLB,bout,B1,0,0.0033629455137997866,1.0852667093276978,57,57,2.0
Matilde,L396_f03,sst1.2,15586,2,362,L396_f03|sst1.2|15586,LLC+RLC,continuous,B1,1,0.0024504768662154675,0.45972147583961487,57,57,2.0
Matilde,L396_f03,sst1.2,15586,2,362,L396_f03|sst1.2|15586,LLB,bout,B1,2,0.0023486001882702112,0.3898795545101166,57,57,2.0
Matilde,L396_f03,sst1.2,15586,2,362,L396_f03|sst1.2|15586,RLC,continuous,B1,3,0.0019160541705787182,0.0933464840054512,57,57,2.0
Matilde,L396_f03,sst1.2,15586,2,362,L396_f03|sst1.2|15586,LLC,continuous,B1,4,0.0017202321905642748,-0.04089980199933052,57,57,2.0
Matilde,L396_f03,sst1.2,15586,2,362,L396_f03|sst1.2|15586,LLB+RLB,bout,B1,6,0.0028535984456539154,0.7360824346542358,57,57,2.0
Matilde,L396_f03,sst1.2,15586,2,362,L396_f03|sst1.2|15586,RLB,bout,B1,8,0.0021252864971756935,0.2367863953113556,57,57,2.0
Matilde,L396_f03,sst1.2,15586,2,362,L396_f03|sst1.2|15586,LLB,bout,B1,9,0.0014976561069488525,-0.1934872716665268,57,57,2.0
Matilde,L396_f03,sst1.2,15586,2,362,L396_f03|sst1.2|15586,LLB+RLB,bout,B1,10,0.002940654754638672,0.7957642674446106,57,57,2.0
Matilde,L396_f03,sst1.2,15586,2,362,L396_f03|sst1.2|15586,RLC,continuous,B1,11,0.0018545276252552867,0.051166895776987076,57,57,2.0
Matilde,L396_f03,sst1.2,15586,2,362,L396_f03|sst1.2|15586,LLC+RLC,continuous,B1,12,0.001413460006006062,-0.25120824575424194,57,57,2.0
Matilde,L396_f03,sst1.2,15586,2,362,L396_f03|sst1.2|15586,LLC,continuous,B1,14,0.0014267414808273315,-0.2421032041311264,57,57,2.0
Matilde,L396_f03,sst1.2,15586,2,362,L396_f03|sst1.2|15586,LLC,continuous,B2,16,0.0017374700400978327,-0.0290822833776474,57,57,2.0
Matilde,L396_f03,sst1.2,15586,2,362,L396_f03|sst1.2|15586,RLC,continuous,B2,18,0.0016442189225926995,-0.09301088005304337,57,57,2.0
Matilde,L396_f03,sst1.2,15586,2,362,L396_f03|sst1.2|15586,LLB+RLB,bout,B2,19,0.0024668467231094837,0.4709436595439911,57,57,2.0
Matilde,L396_f03,sst1.2,15586,2,362,L396_f03|sst1.2|15586,RLB,bout,B2,21,0.0019310422940179706,0.10362161695957184,57,57,2.0
Matilde,L396_f03,sst1.2,15586,2,362,L396_f03|sst1.2|15586,LLB,bout,B2,22,0.0018997752340510488,0.08218640834093094,57,57,2.0
Matilde,L396_f03,sst1.2,15586,2,362,L396_f03|sst1.2|15586,LLC+RLC,continuous,B2,23,0.0020407249685376883,0.1788148432970047,57,57,2.0
Matilde,L396_f03,sst1.2,15586,2,362,L396_f03|sst1.2|15586,RLC,continuous,B2,24,0.0018998387968167663,0.0822300985455513,57,57,2.0
Matilde,L396_f03,sst1.2,15586,2,362,L396_f03|sst1.2|15586,LLC+RLC,continuous,B2,25,0.0019727321341633797,0.13220220804214478,57,57,2.0
Matilde,L396_f03,sst1.2,15586,2,362,L396_f03|sst1.2|15586,LLC,continuous,B2,27,0.0019205155549570918,0.09640489518642426,57,57,2.0
Matilde,L396_f03,sst1.2,15586,2,362,L396_f03|sst1.2|15586,LLB+RLB,bout,B2,28,0.002109759021550417,0.22614121437072754,57,57,2.0
Matilde,L396_f03,sst1.2,15586,2,362,L396_f03|sst1.2|15586,LLB,bout,B2,29,0.0013666466111317277,-0.2833012640476227,57,57,2.0
Matilde,L396_f03,sst1.2,15586,2,362,L396_f03|sst1.2|15586,RLB,bout,B2,31,0.00220014457590878,0.2881055474281311,57,57,2.0
Matilde,L396_f03,sst1.2,16167,1,289,L396_f03|sst1.2|16167,RLB,bout,B1,0,0.004289872944355011,1.6187728643417358,57,57,2.0
Matilde,L396_f03,sst1.2,16167,1,289,L396_f03|sst1.2|16167,LLC+RLC,continuous,B1,1,0.002214880660176277,0.24507980048656464,57,57,2.0
Matilde,L396_f03,sst1.2,16167,1,289,L396_f03|sst1.2|16167,LLB,bout,B1,2,0.0021638369653373957,0.21128754317760468,57,57,2.0
Matilde,L396_f03,sst1.2,16167,1,289,L396_f03|sst1.2|16167,RLC,continuous,B1,3,0.0017871392192319036,-0.03809506446123123,57,57,2.0
Matilde,L396_f03,sst1.2,16167,1,289,L396_f03|sst1.2|16167,LLC,continuous,B1,4,0.0018069114303216338,-0.025005441159009933,57,57,2.0
Matilde,L396_f03,sst1.2,16167,1,289,L396_f03|sst1.2|16167,LLB+RLB,bout,B1,6,0.003641115501523018,1.1892805099487305,57,57,2.0
Matilde,L396_f03,sst1.2,16167,1,289,L396_f03|sst1.2|16167,RLB,bout,B1,8,0.0016486134845763445,-0.12980231642723083,57,57,2.0
Matilde,L396_f03,sst1.2,16167,1,289,L396_f03|sst1.2|16167,LLB,bout,B1,9,0.0017257948638871312,-0.07870651036500931,57,57,2.0
Matilde,L396_f03,sst1.2,16167,1,289,L396_f03|sst1.2|16167,LLB+RLB,bout,B1,10,0.0053227911703288555,2.302588701248169,57,57,2.0
Matilde,L396_f03,sst1.2,16167,1,289,L396_f03|sst1.2|16167,RLC,continuous,B1,11,0.002577628940343857,0.48522746562957764,57,57,2.0
Matilde,L396_f03,sst1.2,16167,1,289,L396_f03|sst1.2|16167,LLC+RLC,continuous,B1,12,0.0020986825693398714,0.16815394163131714,57,57,2.0
Matilde,L396_f03,sst1.2,16167,1,289,L396_f03|sst1.2|16167,LLC,continuous,B1,14,0.001535572111606598,-0.20463842153549194,57,57,2.0
Matilde,L396_f03,sst1.2,16167,1,289,L396_f03|sst1.2|16167,LLC,continuous,B2,16,0.0020639998838305473,0.14519305527210236,57,57,2.0
Matilde,L396_f03,sst1.2,16167,1,289,L396_f03|sst1.2|16167,RLC,continuous,B2,18,0.0025362942833453417,0.45786306262016296,57,57,2.0
Matilde,L396_f03,sst1.2,16167,1,289,L396_f03|sst1.2|16167,LLB+RLB,bout,B2,19,0.0041747549548745155,1.5425620079040527,57,57,2.0
Matilde,L396_f03,sst1.2,16167,1,289,L396_f03|sst1.2|16167,RLB,bout,B2,21,0.0018353094346821308,-0.0062052407301962376,57,57,2.0
Matilde,L396_f03,sst1.2,16167,1,289,L396_f03|sst1.2|16167,LLB,bout,B2,22,0.0017612297087907791,-0.05524783208966255,57,57,2.0
Matilde,L396_f03,sst1.2,16167,1,289,L396_f03|sst1.2|16167,LLC+RLC,continuous,B2,23,0.0016438591992482543,-0.13294970989227295,57,57,2.0
Matilde,L396_f03,sst1.2,16167,1,289,L396_f03|sst1.2|16167,RLC,continuous,B2,24,0.001552259549498558,-0.19359084963798523,57,57,2.0
Matilde,L396_f03,sst1.2,16167,1,289,L396_f03|sst1.2|16167,LLC+RLC,continuous,B2,25,0.0017234067199751735,-0.08028744161128998,57,57,2.0
Matilde,L396_f03,sst1.2,16167,1,289,L396_f03|sst1.2|16167,LLC,continuous,B2,27,0.00187400309368968,0.019410856068134308,57,57,2.0
Matilde,L396_f03,sst1.2,16167,1,289,L396_f03|sst1.2|16167,LLB+RLB,bout,B2,28,0.004103674087673426,1.4955050945281982,57,57,2.0
Matilde,L396_f03,sst1.2,16167,1,289,L396_f03|sst1.2|16167,LLB,bout,B2,29,0.0015824210131540895,-0.1736232340335846,57,57,2.0
Matilde,L396_f03,sst1.2,16167,1,289,L396_f03|sst1.2|16167,RLB,bout,B2,31,0.00404351344332099,1.4556772708892822,57,57,2.0
Matilde,L396_f03,sst1.2,16205,2,497,L396_f03|sst1.2|16205,RLB,bout,B1,0,0.0023087100125849247,0.6998864412307739,57,57,2.0
Matilde,L396_f03,sst1.2,16205,2,497,L396_f03|sst1.2|16205,LLC+RLC,continuous,B1,1,0.003745921654626727,1.866554617881775,57,57,2.0
Matilde,L396_f03,sst1.2,16205,2,497,L396_f03|sst1.2|16205,LLB,bout,B1,2,0.0014085480943322182,-0.030827488750219345,57,57,2.0
Matilde,L396_f03,sst1.2,16205,2,497,L396_f03|sst1.2|16205,RLC,continuous,B1,3,0.00254869950003922,0.8946998715400696,57,57,2.0
Matilde,L396_f03,sst1.2,16205,2,497,L396_f03|sst1.2|16205,LLC,continuous,B1,4,0.0022927867248654366,0.6869605779647827,57,57,2.0
Matilde,L396_f03,sst1.2,16205,2,497,L396_f03|sst1.2|16205,LLB+RLB,bout,B1,6,0.0019101034849882126,0.3763142228126526,57,57,2.0
Matilde,L396_f03,sst1.2,16205,2,497,L396_f03|sst1.2|16205,RLB,bout,B1,8,0.001532752881757915,0.06999684125185013,57,57,2.0
Matilde,L396_f03,sst1.2,16205,2,497,L396_f03|sst1.2|16205,LLB,bout,B1,9,0.0013569631846621633,-0.07270205020904541,57,57,2.0
Matilde,L396_f03,sst1.2,16205,2,497,L396_f03|sst1.2|16205,LLB+RLB,bout,B1,10,0.001865551806986332,0.34014904499053955,57,57,2.0
Matilde,L396_f03,sst1.2,16205,2,497,L396_f03|sst1.2|16205,RLC,continuous,B1,11,0.0017884477274492383,0.2775590717792511,57,57,2.0
Matilde,L396_f03,sst1.2,16205,2,497,L396_f03|sst1.2|16205,LLC+RLC,continuous,B1,12,0.0014667959185317159,0.016455642879009247,57,57,2.0
Matilde,L396_f03,sst1.2,16205,2,497,L396_f03|sst1.2|16205,LLC,continuous,B1,14,0.0016704880399629474,0.181804358959198,57,57,2.0
Matilde,L396_f03,sst1.2,16205,2,497,L396_f03|sst1.2|16205,LLC,continuous,B2,16,0.001376010593958199,-0.05724005028605461,57,57,2.0
Matilde,L396_f03,sst1.2,16205,2,497,L396_f03|sst1.2|16205,RLC,continuous,B2,18,0.0013257403625175357,-0.09804733842611313,57,57,2.0
Matilde,L396_f03,sst1.2,16205,2,497,L396_f03|sst1.2|16205,LLB+RLB,bout,B2,19,0.0021436247043311596,0.5658769607543945,57,57,2.0
Matilde,L396_f03,sst1.2,16205,2,497,L396_f03|sst1.2|16205,RLB,bout,B2,21,0.0013332029338926077,-0.0919894278049469,57,57,2.0
Matilde,L396_f03,sst1.2,16205,2,497,L396_f03|sst1.2|16205,LLB,bout,B2,22,0.0011713189305737615,-0.22340014576911926,57,57,2.0
Matilde,L396_f03,sst1.2,16205,2,497,L396_f03|sst1.2|16205,LLC+RLC,continuous,B2,23,0.00129224534612149,-0.12523722648620605,57,57,2.0
Matilde,L396_f03,sst1.2,16205,2,497,L396_f03|sst1.2|16205,RLC,continuous,B2,24,0.0016830405220389366,0.19199393689632416,57,57,2.0
Matilde,L396_f03,sst1.2,16205,2,497,L396_f03|sst1.2|16205,LLC+RLC,continuous,B2,25,0.0018207301618531346,0.3037647306919098,57,57,2.0
Matilde,L396_f03,sst1.2,16205,2,497,L396_f03|sst1.2|16205,LLC,continuous,B2,27,0.0011958436807617545,-0.20349203050136566,57,57,2.0
Matilde,L396_f03,sst1.2,16205,2,497,L396_f03|sst1.2|16205,LLB+RLB,bout,B2,28,0.0014554944355040789,0.00728162657469511,57,57,2.0
Matilde,L396_f03,sst1.2,16205,2,497,L396_f03|sst1.2|16205,LLB,bout,B2,29,0.0010933342855423689,-0.28670480847358704,57,57,2.0
Matilde,L396_f03,sst1.2,16205,2,497,L396_f03|sst1.2|16205,RLB,bout,B2,31,0.0013106338446959853,-0.11031025648117065,57,57,2.0
Matilde,L396_f03,sst1.2,16258,2,689,L396_f03|sst1.2|16258,RLB,bout,B1,0,0.0018638650653883815,0.2786947786808014,57,57,2.0
Matilde,L396_f03,sst1.2,16258,2,689,L396_f03|sst1.2|16258,LLC+RLC,continuous,B1,1,0.0018889521015807986,0.2971624732017517,57,57,2.0
Matilde,L396_f03,sst1.2,16258,2,689,L396_f03|sst1.2|16258,LLB,bout,B1,2,0.0020631039515137672,0.42536428570747375,57,57,2.0
Matilde,L396_f03,sst1.2,16258,2,689,L396_f03|sst1.2|16258,RLC,continuous,B1,3,0.0016075820894911885,0.09003237634897232,57,57,2.0
Matilde,L396_f03,sst1.2,16258,2,689,L396_f03|sst1.2|16258,LLC,continuous,B1,4,0.0019557203631848097,0.3463137149810791,57,57,2.0
Matilde,L396_f03,sst1.2,16258,2,689,L396_f03|sst1.2|16258,LLB+RLB,bout,B1,6,0.0017950872424989939,0.2280639111995697,57,57,2.0
Matilde,L396_f03,sst1.2,16258,2,689,L396_f03|sst1.2|16258,RLB,bout,B1,8,0.0010164451086893678,-0.3451322615146637,57,57,2.0
Matilde,L396_f03,sst1.2,16258,2,689,L396_f03|sst1.2|16258,LLB,bout,B1,9,0.0009596392628736794,-0.3869497776031494,57,57,2.0
Matilde,L396_f03,sst1.2,16258,2,689,L396_f03|sst1.2|16258,LLB+RLB,bout,B1,10,0.0014318630564957857,-0.039322953671216965,57,57,2.0
Matilde,L396_f03,sst1.2,16258,2,689,L396_f03|sst1.2|16258,RLC,continuous,B1,11,0.0018202615901827812,0.2465958446264267,57,57,2.0
Matilde,L396_f03,sst1.2,16258,2,689,L396_f03|sst1.2|16258,LLC+RLC,continuous,B1,12,0.0013056248426437378,-0.1322529911994934,57,57,2.0
Matilde,L396_f03,sst1.2,16258,2,689,L396_f03|sst1.2|16258,LLC,continuous,B1,14,0.0021183700300753117,0.46604806184768677,57,57,2.0
Matilde,L396_f03,sst1.2,16258,2,689,L396_f03|sst1.2|16258,LLC,continuous,B2,16,0.001271141110919416,-0.15763819217681885,57,57,2.0
Matilde,L396_f03,sst1.2,16258,2,689,L396_f03|sst1.2|16258,RLC,continuous,B2,18,0.0012410074705258012,-0.17982091009616852,57,57,2.0
Matilde,L396_f03,sst1.2,16258,2,689,L396_f03|sst1.2|16258,LLB+RLB,bout,B2,19,0.0018392011988908052,0.26053833961486816,57,57,2.0
Matilde,L396_f03,sst1.2,16258,2,689,L396_f03|sst1.2|16258,RLB,bout,B2,21,0.001047654077410698,-0.3221578299999237,57,57,2.0
Matilde,L396_f03,sst1.2,16258,2,689,L396_f03|sst1.2|16258,LLB,bout,B2,22,0.0013385937782004476,-0.1079830527305603,57,57,2.0
Matilde,L396_f03,sst1.2,16258,2,689,L396_f03|sst1.2|16258,LLC+RLC,continuous,B2,23,0.0015724457334727049,0.06416673958301544,57,57,2.0
Matilde,L396_f03,sst1.2,16258,2,689,L396_f03|sst1.2|16258,RLC,continuous,B2,24,0.0018780436366796494,0.28913217782974243,57,57,2.0
Matilde,L396_f03,sst1.2,16258,2,689,L396_f03|sst1.2|16258,LLC+RLC,continuous,B2,25,0.001533354865387082,0.035390108823776245,57,57,2.0
Matilde,L396_f03,sst1.2,16258,2,689,L396_f03|sst1.2|16258,LLC,continuous,B2,27,0.0016839284216985106,0.14623451232910156,57,57,2.0
Matilde,L396_f03,sst1.2,16258,2,689,L396_f03|sst1.2|16258,LLB+RLB,bout,B2,28,0.0008348036790266633,-0.4788472652435303,57,57,2.0
Matilde,L396_f03,sst1.2,16258,2,689,L396_f03|sst1.2|16258,LLB,bout,B2,29,0.001057418412528932,-0.31496983766555786,57,57,2.0
Matilde,L396_f03,sst1.2,16258,2,689,L396_f03|sst1.2|16258,RLB,bout,B2,31,0.002299588406458497,0.5994518399238586,57,57,2.0
Matilde,L396_f03,sst1.2,16495,1,355,L396_f03|sst1.2|16495,RLB,bout,B1,0,0.03554587438702583,9.843865394592285,57,57,2.0
Matilde,L396_f03,sst1.2,16495,1,355,L396_f03|sst1.2|16495,LLC+RLC,continuous,B1,1,0.015216438099741936,3.647939682006836,57,57,2.0
Matilde,L396_f03,sst1.2,16495,1,355,L396_f03|sst1.2|16495,LLB,bout,B1,2,0.010492193512618542,2.2081024646759033,57,57,2.0
Matilde,L396_f03,sst1.2,16495,1,355,L396_f03|sst1.2|16495,RLC,continuous,B1,3,0.007185996510088444,1.2004531621932983,57,57,2.0
Matilde,L396_f03,sst1.2,16495,1,355,L396_f03|sst1.2|16495,LLC,continuous,B1,4,0.0017315507866442204,-0.4619315564632416,57,57,2.0
Matilde,L396_f03,sst1.2,16495,1,355,L396_f03|sst1.2|16495,LLB+RLB,bout,B1,6,0.044190097600221634,12.47841739654541,57,57,2.0
Matilde,L396_f03,sst1.2,16495,1,355,L396_f03|sst1.2|16495,RLB,bout,B1,8,0.016353340819478035,3.9944400787353516,57,57,2.0
Matilde,L396_f03,sst1.2,16495,1,355,L396_f03|sst1.2|16495,LLB,bout,B1,9,0.004966731648892164,0.5240741968154907,57,57,2.0
Matilde,L396_f03,sst1.2,16495,1,355,L396_f03|sst1.2|16495,LLB+RLB,bout,B1,10,0.03775329887866974,10.51663589477539,57,57,2.0
Matilde,L396_f03,sst1.2,16495,1,355,L396_f03|sst1.2|16495,RLC,continuous,B1,11,0.013997391797602177,3.2764036655426025,57,57,2.0
Matilde,L396_f03,sst1.2,16495,1,355,L396_f03|sst1.2|16495,LLC+RLC,continuous,B1,12,0.005209728144109249,0.5981336832046509,57,57,2.0
Matilde,L396_f03,sst1.2,16495,1,355,L396_f03|sst1.2|16495,LLC,continuous,B1,14,0.0026380380149930716,-0.185655876994133,57,57,2.0
Matilde,L396_f03,sst1.2,16495,1,355,L396_f03|sst1.2|16495,LLC,continuous,B2,16,0.0022011916153132915,-0.3187961280345917,57,57,2.0
Matilde,L396_f03,sst1.2,16495,1,355,L396_f03|sst1.2|16495,RLC,continuous,B2,18,0.002314923331141472,-0.28413352370262146,57,57,2.0
Matilde,L396_f03,sst1.2,16495,1,355,L396_f03|sst1.2|16495,LLB+RLB,bout,B2,19,0.014831884764134884,3.5307369232177734,57,57,2.0
Matilde,L396_f03,sst1.2,16495,1,355,L396_f03|sst1.2|16495,RLB,bout,B2,21,0.003566320287063718,0.09726233035326004,57,57,2.0
Matilde,L396_f03,sst1.2,16495,1,355,L396_f03|sst1.2|16495,LLB,bout,B2,22,0.0029974107164889574,-0.07612768560647964,57,57,2.0
Matilde,L396_f03,sst1.2,16495,1,355,L396_f03|sst1.2|16495,LLC+RLC,continuous,B2,23,0.002003658562898636,-0.3789995014667511,57,57,2.0
Matilde,L396_f03,sst1.2,16495,1,355,L396_f03|sst1.2|16495,RLC,continuous,B2,24,0.00301917246542871,-0.06949528306722641,57,57,2.0
Matilde,L396_f03,sst1.2,16495,1,355,L396_f03|sst1.2|16495,LLC+RLC,continuous,B2,25,0.0010188664309680462,-0.6791406869888306,57,57,2.0
Matilde,L396_f03,sst1.2,16495,1,355,L396_f03|sst1.2|16495,LLC,continuous,B2,27,0.0013806117931380868,-0.5688893795013428,57,57,2.0
Matilde,L396_f03,sst1.2,16495,1,355,L396_f03|sst1.2|16495,LLB+RLB,bout,B2,28,0.01473650150001049,3.501666307449341,57,57,2.0
Matilde,L396_f03,sst1.2,16495,1,355,L396_f03|sst1.2|16495,LLB,bout,B2,29,0.00221064081415534,-0.3159163296222687,57,57,2.0
Matilde,L396_f03,sst1.2,16495,1,355,L396_f03|sst1.2|16495,RLB,bout,B2,31,0.005102669820189476,0.5655050873756409,57,57,2.0
Matilde,L396_f03,sst1.2,16539,2,513,L396_f03|sst1.2|16539,RLB,bout,B1,0,0.002353280084207654,0.747337281703949,57,57,2.0
Matilde,L396_f03,sst1.2,16539,2,513,L396_f03|sst1.2|16539,LLC+RLC,continuous,B1,1,0.0017774575389921665,0.27820295095443726,57,57,2.0
Matilde,L396_f03,sst1.2,16539,2,513,L396_f03|sst1.2|16539,LLB,bout,B1,2,0.0013401967007666826,-0.07804209738969803,57,57,2.0
Matilde,L396_f03,sst1.2,16539,2,513,L396_f03|sst1.2|16539,RLC,continuous,B1,3,0.001440193853341043,0.003427528077736497,57,57,2.0
Matilde,L396_f03,sst1.2,16539,2,513,L396_f03|sst1.2|16539,LLC,continuous,B1,4,0.0015031448565423489,0.05471497401595116,57,57,2.0
Matilde,L396_f03,sst1.2,16539,2,513,L396_f03|sst1.2|16539,LLB+RLB,bout,B1,6,0.0016308289486914873,0.15874168276786804,57,57,2.0
Matilde,L396_f03,sst1.2,16539,2,513,L396_f03|sst1.2|16539,RLB,bout,B1,8,0.0016271912027150393,0.1557779610157013,57,57,2.0
Matilde,L396_f03,sst1.2,16539,2,513,L396_f03|sst1.2|16539,LLB,bout,B1,9,0.0011558044934645295,-0.22827012836933136,57,57,2.0
Matilde,L396_f03,sst1.2,16539,2,513,L396_f03|sst1.2|16539,LLB+RLB,bout,B1,10,0.002758798887953162,1.0777214765548706,57,57,2.0
Matilde,L396_f03,sst1.2,16539,2,513,L396_f03|sst1.2|16539,RLC,continuous,B1,11,0.0014929878525435925,0.0464397594332695,57,57,2.0
Matilde,L396_f03,sst1.2,16539,2,513,L396_f03|sst1.2|16539,LLC+RLC,continuous,B1,12,0.0014666150091215968,0.024953436106443405,57,57,2.0
Matilde,L396_f03,sst1.2,16539,2,513,L396_f03|sst1.2|16539,LLC,continuous,B1,14,0.001489692134782672,0.04375465214252472,57,57,2.0
Matilde,L396_f03,sst1.2,16539,2,513,L396_f03|sst1.2|16539,LLC,continuous,B2,16,0.0016268909676000476,0.15553349256515503,57,57,2.0
Matilde,L396_f03,sst1.2,16539,2,513,L396_f03|sst1.2|16539,RLC,continuous,B2,18,0.0009795727673918009,-0.37184959650039673,57,57,2.0
Matilde,L396_f03,sst1.2,16539,2,513,L396_f03|sst1.2|16539,LLB+RLB,bout,B2,19,0.0013814102858304977,-0.04446461796760559,57,57,2.0
Matilde,L396_f03,sst1.2,16539,2,513,L396_f03|sst1.2|16539,RLB,bout,B2,21,0.0018395553342998028,0.32879525423049927,57,57,2.0
Matilde,L396_f03,sst1.2,16539,2,513,L396_f03|sst1.2|16539,LLB,bout,B2,22,0.001594528672285378,0.12916727364063263,57,57,2.0
Matilde,L396_f03,sst1.2,16539,2,513,L396_f03|sst1.2|16539,LLC+RLC,continuous,B2,23,0.0015192932914942503,0.06787145882844925,57,57,2.0
Matilde,L396_f03,sst1.2,16539,2,513,L396_f03|sst1.2|16539,RLC,continuous,B2,24,0.001608259859494865,0.14035433530807495,57,57,2.0
Matilde,L396_f03,sst1.2,16539,2,513,L396_f03|sst1.2|16539,LLC+RLC,continuous,B2,25,0.0014728964306414127,0.030070986598730087,57,57,2.0
Matilde,L396_f03,sst1.2,16539,2,513,L396_f03|sst1.2|16539,LLC,continuous,B2,27,0.001348813297227025,-0.07102204114198685,57,57,2.0
Matilde,L396_f03,sst1.2,16539,2,513,L396_f03|sst1.2|16539,LLB+RLB,bout,B2,28,0.002398946089670062,0.7845422625541687,57,57,2.0
Matilde,L396_f03,sst1.2,16539,2,513,L396_f03|sst1.2|16539,LLB,bout,B2,29,0.0011800985084846616,-0.20847739279270172,57,57,2.0
Matilde,L396_f03,sst1.2,16539,2,513,L396_f03|sst1.2|16539,RLB,bout,B2,31,0.0024277796037495136,0.8080335259437561,57,57,2.0
Matilde,L396_f03,sst1.2,16840,0,202,L396_f03|sst1.2|16840,RLB,bout,B1,0,0.014388958923518658,6.599414348602295,57,57,2.0
Matilde,L396_f03,sst1.2,16840,0,202,L396_f03|sst1.2|16840,LLC+RLC,continuous,B1,1,0.007224814500659704,2.7776741981506348,57,57,2.0
Matilde,L396_f03,sst1.2,16840,0,202,L396_f03|sst1.2|16840,LLB,bout,B1,2,0.002457365859299898,0.23446041345596313,57,57,2.0
Matilde,L396_f03,sst1.2,16840,0,202,L396_f03|sst1.2|16840,RLC,continuous,B1,3,0.007433538790792227,2.889019012451172,57,57,2.0
Matilde,L396_f03,sst1.2,16840,0,202,L396_f03|sst1.2|16840,LLC,continuous,B1,4,0.002295849146321416,0.14829863607883453,57,57,2.0
Matilde,L396_f03,sst1.2,16840,0,202,L396_f03|sst1.2|16840,LLB+RLB,bout,B1,6,0.005530703347176313,1.8739440441131592,57,57,2.0
Matilde,L396_f03,sst1.2,16840,0,202,L396_f03|sst1.2|16840,RLB,bout,B1,8,0.007576133124530315,2.9650864601135254,57,57,2.0
Matilde,L396_f03,sst1.2,16840,0,202,L396_f03|sst1.2|16840,LLB,bout,B1,9,0.0015036738477647305,-0.27429038286209106,57,57,2.0
Matilde,L396_f03,sst1.2,16840,0,202,L396_f03|sst1.2|16840,LLB+RLB,bout,B1,10,0.004893504548817873,1.5340274572372437,57,57,2.0
Matilde,L396_f03,sst1.2,16840,0,202,L396_f03|sst1.2|16840,RLC,continuous,B1,11,0.007006020750850439,2.6609580516815186,57,57,2.0
Matilde,L396_f03,sst1.2,16840,0,202,L396_f03|sst1.2|16840,LLC+RLC,continuous,B1,12,0.002956056734547019,0.5004889965057373,57,57,2.0
Matilde,L396_f03,sst1.2,16840,0,202,L396_f03|sst1.2|16840,LLC,continuous,B1,14,0.001823400380089879,-0.10373109579086304,57,57,2.0
Matilde,L396_f03,sst1.2,16840,0,202,L396_f03|sst1.2|16840,LLC,continuous,B2,16,0.0020047491416335106,-0.0069898804649710655,57,57,2.0
Matilde,L396_f03,sst1.2,16840,0,202,L396_f03|sst1.2|16840,RLC,continuous,B2,18,0.008421886712312698,3.416256904602051,57,57,2.0
Matilde,L396_f03,sst1.2,16840,0,202,L396_f03|sst1.2|16840,LLB+RLB,bout,B2,19,0.0027548926882445812,0.39317724108695984,57,57,2.0
Matilde,L396_f03,sst1.2,16840,0,202,L396_f03|sst1.2|16840,RLB,bout,B2,21,0.0021170894615352154,0.052938565611839294,57,57,2.0
Matilde,L396_f03,sst1.2,16840,0,202,L396_f03|sst1.2|16840,LLB,bout,B2,22,0.0017933995695784688,-0.11973501741886139,57,57,2.0
Matilde,L396_f03,sst1.2,16840,0,202,L396_f03|sst1.2|16840,LLC+RLC,continuous,B2,23,0.0035248505882918835,0.8039138913154602,57,57,2.0
Matilde,L396_f03,sst1.2,16840,0,202,L396_f03|sst1.2|16840,RLC,continuous,B2,24,0.0045092361979186535,1.3290382623672485,57,57,2.0
Matilde,L396_f03,sst1.2,16840,0,202,L396_f03|sst1.2|16840,LLC+RLC,continuous,B2,25,0.004533282946795225,1.341866374015808,57,57,2.0
Matilde,L396_f03,sst1.2,16840,0,202,L396_f03|sst1.2|16840,LLC,continuous,B2,27,0.0017528231255710125,-0.14138087630271912,57,57,2.0
Matilde,L396_f03,sst1.2,16840,0,202,L396_f03|sst1.2|16840,LLB+RLB,bout,B2,28,0.0020218929275870323,0.0021555747371166945,57,57,2.0
Matilde,L396_f03,sst1.2,16840,0,202,L396_f03|sst1.2|16840,LLB,bout,B2,29,0.0021158799063414335,0.05229318514466286,57,57,2.0
Matilde,L396_f03,sst1.2,16840,0,202,L396_f03|sst1.2|16840,RLB,bout,B2,31,0.004400377161800861,1.2709673643112183,57,57,2.0
Matilde,L396_f03,tac3b,13833,3,351,L396_f03|tac3b|13833,RLB,bout,B1,0,0.0023269292432814837,0.31727662682533264,57,57,2.0
Matilde,L396_f03,tac3b,13833,3,351,L396_f03|tac3b|13833,LLC+RLC,continuous,B1,1,0.001942517701536417,0.06310030817985535,57,57,2.0
Matilde,L396_f03,tac3b,13833,3,351,L396_f03|tac3b|13833,LLB,bout,B1,2,0.003383894683793187,1.0161519050598145,57,57,2.0
Matilde,L396_f03,tac3b,13833,3,351,L396_f03|tac3b|13833,RLC,continuous,B1,3,0.001871950225904584,0.016440488398075104,57,57,2.0
Matilde,L396_f03,tac3b,13833,3,351,L396_f03|tac3b|13833,LLC,continuous,B1,4,0.0018344875425100327,-0.008330150507390499,57,57,2.0
Matilde,L396_f03,tac3b,13833,3,351,L396_f03|tac3b|13833,LLB+RLB,bout,B1,6,0.0027129112277179956,0.5724915862083435,57,57,2.0
Matilde,L396_f03,tac3b,13833,3,351,L396_f03|tac3b|13833,RLB,bout,B1,8,0.0017716839211061597,-0.049856528639793396,57,57,2.0
Matilde,L396_f03,tac3b,13833,3,351,L396_f03|tac3b|13833,LLB,bout,B1,9,0.001815193798393011,-0.02108725905418396,57,57,2.0
Matilde,L396_f03,tac3b,13833,3,351,L396_f03|tac3b|13833,LLB+RLB,bout,B1,10,0.0021862098947167397,0.22423189878463745,57,57,2.0
Matilde,L396_f03,tac3b,13833,3,351,L396_f03|tac3b|13833,RLC,continuous,B1,11,0.0018912338418886065,0.02919098362326622,57,57,2.0
Matilde,L396_f03,tac3b,13833,3,351,L396_f03|tac3b|13833,LLC+RLC,continuous,B1,12,0.0017678538570180535,-0.05238887667655945,57,57,2.0
Matilde,L396_f03,tac3b,13833,3,351,L396_f03|tac3b|13833,LLC,continuous,B1,14,0.0014809868298470974,-0.24206805229187012,57,57,2.0
Matilde,L396_f03,tac3b,13833,3,351,L396_f03|tac3b|13833,LLC,continuous,B2,16,0.0018875027308240533,0.026724010705947876,57,57,2.0
Matilde,L396_f03,tac3b,13833,3,351,L396_f03|tac3b|13833,RLC,continuous,B2,18,0.0015603839419782162,-0.18956996500492096,57,57,2.0
Matilde,L396_f03,tac3b,13833,3,351,L396_f03|tac3b|13833,LLB+RLB,bout,B2,19,0.0017313013086095452,-0.07655774801969528,57,57,2.0
Matilde,L396_f03,tac3b,13833,3,351,L396_f03|tac3b|13833,RLB,bout,B2,21,0.0015459073474630713,-0.1991419494152069,57,57,2.0
Matilde,L396_f03,tac3b,13833,3,351,L396_f03|tac3b|13833,LLB,bout,B2,22,0.0018982667243108153,0.03384122624993324,57,57,2.0
Matilde,L396_f03,tac3b,13833,3,351,L396_f03|tac3b|13833,LLC+RLC,continuous,B2,23,0.0018200227059423923,-0.017894387245178223,57,57,2.0
Matilde,L396_f03,tac3b,13833,3,351,L396_f03|tac3b|13833,RLC,continuous,B2,24,0.0012496357085183263,-0.3950395882129669,57,57,2.0
Matilde,L396_f03,tac3b,13833,3,351,L396_f03|tac3b|13833,LLC+RLC,continuous,B2,25,0.0021609326358884573,0.20751827955245972,57,57,2.0
Matilde,L396_f03,tac3b,13833,3,351,L396_f03|tac3b|13833,LLC,continuous,B2,27,0.0018344809068366885,-0.008334574289619923,57,57,2.0
Matilde,L396_f03,tac3b,13833,3,351,L396_f03|tac3b|13833,LLB+RLB,bout,B2,28,0.0016153701581060886,-0.1532125025987625,57,57,2.0
Matilde,L396_f03,tac3b,13833,3,351,L396_f03|tac3b|13833,LLB,bout,B2,29,0.0014021695824339986,-0.2941827178001404,57,57,2.0
Matilde,L396_f03,tac3b,13833,3,351,L396_f03|tac3b|13833,RLB,bout,B2,31,0.002095648553222418,0.16435173153877258,57,57,2.0
Matilde,L396_f04,cfos,16835,2,79,L396_f04|cfos|16835,LLC+RLC,continuous,B1,0,0.00012934657570440322,-1.164057970046997,57,57,2.0
Matilde,L396_f04,cfos,16835,2,79,L396_f04|cfos|16835,LLC,continuous,B1,2,0.0038832256104797125,-0.18285538256168365,57,57,2.0
Matilde,L396_f04,cfos,16835,2,79,L396_f04|cfos|16835,RLC,continuous,B1,3,0.00743798166513443,0.7462997436523438,57,57,2.0
Matilde,L396_f04,cfos,16835,2,79,L396_f04|cfos|16835,LLB,bout,B1,4,0.0037259694654494524,-0.22395949065685272,57,57,2.0
Matilde,L396_f04,cfos,16835,2,79,L396_f04|cfos|16835,LLB+RLB,bout,B1,6,0.004934655036777258,0.0919710174202919,57,57,2.0
Matilde,L396_f04,cfos,16835,2,79,L396_f04|cfos|16835,RLB,bout,B1,7,0.005597630050033331,0.2652619779109955,57,57,2.0
Matilde,L396_f04,cfos,16835,2,79,L396_f04|cfos|16835,RLC,continuous,B1,8,0.0007636308437213302,-0.9982664585113525,57,57,2.0
Matilde,L396_f04,cfos,16835,2,79,L396_f04|cfos|16835,RLB,bout,B1,9,0.0011912209447473288,-0.8865013122558594,57,57,2.0
Matilde,L396_f04,cfos,16835,2,79,L396_f04|cfos|16835,LLB,bout,B1,12,0.005663592368364334,0.28250351548194885,57,57,2.0
Matilde,L396_f04,cfos,16835,2,79,L396_f04|cfos|16835,LLB+RLB,bout,B1,13,0.001884044031612575,-0.7054087519645691,57,57,2.0
Matilde,L396_f04,cfos,16835,2,79,L396_f04|cfos|16835,LLC+RLC,continuous,B1,14,-0.0012930207885801792,-1.5358415842056274,57,57,2.0
Matilde,L396_f04,cfos,16835,2,79,L396_f04|cfos|16835,LLC,continuous,B1,15,0.0028315773233771324,-0.4577391445636749,57,57,2.0
Matilde,L396_f04,cfos,16835,2,79,L396_f04|cfos|16835,LLC,continuous,B2,16,0.004331641364842653,-0.06564678251743317,57,57,2.0
Matilde,L396_f04,cfos,16835,2,79,L396_f04|cfos|16835,RLB,bout,B2,17,0.004723745863884687,0.0368429534137249,57,57,2.0
Matilde,L396_f04,cfos,16835,2,79,L396_f04|cfos|16835,LLC+RLC,continuous,B2,18,0.008671385236084461,1.068691372871399,57,57,2.0
Matilde,L396_f04,cfos,16835,2,79,L396_f04|cfos|16835,LLB+RLB,bout,B2,19,0.005914861802011728,0.3481810986995697,57,57,2.0
Matilde,L396_f04,cfos,16835,2,79,L396_f04|cfos|16835,RLC,continuous,B2,21,0.002973609371110797,-0.4206140637397766,57,57,2.0
Matilde,L396_f04,cfos,16835,2,79,L396_f04|cfos|16835,LLB,bout,B2,23,0.008586653508245945,1.0465437173843384,57,57,2.0
Matilde,L396_f04,cfos,16835,2,79,L396_f04|cfos|16835,RLB,bout,B2,24,0.008030152879655361,0.9010834693908691,57,57,2.0
Matilde,L396_f04,cfos,16835,2,79,L396_f04|cfos|16835,RLC,continuous,B2,25,0.0048500592820346355,0.06985913962125778,57,57,2.0
Matilde,L396_f04,cfos,16835,2,79,L396_f04|cfos|16835,LLC+RLC,continuous,B2,26,0.004483435768634081,-0.025970228016376495,57,57,2.0
Matilde,L396_f04,cfos,16835,2,79,L396_f04|cfos|16835,LLC,continuous,B2,27,0.007298604119569063,0.7098686695098877,57,57,2.0
Matilde,L396_f04,cfos,16835,2,79,L396_f04|cfos|16835,LLB,bout,B2,28,0.005438127089291811,0.22357052564620972,57,57,2.0
Matilde,L396_f04,cfos,16835,2,79,L396_f04|cfos|16835,LLB+RLB,bout,B2,30,0.003989966120570898,-0.15495508909225464,57,57,2.0
Matilde,L396_f04,npy,15560,2,492,L396_f04|npy|15560,LLC+RLC,continuous,B1,0,0.004745348356664181,-0.20975932478904724,57,57,2.0
Matilde,L396_f04,npy,15560,2,492,L396_f04|npy|15560,LLC,continuous,B1,2,0.004993562586605549,-0.15597540140151978,57,57,2.0
Matilde,L396_f04,npy,15560,2,492,L396_f04|npy|15560,RLC,continuous,B1,3,0.005480302032083273,-0.05050751566886902,57,57,2.0
Matilde,L396_f04,npy,15560,2,492,L396_f04|npy|15560,LLB,bout,B1,4,0.003504203399643302,-0.47869405150413513,57,57,2.0
Matilde,L396_f04,npy,15560,2,492,L396_f04|npy|15560,LLB+RLB,bout,B1,6,0.0015026795445010066,-0.9123899340629578,57,57,2.0
Matilde,L396_f04,npy,15560,2,492,L396_f04|npy|15560,RLB,bout,B1,7,0.0040956358425319195,-0.35054075717926025,57,57,2.0
Matilde,L396_f04,npy,15560,2,492,L396_f04|npy|15560,RLC,continuous,B1,8,0.004992317873984575,-0.15624521672725677,57,57,2.0
Matilde,L396_f04,npy,15560,2,492,L396_f04|npy|15560,RLB,bout,B1,9,0.004702653270214796,-0.21901057660579681,57,57,2.0
Matilde,L396_f04,npy,15560,2,492,L396_f04|npy|15560,LLB,bout,B1,12,0.009549977257847786,0.8313215374946594,57,57,2.0
Matilde,L396_f04,npy,15560,2,492,L396_f04|npy|15560,LLB+RLB,bout,B1,13,0.009946745820343494,0.917294442653656,57,57,2.0
Matilde,L396_f04,npy,15560,2,492,L396_f04|npy|15560,LLC+RLC,continuous,B1,14,0.002393831266090274,-0.7192927002906799,57,57,2.0
Matilde,L396_f04,npy,15560,2,492,L396_f04|npy|15560,LLC,continuous,B1,15,0.009851031005382538,0.8965545892715454,57,57,2.0
Matilde,L396_f04,npy,15560,2,492,L396_f04|npy|15560,LLC,continuous,B2,16,0.00885438546538353,0.6805984973907471,57,57,2.0
Matilde,L396_f04,npy,15560,2,492,L396_f04|npy|15560,RLB,bout,B2,17,0.013548873364925385,1.6978135108947754,57,57,2.0
Matilde,L396_f04,npy,15560,2,492,L396_f04|npy|15560,LLC+RLC,continuous,B2,18,0.004331373609602451,-0.2994604706764221,57,57,2.0
Matilde,L396_f04,npy,15560,2,492,L396_f04|npy|15560,LLB+RLB,bout,B2,19,0.001978920539841056,-0.8091966509819031,57,57,2.0
Matilde,L396_f04,npy,15560,2,492,L396_f04|npy|15560,RLC,continuous,B2,21,0.0027861325070261955,-0.6342876553535461,57,57,2.0
Matilde,L396_f04,npy,15560,2,492,L396_f04|npy|15560,LLB,bout,B2,23,0.0010586543940007687,-1.008602499961853,57,57,2.0
Matilde,L396_f04,npy,15560,2,492,L396_f04|npy|15560,RLB,bout,B2,24,0.00037612413871102035,-1.156495213508606,57,57,2.0
Matilde,L396_f04,npy,15560,2,492,L396_f04|npy|15560,RLC,continuous,B2,25,0.007536624558269978,0.3950623571872711,57,57,2.0
Matilde,L396_f04,npy,15560,2,492,L396_f04|npy|15560,LLC+RLC,continuous,B2,26,0.0076987650245428085,0.4301954507827759,57,57,2.0
Matilde,L396_f04,npy,15560,2,492,L396_f04|npy|15560,LLC,continuous,B2,27,0.005828486289829016,0.024938110262155533,57,57,2.0
Matilde,L396_f04,npy,15560,2,492,L396_f04|npy|15560,LLB,bout,B2,28,0.0024809434544295073,-0.7004169821739197,57,57,2.0
Matilde,L396_f04,npy,15560,2,492,L396_f04|npy|15560,LLB+RLB,bout,B2,30,0.0027585357893258333,-0.640267550945282,57,57,2.0
Matilde,L396_f04,npy,18742,0,415,L396_f04|npy|18742,LLC+RLC,continuous,B1,0,0.0038065756671130657,0.11989621818065643,57,57,2.0
Matilde,L396_f04,npy,18742,0,415,L396_f04|npy|18742,LLC,continuous,B1,2,0.0025656563229858875,-0.2825838029384613,57,57,2.0
Matilde,L396_f04,npy,18742,0,415,L396_f04|npy|18742,RLC,continuous,B1,3,0.002075307536870241,-0.441623717546463,57,57,2.0
Matilde,L396_f04,npy,18742,0,415,L396_f04|npy|18742,LLB,bout,B1,4,0.003250660840421915,-0.06040928512811661,57,57,2.0
Matilde,L396_f04,npy,18742,0,415,L396_f04|npy|18742,LLB+RLB,bout,B1,6,0.003542266320437193,0.03417016193270683,57,57,2.0
Matilde,L396_f04,npy,18742,0,415,L396_f04|npy|18742,RLB,bout,B1,7,0.0026828960981220007,-0.24455824494361877,57,57,2.0
Matilde,L396_f04,npy,18742,0,415,L396_f04|npy|18742,RLC,continuous,B1,8,0.0017848621355369687,-0.5358268618583679,57,57,2.0
Matilde,L396_f04,npy,18742,0,415,L396_f04|npy|18742,RLB,bout,B1,9,0.0035403650254011154,0.033553432673215866,57,57,2.0
Matilde,L396_f04,npy,18742,0,415,L396_f04|npy|18742,LLB,bout,B1,12,0.00280536781065166,-0.20483563840389252,57,57,2.0
Matilde,L396_f04,npy,18742,0,415,L396_f04|npy|18742,LLB+RLB,bout,B1,13,0.005302142817527056,0.6049688458442688,57,57,2.0
Matilde,L396_f04,npy,18742,0,415,L396_f04|npy|18742,LLC+RLC,continuous,B1,14,0.004365676082670689,0.3012350797653198,57,57,2.0
Matilde,L396_f04,npy,18742,0,415,L396_f04|npy|18742,LLC,continuous,B1,15,0.0015314026968553662,-0.6180339455604553,57,57,2.0
Matilde,L396_f04,npy,18742,0,415,L396_f04|npy|18742,LLC,continuous,B2,16,0.0025440447498112917,-0.289593368768692,57,57,2.0
Matilde,L396_f04,npy,18742,0,415,L396_f04|npy|18742,RLB,bout,B2,17,0.0032206601463258266,-0.07013970613479614,57,57,2.0
Matilde,L396_f04,npy,18742,0,415,L396_f04|npy|18742,LLC+RLC,continuous,B2,18,0.006281087175011635,0.9224798679351807,57,57,2.0
Matilde,L396_f04,npy,18742,0,415,L396_f04|npy|18742,LLB+RLB,bout,B2,19,0.002063384745270014,-0.4454907178878784,57,57,2.0
Matilde,L396_f04,npy,18742,0,415,L396_f04|npy|18742,RLC,continuous,B2,21,0.0021576518192887306,-0.414916068315506,57,57,2.0
Matilde,L396_f04,npy,18742,0,415,L396_f04|npy|18742,LLB,bout,B2,23,0.0037209526635706425,0.09212535619735718,57,57,2.0
Matilde,L396_f04,npy,18742,0,415,L396_f04|npy|18742,RLB,bout,B2,24,0.003526881569996476,0.029180163517594337,57,57,2.0
Matilde,L396_f04,npy,18742,0,415,L396_f04|npy|18742,RLC,continuous,B2,25,0.004479730036109686,0.3382273018360138,57,57,2.0
Matilde,L396_f04,npy,18742,0,415,L396_f04|npy|18742,LLC+RLC,continuous,B2,26,0.005068462807685137,0.5291768908500671,57,57,2.0
Matilde,L396_f04,npy,18742,0,415,L396_f04|npy|18742,LLC,continuous,B2,27,0.005178162828087807,0.5647571086883545,57,57,2.0
Matilde,L396_f04,npy,18742,0,415,L396_f04|npy|18742,LLB,bout,B2,28,0.0038397805765271187,0.13066595792770386,57,57,2.0
Matilde,L396_f04,npy,18742,0,415,L396_f04|npy|18742,LLB+RLB,bout,B2,30,0.0031842507887631655,-0.08194874227046967,57,57,2.0
Matilde,L396_f04,pth2,13710,3,441,L396_f04|pth2|13710,LLC+RLC,continuous,B1,0,0.013827077113091946,2.0715785026550293,57,57,2.0
Matilde,L396_f04,pth2,13710,3,441,L396_f04|pth2|13710,LLC,continuous,B1,2,0.008449492044746876,0.8121752142906189,57,57,2.0
Matilde,L396_f04,pth2,13710,3,441,L396_f04|pth2|13710,RLC,continuous,B1,3,0.005684468895196915,0.1646210253238678,57,57,2.0
Matilde,L396_f04,pth2,13710,3,441,L396_f04|pth2|13710,LLB,bout,B1,4,0.006156884133815765,0.2752581238746643,57,57,2.0
Matilde,L396_f04,pth2,13710,3,441,L396_f04|pth2|13710,LLB+RLB,bout,B1,6,0.003706514835357666,-0.2986058294773102,57,57,2.0
Matilde,L396_f04,pth2,13710,3,441,L396_f04|pth2|13710,RLB,bout,B1,7,0.0023708753287792206,-0.6114058494567871,57,57,2.0
Matilde,L396_f04,pth2,13710,3,441,L396_f04|pth2|13710,RLC,continuous,B1,8,0.0037051280960440636,-0.2989306151866913,57,57,2.0
Matilde,L396_f04,pth2,13710,3,441,L396_f04|pth2|13710,RLB,bout,B1,9,0.006880803033709526,0.4447963535785675,57,57,2.0
Matilde,L396_f04,pth2,13710,3,441,L396_f04|pth2|13710,LLB,bout,B1,12,0.006467121187597513,0.3479139804840088,57,57,2.0
Matilde,L396_f04,pth2,13710,3,441,L396_f04|pth2|13710,LLB+RLB,bout,B1,13,0.00882717315107584,0.9006261229515076,57,57,2.0
Matilde,L396_f04,pth2,13710,3,441,L396_f04|pth2|13710,LLC+RLC,continuous,B1,14,0.006432462017983198,0.33979716897010803,57,57,2.0
Matilde,L396_f04,pth2,13710,3,441,L396_f04|pth2|13710,LLC,continuous,B1,15,0.0058789984323084354,0.21017879247665405,57,57,2.0
Matilde,L396_f04,pth2,13710,3,441,L396_f04|pth2|13710,LLC,continuous,B2,16,0.004048924893140793,-0.21841515600681305,57,57,2.0
Matilde,L396_f04,pth2,13710,3,441,L396_f04|pth2|13710,RLB,bout,B2,17,0.004413645714521408,-0.132999449968338,57,57,2.0
Matilde,L396_f04,pth2,13710,3,441,L396_f04|pth2|13710,LLC+RLC,continuous,B2,18,0.0028651978354901075,-0.495637983083725,57,57,2.0
Matilde,L396_f04,pth2,13710,3,441,L396_f04|pth2|13710,LLB+RLB,bout,B2,19,0.0013593594776466489,-0.848297655582428,57,57,2.0
Matilde,L396_f04,pth2,13710,3,441,L396_f04|pth2|13710,RLC,continuous,B2,21,0.0018721498781815171,-0.7282046675682068,57,57,2.0
Matilde,L396_f04,pth2,13710,3,441,L396_f04|pth2|13710,LLB,bout,B2,23,0.0022002356126904488,-0.6513687968254089,57,57,2.0
Matilde,L396_f04,pth2,13710,3,441,L396_f04|pth2|13710,RLB,bout,B2,24,0.001002721139229834,-0.9318205118179321,57,57,2.0
Matilde,L396_f04,pth2,13710,3,441,L396_f04|pth2|13710,RLC,continuous,B2,25,0.0019630773458629847,-0.7069100737571716,57,57,2.0
Matilde,L396_f04,pth2,13710,3,441,L396_f04|pth2|13710,LLC+RLC,continuous,B2,26,0.0027095824480056763,-0.5320823192596436,57,57,2.0
Matilde,L396_f04,pth2,13710,3,441,L396_f04|pth2|13710,LLC,continuous,B2,27,0.0023256102576851845,-0.6220067143440247,57,57,2.0
Matilde,L396_f04,pth2,13710,3,441,L396_f04|pth2|13710,LLB,bout,B2,28,0.0024163718335330486,-0.6007508635520935,57,57,2.0
Matilde,L396_f04,pth2,13710,3,441,L396_f04|pth2|13710,LLB+RLB,bout,B2,30,0.0008063195855356753,-0.9778168201446533,57,57,2.0
Matilde,L396_f04,pth2,13714,4,52,L396_f04|pth2|13714,LLC+RLC,continuous,B1,0,0.0060261692851781845,0.25541847944259644,57,57,2.0
Matilde,L396_f04,pth2,13714,4,52,L396_f04|pth2|13714,LLC,continuous,B1,2,0.002131761284545064,-0.5522134900093079,57,57,2.0
Matilde,L396_f04,pth2,13714,4,52,L396_f04|pth2|13714,RLC,continuous,B1,3,0.0032497835345566273,-0.32035529613494873,57,57,2.0
Matilde,L396_f04,pth2,13714,4,52,L396_f04|pth2|13714,LLB,bout,B1,4,0.003928422462195158,-0.17961746454238892,57,57,2.0
Matilde,L396_f04,pth2,13714,4,52,L396_f04|pth2|13714,LLB+RLB,bout,B1,6,0.004924571141600609,0.02696632780134678,57,57,2.0
Matilde,L396_f04,pth2,13714,4,52,L396_f04|pth2|13714,RLB,bout,B1,7,0.003923706244677305,-0.18059559166431427,57,57,2.0
Matilde,L396_f04,pth2,13714,4,52,L396_f04|pth2|13714,RLC,continuous,B1,8,0.0035828668624162674,-0.2512796223163605,57,57,2.0
Matilde,L396_f04,pth2,13714,4,52,L396_f04|pth2|13714,RLB,bout,B1,9,0.005230291280895472,0.09036722034215927,57,57,2.0
Matilde,L396_f04,pth2,13714,4,52,L396_f04|pth2|13714,LLB,bout,B1,12,0.005665417294949293,0.18060483038425446,57,57,2.0
Matilde,L396_f04,pth2,13714,4,52,L396_f04|pth2|13714,LLB+RLB,bout,B1,13,0.00753483921289444,0.5682900547981262,57,57,2.0
Matilde,L396_f04,pth2,13714,4,52,L396_f04|pth2|13714,LLC+RLC,continuous,B1,14,0.01282546203583479,1.6654726266860962,57,57,2.0
Matilde,L396_f04,pth2,13714,4,52,L396_f04|pth2|13714,LLC,continuous,B1,15,0.005151893012225628,0.07410881668329239,57,57,2.0
Matilde,L396_f04,pth2,13714,4,52,L396_f04|pth2|13714,LLC,continuous,B2,16,0.004050295799970627,-0.15434308350086212,57,57,2.0
Matilde,L396_f04,pth2,13714,4,52,L396_f04|pth2|13714,RLB,bout,B2,17,0.005020470358431339,0.046854134649038315,57,57,2.0
Matilde,L396_f04,pth2,13714,4,52,L396_f04|pth2|13714,LLC+RLC,continuous,B2,18,0.017756065353751183,2.687992811203003,57,57,2.0
Matilde,L396_f04,pth2,13714,4,52,L396_f04|pth2|13714,LLB+RLB,bout,B2,19,0.003763811895623803,-0.213754802942276,57,57,2.0
Matilde,L396_f04,pth2,13714,4,52,L396_f04|pth2|13714,RLC,continuous,B2,21,0.005460138898342848,0.13803371787071228,57,57,2.0
Matilde,L396_f04,pth2,13714,4,52,L396_f04|pth2|13714,LLB,bout,B2,23,0.004977790638804436,0.038003116846084595,57,57,2.0
Matilde,L396_f04,pth2,13714,4,52,L396_f04|pth2|13714,RLB,bout,B2,24,0.004546689335256815,-0.0513998307287693,57,57,2.0
Matilde,L396_f04,pth2,13714,4,52,L396_f04|pth2|13714,RLC,continuous,B2,25,0.0052170660346746445,0.08762460201978683,57,57,2.0
Matilde,L396_f04,pth2,13714,4,52,L396_f04|pth2|13714,LLC+RLC,continuous,B2,26,0.006794423796236515,0.4147408604621887,57,57,2.0
Matilde,L396_f04,pth2,13714,4,52,L396_f04|pth2|13714,LLC,continuous,B2,27,0.008759538643062115,0.8222714066505432,57,57,2.0
Matilde,L396_f04,pth2,13714,4,52,L396_f04|pth2|13714,LLB,bout,B2,28,0.004886936396360397,0.01916147954761982,57,57,2.0
Matilde,L396_f04,pth2,13714,4,52,L396_f04|pth2|13714,LLB+RLB,bout,B2,30,0.004818552639335394,0.0049797953106462955,57,57,2.0
Matilde,L396_f04,pth2,16967,2,529,L396_f04|pth2|16967,LLC+RLC,continuous,B1,0,0.003354147309437394,-0.25462010502815247,57,57,2.0
Matilde,L396_f04,pth2,16967,2,529,L396_f04|pth2|16967,LLC,continuous,B1,2,0.0018853825749829412,-0.5535761713981628,57,57,2.0
Matilde,L396_f04,pth2,16967,2,529,L396_f04|pth2|16967,RLC,continuous,B1,3,0.0014819762436673045,-0.6356865167617798,57,57,2.0
Matilde,L396_f04,pth2,16967,2,529,L396_f04|pth2|16967,LLB,bout,B1,4,0.00895902793854475,0.8862113356590271,57,57,2.0
Matilde,L396_f04,pth2,16967,2,529,L396_f04|pth2|16967,LLB+RLB,bout,B1,6,0.009411071427166462,0.9782212972640991,57,57,2.0
Matilde,L396_f04,pth2,16967,2,529,L396_f04|pth2|16967,RLB,bout,B1,7,0.002807218348607421,-0.36594343185424805,57,57,2.0
Matilde,L396_f04,pth2,16967,2,529,L396_f04|pth2|16967,RLC,continuous,B1,8,0.004275402054190636,-0.06710561364889145,57,57,2.0
Matilde,L396_f04,pth2,16967,2,529,L396_f04|pth2|16967,RLB,bout,B1,9,0.004636346362531185,0.006361755542457104,57,57,2.0
Matilde,L396_f04,pth2,16967,2,529,L396_f04|pth2|16967,LLB,bout,B1,12,0.003955682273954153,-0.13218215107917786,57,57,2.0
Matilde,L396_f04,pth2,16967,2,529,L396_f04|pth2|16967,LLB+RLB,bout,B1,13,0.007630768697708845,0.6158541440963745,57,57,2.0
Matilde,L396_f04,pth2,16967,2,529,L396_f04|pth2|16967,LLC+RLC,continuous,B1,14,0.004721466451883316,0.023687416687607765,57,57,2.0
Matilde,L396_f04,pth2,16967,2,529,L396_f04|pth2|16967,LLC,continuous,B1,15,0.004539507906883955,-0.013348947279155254,57,57,2.0
Matilde,L396_f04,pth2,16967,2,529,L396_f04|pth2|16967,LLC,continuous,B2,16,0.00877003651112318,0.8477435111999512,57,57,2.0
Matilde,L396_f04,pth2,16967,2,529,L396_f04|pth2|16967,RLB,bout,B2,17,0.0031458011362701654,-0.29702746868133545,57,57,2.0
Matilde,L396_f04,pth2,16967,2,529,L396_f04|pth2|16967,LLC+RLC,continuous,B2,18,0.0021464352030307055,-0.500440776348114,57,57,2.0
Matilde,L396_f04,pth2,16967,2,529,L396_f04|pth2|16967,LLB+RLB,bout,B2,19,0.004203133750706911,-0.08181524276733398,57,57,2.0
Matilde,L396_f04,pth2,16967,2,529,L396_f04|pth2|16967,RLC,continuous,B2,21,0.005124394781887531,0.10570048540830612,57,57,2.0
Matilde,L396_f04,pth2,16967,2,529,L396_f04|pth2|16967,LLB,bout,B2,23,0.00241428823210299,-0.4459214210510254,57,57,2.0
Matilde,L396_f04,pth2,16967,2,529,L396_f04|pth2|16967,RLB,bout,B2,24,0.0031033053528517485,-0.3056771755218506,57,57,2.0
Matilde,L396_f04,pth2,16967,2,529,L396_f04|pth2|16967,RLC,continuous,B2,25,0.0037648698780685663,-0.17102062702178955,57,57,2.0
Matilde,L396_f04,pth2,16967,2,529,L396_f04|pth2|16967,LLC+RLC,continuous,B2,26,0.003979347180575132,-0.12736539542675018,57,57,2.0
Matilde,L396_f04,pth2,16967,2,529,L396_f04|pth2|16967,LLC,continuous,B2,27,0.0036806524731218815,-0.1881624311208725,57,57,2.0
Matilde,L396_f04,pth2,16967,2,529,L396_f04|pth2|16967,LLB,bout,B2,28,0.0025585966650396585,-0.41654855012893677,57,57,2.0
Matilde,L396_f04,pth2,16967,2,529,L396_f04|pth2|16967,LLB+RLB,bout,B2,30,0.00211013900116086,-0.5078287124633789,57,57,2.0
Matilde,L396_f04,pth2,18036,1,227,L396_f04|pth2|18036,LLC+RLC,continuous,B1,0,0.0016095071332529187,-0.7112985849380493,57,57,2.0
Matilde,L396_f04,pth2,18036,1,227,L396_f04|pth2|18036,LLC,continuous,B1,2,0.0010703050065785646,-0.7602958083152771,57,57,2.0
Matilde,L396_f04,pth2,18036,1,227,L396_f04|pth2|18036,RLC,continuous,B1,3,0.0021640462800860405,-0.6609076857566833,57,57,2.0
Matilde,L396_f04,pth2,18036,1,227,L396_f04|pth2|18036,LLB,bout,B1,4,0.04613976180553436,3.335162878036499,57,57,2.0
Matilde,L396_f04,pth2,18036,1,227,L396_f04|pth2|18036,LLB+RLB,bout,B1,6,0.09549462795257568,7.820034980773926,57,57,2.0
Matilde,L396_f04,pth2,18036,1,227,L396_f04|pth2|18036,RLB,bout,B1,7,0.0868125706911087,7.031097888946533,57,57,2.0
Matilde,L396_f04,pth2,18036,1,227,L396_f04|pth2|18036,RLC,continuous,B1,8,0.007770386058837175,-0.15145999193191528,57,57,2.0
Matilde,L396_f04,pth2,18036,1,227,L396_f04|pth2|18036,RLB,bout,B1,9,0.06584059447050095,5.125376224517822,57,57,2.0
Matilde,L396_f04,pth2,18036,1,227,L396_f04|pth2|18036,LLB,bout,B1,12,0.026468530297279358,1.5476391315460205,57,57,2.0
Matilde,L396_f04,pth2,18036,1,227,L396_f04|pth2|18036,LLB+RLB,bout,B1,13,0.07520440220832825,5.9762654304504395,57,57,2.0
Matilde,L396_f04,pth2,18036,1,227,L396_f04|pth2|18036,LLC+RLC,continuous,B1,14,0.005801009479910135,-0.33041706681251526,57,57,2.0
Matilde,L396_f04,pth2,18036,1,227,L396_f04|pth2|18036,LLC,continuous,B1,15,-0.00042672379640862346,-0.896330714225769,57,57,2.0
Matilde,L396_f04,pth2,18036,1,227,L396_f04|pth2|18036,LLC,continuous,B2,16,0.00013386346108745784,-0.8453902006149292,57,57,2.0
Matilde,L396_f04,pth2,18036,1,227,L396_f04|pth2|18036,RLB,bout,B2,17,0.09007983654737473,7.3279948234558105,57,57,2.0
Matilde,L396_f04,pth2,18036,1,227,L396_f04|pth2|18036,LLC+RLC,continuous,B2,18,0.009088456630706787,-0.03168691694736481,57,57,2.0
Matilde,L396_f04,pth2,18036,1,227,L396_f04|pth2|18036,LLB+RLB,bout,B2,19,0.0672631785273552,5.254644870758057,57,57,2.0
Matilde,L396_f04,pth2,18036,1,227,L396_f04|pth2|18036,RLC,continuous,B2,21,0.002876924118027091,-0.596128523349762,57,57,2.0
Matilde,L396_f04,pth2,18036,1,227,L396_f04|pth2|18036,LLB,bout,B2,23,0.04888176545500755,3.5843281745910645,57,57,2.0
Matilde,L396_f04,pth2,18036,1,227,L396_f04|pth2|18036,RLB,bout,B2,24,0.0634196326136589,4.905384063720703,57,57,2.0
Matilde,L396_f04,pth2,18036,1,227,L396_f04|pth2|18036,RLC,continuous,B2,25,0.0027049588970839977,-0.6117548942565918,57,57,2.0
Matilde,L396_f04,pth2,18036,1,227,L396_f04|pth2|18036,LLC+RLC,continuous,B2,26,0.005015382077544928,-0.4018069803714752,57,57,2.0
Matilde,L396_f04,pth2,18036,1,227,L396_f04|pth2|18036,LLC,continuous,B2,27,0.00040977710159495473,-0.8203179836273193,57,57,2.0
Matilde,L396_f04,pth2,18036,1,227,L396_f04|pth2|18036,LLB,bout,B2,28,0.00758310966193676,-0.16847771406173706,57,57,2.0
Matilde,L396_f04,pth2,18036,1,227,L396_f04|pth2|18036,LLB+RLB,bout,B2,30,0.05974163860082626,4.571163654327393,57,57,2.0
Matilde,L396_f04,sst1.1,12398,3,388,L396_f04|sst1.1|12398,LLC+RLC,continuous,B1,0,0.004891344346106052,0.5633752942085266,57,57,2.0
Matilde,L396_f04,sst1.1,12398,3,388,L396_f04|sst1.1|12398,LLC,continuous,B1,2,0.0029404079541563988,-0.11669207364320755,57,57,2.0
Matilde,L396_f04,sst1.1,12398,3,388,L396_f04|sst1.1|12398,RLC,continuous,B1,3,0.005984021816402674,0.9442663788795471,57,57,2.0
Matilde,L396_f04,sst1.1,12398,3,388,L396_f04|sst1.1|12398,LLB,bout,B1,4,0.0044268397614359856,0.40145570039749146,57,57,2.0
Matilde,L396_f04,sst1.1,12398,3,388,L396_f04|sst1.1|12398,LLB+RLB,bout,B1,6,0.0033213291317224503,0.016091294586658478,57,57,2.0
Matilde,L396_f04,sst1.1,12398,3,388,L396_f04|sst1.1|12398,RLB,bout,B1,7,0.003469552379101515,0.06775962561368942,57,57,2.0
Matilde,L396_f04,sst1.1,12398,3,388,L396_f04|sst1.1|12398,RLC,continuous,B1,8,0.002675897441804409,-0.20889663696289062,57,57,2.0
Matilde,L396_f04,sst1.1,12398,3,388,L396_f04|sst1.1|12398,RLB,bout,B1,9,0.0033392158802598715,0.022326325997710228,57,57,2.0
Matilde,L396_f04,sst1.1,12398,3,388,L396_f04|sst1.1|12398,LLB,bout,B1,12,0.0031343032605946064,-0.049103159457445145,57,57,2.0
Matilde,L396_f04,sst1.1,12398,3,388,L396_f04|sst1.1|12398,LLB+RLB,bout,B1,13,0.010537567548453808,2.531564235687256,57,57,2.0
Matilde,L396_f04,sst1.1,12398,3,388,L396_f04|sst1.1|12398,LLC+RLC,continuous,B1,14,0.0042338003404438496,0.3341652750968933,57,57,2.0
Matilde,L396_f04,sst1.1,12398,3,388,L396_f04|sst1.1|12398,LLC,continuous,B1,15,0.0022003024350851774,-0.3746820390224457,57,57,2.0
Matilde,L396_f04,sst1.1,12398,3,388,L396_f04|sst1.1|12398,LLC,continuous,B2,16,0.0028241719119250774,-0.15721040964126587,57,57,2.0
Matilde,L396_f04,sst1.1,12398,3,388,L396_f04|sst1.1|12398,RLB,bout,B2,17,0.006187571212649345,1.0152206420898438,57,57,2.0
Matilde,L396_f04,sst1.1,12398,3,388,L396_f04|sst1.1|12398,LLC+RLC,continuous,B2,18,0.004414722789078951,0.3972318172454834,57,57,2.0
Matilde,L396_f04,sst1.1,12398,3,388,L396_f04|sst1.1|12398,LLB+RLB,bout,B2,19,0.0028341510333120823,-0.1537318080663681,57,57,2.0
Matilde,L396_f04,sst1.1,12398,3,388,L396_f04|sst1.1|12398,RLC,continuous,B2,21,0.0023593802470713854,-0.31922972202301025,57,57,2.0
Matilde,L396_f04,sst1.1,12398,3,388,L396_f04|sst1.1|12398,LLB,bout,B2,23,0.0035063063260167837,0.08057162910699844,57,57,2.0
Matilde,L396_f04,sst1.1,12398,3,388,L396_f04|sst1.1|12398,RLB,bout,B2,24,0.004584031645208597,0.4562504291534424,57,57,2.0
Matilde,L396_f04,sst1.1,12398,3,388,L396_f04|sst1.1|12398,RLC,continuous,B2,25,0.005016751121729612,0.6070899367332458,57,57,2.0
Matilde,L396_f04,sst1.1,12398,3,388,L396_f04|sst1.1|12398,LLC+RLC,continuous,B2,26,0.003992628771811724,0.25009623169898987,57,57,2.0
Matilde,L396_f04,sst1.1,12398,3,388,L396_f04|sst1.1|12398,LLC,continuous,B2,27,0.003714242484420538,0.15305505692958832,57,57,2.0
Matilde,L396_f04,sst1.1,12398,3,388,L396_f04|sst1.1|12398,LLB,bout,B2,28,0.00392112648114562,0.22517184913158417,57,57,2.0
Matilde,L396_f04,sst1.1,12398,3,388,L396_f04|sst1.1|12398,LLB+RLB,bout,B2,30,0.003226466942578554,-0.016976263374090195,57,57,2.0
Matilde,L396_f04,sst1.1,12666,3,402,L396_f04|sst1.1|12666,LLC+RLC,continuous,B1,0,0.005449227057397366,-0.2702482342720032,57,57,2.0
Matilde,L396_f04,sst1.1,12666,3,402,L396_f04|sst1.1|12666,LLC,continuous,B1,2,0.0037911790423095226,-0.4884053170681,57,57,2.0
Matilde,L396_f04,sst1.1,12666,3,402,L396_f04|sst1.1|12666,RLC,continuous,B1,3,0.002018469152972102,-0.7216490507125854,57,57,2.0
Matilde,L396_f04,sst1.1,12666,3,402,L396_f04|sst1.1|12666,LLB,bout,B1,4,0.02056824415922165,1.7190314531326294,57,57,2.0
Matilde,L396_f04,sst1.1,12666,3,402,L396_f04|sst1.1|12666,LLB+RLB,bout,B1,6,0.05099058151245117,5.721841335296631,57,57,2.0
Matilde,L396_f04,sst1.1,12666,3,402,L396_f04|sst1.1|12666,RLB,bout,B1,7,0.033263176679611206,3.3893630504608154,57,57,2.0
Matilde,L396_f04,sst1.1,12666,3,402,L396_f04|sst1.1|12666,RLC,continuous,B1,8,0.002537347609177232,-0.6533777713775635,57,57,2.0
Matilde,L396_f04,sst1.1,12666,3,402,L396_f04|sst1.1|12666,RLB,bout,B1,9,0.03560396283864975,3.697352170944214,57,57,2.0
Matilde,L396_f04,sst1.1,12666,3,402,L396_f04|sst1.1|12666,LLB,bout,B1,12,0.020202986896038055,1.6709728240966797,57,57,2.0
Matilde,L396_f04,sst1.1,12666,3,402,L396_f04|sst1.1|12666,LLB+RLB,bout,B1,13,0.04665599763393402,5.151518821716309,57,57,2.0
Matilde,L396_f04,sst1.1,12666,3,402,L396_f04|sst1.1|12666,LLC+RLC,continuous,B1,14,0.004585979972034693,-0.3838297426700592,57,57,2.0
Matilde,L396_f04,sst1.1,12666,3,402,L396_f04|sst1.1|12666,LLC,continuous,B1,15,0.0005230102105997503,-0.918413519859314,57,57,2.0
Matilde,L396_f04,sst1.1,12666,3,402,L396_f04|sst1.1|12666,LLC,continuous,B2,16,0.0028661717660725117,-0.6101129055023193,57,57,2.0
Matilde,L396_f04,sst1.1,12666,3,402,L396_f04|sst1.1|12666,RLB,bout,B2,17,0.04257872328162193,4.615052700042725,57,57,2.0
Matilde,L396_f04,sst1.1,12666,3,402,L396_f04|sst1.1|12666,LLC+RLC,continuous,B2,18,0.008165648207068443,0.08716411888599396,57,57,2.0
Matilde,L396_f04,sst1.1,12666,3,402,L396_f04|sst1.1|12666,LLB+RLB,bout,B2,19,0.04165373742580414,4.493348598480225,57,57,2.0
Matilde,L396_f04,sst1.1,12666,3,402,L396_f04|sst1.1|12666,RLC,continuous,B2,21,0.0017416212940588593,-0.7580752372741699,57,57,2.0
Matilde,L396_f04,sst1.1,12666,3,402,L396_f04|sst1.1|12666,LLB,bout,B2,23,0.017389370128512383,1.3007723093032837,57,57,2.0
Matilde,L396_f04,sst1.1,12666,3,402,L396_f04|sst1.1|12666,RLB,bout,B2,24,0.04035072401165962,4.321905612945557,57,57,2.0
Matilde,L396_f04,sst1.1,12666,3,402,L396_f04|sst1.1|12666,RLC,continuous,B2,25,0.0025692854542285204,-0.6491755247116089,57,57,2.0
Matilde,L396_f04,sst1.1,12666,3,402,L396_f04|sst1.1|12666,LLC+RLC,continuous,B2,26,0.004718129523098469,-0.36644211411476135,57,57,2.0
Matilde,L396_f04,sst1.1,12666,3,402,L396_f04|sst1.1|12666,LLC,continuous,B2,27,0.0033984167966991663,-0.5400828123092651,57,57,2.0
Matilde,L396_f04,sst1.1,12666,3,402,L396_f04|sst1.1|12666,LLB,bout,B2,28,0.03078094683587551,3.0627646446228027,57,57,2.0
Matilde,L396_f04,sst1.1,12666,3,402,L396_f04|sst1.1|12666,LLB+RLB,bout,B2,30,0.04398256540298462,4.7997636795043945,57,57,2.0
Matilde,L396_f04,sst1.1,13150,4,16,L396_f04|sst1.1|13150,LLC+RLC,continuous,B1,0,0.0084356889128685,-0.48782408237457275,57,57,2.0
Matilde,L396_f04,sst1.1,13150,4,16,L396_f04|sst1.1|13150,LLC,continuous,B1,2,0.026741834357380867,0.6726894974708557,57,57,2.0
Matilde,L396_f04,sst1.1,13150,4,16,L396_f04|sst1.1|13150,RLC,continuous,B1,3,0.006925544235855341,-0.5835592746734619,57,57,2.0
Matilde,L396_f04,sst1.1,13150,4,16,L396_f04|sst1.1|13150,LLB,bout,B1,4,0.007386113051325083,-0.5543615818023682,57,57,2.0
Matilde,L396_f04,sst1.1,13150,4,16,L396_f04|sst1.1|13150,LLB+RLB,bout,B1,6,0.01995675265789032,0.2425508201122284,57,57,2.0
Matilde,L396_f04,sst1.1,13150,4,16,L396_f04|sst1.1|13150,RLB,bout,B1,7,0.0024859136901795864,-0.8650085926055908,57,57,2.0
Matilde,L396_f04,sst1.1,13150,4,16,L396_f04|sst1.1|13150,RLC,continuous,B1,8,0.007861216552555561,-0.5242425203323364,57,57,2.0
Matilde,L396_f04,sst1.1,13150,4,16,L396_f04|sst1.1|13150,RLB,bout,B1,9,0.01044117845594883,-0.3606865108013153,57,57,2.0
Matilde,L396_f04,sst1.1,13150,4,16,L396_f04|sst1.1|13150,LLB,bout,B1,12,0.01813407614827156,0.12700268626213074,57,57,2.0
Matilde,L396_f04,sst1.1,13150,4,16,L396_f04|sst1.1|13150,LLB+RLB,bout,B1,13,0.021444912999868393,0.3368925154209137,57,57,2.0
Matilde,L396_f04,sst1.1,13150,4,16,L396_f04|sst1.1|13150,LLC+RLC,continuous,B1,14,0.02793366275727749,0.7482450008392334,57,57,2.0
Matilde,L396_f04,sst1.1,13150,4,16,L396_f04|sst1.1|13150,LLC,continuous,B1,15,0.008516288362443447,-0.4827144145965576,57,57,2.0
Matilde,L396_f04,sst1.1,13150,4,16,L396_f04|sst1.1|13150,LLC,continuous,B2,16,0.01934930309653282,0.20404177904129028,57,57,2.0
Matilde,L396_f04,sst1.1,13150,4,16,L396_f04|sst1.1|13150,RLB,bout,B2,17,0.01634027436375618,0.013285175897181034,57,57,2.0
Matilde,L396_f04,sst1.1,13150,4,16,L396_f04|sst1.1|13150,LLC+RLC,continuous,B2,18,0.02772248163819313,0.7348572015762329,57,57,2.0
Matilde,L396_f04,sst1.1,13150,4,16,L396_f04|sst1.1|13150,LLB+RLB,bout,B2,19,0.026288675144314766,0.6439616084098816,57,57,2.0
Matilde,L396_f04,sst1.1,13150,4,16,L396_f04|sst1.1|13150,RLC,continuous,B2,21,0.015988705679774284,-0.00900245551019907,57,57,2.0
Matilde,L396_f04,sst1.1,13150,4,16,L396_f04|sst1.1|13150,LLB,bout,B2,23,0.03601476177573204,1.2605443000793457,57,57,2.0
Matilde,L396_f04,sst1.1,13150,4,16,L396_f04|sst1.1|13150,RLB,bout,B2,24,0.025935154408216476,0.6215502619743347,57,57,2.0
Matilde,L396_f04,sst1.1,13150,4,16,L396_f04|sst1.1|13150,RLC,continuous,B2,25,0.008803686127066612,-0.464494913816452,57,57,2.0
Matilde,L396_f04,sst1.1,13150,4,16,L396_f04|sst1.1|13150,LLC+RLC,continuous,B2,26,0.007244403008371592,-0.5633453130722046,57,57,2.0
Matilde,L396_f04,sst1.1,13150,4,16,L396_f04|sst1.1|13150,LLC,continuous,B2,27,0.013376654125750065,-0.17459280788898468,57,57,2.0
Matilde,L396_f04,sst1.1,13150,4,16,L396_f04|sst1.1|13150,LLB,bout,B2,28,0.02512882463634014,0.5704330205917358,57,57,2.0
Matilde,L396_f04,sst1.1,13150,4,16,L396_f04|sst1.1|13150,LLB+RLB,bout,B2,30,0.010125495493412018,-0.38069918751716614,57,57,2.0
Matilde,L396_f04,sst1.1,13698,3,405,L396_f04|sst1.1|13698,LLC+RLC,continuous,B1,0,0.0049100592732429504,0.47317856550216675,57,57,2.0
Matilde,L396_f04,sst1.1,13698,3,405,L396_f04|sst1.1|13698,LLC,continuous,B1,2,0.0032779190223664045,-0.07652909308671951,57,57,2.0
Matilde,L396_f04,sst1.1,13698,3,405,L396_f04|sst1.1|13698,RLC,continuous,B1,3,0.002375040901824832,-0.38061991333961487,57,57,2.0
Matilde,L396_f04,sst1.1,13698,3,405,L396_f04|sst1.1|13698,LLB,bout,B1,4,0.004950273782014847,0.48672276735305786,57,57,2.0
Matilde,L396_f04,sst1.1,13698,3,405,L396_f04|sst1.1|13698,LLB+RLB,bout,B1,6,0.01476527750492096,3.7924318313598633,57,57,2.0
Matilde,L396_f04,sst1.1,13698,3,405,L396_f04|sst1.1|13698,RLB,bout,B1,7,0.004224853590130806,0.24240006506443024,57,57,2.0
Matilde,L396_f04,sst1.1,13698,3,405,L396_f04|sst1.1|13698,RLC,continuous,B1,8,0.0028395745903253555,-0.22416405379772186,57,57,2.0
Matilde,L396_f04,sst1.1,13698,3,405,L396_f04|sst1.1|13698,RLB,bout,B1,9,0.005478397477418184,0.6645957827568054,57,57,2.0
Matilde,L396_f04,sst1.1,13698,3,405,L396_f04|sst1.1|13698,LLB,bout,B1,12,0.004265533294528723,0.25610098242759705,57,57,2.0
Matilde,L396_f04,sst1.1,13698,3,405,L396_f04|sst1.1|13698,LLB+RLB,bout,B1,13,0.014449207112193108,3.6859793663024902,57,57,2.0
Matilde,L396_f04,sst1.1,13698,3,405,L396_f04|sst1.1|13698,LLC+RLC,continuous,B1,14,0.0032665436156094074,-0.08036036044359207,57,57,2.0
Matilde,L396_f04,sst1.1,13698,3,405,L396_f04|sst1.1|13698,LLC,continuous,B1,15,0.0015038957353681326,-0.6740230321884155,57,57,2.0
Matilde,L396_f04,sst1.1,13698,3,405,L396_f04|sst1.1|13698,LLC,continuous,B2,16,0.0024188291281461716,-0.36587199568748474,57,57,2.0
Matilde,L396_f04,sst1.1,13698,3,405,L396_f04|sst1.1|13698,RLB,bout,B2,17,0.008143308572471142,1.5621421337127686,57,57,2.0
Matilde,L396_f04,sst1.1,13698,3,405,L396_f04|sst1.1|13698,LLC+RLC,continuous,B2,18,0.0033897333778440952,-0.03886983171105385,57,57,2.0
Matilde,L396_f04,sst1.1,13698,3,405,L396_f04|sst1.1|13698,LLB+RLB,bout,B2,19,0.00454271724447608,0.3494570255279541,57,57,2.0
Matilde,L396_f04,sst1.1,13698,3,405,L396_f04|sst1.1|13698,RLC,continuous,B2,21,0.0030356107745319605,-0.15813887119293213,57,57,2.0
Matilde,L396_f04,sst1.1,13698,3,405,L396_f04|sst1.1|13698,LLB,bout,B2,23,0.003862291807308793,0.12028863281011581,57,57,2.0
Matilde,L396_f04,sst1.1,13698,3,405,L396_f04|sst1.1|13698,RLB,bout,B2,24,0.012202803045511246,2.929386854171753,57,57,2.0
Matilde,L396_f04,sst1.1,13698,3,405,L396_f04|sst1.1|13698,RLC,continuous,B2,25,0.003355703316628933,-0.05033105984330177,57,57,2.0
Matilde,L396_f04,sst1.1,13698,3,405,L396_f04|sst1.1|13698,LLC+RLC,continuous,B2,26,0.0035305023193359375,0.008541475981473923,57,57,2.0
Matilde,L396_f04,sst1.1,13698,3,405,L396_f04|sst1.1|13698,LLC,continuous,B2,27,0.003899125149473548,0.13269414007663727,57,57,2.0
Matilde,L396_f04,sst1.1,13698,3,405,L396_f04|sst1.1|13698,LLB,bout,B2,28,0.0037554611917585135,0.08430801331996918,57,57,2.0
Matilde,L396_f04,sst1.1,13698,3,405,L396_f04|sst1.1|13698,LLB+RLB,bout,B2,30,0.0046915458515286446,0.39958280324935913,57,57,2.0
Matilde,L396_f04,sst1.1,13714,4,52,L396_f04|sst1.1|13714,LLC+RLC,continuous,B1,0,0.0060261692851781845,0.25541847944259644,57,57,2.0
Matilde,L396_f04,sst1.1,13714,4,52,L396_f04|sst1.1|13714,LLC,continuous,B1,2,0.002131761284545064,-0.5522134900093079,57,57,2.0
Matilde,L396_f04,sst1.1,13714,4,52,L396_f04|sst1.1|13714,RLC,continuous,B1,3,0.0032497835345566273,-0.32035529613494873,57,57,2.0
Matilde,L396_f04,sst1.1,13714,4,52,L396_f04|sst1.1|13714,LLB,bout,B1,4,0.003928422462195158,-0.17961746454238892,57,57,2.0
Matilde,L396_f04,sst1.1,13714,4,52,L396_f04|sst1.1|13714,LLB+RLB,bout,B1,6,0.004924571141600609,0.02696632780134678,57,57,2.0
Matilde,L396_f04,sst1.1,13714,4,52,L396_f04|sst1.1|13714,RLB,bout,B1,7,0.003923706244677305,-0.18059559166431427,57,57,2.0
Matilde,L396_f04,sst1.1,13714,4,52,L396_f04|sst1.1|13714,RLC,continuous,B1,8,0.0035828668624162674,-0.2512796223163605,57,57,2.0
Matilde,L396_f04,sst1.1,13714,4,52,L396_f04|sst1.1|13714,RLB,bout,B1,9,0.005230291280895472,0.09036722034215927,57,57,2.0
Matilde,L396_f04,sst1.1,13714,4,52,L396_f04|sst1.1|13714,LLB,bout,B1,12,0.005665417294949293,0.18060483038425446,57,57,2.0
Matilde,L396_f04,sst1.1,13714,4,52,L396_f04|sst1.1|13714,LLB+RLB,bout,B1,13,0.00753483921289444,0.5682900547981262,57,57,2.0
Matilde,L396_f04,sst1.1,13714,4,52,L396_f04|sst1.1|13714,LLC+RLC,continuous,B1,14,0.01282546203583479,1.6654726266860962,57,57,2.0
Matilde,L396_f04,sst1.1,13714,4,52,L396_f04|sst1.1|13714,LLC,continuous,B1,15,0.005151893012225628,0.07410881668329239,57,57,2.0
Matilde,L396_f04,sst1.1,13714,4,52,L396_f04|sst1.1|13714,LLC,continuous,B2,16,0.004050295799970627,-0.15434308350086212,57,57,2.0
Matilde,L396_f04,sst1.1,13714,4,52,L396_f04|sst1.1|13714,RLB,bout,B2,17,0.005020470358431339,0.046854134649038315,57,57,2.0
Matilde,L396_f04,sst1.1,13714,4,52,L396_f04|sst1.1|13714,LLC+RLC,continuous,B2,18,0.017756065353751183,2.687992811203003,57,57,2.0
Matilde,L396_f04,sst1.1,13714,4,52,L396_f04|sst1.1|13714,LLB+RLB,bout,B2,19,0.003763811895623803,-0.213754802942276,57,57,2.0
Matilde,L396_f04,sst1.1,13714,4,52,L396_f04|sst1.1|13714,RLC,continuous,B2,21,0.005460138898342848,0.13803371787071228,57,57,2.0
Matilde,L396_f04,sst1.1,13714,4,52,L396_f04|sst1.1|13714,LLB,bout,B2,23,0.004977790638804436,0.038003116846084595,57,57,2.0
Matilde,L396_f04,sst1.1,13714,4,52,L396_f04|sst1.1|13714,RLB,bout,B2,24,0.004546689335256815,-0.0513998307287693,57,57,2.0
Matilde,L396_f04,sst1.1,13714,4,52,L396_f04|sst1.1|13714,RLC,continuous,B2,25,0.0052170660346746445,0.08762460201978683,57,57,2.0
Matilde,L396_f04,sst1.1,13714,4,52,L396_f04|sst1.1|13714,LLC+RLC,continuous,B2,26,0.006794423796236515,0.4147408604621887,57,57,2.0
Matilde,L396_f04,sst1.1,13714,4,52,L396_f04|sst1.1|13714,LLC,continuous,B2,27,0.008759538643062115,0.8222714066505432,57,57,2.0
Matilde,L396_f04,sst1.1,13714,4,52,L396_f04|sst1.1|13714,LLB,bout,B2,28,0.004886936396360397,0.01916147954761982,57,57,2.0
Matilde,L396_f04,sst1.1,13714,4,52,L396_f04|sst1.1|13714,LLB+RLB,bout,B2,30,0.004818552639335394,0.0049797953106462955,57,57,2.0
Matilde,L396_f04,sst1.1,14351,3,429,L396_f04|sst1.1|14351,LLC+RLC,continuous,B1,0,0.014837248250842094,3.32228946685791,57,57,2.0
Matilde,L396_f04,sst1.1,14351,3,429,L396_f04|sst1.1|14351,LLC,continuous,B1,2,0.0034115018788725138,-0.06188303232192993,57,57,2.0
Matilde,L396_f04,sst1.1,14351,3,429,L396_f04|sst1.1|14351,RLC,continuous,B1,3,0.006084635388106108,0.7298678755760193,57,57,2.0
Matilde,L396_f04,sst1.1,14351,3,429,L396_f04|sst1.1|14351,LLB,bout,B1,4,0.005954681895673275,0.6913769841194153,57,57,2.0
Matilde,L396_f04,sst1.1,14351,3,429,L396_f04|sst1.1|14351,LLB+RLB,bout,B1,6,0.0074211545288562775,1.1257293224334717,57,57,2.0
Matilde,L396_f04,sst1.1,14351,3,429,L396_f04|sst1.1|14351,RLB,bout,B1,7,0.003686955664306879,0.01970311999320984,57,57,2.0
Matilde,L396_f04,sst1.1,14351,3,429,L396_f04|sst1.1|14351,RLC,continuous,B1,8,0.0039004087448120117,0.08292548358440399,57,57,2.0
Matilde,L396_f04,sst1.1,14351,3,429,L396_f04|sst1.1|14351,RLB,bout,B1,9,0.004571507219225168,0.2816971242427826,57,57,2.0
Matilde,L396_f04,sst1.1,14351,3,429,L396_f04|sst1.1|14351,LLB,bout,B1,12,0.003334541106596589,-0.08467797189950943,57,57,2.0
Matilde,L396_f04,sst1.1,14351,3,429,L396_f04|sst1.1|14351,LLB+RLB,bout,B1,13,0.009046774357557297,1.6072189807891846,57,57,2.0
Matilde,L396_f04,sst1.1,14351,3,429,L396_f04|sst1.1|14351,LLC+RLC,continuous,B1,14,0.005373258143663406,0.5191662907600403,57,57,2.0
Matilde,L396_f04,sst1.1,14351,3,429,L396_f04|sst1.1|14351,LLC,continuous,B1,15,0.0013206020230427384,-0.6811830997467041,57,57,2.0
Matilde,L396_f04,sst1.1,14351,3,429,L396_f04|sst1.1|14351,LLC,continuous,B2,16,0.0033428946044296026,-0.08220367878675461,57,57,2.0
Matilde,L396_f04,sst1.1,14351,3,429,L396_f04|sst1.1|14351,RLB,bout,B2,17,0.004839682951569557,0.36112740635871887,57,57,2.0
Matilde,L396_f04,sst1.1,14351,3,429,L396_f04|sst1.1|14351,LLC+RLC,continuous,B2,18,0.004884413909167051,0.3743762671947479,57,57,2.0
Matilde,L396_f04,sst1.1,14351,3,429,L396_f04|sst1.1|14351,LLB+RLB,bout,B2,19,0.004357174504548311,0.2182140350341797,57,57,2.0
Matilde,L396_f04,sst1.1,14351,3,429,L396_f04|sst1.1|14351,RLC,continuous,B2,21,0.0028286774177104235,-0.23450882732868195,57,57,2.0
Matilde,L396_f04,sst1.1,14351,3,429,L396_f04|sst1.1|14351,LLB,bout,B2,23,0.0026337490417063236,-0.29224443435668945,57,57,2.0
Matilde,L396_f04,sst1.1,14351,3,429,L396_f04|sst1.1|14351,RLB,bout,B2,24,0.00460472097620368,0.291534423828125,57,57,2.0
Matilde,L396_f04,sst1.1,14351,3,429,L396_f04|sst1.1|14351,RLC,continuous,B2,25,0.0038912580348551273,0.08021513372659683,57,57,2.0
Matilde,L396_f04,sst1.1,14351,3,429,L396_f04|sst1.1|14351,LLC+RLC,continuous,B2,26,0.006568525917828083,0.8731905221939087,57,57,2.0
Matilde,L396_f04,sst1.1,14351,3,429,L396_f04|sst1.1|14351,LLC,continuous,B2,27,0.005018740426748991,0.4141620099544525,57,57,2.0
Matilde,L396_f04,sst1.1,14351,3,429,L396_f04|sst1.1|14351,LLB,bout,B2,28,0.003714146791025996,0.02775677479803562,57,57,2.0
Matilde,L396_f04,sst1.1,14351,3,429,L396_f04|sst1.1|14351,LLB+RLB,bout,B2,30,0.008113713935017586,1.330857276916504,57,57,2.0
Matilde,L396_f04,sst1.1,14634,3,381,L396_f04|sst1.1|14634,LLC+RLC,continuous,B1,0,0.00750890513882041,1.2507233619689941,57,57,2.0
Matilde,L396_f04,sst1.1,14634,3,381,L396_f04|sst1.1|14634,LLC,continuous,B1,2,0.00309769413433969,-0.12578105926513672,57,57,2.0
Matilde,L396_f04,sst1.1,14634,3,381,L396_f04|sst1.1|14634,RLC,continuous,B1,3,0.0045515792444348335,0.32789909839630127,57,57,2.0
Matilde,L396_f04,sst1.1,14634,3,381,L396_f04|sst1.1|14634,LLB,bout,B1,4,0.00454611936584115,0.3261953592300415,57,57,2.0
Matilde,L396_f04,sst1.1,14634,3,381,L396_f04|sst1.1|14634,LLB+RLB,bout,B1,6,0.005494092591106892,0.6220075488090515,57,57,2.0
Matilde,L396_f04,sst1.1,14634,3,381,L396_f04|sst1.1|14634,RLB,bout,B1,7,0.004834766034036875,0.4162667393684387,57,57,2.0
Matilde,L396_f04,sst1.1,14634,3,381,L396_f04|sst1.1|14634,RLC,continuous,B1,8,0.0032773083075881004,-0.06973306089639664,57,57,2.0
Matilde,L396_f04,sst1.1,14634,3,381,L396_f04|sst1.1|14634,RLB,bout,B1,9,0.004008941818028688,0.15857098996639252,57,57,2.0
Matilde,L396_f04,sst1.1,14634,3,381,L396_f04|sst1.1|14634,LLB,bout,B1,12,0.0037414878606796265,0.0751127079129219,57,57,2.0
Matilde,L396_f04,sst1.1,14634,3,381,L396_f04|sst1.1|14634,LLB+RLB,bout,B1,13,0.0061893584206700325,0.8389630317687988,57,57,2.0
Matilde,L396_f04,sst1.1,14634,3,381,L396_f04|sst1.1|14634,LLC+RLC,continuous,B1,14,0.0050566792488098145,0.4855140149593353,57,57,2.0
Matilde,L396_f04,sst1.1,14634,3,381,L396_f04|sst1.1|14634,LLC,continuous,B1,15,0.0013184380950406194,-0.6809922456741333,57,57,2.0
Matilde,L396_f04,sst1.1,14634,3,381,L396_f04|sst1.1|14634,LLC,continuous,B2,16,0.003262675367295742,-0.07429918646812439,57,57,2.0
Matilde,L396_f04,sst1.1,14634,3,381,L396_f04|sst1.1|14634,RLB,bout,B2,17,0.004771608393639326,0.3965585231781006,57,57,2.0
Matilde,L396_f04,sst1.1,14634,3,381,L396_f04|sst1.1|14634,LLC+RLC,continuous,B2,18,0.004065503366291523,0.17622077465057373,57,57,2.0
Matilde,L396_f04,sst1.1,14634,3,381,L396_f04|sst1.1|14634,LLB+RLB,bout,B2,19,0.004350505769252777,0.2651548683643341,57,57,2.0
Matilde,L396_f04,sst1.1,14634,3,381,L396_f04|sst1.1|14634,RLC,continuous,B2,21,0.002536665415391326,-0.3008483648300171,57,57,2.0
Matilde,L396_f04,sst1.1,14634,3,381,L396_f04|sst1.1|14634,LLB,bout,B2,23,0.0039057619869709015,0.12637394666671753,57,57,2.0
Matilde,L396_f04,sst1.1,14634,3,381,L396_f04|sst1.1|14634,RLB,bout,B2,24,0.005935106426477432,0.7596245408058167,57,57,2.0
Matilde,L396_f04,sst1.1,14634,3,381,L396_f04|sst1.1|14634,RLC,continuous,B2,25,0.00416710926219821,0.20792652666568756,57,57,2.0
Matilde,L396_f04,sst1.1,14634,3,381,L396_f04|sst1.1|14634,LLC+RLC,continuous,B2,26,0.005319781601428986,0.5676144361495972,57,57,2.0
Matilde,L396_f04,sst1.1,14634,3,381,L396_f04|sst1.1|14634,LLC,continuous,B2,27,0.004166807048022747,0.20783227682113647,57,57,2.0
Matilde,L396_f04,sst1.1,14634,3,381,L396_f04|sst1.1|14634,LLB,bout,B2,28,0.0041885473765432835,0.2146163135766983,57,57,2.0
Matilde,L396_f04,sst1.1,14634,3,381,L396_f04|sst1.1|14634,LLB+RLB,bout,B2,30,0.005872875452041626,0.7402053475379944,57,57,2.0
Matilde,L396_f04,sst1.1,16584,2,438,L396_f04|sst1.1|16584,LLC+RLC,continuous,B1,0,0.009760349057614803,1.9477107524871826,57,57,2.0
Matilde,L396_f04,sst1.1,16584,2,438,L396_f04|sst1.1|16584,LLC,continuous,B1,2,0.0019520247587934136,-0.4724300503730774,57,57,2.0
Matilde,L396_f04,sst1.1,16584,2,438,L396_f04|sst1.1|16584,RLC,continuous,B1,3,0.010293236933648586,2.1128756999969482,57,57,2.0
Matilde,L396_f04,sst1.1,16584,2,438,L396_f04|sst1.1|16584,LLB,bout,B1,4,0.004219043999910355,0.23021818697452545,57,57,2.0
Matilde,L396_f04,sst1.1,16584,2,438,L396_f04|sst1.1|16584,LLB+RLB,bout,B1,6,0.003554430790245533,0.024225596338510513,57,57,2.0
Matilde,L396_f04,sst1.1,16584,2,438,L396_f04|sst1.1|16584,RLB,bout,B1,7,0.0032123324926942587,-0.08180565387010574,57,57,2.0
Matilde,L396_f04,sst1.1,16584,2,438,L396_f04|sst1.1|16584,RLC,continuous,B1,8,0.0024801346007734537,-0.3087456226348877,57,57,2.0
Matilde,L396_f04,sst1.1,16584,2,438,L396_f04|sst1.1|16584,RLB,bout,B1,9,0.00381370703689754,0.10458660125732422,57,57,2.0
Matilde,L396_f04,sst1.1,16584,2,438,L396_f04|sst1.1|16584,LLB,bout,B1,12,0.0030809896998107433,-0.122514508664608,57,57,2.0
Matilde,L396_f04,sst1.1,16584,2,438,L396_f04|sst1.1|16584,LLB+RLB,bout,B1,13,0.009911518543958664,1.9945645332336426,57,57,2.0
Matilde,L396_f04,sst1.1,16584,2,438,L396_f04|sst1.1|16584,LLC+RLC,continuous,B1,14,0.0026594502851366997,-0.253167986869812,57,57,2.0
Matilde,L396_f04,sst1.1,16584,2,438,L396_f04|sst1.1|16584,LLC,continuous,B1,15,0.001042945310473442,-0.7541934251785278,57,57,2.0
Matilde,L396_f04,sst1.1,16584,2,438,L396_f04|sst1.1|16584,LLC,continuous,B2,16,0.002495266031473875,-0.3040558993816376,57,57,2.0
Matilde,L396_f04,sst1.1,16584,2,438,L396_f04|sst1.1|16584,RLB,bout,B2,17,0.004272035788744688,0.24664266407489777,57,57,2.0
Matilde,L396_f04,sst1.1,16584,2,438,L396_f04|sst1.1|16584,LLC+RLC,continuous,B2,18,0.0021686565596610308,-0.40528640151023865,57,57,2.0
Matilde,L396_f04,sst1.1,16584,2,438,L396_f04|sst1.1|16584,LLB+RLB,bout,B2,19,0.0029527153819799423,-0.16227230429649353,57,57,2.0
Matilde,L396_f04,sst1.1,16584,2,438,L396_f04|sst1.1|16584,RLC,continuous,B2,21,0.002335786819458008,-0.3534854054450989,57,57,2.0
Matilde,L396_f04,sst1.1,16584,2,438,L396_f04|sst1.1|16584,LLB,bout,B2,23,0.00252188160084188,-0.2958064079284668,57,57,2.0
Matilde,L396_f04,sst1.1,16584,2,438,L396_f04|sst1.1|16584,RLB,bout,B2,24,0.002932208590209484,-0.1686282902956009,57,57,2.0
Matilde,L396_f04,sst1.1,16584,2,438,L396_f04|sst1.1|16584,RLC,continuous,B2,25,0.0036672442220151424,0.05919138714671135,57,57,2.0
Matilde,L396_f04,sst1.1,16584,2,438,L396_f04|sst1.1|16584,LLC+RLC,continuous,B2,26,0.004584678914397955,0.3435443937778473,57,57,2.0
Matilde,L396_f04,sst1.1,16584,2,438,L396_f04|sst1.1|16584,LLC,continuous,B2,27,0.004195024725049734,0.22277355194091797,57,57,2.0
Matilde,L396_f04,sst1.1,16584,2,438,L396_f04|sst1.1|16584,LLB,bout,B2,28,0.004433734808117151,0.29676032066345215,57,57,2.0
Matilde,L396_f04,sst1.1,16584,2,438,L396_f04|sst1.1|16584,LLB+RLB,bout,B2,30,0.0038911609444767237,0.12859287858009338,57,57,2.0
Matilde,L396_f04,sst1.1,16890,0,232,L396_f04|sst1.1|16890,LLC+RLC,continuous,B1,0,0.026924872770905495,3.7064061164855957,57,57,2.0
Matilde,L396_f04,sst1.1,16890,0,232,L396_f04|sst1.1|16890,LLC,continuous,B1,2,0.010630710050463676,0.9252071976661682,57,57,2.0
Matilde,L396_f04,sst1.1,16890,0,232,L396_f04|sst1.1|16890,RLC,continuous,B1,3,0.01273597963154316,1.2845491170883179,57,57,2.0
Matilde,L396_f04,sst1.1,16890,0,232,L396_f04|sst1.1|16890,LLB,bout,B1,4,0.008677277714014053,0.5917820334434509,57,57,2.0
Matilde,L396_f04,sst1.1,16890,0,232,L396_f04|sst1.1|16890,LLB+RLB,bout,B1,6,0.01820899173617363,2.218719959259033,57,57,2.0
Matilde,L396_f04,sst1.1,16890,0,232,L396_f04|sst1.1|16890,RLB,bout,B1,7,0.00942864827811718,0.7200311422348022,57,57,2.0
Matilde,L396_f04,sst1.1,16890,0,232,L396_f04|sst1.1|16890,RLC,continuous,B1,8,0.0097159119322896,0.7690632343292236,57,57,2.0
Matilde,L396_f04,sst1.1,16890,0,232,L396_f04|sst1.1|16890,RLB,bout,B1,9,0.00881895050406456,0.6159636974334717,57,57,2.0
Matilde,L396_f04,sst1.1,16890,0,232,L396_f04|sst1.1|16890,LLB,bout,B1,12,0.008160188794136047,0.5035216808319092,57,57,2.0
Matilde,L396_f04,sst1.1,16890,0,232,L396_f04|sst1.1|16890,LLB+RLB,bout,B1,13,0.01997826248407364,2.5207107067108154,57,57,2.0
Matilde,L396_f04,sst1.1,16890,0,232,L396_f04|sst1.1|16890,LLC+RLC,continuous,B1,14,0.0021322653628885746,-0.5253653526306152,57,57,2.0
Matilde,L396_f04,sst1.1,16890,0,232,L396_f04|sst1.1|16890,LLC,continuous,B1,15,0.0003321171388961375,-0.8326268792152405,57,57,2.0
Matilde,L396_f04,sst1.1,16890,0,232,L396_f04|sst1.1|16890,LLC,continuous,B2,16,0.0010010150726884604,-0.7184547781944275,57,57,2.0
Matilde,L396_f04,sst1.1,16890,0,232,L396_f04|sst1.1|16890,RLB,bout,B2,17,0.012149511836469173,1.1844466924667358,57,57,2.0
Matilde,L396_f04,sst1.1,16890,0,232,L396_f04|sst1.1|16890,LLC+RLC,continuous,B2,18,0.004992918577045202,-0.037089549005031586,57,57,2.0
Matilde,L396_f04,sst1.1,16890,0,232,L396_f04|sst1.1|16890,LLB+RLB,bout,B2,19,0.009284678846597672,0.6954575181007385,57,57,2.0
Matilde,L396_f04,sst1.1,16890,0,232,L396_f04|sst1.1|16890,RLC,continuous,B2,21,0.0012576390290632844,-0.6746525168418884,57,57,2.0
Matilde,L396_f04,sst1.1,16890,0,232,L396_f04|sst1.1|16890,LLB,bout,B2,23,0.005708640441298485,0.0850747674703598,57,57,2.0
Matilde,L396_f04,sst1.1,16890,0,232,L396_f04|sst1.1|16890,RLB,bout,B2,24,0.011267414316534996,1.0338844060897827,57,57,2.0
Matilde,L396_f04,sst1.1,16890,0,232,L396_f04|sst1.1|16890,RLC,continuous,B2,25,0.0019215516513213515,-0.5613313913345337,57,57,2.0
Matilde,L396_f04,sst1.1,16890,0,232,L396_f04|sst1.1|16890,LLC+RLC,continuous,B2,26,0.0024536754935979843,-0.47050487995147705,57,57,2.0
Matilde,L396_f04,sst1.1,16890,0,232,L396_f04|sst1.1|16890,LLC,continuous,B2,27,0.001362463110126555,-0.6567603945732117,57,57,2.0
Matilde,L396_f04,sst1.1,16890,0,232,L396_f04|sst1.1|16890,LLB,bout,B2,28,0.0017263261834159493,-0.594653844833374,57,57,2.0
Matilde,L396_f04,sst1.1,16890,0,232,L396_f04|sst1.1|16890,LLB+RLB,bout,B2,30,0.006033106241375208,0.14045687019824982,57,57,2.0
Matilde,L396_f04,sst1.1,17742,1,531,L396_f04|sst1.1|17742,LLC+RLC,continuous,B1,0,0.012373353354632854,0.12455885857343674,57,57,2.0
Matilde,L396_f04,sst1.1,17742,1,531,L396_f04|sst1.1|17742,LLC,continuous,B1,2,5.895497452002019e-06,-1.0895956754684448,57,57,2.0
Matilde,L396_f04,sst1.1,17742,1,531,L396_f04|sst1.1|17742,RLC,continuous,B1,3,0.004988783970475197,-0.6004089713096619,57,57,2.0
Matilde,L396_f04,sst1.1,17742,1,531,L396_f04|sst1.1|17742,LLB,bout,B1,4,0.009228235110640526,-0.184207946062088,57,57,2.0
Matilde,L396_f04,sst1.1,17742,1,531,L396_f04|sst1.1|17742,LLB+RLB,bout,B1,6,0.011044145561754704,-0.00593388918787241,57,57,2.0
Matilde,L396_f04,sst1.1,17742,1,531,L396_f04|sst1.1|17742,RLB,bout,B1,7,0.013357937335968018,0.2212187647819519,57,57,2.0
Matilde,L396_f04,sst1.1,17742,1,531,L396_f04|sst1.1|17742,RLC,continuous,B1,8,0.014358606189489365,0.3194577395915985,57,57,2.0
Matilde,L396_f04,sst1.1,17742,1,531,L396_f04|sst1.1|17742,RLB,bout,B1,9,0.013223228976130486,0.20799405872821808,57,57,2.0
Matilde,L396_f04,sst1.1,17742,1,531,L396_f04|sst1.1|17742,LLB,bout,B1,12,0.005615857429802418,-0.538847029209137,57,57,2.0
Matilde,L396_f04,sst1.1,17742,1,531,L396_f04|sst1.1|17742,LLB+RLB,bout,B1,13,0.015055500902235508,0.3878743052482605,57,57,2.0
Matilde,L396_f04,sst1.1,17742,1,531,L396_f04|sst1.1|17742,LLC+RLC,continuous,B1,14,0.014826064929366112,0.36534973978996277,57,57,2.0
Matilde,L396_f04,sst1.1,17742,1,531,L396_f04|sst1.1|17742,LLC,continuous,B1,15,-0.002702773315832019,-1.3555147647857666,57,57,2.0
Matilde,L396_f04,sst1.1,17742,1,531,L396_f04|sst1.1|17742,LLC,continuous,B2,16,0.009430103935301304,-0.16438965499401093,57,57,2.0
Matilde,L396_f04,sst1.1,17742,1,531,L396_f04|sst1.1|17742,RLB,bout,B2,17,0.0025988342240452766,-0.8350383043289185,57,57,2.0
Matilde,L396_f04,sst1.1,17742,1,531,L396_f04|sst1.1|17742,LLC+RLC,continuous,B2,18,0.01558837853372097,0.4401886463165283,57,57,2.0
Matilde,L396_f04,sst1.1,17742,1,531,L396_f04|sst1.1|17742,LLB+RLB,bout,B2,19,0.0035457455087453127,-0.7420768141746521,57,57,2.0
Matilde,L396_f04,sst1.1,17742,1,531,L396_f04|sst1.1|17742,RLC,continuous,B2,21,0.014368525706231594,0.32043159008026123,57,57,2.0
Matilde,L396_f04,sst1.1,17742,1,531,L396_f04|sst1.1|17742,LLB,bout,B2,23,0.007051295135170221,-0.3979252874851227,57,57,2.0
Matilde,L396_f04,sst1.1,17742,1,531,L396_f04|sst1.1|17742,RLB,bout,B2,24,0.008986512199044228,-0.20793871581554413,57,57,2.0
Matilde,L396_f04,sst1.1,17742,1,531,L396_f04|sst1.1|17742,RLC,continuous,B2,25,0.019359633326530457,0.810425341129303,57,57,2.0
Matilde,L396_f04,sst1.1,17742,1,531,L396_f04|sst1.1|17742,LLC+RLC,continuous,B2,26,0.01719876192510128,0.5982853174209595,57,57,2.0
Matilde,L396_f04,sst1.1,17742,1,531,L396_f04|sst1.1|17742,LLC,continuous,B2,27,0.017304901033639908,0.6087052822113037,57,57,2.0
Matilde,L396_f04,sst1.1,17742,1,531,L396_f04|sst1.1|17742,LLB,bout,B2,28,0.019496766850352287,0.8238883018493652,57,57,2.0
Matilde,L396_f04,sst1.1,17742,1,531,L396_f04|sst1.1|17742,LLB+RLB,bout,B2,30,0.022772634401917458,1.1454912424087524,57,57,2.0
Matilde,L396_f04,sst1.1,18366,1,287,L396_f04|sst1.1|18366,LLC+RLC,continuous,B1,0,0.0091165192425251,0.9016529321670532,57,57,2.0
Matilde,L396_f04,sst1.1,18366,1,287,L396_f04|sst1.1|18366,LLC,continuous,B1,2,0.005830232985317707,0.15516911447048187,57,57,2.0
Matilde,L396_f04,sst1.1,18366,1,287,L396_f04|sst1.1|18366,RLC,continuous,B1,3,0.005445088259875774,0.06768292933702469,57,57,2.0
Matilde,L396_f04,sst1.1,18366,1,287,L396_f04|sst1.1|18366,LLB,bout,B1,4,0.005957204382866621,0.18401072919368744,57,57,2.0
Matilde,L396_f04,sst1.1,18366,1,287,L396_f04|sst1.1|18366,LLB+RLB,bout,B1,6,0.007025279104709625,0.42662522196769714,57,57,2.0
Matilde,L396_f04,sst1.1,18366,1,287,L396_f04|sst1.1|18366,RLB,bout,B1,7,0.005461472552269697,0.07140477746725082,57,57,2.0
Matilde,L396_f04,sst1.1,18366,1,287,L396_f04|sst1.1|18366,RLC,continuous,B1,8,0.0024998749140650034,-0.6013257503509521,57,57,2.0
Matilde,L396_f04,sst1.1,18366,1,287,L396_f04|sst1.1|18366,RLB,bout,B1,9,0.004927315749228001,-0.04992975667119026,57,57,2.0
Matilde,L396_f04,sst1.1,18366,1,287,L396_f04|sst1.1|18366,LLB,bout,B1,12,0.0018897714326158166,-0.7399114370346069,57,57,2.0
Matilde,L396_f04,sst1.1,18366,1,287,L396_f04|sst1.1|18366,LLB+RLB,bout,B1,13,0.005266840104013681,0.027193710207939148,57,57,2.0
Matilde,L396_f04,sst1.1,18366,1,287,L396_f04|sst1.1|18366,LLC+RLC,continuous,B1,14,0.0006248499266803265,-1.0272399187088013,57,57,2.0
Matilde,L396_f04,sst1.1,18366,1,287,L396_f04|sst1.1|18366,LLC,continuous,B1,15,0.0038709493819624186,-0.2898845672607422,57,57,2.0
Matilde,L396_f04,sst1.1,18366,1,287,L396_f04|sst1.1|18366,LLC,continuous,B2,16,0.004943822044879198,-0.04618022218346596,57,57,2.0
Matilde,L396_f04,sst1.1,18366,1,287,L396_f04|sst1.1|18366,RLB,bout,B2,17,0.006025862414389849,0.1996065378189087,57,57,2.0
Matilde,L396_f04,sst1.1,18366,1,287,L396_f04|sst1.1|18366,LLC+RLC,continuous,B2,18,0.0034065356012433767,-0.39537668228149414,57,57,2.0
Matilde,L396_f04,sst1.1,18366,1,287,L396_f04|sst1.1|18366,LLB+RLB,bout,B2,19,0.009917941875755787,1.0836970806121826,57,57,2.0
Matilde,L396_f04,sst1.1,18366,1,287,L396_f04|sst1.1|18366,RLC,continuous,B2,21,0.0054458798840641975,0.06786280870437622,57,57,2.0
Matilde,L396_f04,sst1.1,18366,1,287,L396_f04|sst1.1|18366,LLB,bout,B2,23,0.0018486197805032134,-0.7492591738700867,57,57,2.0
Matilde,L396_f04,sst1.1,18366,1,287,L396_f04|sst1.1|18366,RLB,bout,B2,24,0.0060370382852852345,0.2021450698375702,57,57,2.0
Matilde,L396_f04,sst1.1,18366,1,287,L396_f04|sst1.1|18366,RLC,continuous,B2,25,0.0065216138027608395,0.31221717596054077,57,57,2.0
Matilde,L396_f04,sst1.1,18366,1,287,L396_f04|sst1.1|18366,LLC+RLC,continuous,B2,26,0.004773136228322983,-0.0849517285823822,57,57,2.0
Matilde,L396_f04,sst1.1,18366,1,287,L396_f04|sst1.1|18366,LLC,continuous,B2,27,0.006100309081375599,0.2165171504020691,57,57,2.0
Matilde,L396_f04,sst1.1,18366,1,287,L396_f04|sst1.1|18366,LLB,bout,B2,28,0.002009547082707286,-0.7127043008804321,57,57,2.0
Matilde,L396_f04,sst1.1,18366,1,287,L396_f04|sst1.1|18366,LLB+RLB,bout,B2,30,0.0060183824971318245,0.19790738821029663,57,57,2.0
Matilde,L396_f04,sst1.1,18684,0,207,L396_f04|sst1.1|18684,LLC+RLC,continuous,B1,0,0.0035831285640597343,0.24082058668136597,57,57,2.0
Matilde,L396_f04,sst1.1,18684,0,207,L396_f04|sst1.1|18684,LLC,continuous,B1,2,0.002673408715054393,-0.1350449025630951,57,57,2.0
Matilde,L396_f04,sst1.1,18684,0,207,L396_f04|sst1.1|18684,RLC,continuous,B1,3,0.002765059005469084,-0.09717822819948196,57,57,2.0
Matilde,L396_f04,sst1.1,18684,0,207,L396_f04|sst1.1|18684,LLB,bout,B1,4,0.002877074060961604,-0.0508972704410553,57,57,2.0
Matilde,L396_f04,sst1.1,18684,0,207,L396_f04|sst1.1|18684,LLB+RLB,bout,B1,6,0.004816526081413031,0.7504186630249023,57,57,2.0
Matilde,L396_f04,sst1.1,18684,0,207,L396_f04|sst1.1|18684,RLB,bout,B1,7,0.003225073916837573,0.09288442879915237,57,57,2.0
Matilde,L396_f04,sst1.1,18684,0,207,L396_f04|sst1.1|18684,RLC,continuous,B1,8,0.002411765744909644,-0.2431471198797226,57,57,2.0
Matilde,L396_f04,sst1.1,18684,0,207,L396_f04|sst1.1|18684,RLB,bout,B1,9,0.002676974516361952,-0.13357174396514893,57,57,2.0
Matilde,L396_f04,sst1.1,18684,0,207,L396_f04|sst1.1|18684,LLB,bout,B1,12,0.002081839134916663,-0.3794616758823395,57,57,2.0
Matilde,L396_f04,sst1.1,18684,0,207,L396_f04|sst1.1|18684,LLB+RLB,bout,B1,13,0.0051135895773768425,0.8731555342674255,57,57,2.0
Matilde,L396_f04,sst1.1,18684,0,207,L396_f04|sst1.1|18684,LLC+RLC,continuous,B1,14,0.0015912750968709588,-0.5821462273597717,57,57,2.0
Matilde,L396_f04,sst1.1,18684,0,207,L396_f04|sst1.1|18684,LLC,continuous,B1,15,0.0011181841837242246,-0.7776114344596863,57,57,2.0
Matilde,L396_f04,sst1.1,18684,0,207,L396_f04|sst1.1|18684,LLC,continuous,B2,16,0.0026087919250130653,-0.16174258291721344,57,57,2.0
Matilde,L396_f04,sst1.1,18684,0,207,L396_f04|sst1.1|18684,RLB,bout,B2,17,0.004658161196857691,0.6849877238273621,57,57,2.0
Matilde,L396_f04,sst1.1,18684,0,207,L396_f04|sst1.1|18684,LLC+RLC,continuous,B2,18,0.0027431666385382414,-0.10622338950634003,57,57,2.0
Matilde,L396_f04,sst1.1,18684,0,207,L396_f04|sst1.1|18684,LLB+RLB,bout,B2,19,0.010081468150019646,2.925715446472168,57,57,2.0
Matilde,L396_f04,sst1.1,18684,0,207,L396_f04|sst1.1|18684,RLC,continuous,B2,21,0.0032110349275171757,0.08708406984806061,57,57,2.0
Matilde,L396_f04,sst1.1,18684,0,207,L396_f04|sst1.1|18684,LLB,bout,B2,23,0.002166183665394783,-0.34461331367492676,57,57,2.0
Matilde,L396_f04,sst1.1,18684,0,207,L396_f04|sst1.1|18684,RLB,bout,B2,24,0.004597069695591927,0.6597470045089722,57,57,2.0
Matilde,L396_f04,sst1.1,18684,0,207,L396_f04|sst1.1|18684,RLC,continuous,B2,25,0.0034760525450110435,0.19658036530017853,57,57,2.0
Matilde,L396_f04,sst1.1,18684,0,207,L396_f04|sst1.1|18684,LLC+RLC,continuous,B2,26,0.004117564298212528,0.4616314768791199,57,57,2.0
Matilde,L396_f04,sst1.1,18684,0,207,L396_f04|sst1.1|18684,LLC,continuous,B2,27,0.0035960597451776266,0.24616336822509766,57,57,2.0
Matilde,L396_f04,sst1.1,18684,0,207,L396_f04|sst1.1|18684,LLB,bout,B2,28,0.002502232324331999,-0.20576943457126617,57,57,2.0
Matilde,L396_f04,sst1.1,18684,0,207,L396_f04|sst1.1|18684,LLB+RLB,bout,B2,30,0.004194517154246569,0.493425577878952,57,57,2.0
Matilde,L396_f04,sst1.2,12666,3,402,L396_f04|sst1.2|12666,LLC+RLC,continuous,B1,0,0.005449227057397366,-0.2702482342720032,57,57,2.0
Matilde,L396_f04,sst1.2,12666,3,402,L396_f04|sst1.2|12666,LLC,continuous,B1,2,0.0037911790423095226,-0.4884053170681,57,57,2.0
Matilde,L396_f04,sst1.2,12666,3,402,L396_f04|sst1.2|12666,RLC,continuous,B1,3,0.002018469152972102,-0.7216490507125854,57,57,2.0
Matilde,L396_f04,sst1.2,12666,3,402,L396_f04|sst1.2|12666,LLB,bout,B1,4,0.02056824415922165,1.7190314531326294,57,57,2.0
Matilde,L396_f04,sst1.2,12666,3,402,L396_f04|sst1.2|12666,LLB+RLB,bout,B1,6,0.05099058151245117,5.721841335296631,57,57,2.0
Matilde,L396_f04,sst1.2,12666,3,402,L396_f04|sst1.2|12666,RLB,bout,B1,7,0.033263176679611206,3.3893630504608154,57,57,2.0
Matilde,L396_f04,sst1.2,12666,3,402,L396_f04|sst1.2|12666,RLC,continuous,B1,8,0.002537347609177232,-0.6533777713775635,57,57,2.0
Matilde,L396_f04,sst1.2,12666,3,402,L396_f04|sst1.2|12666,RLB,bout,B1,9,0.03560396283864975,3.697352170944214,57,57,2.0
Matilde,L396_f04,sst1.2,12666,3,402,L396_f04|sst1.2|12666,LLB,bout,B1,12,0.020202986896038055,1.6709728240966797,57,57,2.0
Matilde,L396_f04,sst1.2,12666,3,402,L396_f04|sst1.2|12666,LLB+RLB,bout,B1,13,0.04665599763393402,5.151518821716309,57,57,2.0
Matilde,L396_f04,sst1.2,12666,3,402,L396_f04|sst1.2|12666,LLC+RLC,continuous,B1,14,0.004585979972034693,-0.3838297426700592,57,57,2.0
Matilde,L396_f04,sst1.2,12666,3,402,L396_f04|sst1.2|12666,LLC,continuous,B1,15,0.0005230102105997503,-0.918413519859314,57,57,2.0
Matilde,L396_f04,sst1.2,12666,3,402,L396_f04|sst1.2|12666,LLC,continuous,B2,16,0.0028661717660725117,-0.6101129055023193,57,57,2.0
Matilde,L396_f04,sst1.2,12666,3,402,L396_f04|sst1.2|12666,RLB,bout,B2,17,0.04257872328162193,4.615052700042725,57,57,2.0
Matilde,L396_f04,sst1.2,12666,3,402,L396_f04|sst1.2|12666,LLC+RLC,continuous,B2,18,0.008165648207068443,0.08716411888599396,57,57,2.0
Matilde,L396_f04,sst1.2,12666,3,402,L396_f04|sst1.2|12666,LLB+RLB,bout,B2,19,0.04165373742580414,4.493348598480225,57,57,2.0
Matilde,L396_f04,sst1.2,12666,3,402,L396_f04|sst1.2|12666,RLC,continuous,B2,21,0.0017416212940588593,-0.7580752372741699,57,57,2.0
Matilde,L396_f04,sst1.2,12666,3,402,L396_f04|sst1.2|12666,LLB,bout,B2,23,0.017389370128512383,1.3007723093032837,57,57,2.0
Matilde,L396_f04,sst1.2,12666,3,402,L396_f04|sst1.2|12666,RLB,bout,B2,24,0.04035072401165962,4.321905612945557,57,57,2.0
Matilde,L396_f04,sst1.2,12666,3,402,L396_f04|sst1.2|12666,RLC,continuous,B2,25,0.0025692854542285204,-0.6491755247116089,57,57,2.0
Matilde,L396_f04,sst1.2,12666,3,402,L396_f04|sst1.2|12666,LLC+RLC,continuous,B2,26,0.004718129523098469,-0.36644211411476135,57,57,2.0
Matilde,L396_f04,sst1.2,12666,3,402,L396_f04|sst1.2|12666,LLC,continuous,B2,27,0.0033984167966991663,-0.5400828123092651,57,57,2.0
Matilde,L396_f04,sst1.2,12666,3,402,L396_f04|sst1.2|12666,LLB,bout,B2,28,0.03078094683587551,3.0627646446228027,57,57,2.0
Matilde,L396_f04,sst1.2,12666,3,402,L396_f04|sst1.2|12666,LLB+RLB,bout,B2,30,0.04398256540298462,4.7997636795043945,57,57,2.0
Matilde,L396_f04,sst1.2,13692,4,53,L396_f04|sst1.2|13692,LLC+RLC,continuous,B1,0,0.02476293034851551,3.7072925567626953,57,57,2.0
Matilde,L396_f04,sst1.2,13692,4,53,L396_f04|sst1.2|13692,LLC,continuous,B1,2,0.00214388151653111,-0.21918924152851105,57,57,2.0
Matilde,L396_f04,sst1.2,13692,4,53,L396_f04|sst1.2|13692,RLC,continuous,B1,3,0.006638081278651953,0.5609670281410217,57,57,2.0
Matilde,L396_f04,sst1.2,13692,4,53,L396_f04|sst1.2|13692,LLB,bout,B1,4,0.005774758290499449,0.41110116243362427,57,57,2.0
Matilde,L396_f04,sst1.2,13692,4,53,L396_f04|sst1.2|13692,LLB+RLB,bout,B1,6,0.006219979375600815,0.4883878827095032,57,57,2.0
Matilde,L396_f04,sst1.2,13692,4,53,L396_f04|sst1.2|13692,RLB,bout,B1,7,0.0017387253465130925,-0.28952106833457947,57,57,2.0
Matilde,L396_f04,sst1.2,13692,4,53,L396_f04|sst1.2|13692,RLC,continuous,B1,8,0.001968860160559416,-0.2495715171098709,57,57,2.0
Matilde,L396_f04,sst1.2,13692,4,53,L396_f04|sst1.2|13692,RLB,bout,B1,9,0.002592540578916669,-0.14130568504333496,57,57,2.0
Matilde,L396_f04,sst1.2,13692,4,53,L396_f04|sst1.2|13692,LLB,bout,B1,12,0.0024071610532701015,-0.17348612844944,57,57,2.0
Matilde,L396_f04,sst1.2,13692,4,53,L396_f04|sst1.2|13692,LLB+RLB,bout,B1,13,0.004355949349701405,0.16480758786201477,57,57,2.0
Matilde,L396_f04,sst1.2,13692,4,53,L396_f04|sst1.2|13692,LLC+RLC,continuous,B1,14,0.002360546262934804,-0.18157798051834106,57,57,2.0
Matilde,L396_f04,sst1.2,13692,4,53,L396_f04|sst1.2|13692,LLC,continuous,B1,15,0.001115562510676682,-0.39769700169563293,57,57,2.0
Matilde,L396_f04,sst1.2,13692,4,53,L396_f04|sst1.2|13692,LLC,continuous,B2,16,0.0015709130093455315,-0.3186519145965576,57,57,2.0
Matilde,L396_f04,sst1.2,13692,4,53,L396_f04|sst1.2|13692,RLB,bout,B2,17,0.004365117754787207,0.16639910638332367,57,57,2.0
Matilde,L396_f04,sst1.2,13692,4,53,L396_f04|sst1.2|13692,LLC+RLC,continuous,B2,18,0.0019452405394986272,-0.25367167592048645,57,57,2.0
Matilde,L396_f04,sst1.2,13692,4,53,L396_f04|sst1.2|13692,LLB+RLB,bout,B2,19,0.0029623995069414377,-0.07710126042366028,57,57,2.0
Matilde,L396_f04,sst1.2,13692,4,53,L396_f04|sst1.2|13692,RLC,continuous,B2,21,0.0025134708266705275,-0.15503157675266266,57,57,2.0
Matilde,L396_f04,sst1.2,13692,4,53,L396_f04|sst1.2|13692,LLB,bout,B2,23,0.0026323520578444004,-0.1343948096036911,57,57,2.0
Matilde,L396_f04,sst1.2,13692,4,53,L396_f04|sst1.2|13692,RLB,bout,B2,24,0.0024525674525648355,-0.165603905916214,57,57,2.0
Matilde,L396_f04,sst1.2,13692,4,53,L396_f04|sst1.2|13692,RLC,continuous,B2,25,0.0032055641058832407,-0.03488988056778908,57,57,2.0
Matilde,L396_f04,sst1.2,13692,4,53,L396_f04|sst1.2|13692,LLC+RLC,continuous,B2,26,0.003555344883352518,0.025829220190644264,57,57,2.0
Matilde,L396_f04,sst1.2,13692,4,53,L396_f04|sst1.2|13692,LLC,continuous,B2,27,0.0025110940914601088,-0.15544426441192627,57,57,2.0
Matilde,L396_f04,sst1.2,13692,4,53,L396_f04|sst1.2|13692,LLB,bout,B2,28,0.0032161709386855364,-0.033048588782548904,57,57,2.0
Matilde,L396_f04,sst1.2,13692,4,53,L396_f04|sst1.2|13692,LLB+RLB,bout,B2,30,0.0030683812219649553,-0.0587037168443203,57,57,2.0
Matilde,L396_f04,sst1.2,13698,3,405,L396_f04|sst1.2|13698,LLC+RLC,continuous,B1,0,0.0049100592732429504,0.47317856550216675,57,57,2.0
Matilde,L396_f04,sst1.2,13698,3,405,L396_f04|sst1.2|13698,LLC,continuous,B1,2,0.0032779190223664045,-0.07652909308671951,57,57,2.0
Matilde,L396_f04,sst1.2,13698,3,405,L396_f04|sst1.2|13698,RLC,continuous,B1,3,0.002375040901824832,-0.38061991333961487,57,57,2.0
Matilde,L396_f04,sst1.2,13698,3,405,L396_f04|sst1.2|13698,LLB,bout,B1,4,0.004950273782014847,0.48672276735305786,57,57,2.0
Matilde,L396_f04,sst1.2,13698,3,405,L396_f04|sst1.2|13698,LLB+RLB,bout,B1,6,0.01476527750492096,3.7924318313598633,57,57,2.0
Matilde,L396_f04,sst1.2,13698,3,405,L396_f04|sst1.2|13698,RLB,bout,B1,7,0.004224853590130806,0.24240006506443024,57,57,2.0
Matilde,L396_f04,sst1.2,13698,3,405,L396_f04|sst1.2|13698,RLC,continuous,B1,8,0.0028395745903253555,-0.22416405379772186,57,57,2.0
Matilde,L396_f04,sst1.2,13698,3,405,L396_f04|sst1.2|13698,RLB,bout,B1,9,0.005478397477418184,0.6645957827568054,57,57,2.0
Matilde,L396_f04,sst1.2,13698,3,405,L396_f04|sst1.2|13698,LLB,bout,B1,12,0.004265533294528723,0.25610098242759705,57,57,2.0
Matilde,L396_f04,sst1.2,13698,3,405,L396_f04|sst1.2|13698,LLB+RLB,bout,B1,13,0.014449207112193108,3.6859793663024902,57,57,2.0
Matilde,L396_f04,sst1.2,13698,3,405,L396_f04|sst1.2|13698,LLC+RLC,continuous,B1,14,0.0032665436156094074,-0.08036036044359207,57,57,2.0
Matilde,L396_f04,sst1.2,13698,3,405,L396_f04|sst1.2|13698,LLC,continuous,B1,15,0.0015038957353681326,-0.6740230321884155,57,57,2.0
Matilde,L396_f04,sst1.2,13698,3,405,L396_f04|sst1.2|13698,LLC,continuous,B2,16,0.0024188291281461716,-0.36587199568748474,57,57,2.0
Matilde,L396_f04,sst1.2,13698,3,405,L396_f04|sst1.2|13698,RLB,bout,B2,17,0.008143308572471142,1.5621421337127686,57,57,2.0
Matilde,L396_f04,sst1.2,13698,3,405,L396_f04|sst1.2|13698,LLC+RLC,continuous,B2,18,0.0033897333778440952,-0.03886983171105385,57,57,2.0
Matilde,L396_f04,sst1.2,13698,3,405,L396_f04|sst1.2|13698,LLB+RLB,bout,B2,19,0.00454271724447608,0.3494570255279541,57,57,2.0
Matilde,L396_f04,sst1.2,13698,3,405,L396_f04|sst1.2|13698,RLC,continuous,B2,21,0.0030356107745319605,-0.15813887119293213,57,57,2.0
Matilde,L396_f04,sst1.2,13698,3,405,L396_f04|sst1.2|13698,LLB,bout,B2,23,0.003862291807308793,0.12028863281011581,57,57,2.0
Matilde,L396_f04,sst1.2,13698,3,405,L396_f04|sst1.2|13698,RLB,bout,B2,24,0.012202803045511246,2.929386854171753,57,57,2.0
Matilde,L396_f04,sst1.2,13698,3,405,L396_f04|sst1.2|13698,RLC,continuous,B2,25,0.003355703316628933,-0.05033105984330177,57,57,2.0
Matilde,L396_f04,sst1.2,13698,3,405,L396_f04|sst1.2|13698,LLC+RLC,continuous,B2,26,0.0035305023193359375,0.008541475981473923,57,57,2.0
Matilde,L396_f04,sst1.2,13698,3,405,L396_f04|sst1.2|13698,LLC,continuous,B2,27,0.003899125149473548,0.13269414007663727,57,57,2.0
Matilde,L396_f04,sst1.2,13698,3,405,L396_f04|sst1.2|13698,LLB,bout,B2,28,0.0037554611917585135,0.08430801331996918,57,57,2.0
Matilde,L396_f04,sst1.2,13698,3,405,L396_f04|sst1.2|13698,LLB+RLB,bout,B2,30,0.0046915458515286446,0.39958280324935913,57,57,2.0
Matilde,L396_f04,sst1.2,16584,2,438,L396_f04|sst1.2|16584,LLC+RLC,continuous,B1,0,0.009760349057614803,1.9477107524871826,57,57,2.0
Matilde,L396_f04,sst1.2,16584,2,438,L396_f04|sst1.2|16584,LLC,continuous,B1,2,0.0019520247587934136,-0.4724300503730774,57,57,2.0
Matilde,L396_f04,sst1.2,16584,2,438,L396_f04|sst1.2|16584,RLC,continuous,B1,3,0.010293236933648586,2.1128756999969482,57,57,2.0
Matilde,L396_f04,sst1.2,16584,2,438,L396_f04|sst1.2|16584,LLB,bout,B1,4,0.004219043999910355,0.23021818697452545,57,57,2.0
Matilde,L396_f04,sst1.2,16584,2,438,L396_f04|sst1.2|16584,LLB+RLB,bout,B1,6,0.003554430790245533,0.024225596338510513,57,57,2.0
Matilde,L396_f04,sst1.2,16584,2,438,L396_f04|sst1.2|16584,RLB,bout,B1,7,0.0032123324926942587,-0.08180565387010574,57,57,2.0
Matilde,L396_f04,sst1.2,16584,2,438,L396_f04|sst1.2|16584,RLC,continuous,B1,8,0.0024801346007734537,-0.3087456226348877,57,57,2.0
Matilde,L396_f04,sst1.2,16584,2,438,L396_f04|sst1.2|16584,RLB,bout,B1,9,0.00381370703689754,0.10458660125732422,57,57,2.0
Matilde,L396_f04,sst1.2,16584,2,438,L396_f04|sst1.2|16584,LLB,bout,B1,12,0.0030809896998107433,-0.122514508664608,57,57,2.0
Matilde,L396_f04,sst1.2,16584,2,438,L396_f04|sst1.2|16584,LLB+RLB,bout,B1,13,0.009911518543958664,1.9945645332336426,57,57,2.0
Matilde,L396_f04,sst1.2,16584,2,438,L396_f04|sst1.2|16584,LLC+RLC,continuous,B1,14,0.0026594502851366997,-0.253167986869812,57,57,2.0
Matilde,L396_f04,sst1.2,16584,2,438,L396_f04|sst1.2|16584,LLC,continuous,B1,15,0.001042945310473442,-0.7541934251785278,57,57,2.0
Matilde,L396_f04,sst1.2,16584,2,438,L396_f04|sst1.2|16584,LLC,continuous,B2,16,0.002495266031473875,-0.3040558993816376,57,57,2.0
Matilde,L396_f04,sst1.2,16584,2,438,L396_f04|sst1.2|16584,RLB,bout,B2,17,0.004272035788744688,0.24664266407489777,57,57,2.0
Matilde,L396_f04,sst1.2,16584,2,438,L396_f04|sst1.2|16584,LLC+RLC,continuous,B2,18,0.0021686565596610308,-0.40528640151023865,57,57,2.0
Matilde,L396_f04,sst1.2,16584,2,438,L396_f04|sst1.2|16584,LLB+RLB,bout,B2,19,0.0029527153819799423,-0.16227230429649353,57,57,2.0
Matilde,L396_f04,sst1.2,16584,2,438,L396_f04|sst1.2|16584,RLC,continuous,B2,21,0.002335786819458008,-0.3534854054450989,57,57,2.0
Matilde,L396_f04,sst1.2,16584,2,438,L396_f04|sst1.2|16584,LLB,bout,B2,23,0.00252188160084188,-0.2958064079284668,57,57,2.0
Matilde,L396_f04,sst1.2,16584,2,438,L396_f04|sst1.2|16584,RLB,bout,B2,24,0.002932208590209484,-0.1686282902956009,57,57,2.0
Matilde,L396_f04,sst1.2,16584,2,438,L396_f04|sst1.2|16584,RLC,continuous,B2,25,0.0036672442220151424,0.05919138714671135,57,57,2.0
Matilde,L396_f04,sst1.2,16584,2,438,L396_f04|sst1.2|16584,LLC+RLC,continuous,B2,26,0.004584678914397955,0.3435443937778473,57,57,2.0
Matilde,L396_f04,sst1.2,16584,2,438,L396_f04|sst1.2|16584,LLC,continuous,B2,27,0.004195024725049734,0.22277355194091797,57,57,2.0
Matilde,L396_f04,sst1.2,16584,2,438,L396_f04|sst1.2|16584,LLB,bout,B2,28,0.004433734808117151,0.29676032066345215,57,57,2.0
Matilde,L396_f04,sst1.2,16584,2,438,L396_f04|sst1.2|16584,LLB+RLB,bout,B2,30,0.0038911609444767237,0.12859287858009338,57,57,2.0
Matilde,L396_f04,tac3b,14351,3,429,L396_f04|tac3b|14351,LLC+RLC,continuous,B1,0,0.014837248250842094,3.32228946685791,57,57,2.0
Matilde,L396_f04,tac3b,14351,3,429,L396_f04|tac3b|14351,LLC,continuous,B1,2,0.0034115018788725138,-0.06188303232192993,57,57,2.0
Matilde,L396_f04,tac3b,14351,3,429,L396_f04|tac3b|14351,RLC,continuous,B1,3,0.006084635388106108,0.7298678755760193,57,57,2.0
Matilde,L396_f04,tac3b,14351,3,429,L396_f04|tac3b|14351,LLB,bout,B1,4,0.005954681895673275,0.6913769841194153,57,57,2.0
Matilde,L396_f04,tac3b,14351,3,429,L396_f04|tac3b|14351,LLB+RLB,bout,B1,6,0.0074211545288562775,1.1257293224334717,57,57,2.0
Matilde,L396_f04,tac3b,14351,3,429,L396_f04|tac3b|14351,RLB,bout,B1,7,0.003686955664306879,0.01970311999320984,57,57,2.0
Matilde,L396_f04,tac3b,14351,3,429,L396_f04|tac3b|14351,RLC,continuous,B1,8,0.0039004087448120117,0.08292548358440399,57,57,2.0
Matilde,L396_f04,tac3b,14351,3,429,L396_f04|tac3b|14351,RLB,bout,B1,9,0.004571507219225168,0.2816971242427826,57,57,2.0
Matilde,L396_f04,tac3b,14351,3,429,L396_f04|tac3b|14351,LLB,bout,B1,12,0.003334541106596589,-0.08467797189950943,57,57,2.0
Matilde,L396_f04,tac3b,14351,3,429,L396_f04|tac3b|14351,LLB+RLB,bout,B1,13,0.009046774357557297,1.6072189807891846,57,57,2.0
Matilde,L396_f04,tac3b,14351,3,429,L396_f04|tac3b|14351,LLC+RLC,continuous,B1,14,0.005373258143663406,0.5191662907600403,57,57,2.0
Matilde,L396_f04,tac3b,14351,3,429,L396_f04|tac3b|14351,LLC,continuous,B1,15,0.0013206020230427384,-0.6811830997467041,57,57,2.0
Matilde,L396_f04,tac3b,14351,3,429,L396_f04|tac3b|14351,LLC,continuous,B2,16,0.0033428946044296026,-0.08220367878675461,57,57,2.0
Matilde,L396_f04,tac3b,14351,3,429,L396_f04|tac3b|14351,RLB,bout,B2,17,0.004839682951569557,0.36112740635871887,57,57,2.0
Matilde,L396_f04,tac3b,14351,3,429,L396_f04|tac3b|14351,LLC+RLC,continuous,B2,18,0.004884413909167051,0.3743762671947479,57,57,2.0
Matilde,L396_f04,tac3b,14351,3,429,L396_f04|tac3b|14351,LLB+RLB,bout,B2,19,0.004357174504548311,0.2182140350341797,57,57,2.0
Matilde,L396_f04,tac3b,14351,3,429,L396_f04|tac3b|14351,RLC,continuous,B2,21,0.0028286774177104235,-0.23450882732868195,57,57,2.0
Matilde,L396_f04,tac3b,14351,3,429,L396_f04|tac3b|14351,LLB,bout,B2,23,0.0026337490417063236,-0.29224443435668945,57,57,2.0
Matilde,L396_f04,tac3b,14351,3,429,L396_f04|tac3b|14351,RLB,bout,B2,24,0.00460472097620368,0.291534423828125,57,57,2.0
Matilde,L396_f04,tac3b,14351,3,429,L396_f04|tac3b|14351,RLC,continuous,B2,25,0.0038912580348551273,0.08021513372659683,57,57,2.0
Matilde,L396_f04,tac3b,14351,3,429,L396_f04|tac3b|14351,LLC+RLC,continuous,B2,26,0.006568525917828083,0.8731905221939087,57,57,2.0
Matilde,L396_f04,tac3b,14351,3,429,L396_f04|tac3b|14351,LLC,continuous,B2,27,0.005018740426748991,0.4141620099544525,57,57,2.0
Matilde,L396_f04,tac3b,14351,3,429,L396_f04|tac3b|14351,LLB,bout,B2,28,0.003714146791025996,0.02775677479803562,57,57,2.0
Matilde,L396_f04,tac3b,14351,3,429,L396_f04|tac3b|14351,LLB+RLB,bout,B2,30,0.008113713935017586,1.330857276916504,57,57,2.0
