fish_id,axis,offset_um
L395_f11,xy,0.9083190524730332
L395_f11,xy,3.7400383354043254
L395_f11,xy,2.459851338645567
L395_f11,xy,2.548660975473227
L395_f11,xy,2.950431425082839
L395_f11,xy,5.816118781767562
L395_f11,xy,5.578806811683085
L395_f11,xy,1.095941869062254
L395_f11,xy,0.5773134030647131
L395_f11,xy,2.46979128593985
L395_f11,xy,2.5972282007690732
L395_f11,xy,3.037545810159223
L395_f11,xy,2.372189390533415
L395_f11,xy,1.2126508520575765
L395_f11,xy,3.242367725999998
L395_f11,xy,4.578895486858015
L395_f11,xy,0.7016338195348227
L395_f11,xy,2.3603115773285572
L395_f11,xy,1.237452140960433
L395_f11,xy,4.110056562330657
L395_f11,xy,2.070965840774558
L395_f11,xy,2.703416544834466
L395_f11,xy,2.4314371325944433
L395_f11,xy,2.861174543599423
L395_f11,xy,1.3703260690593595
L395_f11,xy,3.064876162873318
L395_f11,xy,4.201963298717035
L395_f11,xy,4.168196161985097
L395_f11,xy,3.639473056908357
L395_f11,xy,4.222277872452264
L395_f11,xy,6.388402353498324
L395_f11,xy,2.535911969821094
L395_f11,xy,0.9718861655203164
L395_f11,xy,2.069751034893213
L395_f11,xy,1.2715419781316255
L395_f11,xy,2.689249646760257
L395_f11,xy,2.327810644797886
L395_f11,xy,0.5678983261735352
L395_f11,xy,2.3656566224744684
L395_f11,xy,2.813629789407471
L395_f11,xy,2.5137881689727415
L395_f11,xy,2.3402958688227486
L395_f11,xy,2.792606267700633
L395_f11,xy,1.8158391047785576
L395_f11,xy,1.453217664254281
L395_f11,xy,1.155997331845837
L395_f11,xy,1.029245842245049
L395_f11,xy,3.8491168412491903
L395_f11,xy,2.4421189160878276
L395_f11,xy,3.111279831771306
L395_f11,xy,1.982280458822525
L395_f11,xy,1.6522850160430167
L395_f11,xy,4.5752502390693754
L395_f11,xy,0.9819432960982012
L395_f11,xy,2.5874451192360515
L395_f11,xy,1.739970953217059
L395_f11,xy,1.9435740017319345
L395_f11,xy,3.7827107891123983
L395_f11,xy,3.7536741166987495
L395_f11,xy,1.4528212702172725
L395_f11,xy,3.066751772931393
L395_f11,xy,1.2886552427911255
L395_f11,xy,2.754977649280764
L395_f11,xy,5.446718753478062
L395_f11,xy,5.044242479888527
L395_f11,xy,1.6951215843504852
L395_f11,xy,3.6016494021891923
L395_f11,xy,2.1762209337102174
L395_f11,xy,3.676682672913061
L395_f11,xy,4.2897934924270755
L395_f11,xy,1.8603585507617544
L395_f11,xy,1.83422927975918
L395_f11,xy,1.7548404554144523
L395_f11,xy,4.704349643640149
L395_f11,xy,2.6682166864392625
L395_f11,xy,2.5597314270746474
L395_f11,xy,2.6464143062920673
L395_f11,xy,3.8716760260640655
L395_f11,xy,1.4648417386738664
L395_f11,xy,3.5261116388831413
L395_f11,xy,2.376670691887399
L395_f11,xy,1.933780302963121
L395_f11,xy,2.9407858283650588
L395_f11,xy,3.6005503109847816
L395_f11,xy,1.9307636083048652
L395_f11,xy,2.7372584250779153
L395_f11,xy,1.871905099193457
L395_f11,xy,1.2861967249337196
L395_f11,xy,2.449087160150417
L395_f11,xy,2.358915174875506
L395_f11,xy,2.776104362056232
L395_f11,xy,3.279856897072778
L395_f11,xy,4.428155134798621
L395_f11,xy,2.201361416136366
L395_f11,xy,0.6574655605791032
L395_f11,xy,2.0158756930179726
L395_f11,xy,1.506294403655329
L395_f11,xy,1.4024007832323842
L395_f11,xy,1.3090064606709664
L395_f11,xy,1.462241196667453
L395_f11,xy,1.5979614402836897
L395_f11,xy,2.844103747092759
L395_f11,xy,5.097868055044305
L395_f11,xy,1.7295766008673483
L395_f11,xy,2.446292135434138
L395_f11,xy,2.1077236084062805
L395_f11,xy,4.486947614670404
L395_f11,xy,4.706522422573016
L395_f11,xy,2.1829958041613535
L395_f11,xy,3.819365616475609
L395_f11,xy,0.4593808441671659
L395_f11,xy,1.501664746056654
L395_f11,xy,3.918787166586007
L395_f11,xy,0.5242135044533992
L395_f11,xy,2.319016822087932
L395_f11,xy,4.401150378163376
L395_f11,xy,2.286476280011995
L395_f11,xy,4.654048782635834
L395_f11,xy,1.2746157510447302
L395_f11,xy,2.906959038553634
L395_f11,xy,2.6636923291830548
L395_f11,xy,3.3386005822970426
L395_f11,xy,2.6628821554131097
L395_f11,xy,2.171823735068505
L395_f11,xy,0.7629686563738332
L395_f11,xy,1.8426694377646953
L395_f11,xy,4.780931160966029
L395_f11,xy,5.823715114324035
L395_f11,xy,3.4102594696555055
L395_f11,xy,1.6070324444926951
L395_f11,xy,1.1738317591313567
L395_f11,xy,4.9731048494195536
L395_f11,xy,4.753181114829818
L395_f11,xy,4.036882533713562
L395_f11,xy,2.401599286511048
L395_f11,xy,4.591762880680591
L395_f11,xy,2.9308935937013376
L395_f11,xy,2.9485051263301636
L395_f11,xy,2.3147040940059984
L395_f11,xy,0.9771160721344826
L395_f11,xy,3.5539804016455703
L395_f11,xy,3.085920847572291
L395_f11,xy,1.8991362444779
L395_f11,xy,2.8803325225436427
L395_f11,xy,3.0383471084043845
L395_f11,xy,2.5801911727736297
L395_f11,xy,1.5847951934179068
L395_f11,xy,2.307834419952534
L395_f11,xy,2.886864142697082
L395_f11,xy,0.7966755772282746
L395_f11,xy,1.2070515432650408
L395_f11,xy,4.614247956704806
L395_f11,xy,3.618766038679676
L395_f11,xy,4.138336817416177
L395_f11,xy,1.9751258758100871
L395_f11,xy,2.3925529221744095
L395_f11,xy,2.9107584043058417
L395_f11,xy,1.9773067928875123
L395_f11,xy,1.4473264119443847
L395_f11,xy,0.7984122463776365
L395_f11,xy,1.0552113363346745
L395_f11,xy,2.1388266705683368
L395_f11,xy,4.359188191671001
L395_f11,xy,2.0991572589272898
L395_f11,xy,5.516863532650951
L395_f11,xy,2.2906975880658416
L395_f11,xy,3.4094074847291727
L395_f11,xy,4.928940383081741
L395_f11,xy,2.3860490090493833
L395_f11,xy,4.494057323173596
L395_f11,xy,5.307297626967085
L395_f11,xy,4.531736939567039
L395_f11,xy,4.157885109618511
L395_f11,xy,2.0660503212325008
L395_f11,xy,4.328904353585915
L395_f11,xy,0.7992129242741975
L395_f11,xy,2.596134686857497
L395_f11,xy,1.905139854239968
L395_f11,xy,0.953597618698579
L395_f11,xy,3.462942679425995
L395_f11,xy,4.32086812833456
L395_f11,xy,1.5264807086468053
L395_f11,xy,6.602560389123994
L395_f11,xy,1.2754006488206744
L395_f11,xy,3.991720199475296
L395_f11,xy,5.336767854841018
L395_f11,xy,1.3342433222059529
L395_f11,xy,1.803966747966524
L395_f11,xy,0.5047007071254044
L395_f11,xy,4.204305776226338
L395_f11,xy,2.977996308218814
L395_f11,xy,1.286237136921336
L395_f11,xy,1.2588163802406829
L395_f11,xy,2.327197401661727
L395_f11,xy,0.7052016546250895
L395_f11,xy,2.8826987762978353
L395_f11,xy,1.5132503745432888
L395_f11,xy,0.5701115459186344
L395_f11,xy,2.9568455879935187
L395_f11,xy,1.4807389145576122
L395_f11,xy,2.35960014609144
L395_f11,xy,2.5631267958225985
L395_f11,xy,2.2177714055143887
L395_f11,xy,2.84325705107168
L395_f11,xy,1.368270271455921
L395_f11,xy,4.093616834265886
L395_f11,xy,1.9228675523412633
L395_f11,xy,2.401476312698304
L395_f11,xy,2.770506967056858
L395_f11,xy,2.9949885150066873
L395_f11,xy,2.483508313791315
L395_f11,xy,2.854621306252273
L395_f11,xy,3.05985667011506
L395_f11,xy,1.119765314977115
L395_f11,xy,4.40758524076574
L395_f11,xy,4.229639960625344
L395_f11,xy,1.408769705059462
L395_f11,xy,0.9646816461334472
L395_f11,xy,2.95326535214925
L395_f11,xy,2.1697747370038094
L395_f11,xy,3.5325342702018645
L395_f11,xy,4.37729973517815
L395_f11,xy,2.113240298944947
L395_f11,xy,3.980544191505694
L395_f11,xy,0.3494926987817682
L395_f11,xy,2.3548016968575167
L395_f11,xy,2.5188763754700116
L395_f11,xy,5.1620977599509414
L395_f11,xy,3.233463673023791
L395_f11,xy,3.180634343992747
L395_f11,xy,2.4303562086726953
L395_f11,xy,1.2729323711116316
L395_f11,xy,1.3940978202587508
L395_f11,xy,2.447907687833259
L395_f11,xy,4.592931520856216
L395_f11,xy,2.069584699678076
L395_f11,xy,1.1877023418791668
L395_f11,xy,0.4480889920983101
L395_f11,xy,1.84184016315975
L395_f11,xy,1.6729927018083663
L395_f11,xy,4.236195305731233
L395_f11,xy,2.737826338917665
L395_f11,xy,4.813043053547679
L395_f11,xy,2.41046982076385
L395_f11,xy,2.2003758226876395
L395_f11,xy,0.1300054124282766
L395_f11,xy,3.639105752600196
L395_f11,xy,3.967613131323005
L395_f11,xy,3.014608282961511
L395_f11,xy,1.831893194736016
L395_f11,xy,1.3403121050323248
L395_f11,xy,2.667871457135263
L395_f11,xy,0.2567119754304973
L395_f11,xy,2.4133892552840854
L395_f11,xy,4.947008973817391
L395_f11,xy,2.854886600726232
L395_f11,xy,1.330406872756801
L395_f11,xy,2.724653085079341
L395_f11,xy,5.941054440502121
L395_f11,xy,2.711699900978111
L395_f11,xy,4.4866189512708985
L395_f11,xy,3.3069064129814483
L395_f11,xy,2.8991585740493395
L395_f11,xy,2.790366322372706
L395_f11,xy,0.0272152518892065
L395_f11,xy,3.2693010917556884
L395_f11,xy,1.0088554563170815
L395_f11,xy,1.8114477696009452
L395_f11,xy,2.1671540283384827
L395_f11,xy,1.3821702878126827
L395_f11,xy,2.3458369532553407
L395_f11,xy,3.389285131495653
L395_f11,xy,3.714680159018472
L395_f11,xy,5.347120869272484
L395_f11,xy,3.3093925708438343
L395_f11,xy,3.232620553694134
L395_f11,xy,1.118875741675456
L395_f11,xy,3.4237851390373324
L395_f11,xy,4.268375527314512
L395_f11,xy,1.4192078029646749
L395_f11,xy,2.523284948393055
L395_f11,xy,1.8134076825865335
L395_f11,xy,3.2424869753650523
L395_f11,xy,1.1075369144923382
L395_f11,xy,2.220829608331235
L395_f11,xy,0.7686187377785411
L395_f11,xy,2.9234553913279764
L395_f11,xy,1.908455008133119
L395_f11,xy,1.1006620900829844
L395_f11,xy,1.4410129535733738
L395_f11,xy,5.205596903373763
L395_f11,xy,3.6941546195825783
L395_f11,xy,3.876175401047486
L395_f11,xy,1.799996572648082
L395_f11,xy,1.2043130516578933
L395_f11,xy,2.6402842351193607
L395_f11,xy,3.3356817462881843
L395_f11,xy,1.764026043881606
L395_f11,xy,3.290642022831076
L395_f11,xy,3.117564795424439
L395_f11,xy,2.1354635726767603
L395_f11,xy,1.568003372568865
L395_f11,xy,3.873317616696287
L395_f11,xy,0.5315596678947269
L395_f11,xy,2.0502571091894297
L395_f11,xy,0.5427945443160327
L395_f11,xy,2.3734300563267934
L395_f11,xy,2.4031475016295043
L395_f11,xy,0.9451205666738982
L395_f11,xy,3.3717226691576583
L395_f11,xy,2.044025340697917
L395_f11,xy,3.059449329032645
L395_f11,xy,0.890586270521586
L395_f11,xy,1.8041058012595657
L395_f11,xy,1.349855643359658
L395_f11,xy,1.360000299577932
L395_f11,xy,2.1476298832062604
L395_f11,xy,2.382597620492577
L395_f11,xy,4.105204966286127
L395_f11,xy,1.9297258738588132
L395_f11,xy,2.6127889126832584
L395_f11,xy,3.0241994200183
L395_f11,xy,3.329010220579531
L395_f11,xy,3.1554645491386055
L395_f11,xy,2.5430815904563593
L395_f11,xy,2.6423824595663272
L395_f11,xy,3.350488147321834
L395_f11,xy,0.5843130349640154
L395_f11,xy,2.292642382362133
L395_f11,xy,1.4129636878978964
L395_f11,xy,4.800185805577983
L395_f11,xy,1.5109232224576148
L395_f11,xy,1.7758756685341488
L395_f11,xy,1.7201003811599205
L395_f11,xy,1.1993888298117636
L395_f11,xy,2.874856160127489
L395_f11,xy,3.9727014880473175
L395_f11,xy,2.8417339077802115
L395_f11,xy,2.793511332754913
L395_f11,xy,1.9833656288784471
L395_f11,xy,2.50390785700448
L395_f11,xy,1.290151196169942
L395_f11,xy,4.920552943994814
L395_f11,xy,1.563799771220586
L395_f11,xy,1.5992888619514622
L395_f11,xy,2.593524427036512
L395_f11,xy,5.273909013035329
L395_f11,xy,2.188260826415041
L395_f11,xy,2.4703508684014186
L395_f11,xy,2.744175480578454
L395_f11,xy,4.283297596497881
L395_f11,xy,1.3775586523000225
L395_f11,xy,3.638604141019995
L395_f11,xy,2.3495939913656105
L395_f11,xy,2.44352654686985
L395_f11,xy,1.2223882386955192
L395_f11,xy,1.3678674603165306
L395_f11,xy,3.4858526440098982
L395_f11,xy,4.283033472750049
L395_f11,xy,2.471068345973193
L395_f11,xy,3.2644447804158547
L395_f11,xy,2.3670507641377587
L395_f11,xy,3.8190109801420937
L395_f11,xy,2.811222732730967
L395_f11,xy,2.355742571787963
L395_f11,xy,0.2733640377515559
L395_f11,xy,1.3839619697533525
L395_f11,xy,1.7262752937754224
L395_f11,xy,4.22034773527934
L395_f11,xy,0.3803362000659184
L395_f11,xy,1.805813253925118
L395_f11,xy,2.4207777733390565
L395_f11,xy,3.824989762484865
L395_f11,xy,3.098023876682681
L395_f11,xy,0.2100848187071343
L395_f11,xy,3.99791096672443
L395_f11,xy,1.879408211500238
L395_f11,xy,3.0098771700020523
L395_f11,xy,1.0929827571632909
L395_f11,xy,1.9728901824621052
L395_f11,xy,2.4667807087771445
L395_f11,xy,1.044660257537654
L395_f11,xy,2.2204974334689025
L395_f11,xy,1.6613483741233304
L395_f11,xy,1.8769987594570845
L395_f11,xy,3.361445722711722
L395_f11,xy,1.4879218786436534
L395_f11,xy,2.025030613756007
L395_f11,xy,4.702454280088185
L395_f11,xy,2.137019289996006
L395_f11,xy,3.244573675871733
L395_f11,xy,3.378142192290212
L395_f11,xy,4.729573587164146
L395_f11,xy,4.855420128727118
L395_f11,xy,5.711197330547526
L395_f11,xy,1.1375536647681352
L395_f11,xy,1.2840654292355171
L395_f11,xy,0.8884730218324828
L395_f11,xy,2.9919326854534805
L395_f11,xy,1.2980631073781816
L395_f11,xy,3.935800292631692
L395_f11,xy,2.5415292941338716
L395_f11,xy,2.0543540269454508
L395_f11,xy,1.166277862075896
L395_f11,xy,2.8340425544864
L395_f11,xy,3.643043759761326
L395_f11,xy,4.692375750154776
L395_f11,xy,2.142266167218829
L395_f11,xy,3.7336428269757
L395_f11,xy,5.3403089340555105
L395_f11,xy,0.7216516708525677
L395_f11,xy,1.8846212055479348
L395_f11,xy,1.1801337431378072
L395_f11,xy,4.304987426725318
L395_f11,xy,3.322690261640329
L395_f11,xy,5.192775904536133
L395_f11,xy,5.133368062046022
L395_f11,xy,2.180299214464624
L395_f11,xy,1.8196822320070167
L395_f11,xy,1.8483784174524365
L395_f11,xy,1.6982452174892515
L395_f11,xy,1.930935663270959
L395_f11,xy,3.896427598800115
L395_f11,xy,0.1157989949289039
L395_f11,xy,3.926513850249935
L395_f11,xy,3.3530867239748634
L395_f11,xy,5.541541273391464
L395_f11,xy,2.130493316732989
L395_f11,xy,3.218851928057738
L395_f11,xy,2.519377473584043
L395_f11,xy,2.1982330940177737
L395_f11,xy,1.719072110832765
L395_f11,xy,1.886878059766392
L395_f11,xy,0.8276132698995311
L395_f11,xy,3.7478464555826103
L395_f11,xy,1.0547324662974598
L395_f11,xy,4.891186550306486
L395_f11,xy,2.2758224271249325
L395_f11,xy,0.6261317654980633
L395_f11,xy,2.728158795194848
L395_f11,xy,1.18331892625051
L395_f11,xy,1.9348282996526605
L395_f11,xy,1.7375696857496723
L395_f11,xy,2.839627491528368
L395_f11,xy,2.9017178939908255
L395_f11,xy,2.3218094379585033
L395_f11,xy,1.7221833117849967
L395_f11,xy,1.172155323865088
L395_f11,xy,2.5991184392277726
L395_f11,xy,3.7119692499278703
L395_f11,xy,4.767897879553643
L395_f11,xy,2.0502071758849127
L395_f11,xy,2.0230024061509195
L395_f11,xy,0.8884194013144823
L395_f11,xy,1.7190456025176586
L395_f11,xy,2.798022301315
L395_f11,xy,4.3646216146791215
L395_f11,xy,2.250593080555462
L395_f11,xy,1.8557936638669117
L395_f11,xy,2.528058871946038
L395_f11,xy,3.100346207445651
L395_f11,xy,3.7755522804457904
L395_f11,xy,1.2719567832283831
L395_f11,xy,2.5512977681887548
L395_f11,xy,2.050243558158
L395_f11,xy,3.553211150589549
L395_f11,xy,4.6081396165438955
L395_f11,xy,2.398047234733397
L395_f11,xy,2.2610753965245087
L395_f11,xy,3.0178844093270327
L395_f11,xy,3.256533101998079
L395_f11,xy,2.5459279633674505
L395_f11,xy,2.487549426768935
L395_f11,xy,2.64651703328624
L395_f11,xy,2.593832148563199
L395_f11,xy,2.1789822691147243
L395_f11,xy,2.6923364142265664
L395_f11,xy,1.8265099287695947
L395_f11,xy,0.7322498920253296
L395_f11,xy,2.404350003201984
L395_f11,xy,2.0372447678587213
L395_f11,xy,2.5264113061196167
L395_f11,xy,4.422376997687761
L395_f11,xy,1.9610707728375871
L395_f11,xy,2.2088551398580765
L395_f11,xy,1.009454155405528
L395_f11,xy,2.1312240602178707
L395_f11,xy,1.3496360814729274
L395_f11,xy,2.0305119582780065
L395_f11,xy,2.90143922039169
L395_f11,xy,2.614892054978102
L395_f11,xy,1.8327367582940943
L395_f11,xy,2.0145251312627246
L395_f11,xy,3.967059103471696
L395_f11,xy,1.1686786904332165
L395_f11,xy,0.8345169318354361
L395_f11,xy,0.5340384867143899
L395_f11,xy,2.0171584914437184
L395_f11,xy,1.3962700024055734
L395_f11,xy,1.1555016140475804
L395_f11,xy,0.547999748003085
L395_f11,xy,3.2403480966486167
L395_f11,xy,1.9492499785070303
L395_f11,xy,0.7828824640933324
L395_f11,xy,0.1233002766794263
L395_f11,xy,3.637469284741465
L395_f11,xy,6.57146673370511
L395_f11,xy,3.1414910782445653
L395_f11,xy,2.959192993970884
L395_f11,xy,1.5276070741235832
L395_f11,xy,2.87692174913876
L395_f11,xy,2.4391358806522825
L395_f11,xy,2.027797677358493
L395_f11,xy,1.514906666058935
L395_f11,xy,2.220782955225308
L395_f11,xy,2.2544972895899984
L395_f11,xy,1.310765625324526
L395_f11,xy,1.8265534565967467
L395_f11,xy,0.5114258147408648
L395_f11,xy,5.076095526431833
L395_f11,xy,3.3398322716535276
L395_f11,xy,4.985811957876474
L395_f11,xy,1.7936643187544787
L395_f11,xy,2.831921506271214
L395_f11,xy,1.7065457532710089
L395_f11,xy,3.522757836501638
L395_f11,xy,2.8227775195802627
L395_f11,xy,2.595659562250546
L395_f11,xy,0.2678011033080706
L395_f11,xy,1.815017184305867
L395_f11,xy,1.3216620148685585
L395_f11,xy,2.658495026917232
L395_f11,xy,3.0682026375938394
L395_f11,xy,0.9163378937147464
L395_f11,xy,2.321149620970609
L395_f11,xy,1.82134820836942
L395_f11,xy,2.5396119432028765
L395_f11,xy,1.8114924461595112
L395_f11,xy,2.7216277119225296
L395_f11,xy,2.234605666581205
L395_f11,xy,3.135915529635078
L395_f11,xy,1.7262233790582249
L395_f11,xy,3.9508815505418142
L395_f11,xy,2.6259990134366418
L395_f11,xy,2.9577765951340957
L395_f11,xy,1.0272178651877677
L395_f11,xy,3.658299207491397
L395_f11,xy,4.086407125737836
L395_f11,xy,2.044438621310693
L395_f11,xy,4.363263739992674
L395_f11,xy,1.1815246226100031
L395_f11,xy,4.10440163676444
L395_f11,xy,3.076518695438491
L395_f11,xy,0.9379922146947556
L395_f11,xy,2.057232455147704
L395_f11,xy,1.8841007705547097
L395_f11,xy,5.281910459216001
L395_f11,xy,1.0686861684822588
L395_f11,xy,0.2933729120498706
L395_f11,xy,4.528499605815383
L395_f11,xy,6.075382771937312
L395_f11,xy,3.639559817916661
L395_f11,xy,0.7481855850297086
L395_f11,xy,4.234370773312866
L395_f11,xy,1.3131284038757869
L395_f11,xy,2.6302492205544605
L395_f11,xy,3.361223558517715
L395_f11,xy,2.07714823230008
L395_f11,xy,0.611226059245184
L395_f11,xy,2.562747115043438
L395_f11,xy,1.6767833830450047
L395_f11,xy,2.603395466981552
L395_f11,xy,1.9718941857085424
L395_f11,xy,1.2068987921267056
L395_f11,xy,3.617964665507647
L395_f11,xy,3.1997969454876465
L395_f11,xy,2.840917685730089
L395_f11,xy,3.2366171033337405
L395_f11,xy,2.4150539593425595
L395_f11,xy,5.470516336235238
L395_f11,xy,5.9521102823236385
L395_f11,xy,3.611140305828123
L395_f11,xy,4.184162800615612
L395_f11,xy,2.291709234357385
L395_f11,xy,2.8222234697560036
L395_f11,xy,2.359052250301987
L395_f11,xy,1.8158514734140323
L395_f11,xy,4.275043243833382
L395_f11,xy,2.8744474171607
L395_f11,xy,3.803404855442228
L395_f11,xy,1.8788379555598391
L395_f11,xy,1.212670762788471
L395_f11,xy,4.783418177547835
L395_f11,xy,2.652900878129769
L395_f11,xy,4.416364985613314
L395_f11,xy,1.4736635774580014
L395_f11,xy,4.954660103069654
L395_f11,xy,3.4817355196942508
L395_f11,xy,1.7559879619293737
L395_f11,xy,1.403057834871048
L395_f11,xy,5.057764175037188
L395_f11,xy,2.0044235874079512
L395_f11,xy,1.5663944036221074
L395_f11,xy,4.72283001624387
L395_f11,xy,3.87659537677043
L395_f11,xy,4.679447859879711
L395_f11,xy,4.543192238785296
L395_f11,xy,6.51694005929361
L395_f11,xy,2.028449068992261
L395_f11,xy,1.1976843198167937
L395_f11,xy,5.062229602808423
L395_f11,xy,4.820144694253681
L395_f11,xy,3.2822496210228818
L395_f11,xy,3.2050589092521427
L395_f11,xy,2.697868931627689
L395_f11,xy,1.2947611757852246
L395_f11,xy,2.279147782353051
L395_f11,xy,2.177991357071096
L395_f11,xy,1.2852396308603955
L395_f11,xy,4.695251405986281
L395_f11,xy,2.849255677532642
L395_f11,xy,0.7733922293007258
L395_f11,xy,4.188982192262687
L395_f11,xy,2.0871963258787045
L395_f11,xy,2.882245617075956
L395_f11,xy,1.4938197182572617
L395_f11,xy,1.2517372092339545
L395_f11,xy,3.3655458685642055
L395_f11,xy,4.843090125907251
L395_f11,xy,1.428679634807429
L395_f11,xy,3.289565490466152
L395_f11,xy,1.6476076837078737
L395_f11,xy,1.058311463545595
L395_f11,xy,4.161826207710965
L395_f11,xy,3.77916590277995
L395_f11,xy,1.6790132061797072
L395_f11,xy,0.977257764369136
L395_f11,xy,1.872994582859032
L395_f11,xy,1.5156408274480102
L395_f11,xy,2.3138893314093445
L395_f11,xy,3.563742481116277
L395_f11,xy,4.5808609585752045
L395_f11,xy,3.3862188084918374
L395_f11,xy,1.653884674716962
L395_f11,xy,3.256733793614527
L395_f11,xy,2.9030114540945724
L395_f11,xy,2.756626421234734
L395_f11,xy,1.5678784885122956
L395_f11,xy,2.566182851801208
L395_f11,xy,1.5208174024482382
L395_f11,xy,0.7352647124068826
L395_f11,xy,2.298685266507263
L395_f11,xy,3.877644819813346
L395_f11,xy,2.426987889144003
L395_f11,xy,2.2794623018597586
L395_f11,xy,1.446150486561937
L395_f11,xy,2.7091116209337147
L395_f11,xy,0.7823839233953644
L395_f11,xy,1.4991941881001978
L395_f11,xy,5.6657102245255535
L395_f11,xy,2.5110630398108262
L395_f11,xy,2.6073424812877724
L395_f11,xy,4.040931885320309
L395_f11,xy,1.4862305035420704
L395_f11,xy,1.6290235994029547
L395_f11,xy,3.1963340110036
L395_f11,xy,2.373887503504021
L395_f11,xy,0.6971080818479757
L395_f11,xy,1.5008247835979174
L395_f11,xy,3.4945946160190964
L395_f11,xy,1.4144599642243076
L395_f11,xy,2.173205878435692
L395_f11,xy,4.920321170962724
L395_f11,xy,2.6313889443467366
L395_f11,xy,2.3588383574463294
L395_f11,xy,1.008820066653222
L395_f11,xy,3.6345164055716257
L395_f11,xy,0.4353309530271308
L395_f11,xy,2.891523082368987
L395_f11,xy,1.4387460731177988
L395_f11,xy,3.0905264231328653
L395_f11,xy,1.5596206331075917
L395_f11,xy,1.8730790735019471
L395_f11,xy,1.3364739651455826
L395_f11,xy,2.7356050814499495
L395_f11,xy,0.7032255846871968
L395_f11,xy,1.4161885514916284
L395_f11,xy,2.2079602366567124
L395_f11,xy,3.3647620632694264
L395_f11,xy,3.284073314290494
L395_f11,xy,4.464802800358226
L395_f11,xy,4.677632254644757
L395_f11,xy,1.7402510493877776
L395_f11,xy,3.2732787956685168
L395_f11,xy,3.875017957264252
L395_f11,xy,4.3524190874348525
L395_f11,xy,4.30000176168571
L395_f11,xy,1.4163683718955145
L395_f11,xy,2.862859700755718
L395_f11,xy,3.06187926017249
L395_f11,xy,2.3621125238582263
L395_f11,xy,2.4495136126531296
L395_f11,xy,2.2718048299612907
L395_f11,xy,2.3093950585483745
L395_f11,xy,1.9780132558647976
L395_f11,xy,3.432935426921924
L395_f11,xy,2.3646993091962716
L395_f11,xy,4.5307077742978095
L395_f11,xy,3.367159717354298
L395_f11,xy,4.67584327385756
L395_f11,xy,1.5581978902970657
L395_f11,xy,3.662793064991965
L395_f11,xy,2.4940540446129624
L395_f11,xy,1.440965108753801
L395_f11,xy,2.069932337212887
L395_f11,xy,2.7538955958843414
L395_f11,xy,1.5999261553388533
L395_f11,xy,1.386767639813914
L395_f11,xy,3.343226422325475
L395_f11,xy,2.440039966239332
L395_f11,xy,3.755987988748448
L395_f11,xy,1.435434894243813
L395_f11,xy,1.8928017455121449
L395_f11,xy,4.426524169911137
L395_f11,xy,5.575260325926802
L395_f11,xy,3.100979073638188
L395_f11,xy,2.4431207958182832
L395_f11,xy,2.681980200916725
L395_f11,xy,0.909149616290536
L395_f11,xy,1.4931495599994953
L395_f11,xy,2.5244849156213474
L395_f11,xy,4.4946112363774535
L395_f11,xy,3.0304119791085515
L395_f11,xy,2.330447222819977
L395_f11,xy,2.325148146921076
L395_f11,xy,6.127861719526371
L395_f11,xy,3.705834972028249
L395_f11,xy,2.753691469539651
L395_f11,xy,4.178628767681793
L395_f11,xy,2.737841923105057
L395_f11,xy,4.034478938638043
L395_f11,xy,2.769914275683665
L395_f11,xy,2.528530089292604
L395_f11,xy,4.414757968039353
L395_f11,xy,1.988604999922417
L395_f11,xy,1.6319342175238405
L395_f11,xy,3.7089245007511007
L395_f11,xy,1.1125165768905725
L395_f11,xy,2.3144920234489077
L395_f11,xy,1.2165180319272195
L395_f11,xy,2.2946791725007967
L395_f11,xy,2.8052639459922113
L395_f11,xy,1.7669027067557028
L395_f11,xy,0.8016374976248032
L395_f11,xy,1.9125410405438528
L395_f11,xy,2.2474905905757563
L395_f11,xy,3.9085797369215776
L395_f11,xy,5.129694067617775
L395_f11,xy,4.423286189008705
L395_f11,xy,4.956153238323213
L395_f11,xy,5.86007862608282
L395_f11,xy,1.1265264996951754
L395_f11,xy,1.6190604750362616
L395_f11,xy,1.5820835217796456
L395_f11,xy,1.82842114183994
L395_f11,xy,2.4051030078108657
L395_f11,xy,3.775834262688152
L395_f11,xy,1.1738921834829186
L395_f11,xy,2.7865452919255964
L395_f11,xy,0.6714668945949018
L395_f11,xy,1.9450266723840035
L395_f11,xy,1.3061409014560137
L395_f11,xy,4.064875445899402
L395_f11,xy,1.3707073707348507
L395_f11,xy,1.1519480789658576
L395_f11,xy,5.800083590824005
L395_f11,xy,1.0266235338740923
L395_f11,xy,2.604284969711256
L395_f11,xy,1.966240950721998
L395_f11,xy,2.3975239477840096
L395_f11,xy,1.880873477592128
L395_f11,xy,3.349868865929408
L395_f11,xy,2.654634443711242
L395_f11,xy,1.2719691008898717
L395_f11,xy,1.400802575152185
L395_f11,xy,1.3539177918900591
L395_f11,xy,3.377403499890958
L395_f11,xy,2.469097678384206
L395_f11,xy,3.24138904063771
L395_f11,xy,1.551171250918616
L395_f11,xy,0.934993017266534
L395_f11,xy,1.836372571075008
L395_f11,xy,0.899663450509041
L395_f11,xy,3.595869590175788
L395_f11,xy,3.324928026598847
L395_f11,xy,4.213952468180039
L395_f11,xy,4.779701662303272
L395_f11,xy,1.8242906949148787
L395_f11,xy,0.0871306934577117
L395_f11,xy,4.199892172918837
L395_f11,xy,3.053048352037186
L395_f11,xy,0.8904631851763275
L395_f11,xy,4.603977420913014
L395_f11,xy,2.491334385660827
L395_f11,xy,2.2856184199282574
L395_f11,xy,4.690022381072007
L395_f11,xy,3.2210741528945195
L395_f11,xy,3.004277819646722
L395_f11,xy,3.200198934500983
L395_f11,xy,2.8600252741749705
L395_f11,xy,1.5903860415601891
L395_f11,xy,1.787688164700049
L395_f11,xy,2.328082266462161
L395_f11,xy,3.5412314207291153
L395_f11,xy,3.4479059809121972
L395_f11,xy,3.53818430034624
L395_f11,xy,4.95082236596285
L395_f11,xy,0.3671529580032202
L395_f11,xy,1.9576074592799655
L395_f11,xy,1.0189480890368037
L395_f11,xy,0.8964808572185934
L395_f11,xy,0.7380386956436177
L395_f11,xy,2.290373596789772
L395_f11,xy,2.266109488242527
L395_f11,xy,2.6429710459781837
L395_f11,xy,5.043176807563263
L395_f11,xy,2.3189401504394462
L395_f11,xy,4.097024745032665
L395_f11,xy,3.2061699535248227
L395_f11,xy,3.068839647019568
L395_f11,xy,1.3488152482961897
L395_f11,xy,2.682888206593118
L395_f11,xy,2.5583868648181474
L395_f11,xy,1.3610891109765877
L395_f11,xy,5.471081060232507
L395_f11,xy,1.8245341378831592
L395_f11,xy,3.7083931741649865
L395_f11,xy,4.611939080030407
L395_f11,xy,1.5845744880306964
L395_f11,xy,1.0601754713033142
L395_f11,xy,2.501292043484652
L395_f11,xy,1.663745360522068
L395_f11,xy,3.658274757064471
L395_f11,xy,3.1309535145956344
L395_f11,xy,4.533336437352817
L395_f11,xy,3.7940904788956735
L395_f11,xy,2.966991391413438
L395_f11,xy,2.7442151494912164
L395_f11,xy,0.951002472462933
L395_f11,xy,1.8580283609754888
L395_f11,xy,1.7218315938219455
L395_f11,xy,0.2807252099342217
L395_f11,xy,2.2500468109910674
L395_f11,xy,1.9952493050924505
L395_f11,xy,1.6144926707534617
L395_f11,xy,1.5022914942111818
L395_f11,xy,3.473249937329261
L395_f11,xy,2.5471218824937862
L395_f11,xy,2.4088336410715643
L395_f11,xy,2.810593610276871
L395_f11,xy,3.3031587757760783
L395_f11,xy,2.5863836472840975
L395_f11,xy,1.8703786782590648
L395_f11,xy,1.9699929457472352
L395_f11,xy,5.212115544548022
L395_f11,xy,3.5401760721517945
L395_f11,xy,2.288132878508241
L395_f11,xy,1.2479335458171248
L395_f11,xy,0.7265226687567379
L395_f11,xy,2.517896355947108
L395_f11,xy,3.0187620388767864
L395_f11,xy,2.2915381488508793
L395_f11,xy,1.4194545618179566
L395_f11,xy,1.866646358401484
L395_f11,xy,4.5602535427167075
L395_f11,xy,4.558092989653206
L395_f11,xy,3.9096832726489064
L395_f11,xy,3.8282368372854583
L395_f11,xy,2.4970052016327564
L395_f11,xy,1.0793829884565989
L395_f11,xy,1.8736718018147545
L395_f11,xy,0.3939693493455015
L395_f11,xy,4.896636151026381
L395_f11,xy,2.701705087314932
L395_f11,xy,1.8598234764811696
L395_f11,xy,3.524654197937733
L395_f11,xy,3.940195267146199
L395_f11,xy,3.3610596674270132
L395_f11,xy,1.6352788569035044
L395_f11,xy,4.38815032350654
L395_f11,xy,2.6202510522975646
L395_f11,xy,5.482470497297771
L395_f11,xy,0.9862683168446597
L395_f11,xy,2.281626235637609
L395_f11,xy,1.9145244517879596
L395_f11,xy,2.574919557492693
L395_f11,xy,0.5600332425635011
L395_f11,xy,1.5573302271849596
L395_f11,xy,2.5106981282946643
L395_f11,xy,1.516882491930109
L395_f11,xy,0.5850058011201597
L395_f11,xy,2.719797701357481
L395_f11,xy,1.8957158874208095
L395_f11,xy,1.540531593840986
L395_f11,xy,1.3402270245614427
L395_f11,xy,2.949903915624866
L395_f11,xy,2.246289861516885
L395_f11,xy,2.639113314525755
L395_f11,xy,3.182009631904357
L395_f11,xy,2.804643455305325
L395_f11,xy,1.8843521996483052
L395_f11,xy,2.386994777275403
L395_f11,xy,3.278175867968482
L395_f11,xy,2.977329448637014
L395_f11,xy,3.6829398151978063
L395_f11,xy,2.06174994654409
L395_f11,xy,2.6755274002560823
L395_f11,xy,2.847133056413132
L395_f11,xy,3.817996582136599
L395_f11,xy,3.447426853647517
L395_f11,xy,1.8604233194213569
L395_f11,xy,2.5818648687895354
L395_f11,xy,1.72332052664214
L395_f11,xy,2.819437499371971
L395_f11,xy,2.115192979189046
L395_f11,xy,2.298291873089878
L395_f11,xy,0.4675048764350944
L395_f11,xy,2.596005109021942
L395_f11,xy,4.614801119879552
L395_f11,xy,4.558780049092005
L395_f11,xy,0.6152191542886472
L395_f11,xy,1.1428430663043068
L395_f11,xy,2.7384475648275513
L395_f11,xy,1.890110893467428
L395_f11,xy,3.412303762848678
L395_f11,xy,1.9272365366099584
L395_f11,xy,1.86511853952644
L395_f11,xy,3.5562010105108848
L395_f11,xy,2.7995069035160123
L395_f11,xy,1.7532625259128305
L395_f11,xy,2.637691922320139
L395_f11,xy,1.5127693263677775
L395_f11,xy,1.4503262707578797
L395_f11,xy,2.768975132263061
L395_f11,xy,2.846946737446071
L395_f11,xy,3.4238246476724035
L395_f11,xy,1.7415592410957492
L395_f11,xy,2.352237222921057
L395_f11,xy,5.99133188867719
L395_f11,xy,2.1305039081630235
L395_f11,xy,1.6773076113050762
L395_f11,xy,2.595910647717074
L395_f11,xy,1.027630251926356
L395_f11,xy,3.766386727178559
L395_f11,xy,1.874233860658514
L395_f11,xy,1.3901802113955082
L395_f11,xy,3.2592540246615473
L395_f11,xy,3.107092916608561
L395_f11,xy,3.1449514583751816
L395_f11,xy,4.308745116198033
L395_f11,xy,4.855266018045368
L395_f11,xy,1.4739462830281724
L395_f11,xy,1.6364322849879172
L395_f11,xy,2.2584399960439407
L395_f11,xy,1.1975612293305928
L395_f11,xy,3.429381425019715
L395_f11,xy,2.0464554238808934
L395_f11,xy,1.1249438423171556
L395_f11,xy,1.9677502568288767
L395_f11,xy,3.9501778425270992
L395_f11,xy,1.707355364943474
L395_f11,xy,0.3470644418717514
L395_f11,xy,2.1923060750046695
L395_f11,xy,3.67323723830114
L395_f11,xy,2.2532418419192166
L395_f11,xy,2.542912978697839
L395_f11,xy,0.7242300820516099
L395_f11,xy,0.9692956257082994
L395_f11,xy,2.268181099457319
L395_f11,xy,1.9987165501192845
L395_f11,xy,1.852719557527096
L395_f11,xy,2.590486419000774
L395_f11,xy,1.1857957804423478
L395_f11,xy,3.225856839478231
L395_f11,xy,2.4131957594357347
L395_f11,xy,3.88751241028257
L395_f11,xy,2.4184747610006188
L395_f11,xy,1.3991340960384469
L395_f11,xy,2.7736425063677457
L395_f11,xy,3.18624802816285
L395_f11,xy,2.1412887134703293
L395_f11,xy,2.9018340246945025
L395_f11,xy,3.202281769388543
L395_f11,xy,2.0383816732091127
L395_f11,xy,1.3941575519274123
L395_f11,xy,0.6783197546212738
L395_f11,xy,3.4362111670825373
L395_f11,xy,4.528862088086735
L395_f11,xy,2.1463434028582533
L395_f11,xy,1.3462678542960096
L395_f11,xy,2.93669350031892
L395_f11,xy,2.7316988004079357
L395_f11,xy,3.9175704539777505
L395_f11,xy,2.335888854191242
L395_f11,xy,2.796454111199955
L395_f11,xy,1.882049526636581
L395_f11,xy,1.4370610156121253
L395_f11,xy,2.2970183950372065
L395_f11,xy,2.958384378101046
L395_f11,xy,1.9490603271653204
L395_f11,xy,4.163911424256924
L395_f11,xy,1.6198921439937994
L395_f11,xy,2.1867355720730255
L395_f11,xy,2.103346590051812
L395_f11,xy,2.545823110256937
L395_f11,xy,3.8225180903862186
L395_f11,xy,1.532660098325335
L395_f11,xy,2.526995192760027
L395_f11,xy,1.8044132003592523
L395_f11,xy,3.8542391862603993
L395_f11,xy,4.248525199145508
L395_f11,xy,1.996139912705882
L395_f11,xy,3.3881530508463467
L395_f11,xy,2.7543787895827494
L395_f11,xy,2.7153606894707876
L395_f11,xy,3.742288999498299
L395_f11,xy,3.0046797303402535
L395_f11,xy,4.137888470674985
L395_f11,xy,3.0305720927018536
L395_f11,xy,3.1920100464526424
L395_f11,xy,0.5470947133855918
L395_f11,xy,3.3096405931997466
L395_f11,xy,1.8270044039816984
L395_f11,xy,2.1252658546472367
L395_f11,xy,3.4627451847143726
L395_f11,xy,3.700858397536598
L395_f11,xy,2.107478992116782
L395_f11,xy,3.5005577824656937
L395_f11,xy,3.2496917616120915
L395_f11,xy,3.644573568545608
L395_f11,xy,1.6796725500798624
L395_f11,xy,2.6915216209187434
L395_f11,xy,1.7867147453090786
L395_f11,xy,4.083656921378649
L395_f11,xy,2.903560116883197
L395_f11,xy,1.7020191755630167
L395_f11,xy,0.6666340448166007
L395_f11,xy,0.2049736310643151
L395_f11,xy,2.0090396744057797
L395_f11,xy,2.5034725693406843
L395_f11,xy,2.286581266854373
L395_f11,xy,2.411812491123913
L395_f11,xy,1.5340191910134526
L395_f11,xy,1.7284520216328705
L395_f11,xy,2.4569013119970897
L395_f11,xy,0.3937512516218347
L395_f11,xy,3.290799793018692
L395_f11,xy,5.647916581718773
L395_f11,xy,0.8264352533922424
L395_f11,xy,3.897060163544272
L395_f11,xy,0.9803878102444756
L395_f11,xy,2.1132176697849956
L395_f11,xy,2.160642255252273
L395_f11,xy,2.7156141283396154
L395_f11,xy,2.8246867976769447
L395_f11,xy,5.363032037731798
L395_f11,xy,1.7598559303079262
L395_f11,xy,3.456917248573701
L395_f11,xy,4.2742253919385425
L395_f11,xy,3.5845525118205845
L395_f11,xy,6.27342734512322
L395_f11,xy,6.322655016712823
L395_f11,xy,4.078743777236537
L395_f11,xy,2.099592106755974
L395_f11,xy,2.2281382759337625
L395_f11,xy,1.0753984828068384
L395_f11,xy,2.712405149631488
L395_f11,xy,1.7981449788727284
L395_f11,xy,2.3226655727412924
L395_f11,xy,2.9518519976864313
L395_f11,xy,4.581738630781506
L395_f11,xy,4.277760319748675
L395_f11,xy,2.2541904406827733
L395_f11,xy,0.8160368687369484
L395_f11,xy,2.2819398943460887
L395_f11,xy,2.9238098414858986
L395_f11,xy,2.1469439261935683
L395_f11,xy,4.570122082186065
L395_f11,xy,5.498979211500307
L395_f11,xy,4.188161477093468
L395_f11,xy,4.046488954726419
L395_f11,xy,2.9896107935532
L395_f11,xy,2.84150480783115
L395_f11,xy,5.663774521474678
L395_f11,xy,2.6391808518031072
L395_f11,xy,3.063978408297548
L395_f11,xy,1.8831795890282683
L395_f11,xy,2.218033835014338
L395_f11,xy,2.6443901059275903
L395_f11,xy,1.143517125604881
L395_f11,xy,2.1705006729025396
L395_f11,xy,2.161655629640762
L395_f11,xy,2.1513422938336877
L395_f11,xy,4.867994904112732
L395_f11,xy,1.1766529309542593
L395_f11,xy,0.5966340203989211
L395_f11,xy,4.150524804341841
L395_f11,xy,2.502389014829858
L395_f11,xy,3.5108133485496813
L395_f11,xy,1.810675135781172
L395_f11,xy,2.018666569686228
L395_f11,xy,2.937894144923564
L395_f11,xy,2.6829747689360564
L395_f11,xy,0.2431093272091648
L395_f11,xy,0.8591095975473217
L395_f11,xy,3.171786111003448
L395_f11,xy,3.631731108696211
L395_f11,xy,1.55127561347045
L395_f11,xy,2.2315261364960457
L395_f11,xy,1.3340714175952502
L395_f11,xy,3.8798742393165906
L395_f11,xy,4.43165419583221
L395_f11,xy,3.833812095564861
L395_f11,xy,3.5087527372244653
L395_f11,xy,2.7756127170139995
L395_f11,xy,2.4221925634479673
L395_f11,xy,2.165268305616068
L395_f11,xy,0.8036338178005178
L395_f11,xy,1.6267649357469824
L395_f11,xy,4.64239078079906
L395_f11,xy,4.722915860554976
L395_f11,xy,4.309173115227572
L395_f11,xy,4.197666121750936
L395_f11,xy,3.613944638995342
L395_f11,xy,1.2125454407149463
L395_f11,xy,2.3074417655435604
L395_f11,xy,1.5461081996849015
L395_f11,xy,2.9847749068431524
L395_f11,xy,4.383871879216413
L395_f11,xy,2.072614672048901
L395_f11,xy,0.9278999807119144
L395_f11,xy,2.4835509653938352
L395_f11,xy,5.011276313064259
L395_f11,xy,1.175249172119101
L395_f11,xy,1.165586894425764
L395_f11,xy,1.8156998294764528
L395_f11,xy,1.03236317380638
L395_f11,xy,4.88545838868718
L395_f11,xy,2.1096375573376887
L395_f11,xy,1.202384116041395
L395_f11,xy,2.243103505776906
L395_f11,xy,2.7253735295065513
L395_f11,xy,4.035348524614197
L395_f11,xy,2.6596659227880934
L395_f11,xy,0.9671044399122464
L395_f11,xy,4.2121080152196795
L395_f11,xy,2.285839198016791
L395_f11,xy,3.2029067944303655
L395_f11,xy,3.803316231201422
L395_f11,xy,0.6431533993152796
L395_f11,xy,3.8418103663033953
L395_f11,xy,3.783279482669168
L395_f11,xy,1.3136338210599006
L395_f11,xy,3.080753837953315
L395_f11,xy,1.1751285397742657
L395_f11,xy,1.9514764117313383
L395_f11,xy,2.607287771727832
L395_f11,xy,1.3245057696018103
L395_f11,xy,5.947743485190004
L395_f11,xy,4.81757809073869
L395_f11,xy,2.9899823553448464
L395_f11,xy,2.761693427969958
L395_f11,xy,4.090716265459374
L395_f11,xy,5.458418007794443
L395_f11,xy,1.7440078570060809
L395_f11,xy,1.546473355434606
L395_f11,xy,0.628857842078056
L395_f11,xy,4.437035978066973
L395_f11,xy,1.3229453167659275
L395_f11,xy,2.8067110534822586
L395_f11,xy,1.253710698045432
L395_f11,xy,2.4251409932566252
L395_f11,xy,1.7853336364775307
L395_f11,xy,2.3358078185136564
L395_f11,xy,1.732567951537833
L395_f11,xy,0.5592019441258487
L395_f11,xy,1.269868749704269
L395_f11,xy,5.71230142924071
L395_f11,xy,4.834747135652848
L395_f11,xy,4.659444440332116
L395_f11,xy,5.063582459843288
L395_f11,xy,4.213369169955386
L395_f11,xy,2.6314053796698444
L395_f11,xy,3.668603868200487
L395_f11,xy,2.9793939597761017
L395_f11,xy,1.6486395673591254
L395_f11,xy,4.596874519996162
L395_f11,xy,2.8377675094499395
L395_f11,xy,5.114807315475358
L395_f11,xy,1.6491143396838108
L395_f11,xy,3.1561129639244685
L395_f11,xy,3.7638041967562184
L395_f11,xy,2.0473903444967037
L395_f11,xy,1.11392910238959
L395_f11,xy,0.9252815638682812
L395_f11,xy,2.9476525579205695
L395_f11,xy,4.278472881488347
L395_f11,xy,4.040163655216305
L395_f11,xy,1.727527651485362
L395_f11,xy,3.281560822588157
L395_f11,xy,3.460437091749492
L395_f11,xy,1.5240121417230568
L395_f11,xy,2.423564961832145
L395_f11,xy,1.207252260774583
L395_f11,xy,4.297604729493
L395_f11,xy,2.422644092735748
L395_f11,xy,3.1559855146846383
L395_f11,xy,1.1337609894764575
L395_f11,xy,2.2412780661552154
L395_f11,xy,3.047036914492448
L395_f11,xy,2.226467658806707
L395_f11,xy,1.2805599729182693
L395_f11,xy,2.7526178098162775
L395_f11,xy,2.2004692196548636
L395_f11,xy,3.759286801517109
L395_f11,xy,2.3272807585516277
L395_f11,xy,1.333549895277968
L395_f11,xy,1.412482729110796
L395_f11,xy,2.518660803098745
L395_f11,xy,3.3449033440940927
L395_f11,xy,2.094494461582882
L395_f11,xy,1.6256391388736198
L395_f11,xy,1.9102798856373135
L395_f11,xy,2.8805976593626377
L395_f11,xy,1.957283434074708
L395_f11,xy,1.9721011990898336
L395_f11,xy,1.6275429728553776
L395_f11,xy,4.078497898928583
L395_f11,xy,0.9065833894481612
L395_f11,xy,1.995018853724301
L395_f11,xy,2.1345095744998774
L395_f11,xy,3.0982271848983456
L395_f11,xy,3.2887004321523685
L395_f11,xy,1.3152640617990603
L395_f11,xy,2.290601767291955
L395_f11,xy,3.405922951618369
L395_f11,xy,0.2533887540547523
L395_f11,xy,4.2580018251807
L395_f11,xy,3.527660997080894
L395_f11,xy,4.462849958634547
L395_f11,xy,4.502858091093107
L395_f11,xy,0.9668011980005532
L395_f11,xy,2.851859951056952
L395_f11,xy,3.47549190965641
L395_f11,xy,1.6370654691214983
L395_f11,xy,2.680066326474832
L395_f11,xy,3.7255793817700784
L395_f11,xy,2.9468942477902456
L395_f11,xy,3.664180441677295
L395_f11,xy,0.6900296988031738
L395_f11,xy,4.432920080366363
L395_f11,xy,1.3215614767702453
L395_f11,xy,1.6154729511876875
L395_f11,xy,2.3645309795677
L395_f11,xy,1.2344487214048976
L395_f11,xy,3.675214033183624
L395_f11,xy,4.5152058561897706
L395_f11,xy,1.229805216275586
L395_f11,xy,2.981308856446766
L395_f11,xy,1.159426437027624
L395_f11,xy,2.6198699531065226
L395_f11,xy,2.3726945782909183
L395_f11,xy,2.3151014077440495
L395_f11,xy,2.0938595415085355
L395_f11,xy,3.247758377474965
L395_f11,xy,1.7859030388829809
L395_f11,xy,1.5006440982160365
L395_f11,xy,4.72756906771423
L395_f11,xy,3.3807519535700967
L395_f11,xy,1.9176450418518505
L395_f11,xy,1.8958265041237057
L395_f11,xy,2.21249920772471
L395_f11,xy,2.395552917581975
L395_f11,xy,2.9652463263113877
L395_f11,xy,1.929792989393026
L395_f11,xy,0.7010571442961885
L395_f11,xy,3.674160556327145
L395_f11,xy,3.6176760330120934
L395_f11,xy,2.819957521821124
L395_f11,xy,1.586551864934956
L395_f11,xy,4.990521341645535
L395_f11,xy,2.0452689430752304
L395_f11,xy,4.955516055158734
L395_f11,xy,1.923460828374028
L395_f11,xy,3.976902852448647
L395_f11,xy,3.3831385007997254
L395_f11,xy,1.4221950684024047
L395_f11,xy,3.783651479385646
L395_f11,xy,1.3178224095770157
L395_f11,xy,1.759007439228363
L395_f11,xy,3.732259514839026
L395_f11,xy,2.339814780671978
L395_f11,xy,2.2406862171773967
L395_f11,xy,4.955101615206696
L395_f11,xy,2.0168795032891116
L395_f11,xy,2.144461483888451
L395_f11,xy,4.229121619149582
L395_f11,xy,2.401265697396941
L395_f11,xy,7.274856510346795
L395_f11,xy,2.6078920472612626
L395_f11,xy,3.328306142801344
L395_f11,xy,2.862877456008528
L395_f11,xy,3.270313896224698
L395_f11,xy,3.6189951256255712
L395_f11,xy,1.558316317351307
L395_f11,xy,3.313178360585161
L395_f11,xy,4.038023094013431
L395_f11,xy,4.10311052313631
L395_f11,xy,3.1155205560250185
L395_f11,xy,3.471989775952172
L395_f11,xy,1.0743693842267823
L395_f11,xy,0.7596735441634388
L395_f11,xy,4.872038475397245
L395_f11,xy,5.380338156454542
L395_f11,xy,4.597381564550045
L395_f11,xy,3.151834272966107
L395_f11,xy,4.7654529641317955
L395_f11,xy,2.5057632959719034
L395_f11,xy,3.637844276182785
L395_f11,xy,1.0184526429925416
L395_f11,xy,3.6501988508444145
L395_f11,xy,0.2014779886286626
L395_f11,xy,1.815129500119792
L395_f11,xy,1.3466416693976104
L395_f11,xy,5.06851914825267
L395_f11,xy,1.319369101250901
L395_f11,xy,1.4947188433376366
L395_f11,xy,2.261046717597968
L395_f11,xy,1.967280123791124
L395_f11,xy,1.708320326179826
L395_f11,xy,3.198241623546916
L395_f11,xy,2.4340302282386497
L395_f11,xy,4.537356524443759
L395_f11,xy,1.56243097420479
L395_f11,xy,1.3750207346623984
L395_f11,xy,2.804800270782726
L395_f11,xy,1.2090099299128874
L395_f11,xy,3.845252467465776
L395_f11,xy,1.1165939070936233
L395_f11,xy,4.000036217184317
L395_f11,xy,1.482790902833272
L395_f11,xy,2.810777929518557
L395_f11,xy,4.132341169249346
L395_f11,xy,4.725758399630547
L395_f11,xy,5.396289870790705
L395_f11,xy,4.215690151256722
L395_f11,xy,4.562421589171232
L395_f11,xy,2.697790565928066
L395_f11,xy,1.426304812349768
L395_f11,xy,2.313304053319709
L395_f11,xy,3.854888846628171
L395_f11,xy,3.424941831546104
L395_f11,xy,0.8524993161182347
L395_f11,xy,0.5385748716857457
L395_f11,xy,1.7762294231819684
L395_f11,xy,0.730592878323945
L395_f11,xy,2.833215486400993
L395_f11,xy,2.144164007602723
L395_f11,xy,1.2588134760894854
L395_f11,xy,2.8203751609897676
L395_f11,xy,4.212264969081846
L395_f11,xy,5.485244951034463
L395_f11,xy,3.3222482560364757
L395_f11,xy,3.3917216862512714
L395_f11,xy,3.8063484208364473
L395_f11,xy,2.838586458294559
L395_f11,xy,0.5418449776328953
L395_f11,xy,2.02124206514658
L395_f11,xy,2.4604444628878848
L395_f11,xy,1.614205394146309
L395_f11,xy,4.745580315058851
L395_f11,xy,1.4971338354148491
L395_f11,xy,3.032017449579283
L395_f11,xy,1.9697722804142836
L395_f11,xy,2.613357449519619
L395_f11,xy,2.92484632848415
L395_f11,xy,2.310623036215429
L395_f11,xy,4.413583477516977
L395_f11,xy,3.5458228076417373
L395_f11,xy,3.2183062563821907
L395_f11,xy,0.2624569008888208
L395_f11,xy,0.4888975626132836
L395_f11,xy,3.1611677325633902
L395_f11,xy,1.279147933997302
L395_f11,xy,3.04072008950553
L395_f11,xy,3.010690197151381
L395_f11,xy,1.7668129858816104
L395_f11,xy,2.447636516910006
L395_f11,xy,3.926053471532605
L395_f11,xy,4.278110233788511
L395_f11,xy,6.608792600122266
L395_f11,xy,1.6142677999078991
L395_f11,xy,1.149653007707195
L395_f11,xy,3.862458583162705
L395_f11,xy,2.2961807453762453
L395_f11,xy,2.021040912487781
L395_f11,xy,1.3485924298125576
L395_f11,xy,3.5842210725904415
L395_f11,xy,2.0338442956883904
L395_f11,xy,2.011148477748966
L395_f11,xy,1.11797723314553
L395_f11,xy,4.252548757503162
L395_f11,xy,1.699862705368652
L395_f11,xy,5.064885798343723
L395_f11,xy,1.7620906756702044
L395_f11,xy,6.458212193025628
L395_f11,xy,2.0730941653951063
L395_f11,xy,0.858082539222934
L395_f11,xy,0.5353291456033716
L395_f11,xy,1.7831063932134208
L395_f11,xy,2.97979748455652
L395_f11,xy,1.0773517660392238
L395_f11,xy,2.759399161832395
L395_f11,xy,2.808050533446074
L395_f11,xy,2.095811080788874
L395_f11,xy,1.7911009585751794
L395_f11,xy,1.8295393234961317
L395_f11,xy,3.441679449312424
L395_f11,xy,2.632853196232473
L395_f11,xy,1.6122948122890504
L395_f11,xy,2.69485140180013
L395_f11,xy,2.9366685989648444
L395_f11,xy,2.178826686156872
L395_f11,xy,1.836957469041416
L395_f11,xy,2.23272066317427
L395_f11,xy,2.849603459696127
L395_f11,xy,5.593796399377265
L395_f11,xy,3.7637153834686874
L395_f11,xy,2.4143898542778093
L395_f11,xy,4.739805999148227
L395_f11,xy,2.1087159653308745
L395_f11,xy,1.1134574576540113
L395_f11,xy,3.0253933789086696
L395_f11,xy,0.9053546624008544
L395_f11,xy,2.3673154934487077
L395_f11,xy,3.502943286981605
L395_f11,xy,0.4734936640851167
L395_f11,xy,2.516166060377617
L395_f11,xy,4.167772261937714
L395_f11,xy,3.4594126692660665
L395_f11,xy,1.3490947095822117
L395_f11,xy,2.8497178821529774
L395_f11,xy,4.228132835216216
L395_f11,xy,4.188849546931056
L395_f11,xy,1.724487183979922
L395_f11,xy,1.374629989296393
L395_f11,xy,2.2058480957569073
L395_f11,xy,1.502280921521217
L395_f11,xy,1.8306958431341291
L395_f11,xy,1.8721649355849963
L395_f11,xy,3.381858218451274
L395_f11,xy,2.0979794012995696
L395_f11,xy,3.0663600381253024
L395_f11,xy,3.4194896490675624
L395_f11,xy,2.05761405453582
L395_f11,xy,2.9492728577967613
L395_f11,xy,0.7989174527429237
L395_f11,xy,3.0707419187965925
L395_f11,xy,1.846201747976029
L395_f11,xy,2.3829955799584166
L395_f11,xy,3.4188797431547298
L395_f11,xy,2.823517008983567
L395_f11,xy,4.1621565659556525
L395_f11,xy,2.382996638477704
L395_f11,xy,1.8420155449755016
L395_f11,xy,0.6490115904485055
L395_f11,xy,2.79020475010016
L395_f11,xy,1.304662198844882
L395_f11,xy,0.5332412610429952
L395_f11,xy,0.6893499579968847
L395_f11,xy,0.4384955051225508
L395_f11,xy,0.2158102706356857
L395_f11,xy,2.2463872328280177
L395_f11,xy,2.296770233958926
L395_f11,xy,2.1756954814560148
L395_f11,xy,2.447704608210864
L395_f11,xy,2.9561608377130004
L395_f11,xy,3.038729456076733
L395_f11,xy,3.9960956528955105
L395_f11,xy,2.6647642689362434
L395_f11,xy,4.044168460108468
L395_f11,xy,1.8704724228505405
L395_f11,xy,2.473472383621081
L395_f11,xy,3.559112053383866
L395_f11,xy,1.24157726065595
L395_f11,xy,2.0286412685692845
L395_f11,xy,3.039775848155261
L395_f11,xy,1.8692326917651505
L395_f11,xy,3.240245123367517
L395_f11,xy,2.5704435306913536
L395_f11,xy,1.986724164924157
L395_f11,xy,3.9596587857078234
L395_f11,xy,2.7459607866092477
L395_f11,xy,1.9686931486165569
L395_f11,xy,1.517174385702243
L395_f11,xy,1.9812271698274155
L395_f11,xy,2.737531183857985
L395_f11,xy,2.8414767506022818
L395_f11,xy,4.99054464355104
L395_f11,xy,2.23277940077149
L395_f11,xy,2.6292179546972996
L395_f11,xy,1.7331025845372174
L395_f11,xy,2.572430105934585
L395_f11,xy,2.487062022570442
L395_f11,xy,1.4851292544131816
L395_f11,xy,0.9595139235089608
L395_f11,xy,2.845017397743156
L395_f11,xy,0.7356133026418783
L395_f11,xy,3.274783810480422
L395_f11,xy,1.5663645914617916
L395_f11,xy,2.6428907531422325
L395_f11,xy,1.7677596004845837
L395_f11,xy,1.689847507894326
L395_f11,xy,1.0678931266363765
L395_f11,xy,3.349662599837977
L395_f11,xy,2.0703765952407913
L395_f11,xy,2.986489191782136
L395_f11,xy,5.637494488784041
L395_f11,xy,3.2007399646815604
L395_f11,xy,5.164666947501938
L395_f11,xy,6.778397364454426
L395_f11,xy,4.001637369009982
L395_f11,xy,4.393613054346013
L395_f11,xy,4.698183745602813
L395_f11,xy,5.475419191308517
L395_f11,xy,4.917501929613903
L395_f11,xy,3.20263091451133
L395_f11,xy,3.887932056893853
L395_f11,xy,3.0534071474321505
L395_f11,xy,0.6333961063012874
L395_f11,xy,1.2399387329575893
L395_f11,xy,1.107610388471401
L395_f11,xy,3.4233753127439392
L395_f11,xy,1.903432861277347
L395_f11,xy,2.88029959521483
L395_f11,xy,2.3793332230289095
L395_f11,xy,1.5891303913330006
L395_f11,xy,2.6923367154811846
L395_f11,xy,3.161072317894692
L395_f11,xy,4.355066757045103
L395_f11,xy,0.9230407203254922
L395_f11,xy,3.278959455804333
L395_f11,xy,5.548014119050284
L395_f11,xy,3.7687774047452858
L395_f11,xy,3.1114106049125234
L395_f11,xy,5.937218395771267
L395_f11,xy,3.9860257783269137
L395_f11,xy,0.977955516963298
L395_f11,xy,3.14189622062415
L395_f11,xy,0.949408117790785
L395_f11,xy,6.285570772486411
L395_f11,xy,4.9136983988142555
L395_f11,xy,1.51611912203196
L395_f11,xy,4.885161859013276
L395_f11,xy,1.8458777308837335
L395_f11,xy,2.866552477044235
L395_f11,xy,1.4638275257930649
L395_f11,xy,3.0693157775231708
L395_f11,xy,0.4807166789755446
L395_f11,xy,1.3185140199003742
L395_f11,xy,2.3620938478551996
L395_f11,xy,0.40559754134577
L395_f11,xy,1.541685886711558
L395_f11,xy,3.2257380098298056
L395_f11,xy,2.0844034394677755
L395_f11,xy,4.15756672166171
L395_f11,xy,3.424703975333633
L395_f11,xy,5.050363454820529
L395_f11,xy,3.765058983847084
L395_f11,xy,2.7605433809168507
L395_f11,xy,3.0183615402128012
L395_f11,xy,2.1363464436441366
L395_f11,xy,0.9305035822921436
L395_f11,xy,1.8842796100027055
L395_f11,xy,2.547671884632869
L395_f11,xy,0.0732756476298758
L395_f11,xy,3.4072404007888832
L395_f11,xy,2.1316175554501124
L395_f11,xy,1.7358546754922357
L395_f11,xy,1.129160324137794
L395_f11,xy,3.949203655903034
L395_f11,xy,4.764599737502489
L395_f11,xy,2.78143818907576
L395_f11,xy,2.565136939683302
L395_f11,xy,4.984961435590365
L395_f11,xy,4.678024906681016
L395_f11,xy,2.3004366536342777
L395_f11,xy,2.973978486716625
L395_f11,xy,3.1634950937423474
L395_f11,xy,2.255070309349481
L395_f11,xy,3.9404254993090406
L395_f11,xy,0.4099578660173925
L395_f11,xy,6.912467282988576
L395_f11,xy,4.906305951999547
L395_f11,xy,3.0702332283137186
L395_f11,xy,2.647081328790769
L395_f11,xy,1.4577364695967294
L395_f11,xy,0.8195604696006792
L395_f11,xy,2.9180853644066795
L395_f11,xy,4.207968890194952
L395_f11,xy,1.852316700083755
L395_f11,xy,0.8491420788266621
L395_f11,xy,2.526236075694937
L395_f11,xy,0.862274888776739
L395_f11,xy,4.5761453132777365
L395_f11,xy,3.540228449742293
L395_f11,xy,4.739116233553016
L395_f11,xy,1.554866398981456
L395_f11,xy,2.8989750028040886
L395_f11,xy,2.762053492053005
L395_f11,xy,2.0028335539477498
L395_f11,xy,1.2176239745341475
L395_f11,xy,2.553459720601427
L395_f11,xy,1.4088197978955734
L395_f11,xy,1.1884394184289495
L395_f11,xy,3.972686156395559
L395_f11,xy,3.660180683483202
L395_f11,xy,3.7380869179536265
L395_f11,xy,2.665410042395605
L395_f11,xy,2.4688463811596004
L395_f11,xy,3.1775085055989356
L395_f11,xy,2.0259195506632115
L395_f11,xy,2.72542558209528
L395_f11,xy,3.7833467166501458
L395_f11,xy,1.1690396838597903
L395_f11,xy,2.6277383516024764
L395_f11,xy,3.3370358098331296
L395_f11,xy,1.7672510454161403
L395_f11,xy,1.7448857181980368
L395_f11,xy,2.3812097449040435
L395_f11,xy,0.7850740021125963
L395_f11,xy,1.2572860044194285
L395_f11,xy,3.086030613746414
L395_f11,xy,3.421388614374757
L395_f11,xy,0.2755089528551216
L395_f11,xy,3.2900610164039183
L395_f11,xy,2.786630318016605
L395_f11,xy,3.302269248348546
L395_f11,xy,3.3799390643693483
L395_f11,xy,1.7453386866772227
L395_f11,xy,3.116330696834529
L395_f11,xy,3.7360351987235183
L395_f11,xy,0.9296061123676932
L395_f11,xy,4.0594075592077585
L395_f11,xy,3.374766090436958
L395_f11,xy,4.92240619258367
L395_f11,xy,2.9670359427867834
L395_f11,xy,2.0444989421721105
L395_f11,xy,3.109416021361158
L395_f11,xy,2.9180723414246965
L395_f11,xy,3.0187788566887557
L395_f11,xy,2.8118459223657855
L395_f11,xy,2.958552089470899
L395_f11,xy,2.329893737605923
L395_f11,xy,2.0693317491119916
L395_f11,xy,2.728829395652478
L395_f11,xy,1.6402537183824542
L395_f11,xy,5.448253275750773
L395_f11,xy,2.8127255551684804
L395_f11,xy,1.8356239170062705
L395_f11,xy,3.680045287921747
L395_f11,xy,1.6527073333126012
L395_f11,xy,5.168171422160151
L395_f11,xy,0.7078475965828415
L395_f11,xy,2.4732726678937773
L395_f11,xy,2.2536115800700625
L395_f11,xy,1.895257264409131
L395_f11,xy,2.338319200241994
L395_f11,xy,3.7100969479758046
L395_f11,xy,1.923005079628716
L395_f11,xy,1.7462363741844038
L395_f11,xy,1.1330578731122851
L395_f11,xy,2.6201177526098927
L395_f11,xy,1.83823282340573
L395_f11,xy,3.300642082276453
L395_f11,xy,2.3403617231815614
L395_f11,xy,1.0199703147223316
L395_f11,xy,0.9855386420980188
L395_f11,xy,2.068284821591301
L395_f11,xy,2.898940324935392
L395_f11,xy,3.408824923150318
L395_f11,xy,1.9175235243858355
L395_f11,xy,1.959845285243123
L395_f11,xy,1.6701780836223885
L395_f11,xy,3.785219841158342
L395_f11,xy,3.0477617679170654
L395_f11,xy,2.825549984185889
L395_f11,xy,1.8766750780682784
L395_f11,xy,3.9974916272143193
L395_f11,xy,2.482765932897739
L395_f11,xy,3.350442774586236
L395_f11,xy,2.709166581890022
L395_f11,xy,1.451100020015384
L395_f11,xy,2.28134646198564
L395_f11,xy,1.5712536434408169
L395_f11,xy,3.678483269743845
L395_f11,xy,1.9299376449761352
L395_f11,xy,0.4901176049849451
L395_f11,xy,3.650223362772348
L395_f11,xy,3.629932882594957
L395_f11,xy,4.426900873835847
L395_f11,xy,1.744798831350962
L395_f11,xy,3.6651751640099066
L395_f11,xy,0.6801774197238838
L395_f11,xy,3.287901535595851
L395_f11,xy,3.3620180836803035
L395_f11,xy,3.689430452354436
L395_f11,xy,4.568671928840561
L395_f11,xy,3.014463288425341
L395_f11,xy,4.858662103984232
L395_f11,xy,0.7090843275845441
L395_f11,xy,2.4507679197242345
L395_f11,xy,1.6201234171317975
L395_f11,xy,3.931935303928415
L395_f11,xy,1.598675081965371
L395_f11,xy,2.9405099279945217
L395_f11,xy,2.877384174738713
L395_f11,xy,2.598217113744432
L395_f11,xy,1.9342894323328887
L395_f11,xy,2.5393877702222567
L395_f11,xy,2.10145945473848
L395_f11,xy,2.9953110317418616
L395_f11,xy,2.9295770489937873
L395_f11,xy,3.85526371607296
L395_f11,xy,1.2667367078912568
L395_f11,xy,2.81620003354951
L395_f11,xy,5.4398395823755346
L395_f11,xy,4.135254753465669
L395_f11,xy,3.984769677665838
L395_f11,xy,0.5487833471200871
L395_f11,xy,2.46851478461036
L395_f11,xy,2.9742208232505463
L395_f11,xy,3.536644705800741
L395_f11,xy,5.204091184277703
L395_f11,xy,2.908776601313595
L395_f11,xy,2.1991059162095796
L395_f11,xy,2.0106341599051443
L395_f11,xy,3.1748096988282968
L395_f11,xy,3.2745093361578577
L395_f11,xy,3.3249828212532084
L395_f11,xy,3.2891517245073265
L395_f11,xy,3.573442979091404
L395_f11,xy,2.6715418527778443
L395_f11,xy,2.84626670110908
L395_f11,xy,2.8452773259498167
L395_f11,xy,4.394262359936869
L395_f11,xy,3.3916150521724022
L395_f11,xy,2.1411524179400865
L395_f11,xy,2.86854596442221
L395_f11,xy,3.3654023376310844
L395_f11,xy,2.4367490203829663
L395_f11,xy,2.519446628464454
L395_f11,xy,2.6962556904518937
L395_f11,xy,1.0459268197148648
L395_f11,xy,2.1592858492628992
L395_f11,xy,1.1529887698145498
L395_f11,xy,1.479758745153826
L395_f11,xy,3.1437807292130753
L395_f11,xy,2.255950599978536
L395_f11,xy,3.25022836782902
L395_f11,xy,3.729009580066076
L395_f11,xy,3.3240611683712196
L395_f11,xy,2.4924138211423927
L395_f11,xy,2.4449349120122084
L395_f11,xy,1.1948256662273211
L395_f11,xy,3.955993103240253
L395_f11,xy,2.76639357053441
L395_f11,xy,2.882431271326755
L395_f11,xy,2.344087148956084
L395_f11,xy,2.3139151731205634
L395_f11,xy,4.01643196063644
L395_f11,xy,1.8503848884039684
L395_f11,xy,1.256661309191203
L395_f11,xy,0.2499101968373042
L395_f11,xy,2.3739417924313453
L395_f11,xy,3.728882250759249
L395_f11,xy,2.3820830274107134
L395_f11,xy,2.79154347522124
L395_f11,xy,1.3656027818734149
L395_f11,xy,2.082964876940102
L395_f11,xy,1.6295737639436974
L395_f11,xy,3.648245724862604
L395_f11,xy,4.612333647664161
L395_f11,xy,2.304603202396165
L395_f11,xy,3.0555540174983102
L395_f11,xy,1.6743197221842718
L395_f11,xy,0.6104244210960614
L395_f11,xy,2.139483777359798
L395_f11,xy,2.863657389009553
L395_f11,xy,2.4915037996320035
L395_f11,xy,2.6077760875427596
L395_f11,xy,1.7750550506258829
L395_f11,xy,2.06703213331943
L395_f11,xy,3.243124465651377
L395_f11,xy,2.178916181190323
L395_f11,xy,3.5084056787857385
L395_f11,xy,2.2799436228978687
L395_f11,xy,1.9215119965087064
L395_f11,xy,2.0617709075507156
L395_f11,xy,1.3429840730216824
L395_f11,xy,2.1073337288949867
L395_f11,xy,2.940742284743694
L395_f11,xy,3.495143483650328
L395_f11,xy,1.810667544579834
L395_f11,xy,3.046260936212907
L395_f11,xy,3.608497487517277
L395_f11,xy,1.2647189431312138
L395_f11,xy,2.2933462860866594
L395_f11,xy,3.9480781386488895
L395_f11,xy,1.4466035092782803
L395_f11,xy,2.936415508626208
L395_f11,xy,1.1019816186683078
L395_f11,xy,1.135402035057176
L395_f11,xy,1.2469598779050433
L395_f11,xy,2.2241557696125556
L395_f11,xy,2.5362730293208227
L395_f11,xy,1.9630970831472767
L395_f11,xy,1.7200163503828867
L395_f11,xy,1.9175229440532264
L395_f11,xy,2.7602081882119927
L395_f11,xy,1.03192832061696
L395_f11,xy,1.9367310751616795
L395_f11,xy,2.741660251211395
L395_f11,xy,4.565769860833535
L395_f11,xy,1.428651599199099
L395_f11,xy,3.313371818079321
L395_f11,xy,1.673543739359475
L395_f11,xy,2.6937712047570495
L395_f11,xy,2.395209619485481
L395_f11,xy,4.407393903560961
L395_f11,xy,1.1646781156437782
L395_f11,xy,3.1246708796946905
L395_f11,xy,3.401178212855511
L395_f11,xy,3.0583730890119827
L395_f11,xy,1.530678100460399
L395_f11,xy,2.12897271469312
L395_f11,xy,1.537995107691359
L395_f11,xy,2.2164217275447258
L395_f11,xy,2.704121480170546
L395_f11,xy,1.1733006905161265
L395_f11,xy,1.9266570408094592
L395_f11,xy,2.0427322767429006
L395_f11,xy,2.2409340817501073
L395_f11,xy,3.2804892332538707
L395_f11,xy,2.2928753088329294
L395_f11,xy,2.4276028873811386
L395_f11,xy,1.332532237630605
L395_f11,xy,1.100504990665439
L395_f11,xy,2.30219451393723
L395_f11,xy,4.590876614758503
L395_f11,xy,0.7826197318658371
L395_f11,xy,4.730651952051608
L395_f11,xy,1.7646222356871133
L395_f11,xy,2.0894065906905923
L395_f11,xy,0.038601955197335
L395_f11,xy,1.6159000031638868
L395_f11,xy,1.5386267601624457
L395_f11,xy,1.878416092529257
L395_f11,xy,0.9123589830844384
L395_f11,xy,4.591930809571017
L395_f11,xy,2.4201585945028956
L395_f11,xy,5.356826460643422
L395_f11,xy,2.3425219762180576
L395_f11,xy,1.4930621688604393
L395_f11,xy,2.3360951927283824
L395_f11,xy,2.8869904454227884
L395_f11,xy,2.6042524921212142
L395_f11,xy,1.9350959842991513
L395_f11,xy,1.6214359836040495
L395_f11,xy,2.685214054250998
L395_f11,xy,2.225945771274658
L395_f11,xy,0.9869247075401018
L395_f11,xy,2.250514375509703
L395_f11,xy,2.1519034714100225
L395_f11,xy,5.313866257241162
L395_f11,xy,2.252755414822279
L395_f11,xy,1.12457437904256
L395_f11,xy,1.5170175352238076
L395_f11,xy,1.169997445958708
L395_f11,xy,2.3055801826669353
L395_f11,xy,1.7777772227094235
L395_f11,xy,1.5873182157071568
L395_f11,xy,1.1479677548846168
L395_f11,xy,3.3028712783218985
L395_f11,xy,1.3364310574514775
L395_f11,xy,0.2707077615857547
L395_f11,xy,1.2425535444617255
L395_f11,xy,2.0538142826193746
L395_f11,xy,2.5730916091529696
L395_f11,xy,1.766577130882608
L395_f11,xy,0.6828318207944849
L395_f11,xy,2.1544973954062008
L395_f11,xy,2.840486653115149
L395_f11,xy,1.7665200608630398
L395_f11,xy,2.376305566717863
L395_f11,xy,1.225191920467405
L395_f11,xy,0.9410289016000768
L395_f11,xy,2.710801668225691
L395_f11,xy,1.617091025264452
L395_f11,xy,4.370904462727937
L395_f11,xy,0.7957272250041645
L395_f11,xy,0.954800614390905
L395_f11,xy,3.6064284545682255
L395_f11,xy,1.6209034065818495
L395_f11,xy,2.6715652818517652
L395_f11,xy,3.052234755028631
L395_f11,xy,2.622940567848467
L395_f11,xy,2.148668340143012
L395_f11,xy,1.0952390864085868
L395_f11,xy,3.5578747472307093
L395_f11,xy,1.1593544856876246
L395_f11,xy,1.9144249792619152
L395_f11,xy,2.8536729378850625
L395_f11,xy,2.894167638656894
L395_f11,xy,0.8366587540757668
L395_f11,xy,4.132028611198482
L395_f11,xy,2.216743840373723
L395_f11,xy,1.0494211032843188
L395_f11,xy,1.644673997404062
L395_f11,xy,3.7247669902970206
L395_f11,xy,2.988241426325156
L395_f11,xy,1.124875218437217
L395_f11,xy,0.9091580790736408
L395_f11,xy,1.913752586100057
L395_f11,xy,2.869174467119968
L395_f11,xy,2.326933082946649
L395_f11,xy,1.389741063583477
L395_f11,xy,2.6332092505359426
L395_f11,xy,0.3129322863723145
L395_f11,xy,1.1214552188986866
L395_f11,xy,1.962551090590008
L395_f11,xy,3.686912727862881
L395_f11,xy,0.4876330100254397
L395_f11,xy,2.113530833929755
L395_f11,xy,0.462574377086244
L395_f11,xy,2.959035075878064
L395_f11,xy,0.891166515111652
L395_f11,xy,1.8954463601673408
L395_f11,xy,2.279328463060523
L395_f11,xy,0.5825593654117828
L395_f11,xy,2.92208390840001
L395_f11,xy,2.6861165025850795
L395_f11,xy,4.108058939318325
L395_f11,xy,1.8250281391977845
L395_f11,xy,2.3656780481919917
L395_f11,xy,1.2683079586449144
L395_f11,xy,2.8201358779728785
L395_f11,xy,2.8783451243971774
L395_f11,xy,3.3147984706092473
L395_f11,xy,3.141390986646336
L395_f11,xy,1.222959501091723
L395_f11,xy,2.5276227438683634
L395_f11,xy,2.6091215500054954
L395_f11,xy,1.4458925416040989
L395_f11,xy,2.700338588402873
L395_f11,xy,0.329822850835176
L395_f11,xy,1.611298901927301
L395_f11,xy,2.6342150176835024
L395_f11,xy,1.9619314884552677
L395_f11,xy,1.4308240046317744
L395_f11,xy,1.9175794334582703
L395_f11,xy,1.4279653260529308
L395_f11,xy,2.063074319904973
L395_f11,xy,3.0576837377116477
L395_f11,xy,3.055085933220252
L395_f11,xy,2.425923228188529
L395_f11,xy,1.48609725091256
L395_f11,xy,2.9172500405523443
L395_f11,xy,1.841085728506057
L395_f11,xy,1.14506808893532
L395_f11,xy,1.955774295334941
L395_f11,xy,1.151861731280752
L395_f11,xy,3.0217990198899662
L395_f11,xy,2.3588257837763025
L395_f11,xy,0.7074565829222227
L395_f11,xy,0.8670793514981944
L395_f11,xy,1.5762618746825647
L395_f11,xy,2.643321122529932
L395_f11,xy,1.986525043487264
L395_f11,xy,1.8222199399509096
L395_f11,xy,2.2200914050222
L395_f11,xy,2.3185206965770737
L395_f11,xy,1.6274216606584266
L395_f11,xy,4.328561822020513
L395_f11,xy,2.51473653799342
L395_f11,xy,2.567593440287691
L395_f11,xy,1.3427351842386874
L395_f11,xy,2.7960770670541137
L395_f11,xy,2.1666476192291775
L395_f11,xy,2.327614365545992
L395_f11,xy,2.374718753846334
L395_f11,xy,1.7315463371484452
L395_f11,xy,2.040470216751602
L395_f11,xy,1.6382022179223512
L395_f11,xy,1.659414683729391
L395_f11,xy,2.472763201521191
L395_f11,xy,0.9767868272425752
L395_f11,xy,1.1302576112828149
L395_f11,xy,2.5123722730291633
L395_f11,xy,1.744789671887893
L395_f11,xy,2.552087273237384
L395_f11,xy,3.4281069327224234
L395_f11,xy,0.9538588737771182
L395_f11,xy,0.2642900649994683
L395_f11,xy,1.144899586414193
L395_f11,xy,3.301892781371897
L395_f11,xy,3.3909810811345165
L395_f11,xy,2.418715479088385
L395_f11,xy,1.2875922757210818
L395_f11,xy,2.576099830638981
L395_f11,xy,1.4181977349095296
L395_f11,xy,0.5123765867138869
L395_f11,xy,2.94876194644296
L395_f11,xy,2.020367096521664
L395_f11,xy,1.2538536732882613
L395_f11,xy,0.6164653104479191
L395_f11,xy,1.3578501866285666
L395_f11,xy,2.1388262951169623
L395_f11,xy,2.072079743360472
L395_f11,xy,3.7069802624142314
L395_f11,xy,1.189134827423622
L395_f11,xy,1.6540626311642774
L395_f11,xy,4.084179855301827
L395_f11,xy,4.062780149439977
L395_f11,xy,0.9942622302036952
L395_f11,xy,2.7851741737162543
L395_f11,xy,0.9785495880119952
L395_f11,xy,2.426465334539611
L395_f11,xy,1.90907822792836
L395_f11,xy,0.946321125485858
L395_f11,xy,1.2870282455549786
L395_f11,xy,2.8073620432862283
L395_f11,xy,0.9574312817066036
L395_f11,xy,5.3857292335689655
L395_f11,xy,1.8428186070713064
L395_f11,xy,3.159297486232272
L395_f11,xy,2.6712597777109517
L395_f11,xy,2.313209782166504
L395_f11,xy,3.034881222949643
L395_f11,xy,2.8362261274738367
L395_f11,xy,2.9381913912205584
L395_f11,xy,2.324599553755295
L395_f11,xy,1.7544751210480038
L395_f11,xy,2.5998335198585836
L395_f11,xy,3.3080473302537357
L395_f11,xy,1.370237126615936
L395_f11,xy,1.7118394624847388
L395_f11,xy,0.8877129852860768
L395_f11,xy,2.004925888543963
L395_f11,xy,3.912308040688883
L395_f11,xy,3.729881613332212
L395_f11,xy,3.985734141463257
L395_f11,xy,2.778386323759799
L395_f11,xy,2.527337880471999
L395_f11,xy,0.4408651022327937
L395_f11,xy,2.4401109877961256
L395_f11,xy,2.2490371574717076
L395_f11,xy,1.27092890691801
L395_f11,xy,1.680707180801686
L395_f11,xy,2.776277085167975
L395_f11,xy,2.315224338442536
L395_f11,xy,3.1868224743468487
L395_f11,xy,3.412882801096476
L395_f11,xy,0.1417515428484489
L395_f11,xy,0.18315050594866
L395_f11,xy,1.7941827404948794
L395_f11,xy,3.215452420133168
L395_f11,xy,2.4059041140057777
L395_f11,xy,2.6434866329054376
L395_f11,xy,2.0029536201762355
L395_f11,xy,2.102527680235393
L395_f11,xy,1.4365261006777372
L395_f11,xy,1.5802966355276264
L395_f11,xy,1.3190344812766863
L395_f11,xy,2.409496947670877
L395_f11,xy,2.1227091806162703
L395_f11,xy,2.3184412987831062
L395_f11,xy,3.9371759227547183
L395_f11,xy,3.714988059682058
L395_f11,xy,2.062002979884718
L395_f11,xy,0.4287897055649262
L395_f11,xy,3.329876675445848
L395_f11,xy,3.232519586277701
L395_f11,xy,2.206091529757451
L395_f11,xy,3.3309833511339755
L395_f11,xy,1.5722363351883588
L395_f11,xy,2.025652449420555
L395_f11,xy,2.076939896707096
L395_f11,xy,0.5367657332355136
L395_f11,xy,3.3100237588145807
L395_f11,xy,1.6806519678282963
L395_f11,xy,4.1171662749018365
L395_f11,xy,2.1466930245135623
L395_f11,xy,1.5794568142511989
L395_f11,xy,2.799826372579911
L395_f11,xy,1.3122047214799717
L395_f11,xy,1.1747346786859023
L395_f11,xy,3.924757962623332
L395_f11,xy,1.8147779971583071
L395_f11,xy,1.7842720062201498
L395_f11,xy,1.4289572793044636
L395_f11,xy,1.9455546357123432
L395_f11,xy,2.815220830377785
L395_f11,xy,1.3164004145550972
L395_f11,xy,2.6786969379452876
L395_f11,xy,2.004581764325445
L395_f11,xy,1.6557774085083126
L395_f11,xy,2.4917253217861743
L395_f11,xy,2.6660137492526106
L395_f11,xy,2.9181199959298185
L395_f11,xy,3.168787292588936
L395_f11,xy,4.085917683246602
L395_f11,xy,1.510520625594229
L395_f11,xy,2.1812301909682272
L395_f11,xy,1.7435895740257243
L395_f11,xy,2.7920880710683416
L395_f11,xy,1.9014448285075445
L395_f11,xy,2.635000183929034
L395_f11,xy,1.1192538792451745
L395_f11,xy,3.6110441404469578
L395_f11,xy,0.6228672886222607
L395_f11,xy,1.7547859795400924
L395_f11,xy,1.3480683400091384
L395_f11,xy,1.495212028653286
L395_f11,xy,2.6739376572721953
L395_f11,xy,1.5302164153338038
L395_f11,xy,1.9566294509147344
L395_f11,xy,2.7932566050928345
L395_f11,xy,2.137172030166261
L395_f11,xy,2.3622095976455397
L395_f11,xy,3.2472320757887316
L395_f11,xy,1.2933237745740072
L395_f11,xy,1.2410836186638108
L395_f11,xy,1.7128933362738743
L395_f11,xy,2.9307952508171087
L395_f11,xy,1.9939445185007656
L395_f11,xy,1.7402935308690946
L395_f11,xy,2.1849823542887066
L395_f11,xy,3.869807425189282
L395_f11,xy,2.514763740832797
L395_f11,xy,3.148848693884616
L395_f11,xy,1.0612482636881082
L395_f11,xy,3.701716792271885
L395_f11,xy,1.9084243173964677
L395_f11,xy,2.952620443940585
L395_f11,xy,2.147629197565539
L395_f11,xy,1.7555758448092738
L395_f11,xy,1.6411195495980615
L395_f11,xy,2.281868024712854
L395_f11,xy,1.144854418494264
L395_f11,xy,2.1472038185814832
L395_f11,xy,1.4369216690933424
L395_f11,xy,2.977106195130198
L395_f11,xy,2.792654474736858
L395_f11,xy,1.7224548775046102
L395_f11,xy,2.023466564061647
L395_f11,xy,2.972824217102908
L395_f11,xy,2.356007789756678
L395_f11,xy,3.0240148054424423
L395_f11,xy,2.0520777844431053
L395_f11,xy,2.6604481821503296
L395_f11,xy,1.481635027608856
L395_f11,xy,2.817479411327052
L395_f11,xy,1.4668429078708698
L395_f11,xy,1.6599608790949445
L395_f11,xy,2.516647986315805
L395_f11,xy,1.3882415832348145
L395_f11,xy,3.6972465899389246
L395_f11,xy,1.7860647106941925
L395_f11,xy,2.0866856541831007
L395_f11,xy,2.2068619719168217
L395_f11,xy,2.3435152406845416
L395_f11,xy,0.4020295777324351
L395_f11,xy,1.4210563353115462
L395_f11,xy,3.5383345461543736
L395_f11,xy,1.8818171603934584
L395_f11,xy,3.138031881408643
L395_f11,xy,1.5714576418436392
L395_f11,xy,1.6196839718367502
L395_f11,xy,2.9022843850504083
L395_f11,xy,2.334608821042417
L395_f11,xy,0.6910825331348275
L395_f11,xy,4.697102496977267
L395_f11,xy,1.7292483942112364
L395_f11,xy,2.6130023507176445
L395_f11,xy,1.5151785999715637
L395_f11,xy,3.58766697775607
L395_f11,xy,1.3835456197078122
L395_f11,xy,1.9798335313851485
L395_f11,xy,2.1696726060261486
L395_f11,xy,2.288012963775089
L395_f11,xy,2.3630431053946257
L395_f11,xy,4.4661090425176235
L395_f11,xy,2.898289218687345
L395_f11,xy,2.6372132886762505
L395_f11,xy,1.9545779477742635
L395_f11,xy,3.0685747266688845
L395_f11,xy,1.586003995749403
L395_f11,xy,1.8854730245491296
L395_f11,xy,2.7249633690284756
L395_f11,xy,0.737597550443046
L395_f11,xy,2.139778644644518
L395_f11,xy,2.1655733183425707
L395_f11,xy,2.626985221284068
L395_f11,xy,2.0985067719835904
L395_f11,xy,3.1111547218338047
L395_f11,xy,4.397856571113156
L395_f11,xy,3.225647770868864
L395_f11,xy,3.167885533290016
L395_f11,xy,2.666185431050578
L395_f11,xy,4.169693193213622
L395_f11,xy,3.677187912923897
L395_f11,xy,3.4251605911601626
L395_f11,xy,3.567762135954788
L395_f11,xy,1.5807389198291513
L395_f11,xy,4.254666036468728
L395_f11,xy,1.4044346673910573
L395_f11,xy,2.7882226458210444
L395_f11,xy,4.872133497040156
L395_f11,xy,0.415824333980567
L395_f11,xy,2.2044282334394416
L395_f11,xy,1.402721170412501
L395_f11,xy,2.600769171095488
L395_f11,xy,4.516747359957543
L395_f11,xy,4.185727442889093
L395_f11,xy,2.2000318802024084
L395_f11,xy,1.983794806435173
L395_f11,xy,3.3874971808681265
L395_f11,xy,2.9030285396731528
L395_f11,xy,4.27962253438433
L395_f11,xy,4.049423236941477
L395_f11,xy,2.227944238177635
L395_f11,xy,2.7175287196126057
L395_f11,xy,2.2773767155115827
L395_f11,xy,2.5956557911940146
L395_f11,xy,3.0844464999962096
L395_f11,xy,4.100744925799188
L395_f11,xy,2.776635685581726
L395_f11,xy,4.2796093090436225
L395_f11,xy,2.1600473305887196
L395_f11,xy,3.1874125710343946
L395_f11,xy,4.081298496594539
L395_f11,xy,1.6697740325783397
L395_f11,xy,0.870287146933084
L395_f11,xy,3.626461343554439
L395_f11,xy,2.176672578026384
L395_f11,xy,3.1542295653045036
L395_f11,xy,2.201172799888363
L395_f11,xy,4.428335030324934
L395_f11,xy,4.13994244450876
L395_f11,xy,2.515490926466429
L395_f11,xy,4.743269797965152
L395_f11,xy,2.2100176157222897
L395_f11,xy,5.049736136966227
L395_f11,xy,3.859249509656157
L395_f11,xy,3.7529182323057713
L395_f11,xy,0.5070607857041788
L395_f11,xy,3.02840738022194
L395_f11,xy,1.8703766864200264
L395_f11,xy,1.4289863554054296
L395_f11,xy,2.7734392159512917
L395_f11,xy,0.9513880460966552
L395_f11,xy,1.202280856182936
L395_f11,xy,1.078138324220871
L395_f11,xy,0.3988574926190616
L395_f11,xy,0.6653122121753307
L395_f11,xy,0.6798343700982715
L395_f11,xy,0.3801657195879776
L395_f11,xy,0.9567527601604652
L395_f11,xy,0.5189046658530314
L395_f11,xy,0.5243881254741046
L395_f11,xy,1.7663816077524472
L395_f11,xy,0.1791461423692801
L395_f11,xy,1.5952594993285676
L395_f11,xy,1.4366296551930673
L395_f11,xy,0.6627216291211706
L395_f11,xy,0.5755276922884371
L395_f11,xy,0.6078356901007108
L395_f11,xy,1.2007770772585111
L395_f11,xy,1.2179136234954333
L395_f11,xy,1.024419935848202
L395_f11,xy,0.7706176769971903
L395_f11,xy,5.890039973397203
L395_f11,xy,0.9341606576426754
L395_f11,xy,1.3958126535499211
L395_f11,xy,0.8033882104247047
L395_f11,xy,0.4178894218279075
L395_f11,xy,0.9537831348810794
L395_f11,xy,2.673211625863239
L395_f11,xy,1.0382316617529463
L395_f11,xy,0.3565659070910354
L395_f11,xy,0.695859000483608
L395_f11,xy,0.8192854953634684
L395_f11,xy,0.5826817329723987
L395_f11,xy,0.7155173578418638
L395_f11,xy,0.0953182653237274
L395_f11,xy,0.7516112083008347
L395_f11,xy,0.4067835478945438
L395_f11,xy,0.5727960800532689
L395_f11,xy,0.2110085832816056
L395_f11,xy,0.7412518572380813
L395_f11,xy,0.4132938424779028
L395_f11,xy,0.6327243287283146
L395_f11,xy,0.4452889608417761
L395_f11,xy,1.6042094029173155
L395_f11,xy,0.3259824138166155
L395_f11,xy,1.5778269207261315
L395_f11,xy,1.5186750831163702
L395_f11,xy,0.5443117226654832
L395_f11,xy,0.5294524710774976
L395_f11,xy,1.4094560419844069
L395_f11,xy,0.4934255263039107
L395_f11,xy,0.5953050913830763
L395_f11,xy,0.4891434310355622
L395_f11,xy,0.1609575444568502
L395_f11,xy,0.4530607870894935
L395_f11,xy,0.1271385009466676
L395_f11,xy,0.5457954914889858
L395_f11,xy,0.7982668852190469
L395_f11,xy,0.7139791766144769
L395_f11,xy,0.7588877933439048
L395_f11,xy,0.3699351706812062
L395_f11,xy,0.969164898446479
L395_f11,xy,0.7456971779301023
L395_f11,xy,1.011382964980217
L395_f11,xy,0.3811894046833973
L395_f11,xy,1.9487240046671068
L395_f11,xy,0.1526396889557338
L395_f11,xy,0.7475581018874596
L395_f11,xy,0.8923288467402201
L395_f11,xy,0.2917056697313102
L395_f11,xy,0.3731884343727632
L395_f11,xy,0.8031504852145054
L395_f11,xy,0.971363561528792
L395_f11,xy,1.5282937840194788
L395_f11,xy,0.39501957781539
L395_f11,xy,0.6085322140245963
L395_f11,xy,0.9639246446357952
L395_f11,xy,2.875990031290706
L395_f11,xy,0.9833350469152216
L395_f11,xy,0.1679260749916143
L395_f11,xy,0.4679684626658043
L395_f11,xy,0.7063601104528618
L395_f11,xy,0.5615783175178182
L395_f11,xy,0.26548922770847
L395_f11,xy,0.2751047149618938
L395_f11,xy,0.7230717771520868
L395_f11,xy,0.8984970020194534
L395_f11,xy,5.393380781079452
L395_f11,xy,0.7607415562356309
L395_f11,xy,0.4213591154483139
L395_f11,xy,3.477093147266734
L395_f11,xy,0.8448207933220964
L395_f11,xy,4.964668615289121
L395_f11,xy,0.7060425960967947
L395_f11,xy,0.7505325663466238
L395_f11,xy,1.5233272122522692
L395_f11,xy,0.9559643505399504
L395_f11,xy,0.9717590305496848
L395_f11,xy,0.2464999492126124
L395_f11,xy,2.464437418170148
L395_f11,xy,0.2891684563150801
L395_f11,xy,1.4284128810206222
L395_f11,xy,0.8559436703207491
L395_f11,xy,0.1067302741002076
L395_f11,xy,0.9768206973131646
L395_f11,xy,2.2042855943524136
L395_f11,xy,4.164883344615388
L395_f11,xy,2.896644473307306
L395_f11,xy,0.3053529075380282
L395_f11,xy,0.6742881929369715
L395_f11,xy,1.3979866551501152
L395_f11,xy,1.846923371989858
L395_f11,xy,1.2145310734904535
L395_f11,xy,0.9744568604816416
L395_f11,xy,2.0284189224020603
L395_f11,xy,0.3198992404428928
L395_f11,xy,1.0954586541621194
L395_f11,xy,0.8709001154278857
L395_f11,xy,0.7827165682789866
L395_f11,xy,0.6879503841992618
L395_f11,xy,0.2907734880887899
L395_f11,xy,0.3861346475252192
L395_f11,xy,1.7381961883994494
L395_f11,xy,3.889885722099738
L395_f11,xy,1.2367971164941765
L395_f11,xy,0.8498075177836939
L395_f11,xy,1.001705452984898
L395_f11,xy,0.4149525517100246
L395_f11,xy,0.5666555127208692
L395_f11,xy,1.1905869174828818
L395_f11,xy,0.895379958226402
L395_f11,xy,0.6436734206432397
L395_f11,xy,0.9594446310648428
L395_f11,xy,0.412461974742166
L395_f11,xy,0.8591121068334917
L395_f11,xy,1.1000906373380912
L395_f11,xy,0.7763963442683722
L395_f11,xy,1.1635841519511014
L395_f11,xy,1.221814166795484
L395_f11,xy,0.2903731919202089
L395_f11,xy,0.458259005245866
L395_f11,xy,0.3076835345577975
L395_f11,xy,1.049158291674807
L395_f11,xy,0.4524187515514243
L395_f11,xy,1.111285073032331
L395_f11,xy,0.3678230421883753
L395_f11,xy,2.5125902737732404
L395_f11,xy,2.633322913107647
L395_f11,xy,0.419944202184886
L395_f11,xy,0.567483063433276
L395_f11,xy,0.0627707464456945
L395_f11,xy,0.5376253414368821
L395_f11,xy,1.6316481786065955
L395_f11,xy,0.1474221951578885
L395_f11,xy,1.0544760419482546
L395_f11,xy,0.9053626342188776
L395_f11,xy,0.337065808374648
L395_f11,xy,1.019364891723466
L395_f11,xy,0.5514598462961319
L395_f11,xy,0.2840554231957847
L395_f11,xy,0.6775765142342834
L395_f11,xy,0.3275146020667469
L395_f11,xy,0.5274700251008962
L395_f11,xy,0.8224518288644429
L395_f11,xy,0.5456020504248421
L395_f11,xy,0.2001594225787788
L395_f11,xy,0.0909450606474875
L395_f11,xy,2.3360569251209307
L395_f11,xy,0.6544211553860982
L395_f11,xy,1.4204347834063438
L395_f11,xy,1.9504724341450503
L395_f11,xy,1.2242906539175622
L395_f11,xy,0.9786356145541494
L395_f11,xy,0.2067981050351582
L395_f11,xy,0.6519218320735992
L395_f11,xy,1.0596100917934477
L395_f11,xy,0.5426054959919283
L395_f11,xy,0.7352954135880384
L395_f11,xy,0.605179622222295
L395_f11,xy,1.464647249660508
L395_f11,xy,0.34176980422429
L395_f11,xy,0.7096092683519913
L395_f11,xy,1.648111849611427
L395_f11,xy,0.3721056372144737
L395_f11,xy,0.3653186444796906
L395_f11,xy,0.5074005183884457
L395_f11,xy,0.3112398615255192
L395_f11,xy,0.5098152113303078
L395_f11,xy,0.0882130926191125
L395_f11,xy,0.4439997760431121
L395_f11,xy,1.4129737666596571
L395_f11,xy,2.1518322391154743
L395_f11,xy,0.6791907612498735
L395_f11,xy,0.3755751254092646
L395_f11,xy,0.1606272328686948
L395_f11,xy,0.8513974523231562
L395_f11,xy,0.3838211409940523
L395_f11,xy,1.1246284173385872
L395_f11,xy,1.021515457070701
L395_f11,xy,1.0435853129594523
L395_f11,xy,1.563083504139234
L395_f11,xy,5.070117906528932
L395_f11,xy,1.0675199362183885
L395_f11,xy,0.4555765490322985
L395_f11,xy,0.88141339048389
L395_f11,xy,1.6732550682734784
L395_f11,xy,0.7400555395280909
L395_f11,xy,0.1693410475648332
L395_f11,xy,0.9793613670454768
L395_f11,xy,1.4187709724072095
L395_f11,xy,1.120055152801354
L395_f11,xy,3.2943963131714997
L395_f11,xy,1.2210221241403174
L395_f11,xy,0.7266716628983116
L395_f11,xy,2.3424080610911715
L395_f11,xy,0.3570941885356951
L395_f11,xy,0.5055569525513323
L395_f11,xy,1.6056458436665308
L395_f11,xy,0.5208519504841396
L395_f11,xy,1.9630722936521827
L395_f11,xy,0.7944724100609756
L395_f11,xy,5.830520672109692
L395_f11,xy,1.3651029892429662
L395_f11,xy,2.301108330557235
L395_f11,xy,0.5732786058310508
L395_f11,xy,0.3630007088300326
L395_f11,xy,0.4460813249292126
L395_f11,xy,0.504173007760031
L395_f11,xy,0.9640245655709216
L395_f11,xy,0.7993697765029204
L395_f11,xy,3.129168207015158
L395_f11,xy,1.312970667758978
L395_f11,xy,0.3098106038891993
L395_f11,xy,1.4065030715145883
L395_f11,xy,2.722226532029405
L395_f11,xy,0.6588660552875238
L395_f11,xy,2.2635826092884357
L395_f11,xy,0.733811370595423
L395_f11,xy,1.060796755923869
L395_f11,xy,1.321216139280042
L395_f11,xy,1.3332731111359215
L395_f11,xy,3.4239459045601652
L395_f11,xy,0.645104452552768
L395_f11,xy,1.0741663765316207
L395_f11,xy,1.5994992037057068
L395_f11,xy,1.0913180015484152
L395_f11,xy,0.8641534820140446
L395_f11,xy,2.136259873205198
L395_f11,xy,1.902371354607698
L395_f11,xy,0.5915748371934013
L395_f11,xy,1.5447570450120909
L395_f11,xy,2.2260647324886476
L395_f11,xy,1.5295958975987545
L395_f11,xy,0.9106914399092986
L395_f11,xy,1.1819076825591686
L395_f11,xy,2.4178899194521035
L395_f11,xy,1.2078599983373293
L395_f11,xy,0.6315099363993739
L395_f11,xy,1.2015224244825011
L395_f11,xy,1.5009894413287217
L395_f11,xy,1.1461989367686136
L395_f11,xy,3.369410428569
L395_f11,xy,1.0502019948789652
L395_f11,xy,1.2851958438195557
L395_f11,xy,0.2455745604781725
L395_f11,xy,0.8685493668929778
L395_f11,xy,0.2131980965693739
L395_f11,xy,0.1050749366096915
L395_f11,xy,0.3411672542708094
L395_f11,xy,1.9749437200525473
L395_f11,xy,1.4499003070453471
L395_f11,xy,0.3629249732106331
L395_f11,xy,2.4690059759955023
L395_f11,xy,0.3543208102651025
L395_f11,xy,0.1719593550769308
L395_f11,xy,1.0484798788194187
L395_f11,xy,0.3024385274538871
L395_f11,xy,0.1581889632305177
L395_f11,xy,2.9410920331553947
L395_f11,xy,0.2500666267565675
L395_f11,xy,1.020356790575449
L395_f11,xy,0.4977923225680659
L395_f11,xy,4.546611118073194
L395_f11,xy,1.1520670977628995
L395_f11,xy,0.4429470538272161
L395_f11,xy,1.1096692752032395
L395_f11,xy,2.8062332688514067
L395_f11,xy,0.8413882472653319
L395_f11,xy,1.415089588630689
L395_f11,xy,0.677705026718983
L395_f11,xy,1.137466175085195
L395_f11,xy,0.710398865631072
L395_f11,xy,2.5938217953317704
L395_f11,xy,2.4339229560447655
L395_f11,xy,0.1366790428956365
L395_f11,xy,0.9948893296642703
L395_f11,xy,0.9759236673584056
L395_f11,xy,3.3668546472460665
L395_f11,xy,2.0525411870237646
L395_f11,xy,0.5651163248110446
L395_f11,xy,1.2267237465652872
L395_f11,xy,0.6962725304105836
L395_f11,xy,0.3541068026251014
L395_f11,xy,0.7110105526959478
L395_f11,xy,1.0534419434545517
L395_f11,xy,0.7898602336837787
L395_f11,xy,1.013045530331138
L395_f11,xy,1.5192400649701006
L395_f11,xy,1.2932216544180788
L395_f11,xy,1.0041760004502776
L395_f11,xy,0.8177064095149418
L395_f11,xy,1.299493343653515
L395_f11,xy,3.9111583730549984
L395_f11,xy,1.5456218123881618
L395_f11,xy,1.6583666508940855
L395_f11,xy,0.925465888807361
L395_f11,xy,1.3112122256874457
L395_f11,xy,0.7700277593468691
L395_f11,xy,0.1325852368054433
L395_f11,xy,0.7961930140910739
L395_f11,xy,2.261572179107778
L395_f11,xy,0.3718429285637665
L395_f11,xy,0.9006793885919645
L395_f11,xy,1.1486207099415542
L395_f11,xy,0.7405290059484481
L395_f11,xy,0.2924953068441682
L395_f11,xy,2.586543394751988
L395_f11,xy,0.3557021984565419
L395_f11,xy,1.0904154446650431
L395_f11,xy,0.982343450421114
L395_f11,xy,1.3860605902806766
L395_f11,xy,1.172191670990795
L395_f11,xy,0.7102390594919686
L395_f11,xy,0.6775443993579426
L395_f11,xy,3.1483642516654657
L395_f11,xy,0.8673969365496697
L395_f11,xy,1.189564114942361
L395_f11,xy,0.6492015507149563
L395_f11,xy,0.614000750981437
L395_f11,xy,0.1387672310760669
L395_f11,xy,0.4878479958780657
L395_f11,xy,3.097266101718258
L395_f11,xy,0.08521876039394
L395_f11,xy,0.219841753914576
L395_f11,xy,1.1293989792532184
L395_f11,xy,0.3747349298438877
L395_f11,xy,0.8192928845984738
L395_f11,xy,1.3070611198256104
L395_f11,xy,1.1022429366342337
L395_f11,xy,0.0932914876675428
L395_f11,xy,0.4998710434266056
L395_f11,xy,0.4122849548151548
L395_f11,xy,1.1728431412511289
L395_f11,xy,2.0513653311877036
L395_f11,xy,3.661217619212122
L395_f11,xy,4.522510857747238
L395_f11,xy,1.1324238763264272
L395_f11,xy,0.759509786678976
L395_f11,xy,0.5588730734783374
L395_f11,xy,0.2478635500554112
L395_f11,xy,2.2344277862398907
L395_f11,xy,0.643382295590257
L395_f11,xy,1.779032277309695
L395_f11,xy,2.897511842887804
L395_f11,xy,2.5147031684965464
L395_f11,xy,0.3118767898351541
L395_f11,xy,0.4423310357066143
L395_f11,xy,1.3670984610917567
L395_f11,xy,1.499321746251346
L395_f11,xy,3.276194290977163
L395_f11,xy,1.9316505003856368
L395_f11,xy,0.3381213404862209
L395_f11,xy,4.965110038564265
L395_f11,xy,0.7160649267932885
L395_f11,xy,2.4359122689440316
L395_f11,xy,0.781165465130059
L395_f11,xy,1.0602934753959774
L395_f11,xy,1.0619716804841384
L395_f11,xy,0.1938393355400248
L395_f11,xy,1.0654012423919252
L395_f11,xy,0.868629809515589
L395_f11,xy,1.2939463139431988
L395_f11,xy,0.12752488747524
L395_f11,xy,0.7513211944066488
L395_f11,xy,1.4696602130699508
L395_f11,xy,1.4732459474743254
L395_f11,xy,0.8959610754859211
L395_f11,xy,0.6580613515612452
L395_f11,xy,1.6663088537894448
L395_f11,xy,0.4471659267570627
L395_f11,xy,0.1657762947508704
L395_f11,xy,0.0570024533793926
L395_f11,xy,0.5847698450763817
L395_f11,xy,0.4352158038367567
L395_f11,xy,1.109093535594085
L395_f11,xy,0.6771069980235463
L395_f11,xy,2.2517456756997714
L395_f11,xy,0.6278071491127257
L395_f11,xy,0.7873532684507962
L395_f11,xy,1.3026320988317126
L395_f11,xy,1.920970956668596
L395_f11,xy,1.1608586932210985
L395_f11,xy,1.3686699260854256
L395_f11,xy,1.0980952726956328
L395_f11,xy,1.2232981333061834
L395_f11,xy,1.168603359561111
L395_f11,xy,2.4816640006034447
L395_f11,xy,1.54435232356165
L395_f11,xy,0.7908106607748474
L395_f11,xy,1.1455981100384227
L395_f11,xy,3.974741505978799
L395_f11,xy,1.082201339147979
L395_f11,xy,1.1694851278020006
L395_f11,xy,0.8231430637631374
L395_f11,xy,0.5913039793078169
L395_f11,xy,1.294101453816008
L395_f11,xy,2.662683523901429
L395_f11,xy,1.4671222965775068
L395_f11,xy,1.7403670359325225
L395_f11,xy,1.7806970034899643
L395_f11,xy,1.962119037665466
L395_f11,xy,0.1821840617367727
L395_f11,xy,1.0289386420813484
L395_f11,xy,0.6851424777358958
L395_f11,xy,2.241958315658339
L395_f11,xy,0.3979664562184772
L395_f11,xy,1.5614761077054085
L395_f11,xy,1.1649621462250852
L395_f11,xy,0.4192159845774575
L395_f11,xy,1.1543460256908389
L395_f11,xy,2.128201670249285
L395_f11,xy,0.5536353285108094
L395_f11,xy,2.464370389455809
L395_f11,xy,0.2907765998338188
L395_f11,xy,2.039923015989391
L395_f11,xy,2.2410697961456276
L395_f11,xy,0.8399897062028461
L395_f11,xy,0.4918797284408267
L395_f11,xy,1.452581309331389
L395_f11,xy,0.5459223849581415
L395_f11,xy,0.8339184183887187
L395_f11,xy,1.388061132955307
L395_f11,xy,0.4117722270160407
L395_f11,xy,0.4345935862312486
L395_f11,xy,0.4260121550812779
L395_f11,xy,0.3076710758519562
L395_f11,xy,1.5849319258350976
L395_f11,xy,0.3302542838662856
L395_f11,xy,1.0497492337732222
L395_f11,xy,1.3739833329294229
L395_f11,xy,0.9951880913704572
L395_f11,xy,1.2126237205181891
L395_f11,xy,0.6054129915581371
L395_f11,xy,0.6897974152523304
L395_f11,xy,2.523613631969075
L395_f11,xy,2.933724614035314
L395_f11,xy,2.910873032333172
L395_f11,xy,0.5039194559919735
L395_f11,xy,0.0347387898835525
L395_f11,xy,0.7690780333370139
L395_f11,xy,1.0200188753973516
L395_f11,xy,1.2924722822078696
L395_f11,xy,0.9992221495076444
L395_f11,xy,0.8705410008381376
L395_f11,xy,1.6777754411435306
L395_f11,xy,0.8586626457404964
L395_f11,xy,0.2589738335451047
L395_f11,xy,0.6186298969643071
L395_f11,xy,0.5282909371227383
L395_f11,xy,1.1726000286673977
L395_f11,xy,1.0686275223058634
L395_f11,xy,0.6830647597254087
L395_f11,xy,0.8718167585355988
L395_f11,xy,0.5378939321600544
L395_f11,xy,3.635368523499237
L395_f11,xy,0.6650638552145279
L395_f11,xy,0.8190178792240578
L395_f11,xy,0.5478951756719906
L395_f11,xy,1.3980796822128194
L395_f11,xy,0.6684243990076686
L395_f11,xy,0.7070674271035745
L395_f11,xy,0.5919764019722114
L395_f11,xy,1.3737974935178396
L395_f11,xy,0.9679810393482904
L395_f11,xy,1.01516229534391
L395_f11,xy,0.6650427529530246
L395_f11,xy,2.2377540722553673
L395_f11,xy,1.1072374777412926
L395_f11,xy,1.1269996084553071
L395_f11,xy,2.1401842404256346
L395_f11,xy,3.21020880725535
L395_f11,xy,0.5442579081781326
L395_f11,xy,0.5499736003408828
L395_f11,xy,0.9524027248325722
L395_f11,xy,1.0432865340002673
L395_f11,xy,0.823375784760511
L395_f11,xy,0.5942134026777957
L395_f11,xy,0.1453594409512401
L395_f11,xy,1.0618492550223089
L395_f11,xy,0.6170434986074951
L395_f11,xy,0.8000013360271169
L395_f11,xy,1.0293851880334288
L395_f11,xy,0.591241541529123
L395_f11,xy,0.6541551336130195
L395_f11,xy,0.6285532128918158
L395_f11,xy,0.3785055012007025
L395_f11,xy,4.540433351948539
L395_f11,xy,0.3392271247836182
L395_f11,xy,0.5890065179709174
L395_f11,xy,0.4436426106369405
L395_f11,xy,2.7109662072113587
L395_f11,xy,3.0073042815872455
L395_f11,xy,1.1665457297736068
L395_f11,xy,0.6447850113072467
L395_f11,xy,0.5157188343828385
L395_f11,xy,3.7869743085810463
L395_f11,xy,1.3029045137707511
L395_f11,xy,0.3977739313283944
L395_f11,xy,2.8035476242346764
L395_f11,xy,1.915172468108113
L395_f11,xy,0.4032527522473669
L395_f11,xy,0.96647908485542
L395_f11,xy,2.0124379415207887
L395_f11,xy,3.2882572161232497
L395_f11,xy,1.6928690841309948
L395_f11,xy,1.4557520077680852
L395_f11,xy,1.723006088625305
L395_f11,xy,6.22385730186421
L395_f11,xy,6.556064025696633
L395_f11,xy,2.3318754599347824
L395_f11,xy,0.1651497324098932
L395_f11,xy,2.8937036399927583
L395_f11,xy,0.9173813470257708
L395_f11,xy,1.05307655710875
L395_f11,xy,3.6232920795537766
L395_f11,xy,1.7395425450784028
L395_f11,xy,0.6188395839727372
L395_f11,xy,0.5147820989565723
L395_f11,xy,0.267951877706205
L395_f11,xy,1.1634910213717655
L395_f11,xy,0.2765503291600855
L395_f11,xy,0.7944850131746649
L395_f11,xy,4.175378485057289
L395_f11,xy,0.4697061026093322
L395_f11,xy,4.498605633009863
L395_f11,xy,0.713201274540873
L395_f11,xy,1.2291898896267908
L395_f11,xy,3.5196571338678524
L395_f11,xy,2.4320146674878473
L395_f11,xy,0.7701675267995542
L395_f11,xy,4.643803948998515
L395_f11,xy,2.051529195144121
L395_f11,xy,2.864387165400539
L395_f11,xy,1.2623960295729455
L395_f11,xy,2.08849006661656
L395_f11,xy,0.540780040404337
L395_f11,xy,0.5437938041029302
L395_f11,xy,0.771902692531728
L395_f11,xy,0.8439134894261311
L395_f11,xy,1.0781605050210386
L395_f11,xy,1.5697992390326247
L395_f11,xy,0.9003606166230002
L395_f11,xy,1.2655276465387402
L395_f11,xy,0.6974702614460881
L395_f11,xy,0.5628088286360815
L395_f11,xy,1.3350142023056
L395_f11,xy,0.182165118632124
L395_f11,xy,1.041885341656979
L395_f11,xy,1.9372181158221011
L395_f11,xy,0.380027376017178
L395_f11,xy,0.8570815072121202
L395_f11,xy,0.4291706070405824
L395_f11,xy,1.7404984523370184
L395_f11,xy,1.0826061095050283
L395_f11,xy,0.6869815131242188
L395_f11,xy,0.789733013948471
L395_f11,xy,0.5675740359396195
L395_f11,xy,1.416590113733988
L395_f11,xy,1.7582402080898387
L395_f11,xy,1.618954407232193
L395_f11,xy,1.2172153318186698
L395_f11,xy,0.8008883740310798
L395_f11,xy,1.5085091883013682
L395_f11,xy,0.331881020455142
L395_f11,xy,0.8452691138160293
L395_f11,xy,0.2774652149014805
L395_f11,xy,0.4714348682519367
L395_f11,xy,0.7615777364100406
L395_f11,xy,0.5486123758936254
L395_f11,xy,0.1761062698674847
L395_f11,xy,1.9440718714564191
L395_f11,xy,0.6202398176142161
L395_f11,xy,0.9595136306886708
L395_f11,xy,1.9306438899197496
L395_f11,xy,1.0032482514013068
L395_f11,xy,0.6551843798142878
L395_f11,xy,0.3964620067599371
L395_f11,xy,0.689914659487381
L395_f11,xy,0.4462778402041947
L395_f11,xy,0.5865101782035846
L395_f11,xy,0.4169245727116246
L395_f11,xy,1.3360894781058013
L395_f11,xy,0.611446053939518
L395_f11,xy,0.794914986440314
L395_f11,xy,0.5994168385683684
L395_f11,xy,1.3053286144466405
L395_f11,xy,0.3155186881476262
L395_f11,xy,1.21761819862651
L395_f11,xy,1.2376309756454045
L395_f11,xy,0.2846911726942443
L395_f11,xy,2.049057802052448
L395_f11,xy,1.28879403299802
L395_f11,xy,0.774307521163318
L395_f11,z,5.363184079601979
L395_f11,z,3.0627737226277247
L395_f11,z,6.361774744027315
L395_f11,z,1.641791044776113
L395_f11,z,5.003546099290787
L395_f11,z,1.0
L395_f11,z,6.4307692307692434
L395_f11,z,4.35294117647058
L395_f11,z,6.212550607287454
L395_f11,z,2.955307262569846
L395_f11,z,1.2200435729847356
L395_f11,z,4.86098654708519
L395_f11,z,1.4000000000000057
L395_f11,z,3.0434782608695627
L395_f11,z,2.2268041237113323
L395_f11,z,4.910852713178286
L395_f11,z,11.648261758691206
L395_f11,z,0.19248826291078558
L395_f11,z,6.093994778067895
L395_f11,z,0.2321678321678462
L395_f11,z,1.7220077220077314
L395_f11,z,1.8951612903225907
L395_f11,z,0.30460921843686606
L395_f11,z,3.816393442622939
L395_f11,z,1.059523809523796
L395_f11,z,5.044303797468359
L395_f11,z,1.5015974440894695
L395_f11,z,1.305418719211815
L395_f11,z,4.483870967741922
L395_f11,z,3.1023622047244146
L395_f11,z,1.164619164619154
L395_f11,z,2.671916010498677
L395_f11,z,3.9368421052631675
L395_f11,z,4.532258064516128
L395_f11,z,2.9051490514905254
L395_f11,z,3.655913978494624
L395_f11,z,4.875621890547251
L395_f11,z,4.662824207492804
L395_f11,z,5.566115702479351
L395_f11,z,0.20418848167540204
L395_f11,z,2.629629629629619
L395_f11,z,3.1875
L395_f11,z,0.5570776255707699
L395_f11,z,3.612277867528263
L395_f11,z,7.035714285714278
L395_f11,z,0.7940446650123931
L395_f11,z,0.6025104602510396
L395_f11,z,0.6050420168067205
L395_f11,z,0.045296167247386165
L395_f11,z,2.8912466843501363
L395_f11,z,4.007168458781365
L395_f11,z,1.2191011235954932
L395_f11,z,2.4377682403433596
L395_f11,z,6.566666666666663
L395_f11,z,3.5132275132275197
L395_f11,z,1.7524429967426727
L395_f11,z,2.827586206896541
L395_f11,z,6.633064516129025
L395_f11,z,3.6964769647696585
L395_f11,z,4.277227722772267
L395_f11,z,2.26666666666668
L395_f11,z,2.9243697478991635
L395_f11,z,2.2222222222222285
L395_f11,z,0.8163265306122582
L395_f11,z,0.2994652406417231
L395_f11,z,1.268292682926841
L395_f11,z,1.9354838709677438
L395_f11,z,6.2777777777777715
L395_f11,z,6.024330900243314
L395_f11,z,6.216822429906529
L395_f11,z,2.9180327868852487
L395_f11,z,0.5943925233644904
L395_f11,z,5.001481481481477
L395_f11,z,0.8944444444444457
L395_f11,z,4.34482758620689
L395_f11,z,0.9463722397476317
L395_f11,z,1.237623762376245
L395_f11,z,2.353365384615387
L395_f11,z,2.4042179261863055
L395_f11,z,2.0600000000000023
L395_f11,z,4.701594533029606
L395_f11,z,2.7162162162162247
L395_f11,z,3.622568093385212
L395_f11,z,5.112068965517238
L395_f11,z,1.6490066225165663
L395_f11,z,2.061302681992345
L395_f11,z,5.680365296803643
L395_f11,z,2.6844919786096284
L395_f11,z,0.956140350877206
L395_f11,z,3.4395393474088394
L395_f11,z,1.0222222222222115
L395_f11,z,0.568181818181813
L395_f11,z,4.217522658610278
L395_f11,z,1.7174515235457193
L395_f11,z,4.464547677261606
L395_f11,z,6.068535825545183
L395_f11,z,2.206235011990401
L395_f11,z,1.3130929791271342
L395_f11,z,3.58885017421602
L395_f11,z,0.8010471204188434
L395_f11,z,1.3877551020408134
L395_f11,z,3.4855643044619455
L395_f11,z,4.688111888111877
L395_f11,z,0.08981001727116222
L395_f11,z,2.9860465116279045
L395_f11,z,1.6909090909090878
L395_f11,z,3.2889908256880744
L395_f11,z,2.944444444444457
L395_f11,z,6.095092024539866
L395_f11,z,1.0622710622710656
L395_f11,z,0.028481012658232885
L395_f11,z,2.732965009208101
L395_f11,z,0.21864951768489505
L395_f11,z,3.260377358490558
L395_f11,z,4.974193548387092
L395_f11,z,0.8620689655172384
L395_f11,z,3.953488372093034
L395_f11,z,0.2335025380710647
L395_f11,z,5.470852017937233
L395_f11,z,1.908396946564892
L395_f11,z,6.6641025641025635
L395_f11,z,1.245901639344254
L395_f11,z,1.415204678362585
L395_f11,z,3.1788079470198625
L395_f11,z,6.512249443207139
L395_f11,z,2.7963683527885905
L395_f11,z,1.9607293127629646
L395_f11,z,0.2938388625592552
L395_f11,z,3.8501440922190113
L395_f11,z,3.6079295154185047
L395_f11,z,2.6232558139534774
L395_f11,z,1.1611111111110972
L395_f11,z,1.2810810810810835
L395_f11,z,2.7024952015354984
L395_f11,z,2.3945841392649925
L395_f11,z,2.1761006289308114
L395_f11,z,2.5753424657534367
L395_f11,z,3.0603448275862206
L395_f11,z,3.7459854014598477
L395_f11,z,4.47113163972287
L395_f11,z,1.1939163498098821
L395_f11,z,2.597014925373145
L395_f11,z,3.0503978779840963
L395_f11,z,2.494773519163772
L395_f11,z,3.3498233215547657
L395_f11,z,3.3835616438356055
L395_f11,z,2.603174603174608
L395_f11,z,8.180494905385729
L395_f11,z,4.704142011834307
L395_f11,z,7.254437869822482
L395_f11,z,3.559808612440179
L395_f11,z,1.2258064516128968
L395_f11,z,3.4545454545454675
L395_f11,z,4.150712830957218
L395_f11,z,1.6742081447963812
L395_f11,z,1.5035714285714334
L395_f11,z,2.6103448275862036
L395_f11,z,2.0394736842105203
L395_f11,z,4.796460176991161
L395_f11,z,4.391231028667789
L395_f11,z,2.0863309352517945
L395_f11,z,1.377215189873425
L395_f11,z,5.816192560175068
L395_f11,z,2.3651452282157663
L395_f11,z,1.9568733153638789
L395_f11,z,8.394106813996302
L395_f11,z,2.3630769230769317
L395_f11,z,1.6972972972972968
L395_f11,z,2.6951566951566974
L395_f11,z,0.6577629382303769
L395_f11,z,4.674199623352166
L395_f11,z,0.8280254777070013
L395_f11,z,2.22653721682849
L395_f11,z,5.131672597864764
L395_f11,z,0.8813559322033768
L395_f11,z,3.317567567567579
L395_f11,z,2.193939393939388
L395_f11,z,0.8927335640138381
L395_f11,z,4.754216867469893
L395_f11,z,0.7804878048780495
L395_f11,z,0.4630541871921139
L395_f11,z,3.1930501930501975
L395_f11,z,2.0927318295739212
L395_f11,z,2.9353049907578566
L395_f11,z,1.1298701298701417
L395_f11,z,2.116853932584263
L395_f11,z,1.2741116751269033
L395_f11,z,2.796561604584525
L395_f11,z,1.375757575757575
L395_f11,z,1.6600790513834056
L395_f11,z,0.6055437100213226
L395_f11,z,4.592920353982294
L395_f11,z,1.7544757033248004
L395_f11,z,5.519668737060044
L395_f11,z,2.090452261306524
L395_f11,z,6.23027166882278
L395_f11,z,2.243902439024396
L395_f11,z,3.8666666666666742
L395_f11,z,3.664429530201346
L395_f11,z,2.5946632782719234
L395_f11,z,3.775510204081627
L395_f11,z,3.1271186440677923
L395_f11,z,3.0621118012422244
L395_f11,z,0.8224299065420553
L395_f11,z,0.6529774127310191
L395_f11,z,2.537549407114625
L395_f11,z,3.098901098901109
L395_f11,z,2.942148760330582
L395_f11,z,4.49404761904762
L395_f11,z,0.22707423580786212
L395_f11,z,3.5862068965517153
L395_f11,z,0.24032042723632685
L395_f11,z,0.35431235431235564
L395_f11,z,0.33720930232559
L395_f11,z,1.1089494163424263
L395_f11,z,0.625
L395_f11,z,4.589641434262944
L395_f11,z,0.1014799154334014
L395_f11,z,6.433802816901419
L395_f11,z,7.550748752079869
L395_f11,z,0.2427745664739973
L395_f11,z,4.524916943521589
L395_f11,z,0.9372384937238394
L395_f11,z,5.001353179972938
L395_f11,z,4.303135888501743
L395_f11,z,3.7716262975778534
L395_f11,z,2.0268817204301115
L395_f11,z,3.674681753889672
L395_f11,z,5.448275862068954
L395_f11,z,2.991150442477874
L395_f11,z,2.66796875
L395_f11,z,3.532544378698219
L395_f11,z,6.0998151571164385
L395_f11,z,0.22950819672129796
L395_f11,z,0.4299319727891202
L395_f11,z,4.6459627329192585
L395_f11,z,2.9451327433628194
L395_f11,z,2.361323155216297
L395_f11,z,2.845849802371532
L395_f11,z,1.3107454017425084
L395_f11,z,0.1459854014598534
L395_f11,z,7.260975609756088
L395_f11,z,0.5171400587659036
L395_f11,z,1.012145748987848
L395_f11,z,1.0699300699300807
L395_f11,z,3.1752021563342225
L395_f11,z,3.0900473933649266
L395_f11,z,1.9602272727272805
L395_f11,z,2.1308411214953367
L395_f11,z,3.1096774193548526
L395_f11,z,3.0945054945054835
L395_f11,z,3.7861271676300703
L395_f11,z,0.18331616889804536
L395_f11,z,2.4265536723163734
L395_f11,z,4.356894553881801
L395_f11,z,4.34069400630915
L395_f11,z,5.361990950226243
L395_f11,z,2.574193548387086
L395_f11,z,1.6244541484716137
L395_f11,z,2.974647887323954
L395_f11,z,0.9081967213114694
L395_f11,z,1.8651685393258504
L395_f11,z,2.5197934595524885
L395_f11,z,0.4454148471615724
L395_f11,z,2.7022471910112245
L395_f11,z,3.556886227544908
L395_f11,z,5.506382978723394
L395_f11,z,0.6315789473684106
L395_f11,z,0.7132530120481988
L395_f11,z,3.4075829383886287
L395_f11,z,0.9948849104859221
L395_f11,z,0.25210084033614066
L395_f11,z,0.08376963350784195
L395_f11,z,2.017699115044252
L395_f11,z,6.229475766567759
L395_f11,z,1.622950819672127
L395_f11,z,5.049586776859513
L395_f11,z,3.7378640776699115
L395_f11,z,4.469696969696969
L395_f11,z,1.4056603773584868
L395_f11,z,0.7982062780268961
L395_f11,z,5.920086393088553
L395_f11,z,4.368421052631589
L395_f11,z,3.0273037542661996
L395_f11,z,6.688206785137311
L395_f11,z,1.5698113207547237
L395_f11,z,3.4137931034482847
L395_f11,z,1.5965417867435292
L395_f11,z,4.318435754189949
L395_f11,z,3.8288973384030385
L395_f11,z,6.017182130584189
L395_f11,z,2.458259325044395
L395_f11,z,5.695167286245351
L395_f11,z,1.988071570576551
L395_f11,z,2.194594594594605
L395_f11,z,2.4025423728813564
L395_f11,z,2.5638766519823832
L395_f11,z,3.9628252788104135
L395_f11,z,0.0
L395_f11,z,4.275862068965523
L395_f11,z,3.3888888888888857
L395_f11,z,4.107526881720418
L395_f11,z,0.07800000000000296
L395_f11,z,0.2527233115468448
L395_f11,z,3.278688524590166
L395_f11,z,1.6457142857142912
L395_f11,z,0.23404255319150025
L395_f11,z,3.970749542961613
L395_f11,z,0.8248062015503876
L395_f11,z,2.9975903614457877
L395_f11,z,0.6062846580406642
L395_f11,z,5.011428571428581
L395_f11,z,0.42105263157895934
L395_f11,z,1.2236842105263293
L395_f11,z,4.122065727699521
L395_f11,z,0.8262910798121936
L395_f11,z,5.901996370235935
L395_f11,z,1.5406360424028378
L395_f11,z,3.2181818181818187
L395_f11,z,6.2526817640047625
L395_f11,z,3.7873754152823835
L395_f11,z,2.739420935412028
L395_f11,z,2.887820512820525
L395_f11,z,4.438735177865624
L395_f11,z,4.369905956112859
L395_f11,z,3.9798850574712503
L395_f11,z,6.098939929328623
L395_f11,z,3.2700000000000102
L395_f11,z,5.122324159021417
L395_f11,z,4.0
L395_f11,z,3.588447653429597
L395_f11,z,4.48888888888888
L395_f11,z,3.9557522123893705
L395_f11,z,1.6530214424951168
L395_f11,z,1.5175097276264466
L395_f11,z,1.605985037406498
L395_f11,z,1.8709677419354875
L395_f11,z,2.743648960739023
L395_f11,z,4.00687285223367
L395_f11,z,8.434944237918216
L395_f11,z,7.947867298578188
L395_f11,z,4.62886597938143
L395_f11,z,6.029629629629625
L395_f11,z,1.5942857142857179
L395_f11,z,3.2701030927835006
L395_f11,z,2.287292817679571
L395_f11,z,2.632000000000005
L395_f11,z,2.6883116883116998
L395_f11,z,0.6943005181347246
L395_f11,z,7.004184100418399
L395_f11,z,3.054830287206272
L395_f11,z,4.376657824933687
L395_f11,z,4.205955334987607
L395_f11,z,0.31336405529953026
L395_f11,z,5.098540145985396
L395_f11,z,1.045996592844972
L395_f11,z,5.302325581395337
L395_f11,z,0.12121212121212466
L395_f11,z,4.36641221374046
L395_f11,z,2.8910891089109043
L395_f11,z,1.2086330935251794
L395_f11,z,3.8607594936708836
L395_f11,z,1.0977130977130969
L395_f11,z,5.603305785123979
L395_f11,z,1.0
L395_f11,z,1.4181360201511382
L395_f11,z,3.7344913151364665
L395_f11,z,2.5839416058394136
L395_f11,z,5.017482517482506
L395_f11,z,0.7238689547581885
L395_f11,z,0.1176470588235361
L395_f11,z,3.788639365918101
L395_f11,z,5.525423728813564
L395_f11,z,2.3826086956521806
L395_f11,z,4.513618677042814
L395_f11,z,5.154228855721385
L395_f11,z,2.613861386138609
L395_f11,z,6.323232323232332
L395_f11,z,0.5915492957746551
L395_f11,z,2.314496314496324
L395_f11,z,4.4122807017543835
L395_f11,z,4.8123456790123385
L395_f11,z,2.485659655831739
L395_f11,z,7.88642659279779
L395_f11,z,6.862144420131301
L395_f11,z,0.4830508474576334
L395_f11,z,3.382198952879577
L395_f11,z,6.2882096069868965
L395_f11,z,1.7361809045226266
L395_f11,z,1.2074829931972886
L395_f11,z,1.5172413793103487
L395_f11,z,1.4898550724637687
L395_f11,z,1.8918128654970872
L395_f11,z,1.130044843049319
L395_f11,z,3.9932432432432563
L395_f11,z,2.924406047516186
L395_f11,z,7.9624277456647405
L395_f11,z,0.6317907444667981
L395_f11,z,5.972111553784856
L395_f11,z,6.185882352941178
L395_f11,z,2.1706161137440745
L395_f11,z,5.765595463137998
L395_f11,z,0.7021276595744723
L395_f11,z,2.1538461538461604
L395_f11,z,0.027359781121759852
L395_f11,z,5.921875
L395_f11,z,1.5085201793721978
L395_f11,z,0.287703016241295
L395_f11,z,3.7769516728624524
L395_f11,z,1.4852941176470722
L395_f11,z,0.3592814371257589
L395_f11,z,1.0119047619047592
L395_f11,z,3.6115326251896818
L395_f11,z,0.26229508196720985
L395_f11,z,0.7119266055046012
L395_f11,z,1.712707182320429
L395_f11,z,6.282786885245912
L395_f11,z,0.640569395017792
L395_f11,z,2.5252525252525118
L395_f11,z,0.9782244556113824
L395_f11,z,0.7904191616766525
L395_f11,z,2.4119850187265968
L395_f11,z,0.7627906976744327
L395_f11,z,4.042613636363626
L395_f11,z,0.4412371134020532
L395_f11,z,4.022181146025872
L395_f11,z,1.5847860538827376
L395_f11,z,1.4476987447698662
L395_f11,z,3.543859649122794
L395_f11,z,3.288659793814446
L395_f11,z,1.83720930232559
L395_f11,z,4.442060085836914
L395_f11,z,1.9947780678851075
L395_f11,z,2.8151898734177223
L395_f11,z,5.985102420856606
L395_f11,z,0.6096256684492118
L395_f11,z,1.6281407035176017
L395_f11,z,2.0382775119617236
L395_f11,z,1.5992366412213812
L395_f11,z,3.9882583170254406
L395_f11,z,0.05263157894736992
L395_f11,z,0.04269662921348072
L395_f11,z,1.4617940199335635
L395_f11,z,3.6486486486486456
L395_f11,z,4.69140625
L395_f11,z,2.6601941747572937
L395_f11,z,0.8000000000000114
L395_f11,z,0.2352941176470722
L395_f11,z,1.3333333333333428
L395_f11,z,2.662473794549271
L395_f11,z,3.208913649025078
L395_f11,z,4.386768447837142
L395_f11,z,1.401709401709411
L395_f11,z,1.0076923076923094
L395_f11,z,0.02105263157895365
L395_f11,z,5.702660406885769
L395_f11,z,1.2568306010929007
L395_f11,z,1.5261538461538464
L395_f11,z,1.680981595092021
L395_f11,z,3.753581661891104
L395_f11,z,1.1529411764705912
L395_f11,z,5.977900552486176
L395_f11,z,0.6329113924050773
L395_f11,z,4.788461538461547
L395_f11,z,0.9204545454545325
L395_f11,z,4.968871595330739
L395_f11,z,4.182278481012645
L395_f11,z,0.4651162790697754
L395_f11,z,2.602076124567475
L395_f11,z,0.07166123778500832
L395_f11,z,3.73734939759035
L395_f11,z,0.4520048602673228
L395_f11,z,1.5238095238095184
L395_f11,z,2.8509090909090844
L395_f11,z,5.078602620087338
L395_f11,z,1.0
L395_f11,z,2.1323741007194315
L395_f11,z,2.8021390374331645
L395_f11,z,3.2668621700879896
L395_f11,z,5.822784810126592
L395_f11,z,3.8578947368420984
L395_f11,z,0.09931506849315497
L395_f11,z,2.1911262798634823
L395_f11,z,3.974160206718352
L395_f11,z,4.667692307692306
L395_f11,z,3.524705882352947
L395_f11,z,0.8337236533957935
L395_f11,z,2.462633451957288
L395_f11,z,0.06451612903225623
L395_f11,z,0.35359116022098647
L395_f11,z,7.257831325301197
L395_f11,z,3.311284046692606
L395_f11,z,2.155653450807648
L395_f11,z,1.426183844011149
L395_f11,z,3.7341513292433604
L395_f11,z,1.5593220338982974
L395_f11,z,5.014925373134332
L395_f11,z,3.2929936305732497
L395_f11,z,2.792951541850215
L395_f11,z,2.3834808259587135
L395_f11,z,1.659388646288221
L395_f11,z,0.7388535031847141
L395_f11,z,2.9422492401215834
L395_f11,z,0.7425149700598865
L395_f11,z,0.8512658227847965
L395_f11,z,1.5757575757575637
L395_f11,z,1.8712195121951254
L395_f11,z,2.8223552894211537
L395_f11,z,2.3014586709886657
L395_f11,z,0.8663446054750352
L395_f11,z,4.030828516377653
L395_f11,z,5.976261127596445
L395_f11,z,7.278787878787881
L395_f11,z,2.1439509954058167
L395_f11,z,5.809264305177123
L395_f11,z,3.3586626139817497
L395_f11,z,0.134502923976612
L395_f11,z,4.3112582781456865
L395_f11,z,4.592417061611371
L395_f11,z,5.891025641025635
L395_f11,z,0.8617886178861909
L395_f11,z,4.477192982456131
L395_f11,z,1.6763358778625843
L395_f11,z,4.177083333333343
L395_f11,z,4.02960526315789
L395_f11,z,1.9069767441860392
L395_f11,z,1.1382113821138091
L395_f11,z,0.4000000000000057
L395_f11,z,2.521294718909701
L395_f11,z,1.1264044943820295
L395_f11,z,0.7541899441340831
L395_f11,z,3.9907407407407334
L395_f11,z,4.422018348623851
L395_f11,z,0.2655601659751028
L395_f11,z,3.14225053078556
L395_f11,z,0.5302593659942261
L395_f11,z,1.7322834645669332
L395_f11,z,1.5974440894568716
L395_f11,z,1.7708333333333428
L395_f11,z,2.6825396825396695
L395_f11,z,0.05333333333334167
L395_f11,z,0.12807881773397867
L395_f11,z,1.344042838018737
L395_f11,z,0.9556313993174115
L395_f11,z,2.3300000000000125
L395_f11,z,1.1932021466905098
L395_f11,z,2.9655172413793025
L395_f11,z,3.312714776632305
L395_f11,z,3.4104234527687254
L395_f11,z,0.16363636363635692
L395_f11,z,1.8586956521739069
L395_f11,z,4.834951456310677
L395_f11,z,2.119298245614033
L395_f11,z,3.8508914100486322
L395_f11,z,6.803738317757023
L395_f11,z,3.8040540540540633
L395_f11,z,0.2595419847328344
L395_f11,z,5.797297297297291
L395_f11,z,0.5391304347826065
L395_f11,z,2.8000000000000114
L395_f11,z,2.384505021520795
L395_f11,z,1.670623145400583
L395_f11,z,0.01709401709402414
L395_f11,z,2.8119658119658197
L395_f11,z,0.25301204819277245
L395_f11,z,0.6172539489672033
L395_f11,z,2.2095238095238017
L395_f11,z,1.9398496240601446
L395_f11,z,1.201086956521749
L395_f11,z,2.3279569892472978
L395_f11,z,1.3125
L395_f11,z,3.1215686274509835
L395_f11,z,1.0643274853801188
L395_f11,z,2.7249999999999943
L395_f11,z,2.046421663442942
L395_f11,z,0.7716049382715937
L395_f11,z,0.653333333333336
L395_f11,z,3.7655677655677664
L395_f11,z,2.648275862068971
L395_f11,z,3.3518518518518476
L395_f11,z,1.1990740740740762
L395_f11,z,3.727699530516418
L395_f11,z,3.0890052356020874
L395_f11,z,2.623762376237636
L395_f11,z,2.092035398230081
L395_f11,z,2.200426439232416
L395_f11,z,7.299378881987565
L395_f11,z,5.967741935483872
L395_f11,z,7.619164619164621
L395_f11,z,2.236994219653184
L395_f11,z,4.458333333333343
L395_f11,z,2.7397959183673493
L395_f11,z,1.8208955223880707
L395_f11,z,2.4016736401673597
L395_f11,z,0.9841897233201564
L395_f11,z,0.3555555555555543
L395_f11,z,3.4472361809045253
L395_f11,z,2.3192948090107848
L395_f11,z,0.7816091954022966
L395_f11,z,2.548872180451127
L395_f11,z,0.5422222222222217
L395_f11,z,3.5709779179810823
L395_f11,z,5.03664921465969
L395_f11,z,3.702380952380963
L395_f11,z,0.3358490566037631
L395_f11,z,2.88111888111888
L395_f11,z,6.288546255506617
L395_f11,z,0.4019769357495875
L395_f11,z,1.1032258064516043
L395_f11,z,3.45955882352942
L395_f11,z,0.11336032388663853
L395_f11,z,1.3748006379585433
L395_f11,z,1.891402714932127
L395_f11,z,2.433333333333337
L395_f11,z,2.3101851851851904
L395_f11,z,0.18095238095239097
L395_f11,z,1.6883116883116998
L395_f11,z,1.769784172661872
L395_f11,z,1.4746835443037867
L395_f11,z,0.9910979228486667
L395_f11,z,0.7375000000000114
L395_f11,z,5.336434108527129
L395_f11,z,3.4430379746835342
L395_f11,z,6.7412008281573605
L395_f11,z,3.5852272727272805
L395_f11,z,0.7727272727272805
L395_f11,z,4.33720930232559
L395_f11,z,1.084967320261427
L395_f11,z,1.6532399299474605
L395_f11,z,3.9631901840490684
L395_f11,z,6.586440677966095
L395_f11,z,1.0155440414507666
L395_f11,z,2.303198887343541
L395_f11,z,1.2448979591836746
L395_f11,z,7.58885017421602
L395_f11,z,1.9053254437869782
L395_f11,z,3.1989528795811566
L395_f11,z,5.313092979127134
L395_f11,z,1.793764988009599
L395_f11,z,0.8579881656804673
L395_f11,z,0.7396226415094418
L395_f11,z,0.898203592814383
L395_f11,z,0.3774319066147882
L395_f11,z,0.43346007604563397
L395_f11,z,0.9741935483870918
L395_f11,z,2.4977168949771738
L395_f11,z,4.4078431372549005
L395_f11,z,2.9377289377289344
L395_f11,z,3.971518987341767
L395_f11,z,0.6058394160583873
L395_f11,z,4.89196675900277
L395_f11,z,3.781350482315105
L395_f11,z,0.1972477064220186
L395_f11,z,0.0532959326788216
L395_f11,z,5.459854014598534
L395_f11,z,1.0139534883720955
L395_f11,z,1.25
L395_f11,z,0.33217993079585995
L395_f11,z,0.14985590778098867
L395_f11,z,3.094527363184085
L395_f11,z,7.317535545023702
L395_f11,z,2.754098360655746
L395_f11,z,6.765391014975052
L395_f11,z,5.128540305010887
L395_f11,z,0.05236907730673579
L395_f11,z,1.402985074626855
L395_f11,z,6.603174603174608
L395_f11,z,5.908396946564892
L395_f11,z,4.9369918699187
L395_f11,z,2.411764705882348
L395_f11,z,6.568106312292372
L395_f11,z,0.3920704845814953
L395_f11,z,0.02808988764044784
L395_f11,z,1.6054158607350075
L395_f11,z,8.03107658157603
L395_f11,z,0.6716417910447774
L395_f11,z,2.49444444444444
L395_f11,z,1.2975047984645016
L395_f11,z,1.6504854368932058
L395_f11,z,0.2519685039370074
L395_f11,z,0.9396551724137794
L395_f11,z,3.9202657807308867
L395_f11,z,0.9496021220159037
L395_f11,z,5.225806451612897
L395_f11,z,0.7314814814814952
L395_f11,z,3.118644067796623
L395_f11,z,5.472906403940897
L395_f11,z,5.1631799163180006
L395_f11,z,0.9817671809256581
L395_f11,z,2.331838565022423
L395_f11,z,0.796460176991161
L395_f11,z,1.9605263157894797
L395_f11,z,5.674208144796381
L395_f11,z,1.1262135922330003
L395_f11,z,2.0374999999999943
L395_f11,z,6.092731829573921
L395_f11,z,1.131672597864764
L395_f11,z,0.4401913875598211
L395_f11,z,3.254437869822482
L395_f11,z,3.985294117647072
L395_f11,z,2.3438395415472826
L395_f11,z,6.490756302521021
L395_f11,z,0.48148148148149517
L395_f11,z,1.9136690647482055
L395_f11,z,3.107266435986162
L395_f11,z,4.64723032069972
L395_f11,z,3.010554089709757
L395_f11,z,4.605543710021323
L395_f11,z,2.4968944099378803
L395_f11,z,7.776377952755894
L395_f11,z,5.7544757033248
L395_f11,z,3.030927835051557
L395_f11,z,5.740458015267166
L395_f11,z,1.3214285714285836
L395_f11,z,1.0013531799729378
L395_f11,z,2.3773584905660243
L395_f11,z,6.193939393939388
L395_f11,z,0.6824324324324209
L395_f11,z,0.8395061728394921
L395_f11,z,0.7542168674698928
L395_f11,z,2.3399209486165944
L395_f11,z,0.5395894428152417
L395_f11,z,0.9378881987577756
L395_f11,z,0.30313588850174256
L395_f11,z,1.959119496855351
L395_f11,z,3.872909698996665
L395_f11,z,4.240320427236327
L395_f11,z,1.5483870967742064
L395_f11,z,5.129870129870142
L395_f11,z,1.7560975609756042
L395_f11,z,4.657762938230377
L395_f11,z,2.2302716688227804
L395_f11,z,7.1930501930501975
L395_f11,z,6.5946632782719234
L395_f11,z,6.66796875
L395_f11,z,6.105050505050514
L395_f11,z,4.652977412731019
L395_f11,z,1.9893048128342343
L395_f11,z,7.664429530201346
L395_f11,z,5.204918032786878
L395_f11,z,0.583657587548629
L395_f11,z,0.11363636363637397
L395_f11,z,1.5953307392996123
L395_f11,z,5.538670284938945
L395_f11,z,4.937238493723839
L395_f11,z,2.8470588235294088
L395_f11,z,1.6111111111111143
L395_f11,z,4.101479915433401
L395_f11,z,4.42993197278912
L395_f11,z,1.6255144032921862
L395_f11,z,1.9731182795698885
L395_f11,z,3.627560521415262
L395_f11,z,0.35689455388180136
L395_f11,z,2.5015673981191355
L395_f11,z,3.6422764227642404
L395_f11,z,0.2771535580524471
L395_f11,z,0.07985480943739276
L395_f11,z,1.8266452648475138
L395_f11,z,1.7519379844961236
L395_f11,z,4.517140058765904
L395_f11,z,1.6386768447837028
L395_f11,z,0.48902821316613654
L395_f11,z,1.7065637065637134
L395_f11,z,3.0918032786885306
L395_f11,z,3.9776785714285836
L395_f11,z,6.213592233009706
L395_f11,z,0.07407407407407618
L395_f11,z,6.5197934595524885
L395_f11,z,5.50222222222223
L395_f11,z,5.602305475504323
L395_f11,z,0.37772397094431653
L395_f11,z,5.624454148471614
L395_f11,z,4.994884910485922
L395_f11,z,2.5446808510638164
L395_f11,z,1.2024539877300526
L395_f11,z,4.183316168898045
L395_f11,z,9.553097345132755
L395_f11,z,3.0955165692007824
L395_f11,z,3.9146567717996277
L395_f11,z,4.631578947368411
L395_f11,z,0.3766578249336874
L395_f11,z,1.5063829787233942
L395_f11,z,2.994652406417117
L395_f11,z,2.2294757665677594
L395_f11,z,7.103671706263498
L395_f11,z,7.119592875318062
L395_f11,z,3.3600000000000136
L395_f11,z,6.207253886010363
L395_f11,z,3.8378378378378386
L395_f11,z,5.587131367292216
L395_f11,z,0.29940119760479433
L395_f11,z,7.0273037542662
L395_f11,z,5.386727688787175
L395_f11,z,3.05703422053233
L395_f11,z,1.6951672862453506
L395_f11,z,0.14925373134329334
L395_f11,z,3.5977653631285023
L395_f11,z,6.458259325044395
L395_f11,z,2.724907063197037
L395_f11,z,3.694915254237287
L395_f11,z,3.4908579465541436
L395_f11,z,6.426373626373618
L395_f11,z,1.5511551155115626
L395_f11,z,2.688206785137311
L395_f11,z,6.1826086956521635
L395_f11,z,0.012403100775202347
L395_f11,z,4.590099009900996
L395_f11,z,0.9192100538599561
L395_f11,z,2.78425655976676
L395_f11,z,1.805405405405395
L395_f11,z,0.10752688172041758
L395_f11,z,5.109471094710955
L395_f11,z,3.6883116883116998
L395_f11,z,5.995652173913044
L395_f11,z,1.9770114942528778
L395_f11,z,5.69246231155779
L395_f11,z,0.38265306122448806
L395_f11,z,3.921999999999997
L395_f11,z,2.94841269841271
L395_f11,z,3.474358974358978
L395_f11,z,4.704761904761909
L395_f11,z,5.680000000000007
L395_f11,z,6.725552050473198
L395_f11,z,2.011928429423449
L395_f11,z,1.5974576271186436
L395_f11,z,2.345454545454544
L395_f11,z,7.59832635983264
L395_f11,z,2.235294117647072
L395_f11,z,0.7056451612903345
L395_f11,z,4.05263157894737
L395_f11,z,1.7624703087886076
L395_f11,z,0.2758620689655231
L395_f11,z,4.325333333333333
L395_f11,z,2.25
L395_f11,z,2.2526817640047625
L395_f11,z,6.923395445134588
L395_f11,z,0.29729729729729115
L395_f11,z,7.312865497076018
L395_f11,z,3.855721393034827
L395_f11,z,1.5049504950495134
L395_f11,z,2.7763157894736707
L395_f11,z,2.0823970037453137
L395_f11,z,4.824806201550388
L395_f11,z,0.029250457038386912
L395_f11,z,0.12206572769952118
L395_f11,z,3.3955555555555463
L395_f11,z,4.8228980322003565
L395_f11,z,1.9019963702359348
L395_f11,z,0.7299999999999898
L395_f11,z,0.6379746835443143
L395_f11,z,2.673728813559336
L395_f11,z,2.1444444444444457
L395_f11,z,0.3664122137404604
L395_f11,z,0.5380434782608745
L395_f11,z,2.1290322580645125
L395_f11,z,1.0756302521008365
L395_f11,z,0.41155234657040296
L395_f11,z,1.1223241590214172
L395_f11,z,2.848000000000013
L395_f11,z,3.4493927125506048
L395_f11,z,2.916363636363627
L395_f11,z,0.006872852233669846
L395_f11,z,0.2711864406779796
L395_f11,z,8.205955334987607
L395_f11,z,1.386138613861391
L395_f11,z,3.9497206703910592
L395_f11,z,3.8795180722891587
L395_f11,z,2.7913669064748206
L395_f11,z,8.142857142857139
L395_f11,z,1.801136363636374
L395_f11,z,4.525793650793645
L395_f11,z,1.302325581395337
L395_f11,z,3.4421052631578846
L395_f11,z,1.8192090395480136
L395_f11,z,0.37746478873239653
L395_f11,z,4.35294117647058
L395_f11,z,4.521042084168329
L395_f11,z,9.098540145985396
L395_f11,z,1.761658031088075
L395_f11,z,7.860759493670884
L395_f11,z,2.581863979848862
L395_f11,z,3.5892857142857224
L395_f11,z,4.034825870646756
L395_f11,z,0.007984031936132396
L395_f11,z,3.397777777777776
L395_f11,z,5.045996592844972
L395_f11,z,0.6016260162601554
L395_f11,z,1.7429305912596362
L395_f11,z,6.104294478527606
L395_f11,z,6.485659655831739
L395_f11,z,4.26548672566372
L395_f11,z,3.179297597042506
L395_f11,z,3.0984126984126874
L395_f11,z,4.117647058823536
L395_f11,z,0.38749999999998863
L395_f11,z,2.4827586206896513
L395_f11,z,4.961538461538453
L395_f11,z,3.368209255533202
L395_f11,z,6.397500000000008
L395_f11,z,3.9466666666666583
L395_f11,z,0.041608876560331964
L395_f11,z,2.363636363636374
L395_f11,z,2.282786885245912
L395_f11,z,2.2948717948717956
L395_f11,z,0.41228070175438347
L395_f11,z,2.9000000000000057
L395_f11,z,4.02735978112176
L395_f11,z,3.359430604982208
L395_f11,z,0.04261363636362603
L395_f11,z,6.445040214477217
L395_f11,z,7.0367999999999995
L395_f11,z,4.830107526881733
L395_f11,z,5.508520179372198
L395_f11,z,4.711926605504601
L395_f11,z,4.7182795698924735
L395_f11,z,0.38846737481031823
L395_f11,z,0.9772727272727195
L395_f11,z,2.8504983388704375
L395_f11,z,2.8975791433892084
L395_f11,z,3.3071718538565733
L395_f11,z,6.673684210526318
L395_f11,z,5.83720930232559
L395_f11,z,6.395375722543349
L395_f11,z,0.0
L395_f11,z,4.344537815126046
L395_f11,z,6.660194174757294
L395_f11,z,1.985102420856606
L395_f11,z,0.3680387409200989
L395_f11,z,1.9617224880382764
L395_f11,z,4.129629629629619
L395_f11,z,3.8079625292739934
L395_f11,z,2.7341772151898738
L395_f11,z,7.543859649122794
L395_f11,z,3.827848101265829
L395_f11,z,3.7152428810720153
L395_f11,z,1.3375262054507289
L395_f11,z,0.011741682974559353
L395_f11,z,0.0
L395_f11,z,2.598290598290589
L395_f11,z,8.986702127659584
L395_f11,z,0.0
L395_f11,z,4.887063655030801
L395_f11,z,0.0
L395_f11,z,3.324324324324323
L395_f11,z,5.256830601092901
L395_f11,z,2.8470588235294088
L395_f11,z,1.427536231884062
L395_f11,z,5.526153846153846
L395_f11,z,1.177215189873408
L395_f11,z,3.1455108359133135
L395_f11,z,1.5501730103806324
L395_f11,z,3.0333333333333314
L395_f11,z,7.73734939759035
L395_f11,z,1.822784810126592
L395_f11,z,0.6708074534161597
L395_f11,z,2.0414507772020727
L395_f11,z,0.02583979328164787
L395_f11,z,2.970099667774093
L395_f11,z,0.9688715953307394
L395_f11,z,1.6682692307692264
L395_f11,z,2.573816155988851
L395_f11,z,2.4417670682730943
L395_f11,z,0.26584867075663965
L395_f11,z,4.865478119935176
L395_f11,z,1.8443465491923519
L395_f11,z,1.5373665480427121
L395_f11,z,10.846441947565552
L395_f11,z,1.0577507598784166
L395_f11,z,2.1851851851851904
L395_f11,z,0.6887159533073941
L395_f11,z,0.7070063694267503
L395_f11,z,3.1487341772152035
L395_f11,z,4.056338028169023
L395_f11,z,2.4317617866005037
L395_f11,z,4.12014134275617
L395_f11,z,3.850393700787407
L395_f11,z,0.03082851637765316
L395_f11,z,5.615037593984965
L395_f11,z,1.6666666666666572
L395_f11,z,5.871219512195125
L395_f11,z,3.7362318840579576
L395_f11,z,3.9466666666666583
L395_f11,z,2.8735955056179705
L395_f11,z,6.879581151832468
L395_f11,z,7.59832635983264
L395_f11,z,5.149877149877142
L395_f11,z,4.530259365994226
L395_f11,z,1.8560490045941833
L395_f11,z,4.988847583643121
L395_f11,z,1.8586956521739069
L395_f11,z,5.676335877862584
L395_f11,z,2.0930232558139608
L395_f11,z,3.138211382113809
L395_f11,z,4.754189944134083
L395_f11,z,1.4204545454545325
L395_f11,z,1.2249999999999943
L395_f11,z,1.3174603174603305
L395_f11,z,0.8349514563106766
L395_f11,z,3.0761154855643156
L395_f11,z,0.8577494692144398
L395_f11,z,0.4220183486238511
L395_f11,z,2.4366197183098564
L395_f11,z,3.8719211822660213
L395_f11,z,4.6193548387096826
L395_f11,z,2.4339622641509493
L395_f11,z,0.07547169811320487
L395_f11,z,0.2655502392344431
L395_f11,z,2.80679785330949
L395_f11,z,2.4025559105431284
L395_f11,z,3.0393700787401485
L395_f11,z,0.25061425061426235
L395_f11,z,0.14910858995136778
L395_f11,z,5.344042838018737
L395_f11,z,3.3915857605178132
L395_f11,z,4.163636363636357
L395_f11,z,1.6154949784792052
L395_f11,z,1.7972972972972912
L395_f11,z,1.3893129770992232
L395_f11,z,3.2111111111111086
L395_f11,z,3.239904988123527
L395_f11,z,5.670623145400583
L395_f11,z,2.8037383177570234
L395_f11,z,0.8888888888888857
L395_f11,z,3.3006535947712337
L395_f11,z,0.5287356321838956
L395_f11,z,0.645669291338578
L395_f11,z,0.6234177215189902
L395_f11,z,2.800925925925924
L395_f11,z,1.4647887323943678
L395_f11,z,0.8784313725490165
L395_f11,z,1.9869281045751563
L395_f11,z,6.209523809523802
L395_f11,z,4.473895582329305
L395_f11,z,3.6484245439469305
L395_f11,z,1.0464807436918875
L395_f11,z,1.1195928753180624
L395_f11,z,2.75135135135136
L395_f11,z,0.6481481481481524
L395_f11,z,3.3674832962138055
L395_f11,z,3.3827460510327967
L395_f11,z,3.3521850899742844
L395_f11,z,2.666666666666657
L395_f11,z,4.75
L395_f11,z,2.08830022075054
L395_f11,z,4.107142857142861
L395_f11,z,2.264855687606115
L395_f11,z,4.035714285714278
L395_f11,z,0.0
L395_f11,z,1.3517241379310292
L395_f11,z,0.8333333333333428
L395_f11,z,4.9932584269662925
L395_f11,z,3.959183673469397
L395_f11,z,4.389105058365772
L395_f11,z,2.38307349665925
L395_f11,z,1.7630057803468162
L395_f11,z,7.447236180904525
L395_f11,z,1.2602040816326507
L395_f11,z,4.542222222222222
L395_f11,z,5.208333333333343
L395_f11,z,0.4583333333333428
L395_f11,z,5.974110032362461
L395_f11,z,0.5036880927291918
L395_f11,z,1.5999999999999943
L395_f11,z,2.354066985645943
L395_f11,z,3.5980230642504125
L395_f11,z,2.288546255506617
L395_f11,z,2.7311827956989134
L395_f11,z,6.168341708542727
L395_f11,z,2.6011235955056122
L395_f11,z,3.613636363636374
L395_f11,z,3.0684931506849296
L395_f11,z,0.18727915194347133
L395_f11,z,5.103225806451604
L395_f11,z,0.5404411764705799
L395_f11,z,2.0999999999999943
L395_f11,z,4.1133603238866385
L395_f11,z,1.5094339622641542
L395_f11,z,0.5079365079365061
L395_f11,z,4.370370370370381
L395_f11,z,0.018867924528308322
L395_f11,z,6.152466367713004
L395_f11,z,3.0688259109311673
L395_f11,z,3.9521276595744723
L395_f11,z,0.5569620253164658
L395_f11,z,3.7729729729729797
L395_f11,z,4.737500000000011
L395_f11,z,4.6083916083915994
L395_f11,z,1.418410041841014
L395_f11,z,0.4147727272727195
L395_f11,z,10.944380069524925
L395_f11,z,1.185882352941178
L395_f11,z,1.4551282051282044
L395_f11,z,5.196899224806202
L395_f11,z,3.9141274238227197
L395_f11,z,0.0
L395_f11,z,4.012195121951208
L395_f11,z,5.6532399299474605
L395_f11,z,0.33720930232559
L395_f11,z,0.404761904761898
L395_f11,z,11.908839779005518
L395_f11,z,3.6405529953917153
L395_f11,z,0.1599999999999966
L395_f11,z,3.607305936073061
L395_f11,z,1.5766423357664223
L395_f11,z,6.920539730134919
L395_f11,z,0.18705035971223083
L395_f11,z,0.1882352941176464
L395_f11,z,0.326086956521749
L395_f11,z,2.7112462006078886
L395_f11,z,0.4769230769230717
L395_f11,z,0.6971830985915517
L395_f11,z,0.4000000000000057
L395_f11,z,1.7480314960629926
L395_f11,z,7.603744149765987
L395_f11,z,1.7197452229299302
L395_f11,z,1.417769376181468
L395_f11,z,10.586440677966095
L395_f11,z,2.5190615835777237
L395_f11,z,4.191489361702139
L395_f11,z,6.332425068119903
L395_f11,z,1.7378917378917436
L395_f11,z,1.2983606557376959
L395_f11,z,1.6607142857142776
L395_f11,z,0.9621621621621728
L395_f11,z,4.880382775119614
L395_f11,z,0.05698005698005204
L395_f11,z,0.18840579710143857
L395_f11,z,1.4172185430463458
L395_f11,z,2.8080229226360984
L395_f11,z,0.13333333333332575
L395_f11,z,2.058201058201064
L395_f11,z,2.291187739463595
L395_f11,z,1.6119402985074487
L395_f11,z,5.502283105022826
L395_f11,z,6.998518518518523
L395_f11,z,3.4093264248704713
L395_f11,z,5.891451831750345
L395_f11,z,1.0303030303030312
L395_f11,z,1.5059523809523796
L395_f11,z,1.5798561151079014
L395_f11,z,0.7243243243243285
L395_f11,z,0.51171875
L395_f11,z,0.3626943005181431
L395_f11,z,0.1898305084745857
L395_f11,z,3.5921568627450995
L395_f11,z,1.2346089850249484
L395_f11,z,2.540145985401466
L395_f11,z,1.94736842105263
L395_f11,z,2.1782178217821695
L395_f11,z,1.621621621621614
L395_f11,z,2.6710097719869736
L395_f11,z,2.4764150943396146
L395_f11,z,0.7547169811320771
L395_f11,z,1.0940766550522767
L395_f11,z,5.257931034482766
L395_f11,z,0.5084745762711975
L395_f11,z,4.691588785046719
L395_f11,z,6.416206261510126
L395_f11,z,8.053295932678822
L395_f11,z,6.183807439824932
L395_f11,z,5.784688995215305
L395_f11,z,7.947630922693264
L395_f11,z,2.871459694989113
L395_f11,z,0.10256410256411641
L395_f11,z,0.03107658157603055
L395_f11,z,2.897025171624705
L395_f11,z,0.24799999999999045
L395_f11,z,6.009324009324018
L395_f11,z,3.4772727272727195
L395_f11,z,0.8240740740740762
L395_f11,z,6.333913043478248
L395_f11,z,3.5546391752577335
L395_f11,z,3.1134020618556804
L395_f11,z,0.7363636363636488
L395_f11,z,1.105386416861819
L395_f11,z,4.079734219269113
L395_f11,z,4.177419354838719
L395_f11,z,5.2494577006507654
L395_f11,z,1.3735632183908137
L395_f11,z,2.971428571428561
L395_f11,z,0.8518518518518476
L395_f11,z,1.6829629629629608
L395_f11,z,2.8368200836819994
L395_f11,z,1.6143497757847456
L395_f11,z,0.4761904761904816
L395_f11,z,2.5447761194029965
L395_f11,z,4.588235294117652
L395_f11,z,0.8681672025723515
L395_f11,z,4.902912621359235
L395_f11,z,1.6310679611650585
L395_f11,z,1.8174273858921026
L395_f11,z,4.110584518167457
L395_f11,z,4.014705882352928
L395_f11,z,1.7540453074433628
L395_f11,z,1.8292282430213334
L395_f11,z,0.3092783505154557
L395_f11,z,3.659574468085111
L395_f11,z,0.672199170124486
L395_f11,z,2.272373540856023
L395_f11,z,0.9075144508670405
L395_f11,z,1.8133333333333326
L395_f11,z,1.29095354523227
L395_f11,z,3.418502202643168
L395_f11,z,6.397872340425522
L395_f11,z,6.779220779220793
L395_f11,z,4.065527065527078
L395_f11,z,0.029940119760482276
L395_f11,z,4.989921612541991
L395_f11,z,1.8284424379232576
L395_f11,z,3.3527696793002804
L395_f11,z,7.696864111498257
L395_f11,z,1.9426229508196684
L395_f11,z,2.5245901639344197
L395_f11,z,6.928971962616828
L395_f11,z,3.780885780885768
L395_f11,z,2.0077821011673223
L395_f11,z,0.2622222222222206
L395_f11,z,2.73476702508961
L395_f11,z,3.2066666666666777
L395_f11,z,3.3255813953488484
L395_f11,z,1.2484848484848499
L395_f11,z,2.556338028169023
L395_f11,z,4.0759493670886116
L395_f11,z,1.5680880330123728
L395_f11,z,5.152941176470591
L395_f11,z,5.786463298379402
L395_f11,z,3.408906882591083
L395_f11,z,6.013029315960921
L395_f11,z,5.138495092693574
L395_f11,z,0.7265625
L395_f11,z,1.823129251700692
L395_f11,z,4.739024390243912
L395_f11,z,4.469208211143695
L395_f11,z,1.7520661157024904
L395_f11,z,2.4799999999999898
L395_f11,z,4.35772357723576
L395_f11,z,2.568690095846648
L395_f11,z,0.009999999999990905
L395_f11,z,2.863874345549732
L395_f11,z,2.797342192691019
L395_f11,z,0.08816705336425912
L395_f11,z,1.1641791044776255
L395_f11,z,7.836206896551715
L395_f11,z,2.322580645161281
L395_f11,z,7.643105446118199
L395_f11,z,6.583561643835623
L395_f11,z,1.4655870445344021
L395_f11,z,4.318749999999994
L395_f11,z,6.837326607818397
L395_f11,z,1.7878260869565281
L395_f11,z,0.13729977116705072
L395_f11,z,0.15094339622640973
L395_f11,z,3.4569288389513133
L395_f11,z,4.904483430799218
L395_f11,z,2.96989966555185
L395_f11,z,3.800350262697009
L395_f11,z,1.47081712062257
L395_f11,z,1.3859154929577358
L395_f11,z,3.976539589442808
L395_f11,z,1.1760797342192575
L395_f11,z,0.44141689373296344
L395_f11,z,1.5530973451327554
L395_f11,z,4.453900709219852
L395_f11,z,2.3976945244956767
L395_f11,z,0.4889867841409625
L395_f11,z,1.6590909090909065
L395_f11,z,3.0686274509803866
L395_f11,z,2.78014184397162
L395_f11,z,1.3839835728952892
L395_f11,z,5.071748878923756
L395_f11,z,4.085343228200372
L395_f11,z,1.3896103896103966
L395_f11,z,1.5958333333333314
L395_f11,z,7.250493096646949
L395_f11,z,2.070626003210265
L395_f11,z,4.821235102925243
L395_f11,z,8.081218274111677
L395_f11,z,4.314335060449054
L395_f11,z,2.229508196721298
L395_f11,z,3.381604696673179
L395_f11,z,0.451178451178464
L395_f11,z,0.9597069597069492
L395_f11,z,5.21574344023324
L395_f11,z,1.1294117647058783
L395_f11,z,2.063999999999993
L395_f11,z,3.658730158730151
L395_f11,z,1.7315436241610769
L395_f11,z,1.2853470437017904
L395_f11,z,0.6398104265402935
L395_f11,z,7.015444015444018
L395_f11,z,4.378578024007396
L395_f11,z,5.208588957055213
L395_f11,z,1.042253521126753
L395_f11,z,5.630931458699479
L395_f11,z,7.140262361251274
L395_f11,z,1.0340136054421691
L395_f11,z,5.311793214862689
L395_f11,z,2.866043613707177
L395_f11,z,2.1678321678321595
L395_f11,z,0.18374558303887056
L395_f11,z,0.8433048433048498
L395_f11,z,5.245398773006144
L395_f11,z,3.7062937062937067
L395_f11,z,1.8538011695906391
L395_f11,z,2.0043478260869563
L395_f11,z,0.40167364016735974
L395_f11,z,5.471760797342199
L395_f11,z,0.3394957983193194
L395_f11,z,3.488259109311741
L395_f11,z,1.0368421052631618
L395_f11,z,3.1771019677996435
L395_f11,z,0.6871345029239819
L395_f11,z,1.9034482758620754
L395_f11,z,2.0972644376899723
L395_f11,z,4.263852242744065
L395_f11,z,5.624847746650431
L395_f11,z,2.855172413793099
L395_f11,z,0.14673913043478137
L395_f11,z,2.709480122324152
L395_f11,z,5.084848484848493
L395_f11,z,5.65517241379311
L395_f11,z,0.03133903133903004
L395_f11,z,1.7837837837837753
L395_f11,z,2.30753768844221
L395_f11,z,0.3243243243243228
L395_f11,z,4.534381139489199
L395_f11,z,2.5757575757575637
L395_f11,z,3.94736842105263
L395_f11,z,4.201600000000013
L395_f11,z,5.917602996254686
L395_f11,z,6.939860139860144
L395_f11,z,0.904761904761898
L395_f11,z,3.0064102564102484
L395_f11,z,4.309058614564833
L395_f11,z,0.07807807807807876
L395_f11,z,6.098003629764065
L395_f11,z,3.359735973597367
L395_f11,z,5.326271186440664
L395_f11,z,1.0646950092421434
L395_f11,z,3.8020304568528047
L395_f11,z,4.414414414414409
L395_f11,z,2.050561797752806
L395_f11,z,2.8304093567251414
L395_f11,z,4.127388535031855
L395_f11,z,5.083636363636373
L395_f11,z,1.2512315270936085
L395_f11,z,7.584970111016219
L395_f11,z,1.3607305936073146
L395_f11,z,4.550607287449395
L395_f11,z,2.398601398601386
L395_f11,z,3.4740259740259773
L395_f11,z,1.6328125
L395_f11,z,0.9847715736040641
L395_f11,z,4.07523510971788
L395_f11,z,3.1687116564417295
L395_f11,z,4.7951219512195
L395_f11,z,2.142857142857139
L395_f11,z,4.586842105263145
L395_f11,z,3.4789579158316712
L395_f11,z,5.235908141962426
L395_f11,z,0.453837597330363
L395_f11,z,3.3054945054944938
L395_f11,z,4.557894736842115
L395_f11,z,0.9637305699481828
L395_f11,z,3.6708074534161597
L395_f11,z,3.168646080760084
L395_f11,z,3.8577235772357596
L395_f11,z,3.64705882352942
L395_f11,z,7.354216867469887
L395_f11,z,8.377464788732397
L395_f11,z,3.210918114143908
L395_f11,z,4.711484593837525
L395_f11,z,3.7777777777777715
L395_f11,z,0.96484375
L395_f11,z,4.797468354430379
L395_f11,z,1.1836734693877418
L395_f11,z,6.982517482517494
L395_f11,z,2.371257485029929
L395_f11,z,1.4156378600823132
L395_f11,z,3.73248407643311
L395_f11,z,4.602222222222224
L395_f11,z,12.117647058823536
L395_f11,z,5.7117903930131035
L395_f11,z,6.258181818181811
L395_f11,z,1.554959785522783
L395_f11,z,2.237388724035611
L395_f11,z,4.138586956521749
L395_f11,z,0.05000000000001137
L395_f11,z,6.845771144278615
L395_f11,z,3.423503325942363
L395_f11,z,1.7795275590551114
L395_f11,z,1.621951219512198
L395_f11,z,5.099999999999994
L395_f11,z,3.8530612244898066
L395_f11,z,4.479020979020987
L395_f11,z,3.7574047954865932
L395_f11,z,0.7523510971786891
L395_f11,z,0.9632000000000005
L395_f11,z,1.4098360655737565
L395_f11,z,8.388467374810318
L395_f11,z,10.858505564387912
L395_f11,z,2.595482546201225
L395_f11,z,1.0357142857142776
L395_f11,z,1.6046242774566508
L395_f11,z,1.002070393374737
L395_f11,z,6.593052109181144
L395_f11,z,13.594339622641513
L395_f11,z,4.766283524904225
L395_f11,z,2.0999999999999943
L395_f11,z,3.142857142857139
L395_f11,z,2.0583783783783645
L395_f11,z,3.169892473118267
L395_f11,z,2.804469273743024
L395_f11,z,2.216718266253878
L395_f11,z,4.192037470726007
L395_f11,z,5.102420856610792
L395_f11,z,0.2816901408450576
L395_f11,z,3.2148148148148152
L395_f11,z,4.655462184873954
L395_f11,z,1.3263157894736821
L395_f11,z,6.751756440281042
L395_f11,z,2.776699029126206
L395_f11,z,0.3247863247863165
L395_f11,z,5.265822784810126
L395_f11,z,1.076233183856516
L395_f11,z,1.93305439330544
L395_f11,z,5.888446215139453
L395_f11,z,3.0817307692307736
L395_f11,z,1.7289972899729094
L395_f11,z,1.33193277310923
L395_f11,z,3.1129363449691994
L395_f11,z,4.242537313432848
L395_f11,z,1.315068493150676
L395_f11,z,2.5039787798408497
L395_f11,z,4.116071428571416
L395_f11,z,3.6261127596439167
L395_f11,z,2.9482288828337744
L395_f11,z,1.287292817679571
L395_f11,z,1.1095406360423965
L395_f11,z,0.8499999999999943
L395_f11,z,3.2677966101694835
L395_f11,z,1.3126022913257032
L395_f11,z,3.323155216284988
L395_f11,z,0.7326732673267315
L395_f11,z,4.206896551724128
L395_f11,z,1.778313253012044
L395_f11,z,0.740554156171271
L395_f11,z,2.235294117647072
L395_f11,z,1.5765027322404421
L395_f11,z,3.0999999999999943
L395_f11,z,3.6893819334389946
L395_f11,z,3.3865546218487452
L395_f11,z,2.7608200455580914
L395_f11,z,3.5302013422818845
L395_f11,z,7.479057591623047
L395_f11,z,2.8693009118541113
L395_f11,z,2.23577235772359
L395_f11,z,1.9432892249527356
L395_f11,z,4.093816631130068
L395_f11,z,4.49078014184397
L395_f11,z,3.8798586572438296
L395_f11,z,6.463999999999999
L395_f11,z,1.4935897435897516
L395_f11,z,3.0759493670886116
L395_f11,z,0.0
L395_f11,z,2.401891252955096
L395_f11,z,2.049438202247188
L395_f11,z,0.20983606557376788
L395_f11,z,0.17647058823530415
L395_f11,z,3.439461883408086
L395_f11,z,3.9016393442622928
L395_f11,z,3.8914728682170505
L395_f11,z,0.6708463949843235
L395_f11,z,5.5052631578947455
L395_f11,z,5.963503649635044
L395_f11,z,8.537815126050418
L395_f11,z,0.7949125596184388
L395_f11,z,0.5553539019963694
L395_f11,z,4.798634812286679
L395_f11,z,4.860759493670884
L395_f11,z,8.39175257731958
L395_f11,z,4.923884514435684
L395_f11,z,4.574999999999989
L395_f11,z,1.3855670103092734
L395_f11,z,1.7288135593220204
L395_f11,z,1.2785388127853992
L395_f11,z,2.9937500000000057
L395_f11,z,4.053050397877996
L395_f11,z,0.3676470588235361
L395_f11,z,2.2779156327543433
L395_f11,z,1.8624641833810927
L395_f11,z,9.420454545454533
L395_f11,z,1.1954022988505812
L395_f11,z,1.8668683812405504
L395_f11,z,0.5968992248062079
L395_f11,z,1.1315789473684106
L395_f11,z,0.21052631578947967
L395_f11,z,2.211453744493383
L395_f11,z,1.783191230207052
L395_f11,z,0.4457142857142742
L395_f11,z,2.657142857142844
L395_f11,z,2.292134831460686
L395_f11,z,7.734449760765557
L395_f11,z,0.7378640776699115
L395_f11,z,7.109557109557102
L395_f11,z,3.0228013029315832
L395_f11,z,5.91910112359551
L395_f11,z,2.251612903225805
L395_f11,z,6.749620637329286
L395_f11,z,0.8338368580060376
L395_f11,z,4.788888888888891
L395_f11,z,2.4240506329113884
L395_f11,z,0.7657142857142958
L395_f11,z,0.9844097995545553
L395_f11,z,2.5994550408719306
L395_f11,z,3.591133004926121
L395_f11,z,0.8615384615384585
L395_f11,z,4.3515754560530695
L395_f11,z,5.196261682242977
L395_f11,z,4.608414239482187
L395_f11,z,4.699346405228766
L395_f11,z,3.5261044176706946
L395_f11,z,4.997506234413976
L395_f11,z,6.9535192563081125
L395_f11,z,4.6325167037861945
L395_f11,z,5.7039370078740035
L395_f11,z,0.2560000000000002
L395_f11,z,1.80263157894737
L395_f11,z,1.0729613733905694
L395_f11,z,2.8504983388704375
L395_f11,z,5.5452103849597165
L395_f11,z,1.3501400560224113
L395_f11,z,3.537473233404711
L395_f11,z,0.0
L395_f11,z,5.982881597717551
L395_f11,z,3.1932773109243726
L395_f11,z,4.700621118012435
L395_f11,z,4.040816326530603
L395_f11,z,1.809523809523796
L395_f11,z,1.4275862068965637
L395_f11,z,1.191413237924877
L395_f11,z,2.791666666666657
L395_f11,z,1.0153321976149812
L395_f11,z,2.702702702702709
L395_f11,z,5.268817204301087
L395_f11,z,2.701298701298697
L395_f11,z,2.401146131805149
L395_f11,z,1.1985018726591647
L395_f11,z,0.11000000000001364
L395_f11,z,2.610778443113759
L395_f11,z,2.893755068937537
L395_f11,z,2.944680851063822
L395_f11,z,0.6090373280943027
L395_f11,z,3.8959107806691406
L395_f11,z,4.931174089068833
L395_f11,z,2.075046904315201
L395_f11,z,2.0903686087990536
L395_f11,z,1.8475336322869964
L395_f11,z,1.7375000000000114
L395_f11,z,3.0306748466257716
L395_f11,z,2.944380069524925
L395_f11,z,5.771098265895944
L395_f11,z,2.885416666666657
L395_f11,z,0.33688699360340024
L395_f11,z,6.814117647058822
L395_f11,z,2.9206349206349103
L395_f11,z,4.259541984732834
L395_f11,z,1.4146341463414558
L395_f11,z,3.2558139534883708
L395_f11,z,6.486055776892442
L395_f11,z,1.8153846153846018
L395_f11,z,1.731707317073159
L395_f11,z,4.536986301369865
L395_f11,z,2.319796954314711
L395_f11,z,2.7735849056603854
L395_f11,z,1.0797962648557018
L395_f11,z,1.8064516129032313
L395_f11,z,1.5634517766497424
L395_f11,z,3.5945017182130528
L395_f11,z,2.9815950920245484
L395_f11,z,1.411764705882348
L395_f11,z,4.805907172995774
L395_f11,z,2.322580645161281
L395_f11,z,2.370709382151034
L395_f11,z,1.0
L395_f11,z,0.0425531914893611
L395_f11,z,7.943019943019948
L395_f11,z,5.649484536082468
L395_f11,z,7.485943775100395
L395_f11,z,3.7167381974248883
L395_f11,z,2.765625
L395_f11,z,2.528216704288951
L395_f11,z,1.4328358208955194
L395_f11,z,5.594444444444434
L395_f11,z,0.23890784982935998
L395_f11,z,1.6915422885572013
L395_f11,z,3.0916905444126144
L395_f11,z,1.1827242524916812
L395_f11,z,0.867549668874176
L395_f11,z,4.513409961685824
L395_f11,z,3.1402985074626883
L395_f11,z,4.431034482758633
L395_f11,z,5.811414392059561
L395_f11,z,2.2142857142857224
L395_f11,z,1.1399317406143439
L395_f11,z,1.4814814814814952
L395_f11,z,2.4242424242424363
L395_f11,z,3.6816608996539912
L395_f11,z,6.625850340136054
L395_f11,z,4.0178970917226025
L395_f11,z,1.5645933014353943
L395_f11,z,6.169204737732656
L395_f11,z,1.3017751479289927
L395_f11,z,9.38297872340425
L395_f11,z,3.77733598409543
L395_f11,z,0.6224489795918373
L395_f11,z,3.873626373626365
L395_f11,z,2.2806122448979522
L395_f11,z,0.9389920424403044
L395_f11,z,2.0031796502384793
L395_f11,z,8.246642246642239
L395_f11,z,3.259348612786482
L395_f11,z,10.351738241308794
L395_f11,z,2.005865102639291
L395_f11,z,7.7486338797814085
L395_f11,z,2.7445544554455523
L395_f11,z,0.055555555555542924
L395_f11,z,2.101910828025467
L395_f11,z,5.483282674772028
L395_f11,z,1.6666666666666572
L395_f11,z,0.08813559322032916
L395_f11,z,1.5773584905660414
L395_f11,z,1.654135338345867
L395_f11,z,1.5048859934853454
L395_f11,z,9.25951557093427
L395_f11,z,2.662116040955624
L395_f11,z,1.9471947194719519
L395_f11,z,2.314637482900139
L395_f11,z,3.8798283261802453
L395_f11,z,0.8284518828452008
L395_f11,z,3.412322274881518
L395_f11,z,5.252311756935285
L395_f11,z,1.961643835616428
L395_f11,z,6.518518518518505
L395_f11,z,5.484486873508359
L395_f11,z,2.9340974212034325
L395_f11,z,3.80257510729615
L395_f11,z,3.1418439716312037
L395_f11,z,2.1111111111111143
L395_f11,z,3.212598425196859
L395_f11,z,0.30031948881790527
L395_f11,z,0.10926365795725701
L395_f11,z,7.111111111111114
L395_f11,z,1.4135922330096946
L395_f11,z,0.3456790123456699
L395_f11,z,0.8623435722411728
L395_f11,z,0.01171875
L395_f11,z,2.237288135593218
L395_f11,z,3.1335311572700277
L395_f11,z,3.4907407407407334
L395_f11,z,3.743772241992872
L395_f11,z,7.338541666666657
L395_f11,z,5.226415094339615
L395_f11,z,6.173431734317347
L395_f11,z,2.0563909774436127
L395_f11,z,2.073455759599341
L395_f11,z,8.017305315203942
L395_f11,z,0.6224961479198896
L395_f11,z,1.1866666666666674
L395_f11,z,2.589010989011001
L395_f11,z,0.5649350649350708
L395_f11,z,3.1134020618556804
L395_f11,z,2.087804878048786
L395_f11,z,3.1929824561403564
L395_f11,z,2.0251256281406995
L395_f11,z,2.8645161290322676
L395_f11,z,7.191977077363902
L395_f11,z,1.9134396355352976
L395_f11,z,3.532219570405715
L395_f11,z,9.24557956777997
L395_f11,z,2.383886255924182
L395_f11,z,8.420143884892099
L395_f11,z,3.7001455604075772
L395_f11,z,0.00651465798046047
L395_f11,z,2.4990892531876057
L395_f11,z,1.5311143270622267
L395_f11,z,6.239554317548738
L395_f11,z,3.7356076759061807
L395_f11,z,8.456834532374103
L395_f11,z,2.7457627118644155
L395_f11,z,5.539622641509425
L395_f11,z,0.9722222222222285
L395_f11,z,1.8396946564885468
L395_f11,z,2.992857142857133
L395_f11,z,4.827586206896541
L395_f11,z,0.8246445497630361
L395_f11,z,2.872000000000014
L395_f11,z,0.3963963963963977
L395_f11,z,2.1216730038022718
L395_f11,z,3.8005698005698036
L395_f11,z,2.516795865633071
L395_f11,z,3.0955414012738913
L395_f11,z,7.523584905660385
L395_f11,z,2.2026266416510225
L395_f11,z,3.5837937384898737
L395_f11,z,0.3349753694581352
L395_f11,z,4.735632183908052
L395_f11,z,5.2356435643564225
L395_f11,z,0.6428571428571388
L395_f11,z,4.215311004784695
L395_f11,z,0.02105263157895365
L395_f11,z,4.937037037037044
L395_f11,z,7.449999999999989
L395_f11,z,4.313953488372107
L395_f11,z,3.28735632183907
L395_f11,z,4.41326530612244
L395_f11,z,3.6660869565217524
L395_f11,z,3.308707124010567
L395_f11,z,4.742068965517234
L395_f11,z,0.18292682926829684
L395_f11,z,6.648401826484019
L395_f11,z,0.933579335793354
L395_f11,z,0.861445783132524
L395_f11,z,8.163666121112925
L395_f11,z,3.291603053435125
L395_f11,z,4.040345821325644
L395_f11,z,5.371769383697824
L395_f11,z,4.409769335142471
L395_f11,z,1.0602409638554207
L395_f11,z,4.7505422993492346
L395_f11,z,0.1291547958214494
L395_f11,z,0.1621621621621614
L395_f11,z,3.9906759906759817
L395_f11,z,4.848806366047739
L395_f11,z,3.0695187165775337
L395_f11,z,2.5551839464882846
L395_f11,z,1.1201478743068378
L395_f11,z,1.398550724637687
L395_f11,z,1.470588235294116
L395_f11,z,2.343096234309627
L395_f11,z,8.31703703703704
L395_f11,z,1.7919708029197068
L395_f11,z,0.12646370023418285
L395_f11,z,1.7435064935064872
L395_f11,z,0.91286307053943
L395_f11,z,2.784466019417465
L395_f11,z,0.2051282051282044
L395_f11,z,3.05090311986865
L395_f11,z,2.5815384615384573
L395_f11,z,8.170771756978667
L395_f11,z,2.909803921568624
L395_f11,z,2.3241590214067287
L395_f11,z,0.23241590214067287
L395_f11,z,5.522388059701484
L395_f11,z,8.140350877192986
L395_f11,z,3.602127659574478
L395_f11,z,2.4962406015037573
L395_f11,z,0.5579710144927503
L395_f11,z,5.097087378640765
L395_f11,z,1.9017857142857224
L395_f11,z,1.4974619289340012
L395_f11,z,0.1219512195121979
L395_f11,z,1.7662337662337677
L395_f11,z,3.15976331360946
L395_f11,z,7.915343915343925
L395_f11,z,2.7436619718309885
L395_f11,z,5.934472934472922
L395_f11,z,2.719546742209644
L395_f11,z,2.3100775193798313
L395_f11,z,0.7581699346405344
L395_f11,z,2.734864300626299
L395_f11,z,4.643026004728142
L395_f11,z,6.340425531914889
L395_f11,z,0.5760286225402638
L395_f11,z,4.43096234309624
L395_f11,z,5.163591635916362
L395_f11,z,2.9300699300699193
L395_f11,z,2.0272251308900593
L395_f11,z,3.8944281524926794
L395_f11,z,4.889510489510485
L395_f11,z,3.1641025641025635
L395_f11,z,5.125
L395_f11,z,1.238866396761125
L395_f11,z,6.4456289978678
L395_f11,z,0.20540540540540064
L395_f11,z,4.2542787286063515
L395_f11,z,6.261208576998058
L395_f11,z,3.2544642857142776
L395_f11,z,2.435695538057729
L395_f11,z,3.986970684039079
L395_f11,z,2.405000000000001
L395_f11,z,0.786991869918694
L395_f11,z,4.213536701620598
L395_f11,z,4.773033707865181
L395_f11,z,6.190635451505017
L395_f11,z,4.861504907306426
L395_f11,z,6.508064516129025
L395_f11,z,4.196531791907518
L395_f11,z,0.6867256637168282
L395_f11,z,1.4219653179190743
L395_f11,z,1.7128712871287064
L395_f11,z,4.273684210526312
L395_f11,z,1.6176991150442461
L395_f11,z,3.392624728850336
L395_f11,z,4.585635359116026
L395_f11,z,3.4164383561643774
L395_f11,z,2.4848484848484986
L395_f11,z,2.2654028436018905
L395_f11,z,0.517587939698501
L395_f11,z,4.306954436450837
L395_f11,z,6.914285714285711
L395_f11,z,1.3830985915492988
L395_f11,z,1.1564625850340065
L395_f11,z,6.119071644803228
L395_f11,z,2.0834914611005786
L395_f11,z,0.8252427184465887
L395_f11,z,2.944881889763792
L395_f11,z,4.382113821138205
L395_f11,z,5.960674157303373
L395_f11,z,2.069306930693074
L395_f11,z,4.643192488262912
L395_f11,z,1.7388724035608334
L395_f11,z,0.6046511627907023
L395_f11,z,5.306017925736228
L395_f11,z,1.7887517146776304
L395_f11,z,0.4019607843137294
L395_f11,z,3.890466531440154
L395_f11,z,7.136125654450268
L395_f11,z,8.534412955465598
L395_f11,z,0.584905660377359
L395_f11,z,3.5581395348837077
L395_f11,z,2.1637931034482847
L395_f11,z,1.7937499999999886
L395_f11,z,1.5957446808510554
L395_f11,z,1.762376237623755
L395_f11,z,6.180851063829778
L395_f11,z,1.0138888888888857
L395_f11,z,4.064377682403432
L395_f11,z,0.792270531400959
L395_f11,z,0.46722689075630797
L395_f11,z,3.1626733921816026
L395_f11,z,1.3313782991202459
L395_f11,z,6.4055944055944
L395_f11,z,1.0383275261324059
L395_f11,z,0.7211538461538396
L395_f11,z,1.3315217391304373
L395_f11,z,8.85133418043202
L395_f11,z,3.375921375921365
L395_f11,z,1.723076923076917
L395_f11,z,2.1386138613861476
L395_f11,z,3.403249630723792
L395_f11,z,1.6403508771929864
L395_f11,z,1.5765247410816983
L395_f11,z,0.029769959404603696
L395_f11,z,5.546099290780148
L395_f11,z,1.6034985422740533
L395_f11,z,0.4525139664804385
L395_f11,z,3.210374639769441
L395_f11,z,2.0963302752293487
L395_f11,z,2.7495069033530513
L395_f11,z,8.23441396508727
L395_f11,z,3.001980198019794
L395_f11,z,0.6580829756795481
L395_f11,z,6.870056497175142
L395_f11,z,3.7936507936507837
L395_f11,z,2.1865671641791096
L395_f11,z,4.580896686159832
L395_f11,z,3.0359937402190837
L395_f11,z,1.253676470588232
L395_f11,z,5.098039215686271
L395_f11,z,1.9841688654353504
L395_f11,z,3.237524950099811
L395_f11,z,4.387990762124701
L395_f11,z,2.3827751196172358
L395_f11,z,1.9187817258883229
L395_f11,z,5.685664939550946
L395_f11,z,2.428246013667433
L395_f11,z,1.895316804407713
L395_f11,z,1.8048780487804947
L395_f11,z,3.7650273224043644
L395_f11,z,3.4594594594594525
L395_f11,z,11.142476697736356
L395_f11,z,1.7220956719817764
L395_f11,z,1.778640776699035
L395_f11,z,0.4135802469135683
L395_f11,z,0.6115702479338836
L395_f11,z,2.941666666666663
L395_f11,z,4.253968253968253
L395_f11,z,7.985261606484897
L395_f11,z,6.468468468468473
L395_f11,z,2.094191522762941
L395_f11,z,4.740566037735846
L395_f11,z,6.341269841269849
L395_f11,z,1.9425493716337598
L395_f11,z,4.692934782608688
L395_f11,z,4.109589041095887
L395_f11,z,3.4722222222222285
L395_f11,z,4.791411042944787
L395_f11,z,2.984555984555982
L395_f11,z,1.5315315315315274
L395_f11,z,4.0
L395_f11,z,1.1876651982378803
L395_f11,z,2.857142857142861
L395_f11,z,4.369068541300521
L395_f11,z,5.621421975992604
L395_f11,z,1.4928774928774828
L395_f11,z,5.491666666666674
L395_f11,z,1.9184652278177339
L395_f11,z,4.754601226993856
L395_f11,z,2.859737638748726
L395_f11,z,3.116883116883116
L395_f11,z,4.701538461538462
L395_f11,z,2.407484407484418
L395_f11,z,2.6189555125725406
L395_f11,z,6.490654205607484
L395_f11,z,5.408955223880611
L395_f11,z,4.5983827493261344
L395_f11,z,3.959706959706949
L395_f11,z,2.90625
L395_f11,z,0.9483443708609229
L395_f11,z,2.477611940298516
L395_f11,z,8.216216216216225
L395_f11,z,7.366528354080231
L395_f11,z,3.098947368421051
L395_f11,z,2.913151364764275
L395_f11,z,0.8079470198675551
L395_f11,z,4.528239202657801
L395_f11,z,4.787072243346017
L395_f11,z,9.29334582942829
L395_f11,z,1.8568588469184988
L395_f11,z,4.133815551537083
L395_f11,z,5.50310559006212
L395_f11,z,5.465618860510801
L395_f11,z,6.366616989567802
L395_f11,z,2.1182033096926602
L395_f11,z,4.915151515151507
L395_f11,z,4.375152253349569
L395_f11,z,1.4055727554179498
L395_f11,z,2.9081885856079452
L395_f11,z,0.8293691830403418
L395_f11,z,8.096551724137925
L395_f11,z,3.4600355239786893
L395_f11,z,11.357293868921772
L395_f11,z,2.752043596730232
L395_f11,z,1.0731707317073074
L395_f11,z,4.2489959839357425
L395_f11,z,3.083682008368214
L395_f11,z,5.5045632333767855
L395_f11,z,5.690941385435167
L395_f11,z,1.2037037037036953
L395_f11,z,0.7563451776649686
L395_f11,z,1.7220543806646447
L395_f11,z,0.9175050301810757
L395_f11,z,0.052910052910050354
L395_f11,z,0.5187969924812137
L395_f11,z,0.2172949002217308
L395_f11,z,4.883720930232556
L395_f11,z,0.25139664804470385
L395_f11,z,4.2702702702702595
L395_f11,z,2.8804347826086882
L395_f11,z,5.798399999999987
L395_f11,z,5.937238493723839
L395_f11,z,4.932489451476783
L395_f11,z,5.5869565217391255
L395_f11,z,1.4571428571428555
L395_f11,z,3.037037037037038
L395_f11,z,0.6068601583113491
L395_f11,z,0.5321637426900452
L395_f11,z,1.9137931034482847
L395_f11,z,1.3811659192825232
L395_f11,z,4.4611872146118685
L395_f11,z,3.5782747603833798
L395_f11,z,4.197718631178702
L395_f11,z,4.646034816247578
L395_f11,z,5.2048780487805
L395_f11,z,9.141862489120967
L395_f11,z,6.190023752969125
L395_f11,z,2.525842696629212
L395_f11,z,5.872611464968145
L395_f11,z,0.6923076923076792
L395_f11,z,1.1835748792270522
L395_f11,z,6.2272727272727195
L395_f11,z,2.9068541300527215
L395_f11,z,2.4150298889837813
L395_f11,z,3.9875000000000114
L395_f11,z,7.074766355140184
L395_f11,z,3.5
L395_f11,z,1.4878706199460794
L395_f11,z,6.989795918367349
L395_f11,z,8.658227848101262
L395_f11,z,1.7649769585253523
L395_f11,z,2.116279069767444
L395_f11,z,0.4542124542124668
L395_f11,z,2.291115311909266
L395_f11,z,3.21418020679468
L395_f11,z,1.9122401847575077
L395_f11,z,5.92476489028212
L395_f11,z,0.637362637362628
L395_f11,z,3.6269662921348242
L395_f11,z,4.663934426229503
L395_f11,z,2.6352201257861623
L395_f11,z,6.328244274809151
L395_f11,z,4.057268722466972
L395_f11,z,5.0236686390532554
L395_f11,z,3.49693251533742
L395_f11,z,2.3773584905660243
L395_f11,z,8.564143426294834
L395_f11,z,0.5960591133004982
L395_f11,z,3.1704545454545325
L395_f11,z,2.393509127789059
L395_f11,z,0.5336134453781654
L395_f11,z,2.272277227722782
L395_f11,z,9.13095238095238
L395_f11,z,9.036269430051817
L395_f11,z,5.413157894736855
L395_f11,z,0.29702970297029196
L395_f11,z,4.109090909090895
L395_f11,z,1.898423817863403
L395_f11,z,3.347945205479448
L395_f11,z,0.3175416133162514
L395_f11,z,4.764091858037574
L395_f11,z,5.694560669456081
L395_f11,z,1.4076576576576656
L395_f11,z,6.694505494505506
L395_f11,z,5.990033222591364
L395_f11,z,3.3847953216374265
L395_f11,z,3.3740157480314963
L395_f11,z,3.1919698870765387
L395_f11,z,1.1267605633802873
L395_f11,z,5.343971631205676
L395_f11,z,2.645783132530113
L395_f11,z,3.884745762711873
L395_f11,z,1.0285714285714391
L395_f11,z,1.5573770491803316
L395_f11,z,3.4075723830735
L395_f11,z,3.339658444022774
L395_f11,z,1.1237785016286637
L395_f11,z,3.3248587570621453
L395_f11,z,2.586558044806509
L395_f11,z,3.61663652802892
L395_f11,z,4.380681818181813
L395_f11,z,5.7899838449111485
L395_f11,z,2.49802371541503
L395_f11,z,3.7418181818181893
L395_f11,z,3.5757575757575637
L395_f11,z,2.465425531914889
L395_f11,z,0.3157894736842195
L395_f11,z,1.2092457420924632
L395_f11,z,8.432616081540203
L395_f11,z,1.0307692307692378
L395_f11,z,3.208988764044932
L395_f11,z,0.4599483204134458
L395_f11,z,0.8822429906542197
L395_f11,z,1.0050933786077962
L395_f11,z,0.7663551401869029
L395_f11,z,2.566176470588232
L395_f11,z,6.910039113428951
L395_f11,z,6.656319290465632
L395_f11,z,0.2881844380403322
L395_f11,z,0.733668341708551
L395_f11,z,3.7195571955719515
L395_f11,z,5.327127659574472
L395_f11,z,4.234375
L395_f11,z,11.602499999999992
L395_f11,z,6.242595204513407
L395_f11,z,1.7202268431001926
L395_f11,z,6.157503714710259
L395_f11,z,6.576496674057637
L395_f11,z,3.144414168937317
L395_f11,z,0.8585055643879116
L395_f11,z,3.7183499288762505
L395_f11,z,5.520979020979013
L395_f11,z,4.948616600790501
L395_f11,z,4.50839328537171
L395_f11,z,4.648148148148152
L395_f11,z,15.634008097166003
L395_f11,z,8.69103773584905
L395_f11,z,9.940928270042207
L395_f11,z,3.9232323232323267
L395_f11,z,3.838095238095235
L395_f11,z,3.5716234652114736
L395_f11,z,2.7049180327868783
L395_f11,z,3.334862385321088
L395_f11,z,3.248243559718958
L395_f11,z,3.1538461538461604
L395_f11,z,4.038461538461547
L395_f11,z,7.528089887640448
L395_f11,z,0.0941176470588232
L395_f11,z,2.038740920096842
L395_f11,z,6.562737642585546
L395_f11,z,1.76666666666668
L395_f11,z,2.031914893617028
L395_f11,z,3.9537414965986386
L395_f11,z,3.7938517179023563
L395_f11,z,1.6235294117647072
L395_f11,z,8.556424581005587
L395_f11,z,2.7958477508650503
L395_f11,z,6.785185185185185
L395_f11,z,3.696832579185525
L395_f11,z,2.209134615384613
L395_f11,z,0.9130434782608745
L395_f11,z,2.4493392070484674
L395_f11,z,5.1327102803738285
L395_f11,z,2.4626865671641838
L395_f11,z,6.131539611360239
L395_f11,z,5.296495956873315
L395_f11,z,0.0
L395_f11,z,3.6725146198830316
L395_f11,z,3.7546848381601308
L395_f11,z,7.443631039531482
L395_f11,z,10.020025031289123
L395_f11,z,3.596428571428561
L395_f11,z,1.7179487179487296
L395_f11,z,2.8888888888888857
L395_f11,z,1.5954415954415992
L395_f11,z,1.6641791044776255
L395_f11,z,4.111553784860547
L395_f11,z,1.567567567567579
L395_f11,z,1.131386861313871
L395_f11,z,5.957585644371932
L395_f11,z,3.2151162790697754
L395_f11,z,2.647959183673464
L395_f11,z,5.629764065335763
L395_f11,z,3.455696202531641
L395_f11,z,4.610389610389603
L395_f11,z,5.515064562410316
L395_f11,z,2.1848739495798384
L395_f11,z,2.225806451612897
L395_f11,z,8.845238095238102
L395_f11,z,4.134259259259267
L395_f11,z,1.5244299674266983
L395_f11,z,2.753554502369667
L395_f11,z,1.786600496277913
L395_f11,z,1.3165829145728765
L395_f11,z,5.757462686567152
L395_f11,z,0.7619047619047592
L395_f11,z,1.1790393013100413
L395_f11,z,1.0147783251231601
L395_f11,z,7.388140161725062
L395_f11,z,0.2137404580152804
L395_f11,z,1.5400516795865542
L395_f11,z,8.008021390374324
L395_f11,z,2.0324543610547607
L395_f11,z,5.069958847736615
L395_f11,z,2.5209424083769534
L395_f11,z,0.027303754266199576
L395_f11,z,0.7544204322200301
L395_f11,z,3.455696202531641
L395_f11,z,6.4697986577181155
L395_f11,z,6.373887240356083
L395_f11,z,7.153558052434448
L395_f11,z,2.538461538461547
L395_f11,z,0.013157894736849585
L395_f11,z,4.020066889632119
L395_f11,z,2.367393800229621
L395_f11,z,0.0
L395_f11,z,0.6262626262626156
L395_f11,z,2.9689922480620226
L395_f11,z,3.0
L395_f11,z,7.183400267737625
L395_f11,z,2.044362292051744
L395_f11,z,3.4646840148698743
L395_f11,z,2.8067226890756274
L395_f11,z,1.4244186046511516
L395_f11,z,5.906183368869932
L395_f11,z,6.015673981191213
L395_f11,z,3.5335365853658516
L395_f11,z,1.072463768115938
L395_f11,z,2.4193548387096655
L395_f11,z,0.47297297297296836
L395_f11,z,4.056179775280896
L395_f11,z,1.6544276457883313
L395_f11,z,0.6590038314176354
L395_f11,z,0.5601173020527881
L395_f11,z,1.063291139240505
L395_f11,z,2.2584269662921486
L395_f11,z,6.4890282131661365
L395_f11,z,3.5360000000000014
L395_f11,z,2.717808219178096
L395_f11,z,3.8954248366013076
L395_f11,z,3.946879150066394
L395_f11,z,1.1971066907775878
L395_f11,z,2.2978723404255277
L395_f11,z,2.208333333333343
L395_f11,z,0.7399267399267444
L395_f11,z,0.9692307692307622
L395_f11,z,9.205087440381561
L395_f11,z,1.6082474226804209
L395_f11,z,4.9043151969981125
L395_f11,z,0.37078651685393993
L395_f11,z,0.8641975308642031
L395_f11,z,6.098360655737707
L395_f11,z,3.6612665684830574
L395_f11,z,9.44464609800363
L395_f11,z,7.07756232686981
L395_f11,z,0.14166666666667993
L395_f11,z,2.2511078286558472
L395_f11,z,4.701149425287355
L395_f11,z,0.9336099585062243
L395_f11,z,1.7933130699088053
L395_f11,z,2.35294117647058
L395_f11,z,1.9060773480663045
L395_f11,z,3.1299212598425186
L395_f11,z,0.044692737430153784
L395_f11,z,1.6750629722921815
L395_f11,z,1.8829787234042499
L395_f11,z,4.075587334014301
L395_f11,z,0.8877005347593467
L395_f11,z,4.08089887640449
L395_f11,z,3.305057096247964
L395_f11,z,0.11594202898550066
L395_f11,z,2.609625668449212
L395_f11,z,5.190082644628092
L395_f11,z,1.1384615384615415
L395_f11,z,4.547058823529426
L395_f11,z,3.2503793626707136
L395_f11,z,4.2960629921259965
L395_f11,z,7.531162790697664
L395_f11,z,2.194214876033044
L395_f11,z,2.7365728900255704
L395_f11,z,3.3904761904761926
L395_f11,z,2.1856540084388314
L395_f11,z,4.017118402282449
L395_f11,z,2.9565217391304373
L395_f11,z,1.989528795811509
L395_f11,z,1.2190476190476147
L395_f11,z,4.551724137931046
L395_f11,z,4.4547896150402835
L395_f11,z,3.165467625899282
L395_f11,z,3.9133126934984546
L395_f11,z,0.6091205211726276
L395_f11,z,1.8852772466539136
L395_f11,z,5.673163418290841
L395_f11,z,0.5984251968503997
L395_f11,z,5.921212121212108
L395_f11,z,5.30973451327435
L395_f11,z,2.916442048517524
L395_f11,z,3.7883597883597986
L395_f11,z,6.96311475409837
L395_f11,z,0.2023121387283311
L395_f11,z,0.5690376569037596
L395_f11,z,2.778443113772454
L395_f11,z,2.6977777777777874
L395_f11,z,0.4914285714285711
L395_f11,z,6.039999999999992
L395_f11,z,0.3259259259259295
L395_f11,z,4.081395348837219
L395_f11,z,0.995348837209292
L395_f11,z,6.76083467094702
L395_f11,z,7.354005167958661
L395_f11,z,0.7474747474747403
L395_f11,z,0.6215139442230964
L395_f11,z,8.040336134453781
L395_f11,z,4.5
L395_f11,z,3.81640625
L395_f11,z,0.2952755905511708
L395_f11,z,6.571428571428584
L395_f11,z,3.9602888086642736
L395_f11,z,4.228901734104056
L395_f11,z,3.075187969924798
L395_f11,z,7.055619930475075
L395_f11,z,1.9219219219219212
L395_f11,z,1.6086956521739069
L395_f11,z,3.293150684931504
L395_f11,z,0.2758620689655231
L395_f11,z,9.53368983957219
L395_f11,z,0.7365079365079339
L395_f11,z,2.522522522522536
L395_f11,z,2.682926829268297
L395_f11,z,2.882352941176464
L395_f11,z,2.574468085106389
L395_f11,z,4.5227272727272805
L395_f11,z,5.6285240464345065
L395_f11,z,6.723467862481328
L395_f11,z,1.6873315363881431
L395_f11,z,0.3738317757009213
L395_f11,z,0.6232294617563809
L395_f11,z,2.2511312217194472
L395_f11,z,2.893258426966298
L395_f11,z,2.2355289421157636
L395_f11,z,1.2830188679245396
L395_f11,z,3.928698752228172
L395_f11,z,3.8797996661101877
L395_f11,z,2.4206008583690846
L395_f11,z,6.2870588235294065
L395_f11,z,0.3378016085790989
L395_f11,z,2.24281150159743
L395_f11,z,3.8296943231441105
L395_f11,z,2.1808695652173924
L395_f11,z,10.22482435597189
L395_f11,z,3.6776119402985046
L395_f11,z,2.0854700854700923
L395_f11,z,3.10091743119267
L395_f11,z,2.522388059701484
L395_f11,z,4.666666666666657
L395_f11,z,1.4873646209386209
L395_f11,z,6.116935483870975
L395_f11,z,4.255102040816325
L395_f11,z,4.033898305084733
L395_f11,z,6.374367622259683
L395_f11,z,0.7788161993769336
L395_f11,z,2.9894179894180013
L395_f11,z,1.3408577878103927
L395_f11,z,1.0800000000000125
L395_f11,z,0.4740124740124827
L395_f11,z,0.848739495798327
L395_f11,z,0.7567567567567437
L395_f11,z,2.7157190635451514
L395_f11,z,2.5850340136054513
L395_f11,z,4.536645962732933
L395_f11,z,1.5227272727272805
L395_f11,z,1.7133550488599383
L395_f11,z,2.297029702970292
L395_f11,z,1.6918604651162923
L395_f11,z,2.828402366863912
L395_f11,z,0.02309468822170402
L395_f11,z,1.0472972972972912
L395_f11,z,0.019138755980861788
L395_f11,z,4.966714905933429
L395_f11,z,5.58744394618833
L395_f11,z,5.594117647058823
L395_f11,z,5.424749163879596
L395_f11,z,0.9180327868852487
L395_f11,z,0.4753363228699641
L395_f11,z,1.088777219430483
L395_f11,z,3.190476190476204
L395_f11,z,3.7533577533577613
L395_f11,z,4.455516014234888
L395_f11,z,3.69863013698631
L395_f11,z,0.6470588235294201
L395_f11,z,0.809523809523796
L395_f11,z,1.0917874396135403
L395_f11,z,5.6449086161879904
L395_f11,z,4.914728682170534
L395_f11,z,3.1655172413793196
L395_f11,z,2.8211586901763326
L395_f11,z,6.141304347826093
L395_f11,z,1.8994974874371735
L395_f11,z,1.1748251748251732
L395_f11,z,2.8057553956834624
L395_f11,z,0.7401960784313815
L395_f11,z,3.154867256637175
L395_f11,z,4.125907990314772
L395_f11,z,2.520833333333343
L395_f11,z,3.4639175257731836
L395_f11,z,4.758389261744981
L395_f11,z,2.9834983498349743
L395_f11,z,6.1240601503759535
L395_f11,z,0.18428184281842164
L395_f11,z,0.41967213114753577
L395_f11,z,3.8315217391304373
L395_f11,z,3.026490066225165
L395_f11,z,0.2576361221779564
L395_f11,z,4.515912897822432
L395_f11,z,3.7549504950495134
L395_f11,z,4.016528925619838
L395_f11,z,1.0774907749077443
L395_f11,z,4.888888888888886
L395_f11,z,0.11990407673860659
L395_f11,z,2.6308724832214807
L395_f11,z,3.849293563579266
L395_f11,z,2.4844961240310113
L395_f11,z,2.8445595854922203
L395_f11,z,3.7721518987341653
L395_f11,z,1.0693069306930738
L395_f11,z,1.441295546558706
L395_f11,z,6.238921001926769
L395_f11,z,3.6510067114093943
L395_f11,z,2.659292035398238
L395_f11,z,4.370579915134357
L395_f11,z,2.6828282828282966
L395_f11,z,3.939637826961757
L395_f11,z,3.9826946847960585
L395_f11,z,4.241935483870975
L395_f11,z,1.1800000000000068
L395_f11,z,5.086111111111109
L395_f11,z,0.5941644562334147
L395_f11,z,0.6881720430107521
L395_f11,z,0.4667609618104791
L395_f11,z,1.9014084507042242
L395_f11,z,6.021276595744695
L395_f11,z,4.130982367758179
L395_f11,z,2.75442043222003
L395_f11,z,2.9327453142227
L395_f11,z,6.083989501312345
L395_f11,z,5.487640449438203
L395_f11,z,1.650793650793645
L395_f11,z,2.442148760330582
L395_f11,z,2.582352941176481
L395_f11,z,0.875
L395_f11,z,4.5454545454545325
L395_f11,z,3.136465324384801
L395_f11,z,1.782909930715931
L395_f11,z,5.760445682451262
L395_f11,z,2.06167400881057
L395_f11,z,8.299854439592423
L395_f11,z,3.5431654676258972
L395_f11,z,3.2135593220338876
L395_f11,z,1.4592833876221505
L395_f11,z,2.3765432098765302
L395_f11,z,3.836333878887075
L395_f11,z,7.172413793103459
L395_f11,z,1.0322580645161281
L395_f11,z,3.121621621621614
L395_f11,z,1.8296296296296362
L395_f11,z,3.57966101694916
L395_f11,z,3.8535353535353636
L395_f11,z,2.3114186851211116
L395_f11,z,1.1526032315978512
L395_f11,z,3.747126436781599
L395_f11,z,2.211538461538453
L395_f11,z,0.38997214484680853
L395_f11,z,4.675925925925924
L395_f11,z,4.337730870712392
L395_f11,z,2.8759124087591204
L395_f11,z,3.44208037825058
L395_f11,z,3.083135391924003
L395_f11,z,4.894444444444446
L395_f11,z,8.708396946564875
L395_f11,z,4.550000000000011
L395_f11,z,0.9772727272727195
L395_f11,z,0.6853707414829557
L395_f11,z,0.03361344537816535
L395_f11,z,5.238578680203034
L395_f11,z,2.3747810858143623
L395_f11,z,4.666666666666657
L395_f11,z,4.982608695652175
L395_f11,z,4.103825136612016
L395_f11,z,4.028103044496476
L395_f11,z,1.0683012259194413
L395_f11,z,0.34285714285715585
L395_f11,z,4.769585253456228
L395_f11,z,2.25
L395_f11,z,0.2699386503067558
L395_f11,z,4.084257206208434
L395_f11,z,3.8888888888888857
L395_f11,z,0.7908309455587528
L395_f11,z,0.8790322580645125
L395_f11,z,1.8825503355704711
L395_f11,z,0.14532871972318162
L395_f11,z,3.565843621399182
L395_f11,z,3.5925058548009474
L395_f11,z,2.1212121212121247
L395_f11,z,7.56903765690376
L395_f11,z,0.9272030651341083
L395_f11,z,4.467889908256893
L395_f11,z,6.836408364083638
L395_f11,z,3.464788732394368
L395_f11,z,2.9885057471264247
L395_f11,z,5.791304347826099
L395_f11,z,4.084656084656075
L395_f11,z,3.9109947643979126
L395_f11,z,5.408376963350776
L395_f11,z,5.738791423001942
L395_f11,z,2.4155124653739506
L395_f11,z,0.5300207039337579
L395_f11,z,4.685314685314694
L395_f11,z,3.116634799235186
L395_f11,z,1.2795698924731198
L395_f11,z,0.2958801498127457
L395_f11,z,1.335793357933568
L395_f11,z,2.6037735849056673
L395_f11,z,4.156593406593402
L395_f11,z,5.5543710021322
L395_f11,z,4.243093922651923
L395_f11,z,2.2928176795579986
L395_f11,z,1.534117647058821
L395_f11,z,4.580777096114531
L395_f11,z,0.10416666666665719
L395_f11,z,1.9199999999999875
L395_f11,z,0.9027962716378113
L395_f11,z,3.9406779661017026
L395_f11,z,2.5121107266436127
L395_f11,z,2.302729528535991
L395_f11,z,2.8350730688935357
L395_f11,z,5.085714285714289
L395_f11,z,0.12628865979380066
L395_f11,z,1.1661442006269453
L395_f11,z,1.7184873949579753
L395_f11,z,3.8943661971831034
L395_f11,z,5.809364548494983
L395_f11,z,3.918088737201373
L395_f11,z,1.324120603015075
L395_f11,z,4.589800443458984
L395_f11,z,3.6925418569254305
L395_f11,z,4.96418732782368
L395_f11,z,1.9938080495356019
L395_f11,z,4.885608856088567
L395_f11,z,0.6686478454680582
L395_f11,z,1.9774436090225436
L395_f11,z,6.133333333333326
L395_f11,z,3.868708971553616
L395_f11,z,0.7460815047022038
L395_f11,z,1.2258064516128968
L395_f11,z,2.345088161209077
L395_f11,z,0.22991347342397717
L395_f11,z,1.6736401673640273
L395_f11,z,0.2727272727272805
L395_f11,z,3.469565217391306
L395_f11,z,4.30158730158729
L395_f11,z,1.4906103286384962
L395_f11,z,3.1860744297719066
L395_f11,z,4.786729857819893
L395_f11,z,3.163742690058484
L395_f11,z,6.039325842696627
L395_f11,z,3.507853403141354
L395_f11,z,4.383999999999986
L395_f11,z,0.40163934426229275
L395_f11,z,4.751111111111101
L395_f11,z,9.116040955631405
L395_f11,z,8.762475049900189
L395_f11,z,1.63227513227514
L395_f11,z,6.693982074263772
L395_f11,z,4.482456140350877
L395_f11,z,1.1750000000000114
L395_f11,z,1.0909090909090935
L395_f11,z,5.5944055944056
L395_f11,z,0.1003039513677777
L395_f11,z,2.3209580838323234
L395_f11,z,5.819148936170222
L395_f11,z,3.1669477234401313
L395_f11,z,4.537521815008716
L395_f11,z,0.5529661016949206
L395_f11,z,0.10256410256411641
L395_f11,z,2.8962818003913924
L395_f11,z,0.9451476793248901
L395_f11,z,4.607843137254889
L395_f11,z,2.946524064171115
L395_f11,z,3.7655860349127295
L395_f11,z,0.6666666666666572
L395_f11,z,1.164383561643831
L395_f11,z,1.054474708171199
L395_f11,z,3.2142857142857224
L395_f11,z,1.3568627450980273
L395_f11,z,2.739229024943313
L395_f11,z,5.03496503496504
L395_f11,z,2.8639618138424794
L395_f11,z,6.802955665024626
L395_f11,z,0.1696574225122447
L395_f11,z,3.0820399113082146
L395_f11,z,3.490384615384613
L395_f11,z,0.9409090909090878
L395_f11,z,2.8876404494382086
L395_f11,z,4.3848396501457785
L395_f11,z,2.954397394136805
L395_f11,z,2.81401617250674
L395_f11,z,3.876332622601268
L395_f11,z,5.129943502824858
L395_f11,z,5.729119638826177
L395_f11,z,5.211678832116775
L395_f11,z,4.723514211886311
L395_f11,z,4.443991853360501
L395_f11,z,2.4604878048780563
L395_f11,z,1.602808425275839
L395_f11,z,5.531531531531527
L395_f11,z,2.4000000000000057
L395_f11,z,3.4452554744525514
L395_f11,z,5.472312703583071
L395_f11,z,4.685224839400433
L395_f11,z,2.139211136890964
L395_f11,z,5.382830626450129
L395_f11,z,3.273461150353171
L395_f11,z,2.9598662207357904
L395_f11,z,2.709030100334445
L395_f11,z,4.014738393515103
L395_f11,z,1.1084337349397515
L395_f11,z,6.508333333333326
L395_f11,z,1.5945945945945823
L395_f11,z,3.8215384615384664
L395_f11,z,1.4732510288065725
L395_f11,z,0.878947368421052
L395_f11,z,1.9720279720279734
L395_f11,z,0.2727272727272805
L395_f11,z,0.41483979763913226
L395_f11,z,4.786821705426348
L395_f11,z,4.480725623582771
L395_f11,z,5.341772151898738
L395_f11,z,1.4759825327510896
L395_f11,z,3.096045197740125
L395_f11,z,4.439803439803427
L395_f11,z,0.13333333333332575
L395_f11,z,5.1629629629629505
L395_f11,z,3.680000000000007
L395_f11,z,2.2131147540983704
L395_f11,z,0.02298850574712219
L395_f11,z,5.342233009708735
L395_f11,z,1.7768924302788776
L395_f11,z,3.996563573883151
L395_f11,z,0.8855869242199219
L395_f11,z,4.633471645919769
L395_f11,z,4.4204851752021455
L395_f11,z,4.510288065843611
L395_f11,z,1.5862068965517153
L395_f11,z,5.21298174442191
L395_f11,z,4.014571948998167
L395_f11,z,2.719817767653751
L395_f11,z,2.4494649227110585
L395_f11,z,5.995110024449872
L395_f11,z,3.802721088435362
L395_f11,z,0.24798711755232716
L395_f11,z,7.138508371385086
L395_f11,z,5.633383010432198
L395_f11,z,5.2249322493225066
L395_f11,z,3.501639344262287
L395_f11,z,4.353960396039611
L395_f11,z,1.2343234323432455
L395_f11,z,3.8116883116883002
L395_f11,z,0.6503923278116872
L395_f11,z,0.5287769784172553
L395_f11,z,1.6863753213367545
L395_f11,z,2.2478873239436723
L395_f11,z,4.09375
L395_f11,z,2.3591160220994425
L395_f11,z,0.09497206703909455
L395_f11,z,2.2847457627118786
L395_f11,z,1.9690265486725593
L395_f11,z,0.15168539325841834
L395_f11,z,2.2396088019559954
L395_f11,z,2.824427480916029
L395_f11,z,3.2256637168141538
L395_f11,z,1.8849557522123916
L395_f11,z,0.6427061310782278
L395_f11,z,1.7935222672064697
L395_f11,z,0.7346072186836636
L395_f11,z,1.4761904761904816
L395_f11,z,5.356783919598001
L395_f11,z,5.550432276657062
L395_f11,z,7.067510548523217
L395_f11,z,1.2470588235294144
L395_f11,z,6.4130434782608745
L395_f11,z,2.8581375108790326
L395_f11,z,1.5200000000000102
L395_f11,z,3.5156576200417646
L395_f11,z,1.9748427672955984
L395_f11,z,5.300685602350626
L395_f11,z,1.274356103023507
L395_f11,z,1.4534711964549558
L395_f11,z,3.7981651376146885
L395_f11,z,0.38526912181302464
L395_f11,z,3.598591549295776
L395_f11,z,0.6269503546099315
L395_f11,z,2.992366412213727
L395_f11,z,2.9970930232558146
L395_f11,z,3.5039999999999907
L395_f11,z,1.7551020408163254
L395_f11,z,0.13373860182369413
L395_f11,z,5.739130434782595
L395_f11,z,4.09609609609609
L395_f11,z,9.883720930232556
L395_f11,z,4.519440124416803
L395_f11,z,2.8690476190476204
L395_f11,z,0.4384787472035896
L395_f11,z,6.9763313609467446
L395_f11,z,3.8752107925801056
L395_f11,z,2.8349514563106766
L395_f11,z,2.861788617886191
L395_f11,z,5.10970464135022
L395_f11,z,2.4000000000000057
L395_f11,z,4.173134328358202
L395_f11,z,4.894409937888213
L395_f11,z,3.048101265822794
L395_f11,z,0.9517884914463366
L395_f11,z,0.7115097159940262
L395_f11,z,3.6887052341597837
L395_f11,z,1.5776397515527947
L395_f11,z,3.7211155378486183
L395_f11,z,6.1190082644628205
L395_f11,z,0.4884792626727972
L395_f11,z,3.2336769759450306
L395_f11,z,0.8523908523908403
L395_f11,z,6.009966777408636
L395_f11,z,2.479381443298962
L395_f11,z,0.3097949886104914
L395_f11,z,0.8929577464788849
L395_f11,z,0.00834492350486471
L395_f11,z,5.599999999999994
L395_f11,z,0.5824372759856544
L395_f11,z,1.0666666666666629
L395_f11,z,0.37227722772277616
L395_f11,z,1.60777957860617
L395_f11,z,0.9754768392370465
L395_f11,z,1.4247787610619582
L395_f11,z,1.4137214137214187
L395_f11,z,1.9914529914530021
L395_f11,z,2.4769230769230717
L395_f11,z,3.5673839184597966
L395_f11,z,3.6457142857142912
L395_f11,z,4.005102040816325
L395_f11,z,3.469696969696969
L395_f11,z,3.4722955145118704
L395_f11,z,0.5845588235294201
L395_f11,z,1.2845528455284523
L395_f11,z,4.859259259259261
L395_f11,z,1.4396551724137794
L395_f11,z,2.972860125260951
L395_f11,z,2.460714285714289
L395_f11,z,1.693181818181813
L395_f11,z,2.1382978723404165
L395_f11,z,1.652605459057071
L395_f11,z,5.089960886571049
L395_f11,z,5.343680709534368
L395_f11,z,3.974568574023607
L395_f11,z,2.065180102915946
L395_f11,z,1.8624641833810927
L395_f11,z,0.6927710843373518
L395_f11,z,0.3433962264150807
L395_f11,z,2.059071729957793
L395_f11,z,11.141494435612088
L395_f11,z,3.634008097166003
L395_f11,z,0.7859424920127935
L395_f11,z,2.7816091954022966
L395_f11,z,0.10828025477707115
L395_f11,z,3.839116719242895
L395_f11,z,2.5301204819277245
L395_f11,z,4.370062370062357
L395_f11,z,0.45762711864406924
L395_f11,z,1.2249730893433934
L395_f11,z,1.194444444444457
L395_f11,z,4.824104234527681
L395_f11,z,3.7272727272727195
L395_f11,z,3.906336088154262
L395_f11,z,3.9203539823008953
L395_f11,z,8.046258503401361
L395_f11,z,1.3954545454545553
L395_f11,z,2.0
L395_f11,z,2.0162162162162076
L395_f11,z,2.510721247563339
L395_f11,z,5.193277310924373
L395_f11,z,3.4435754189944134
L395_f11,z,2.75
L395_f11,z,2.78857142857143
L395_f11,z,0.1892583120204563
L395_f11,z,1.0999999999999943
L395_f11,z,3.591511936339515
L395_f11,z,2.123667377398732
L395_f11,z,5.868460388639761
L395_f11,z,3.274909963985607
L395_f11,z,1.3745704467353903
L395_f11,z,0.01694915254236662
L395_f11,z,8.24531516183987
L395_f11,z,3.652370203160274
L395_f11,z,3.445925925925934
L395_f11,z,1.5252387448840352
L395_f11,z,2.9867674858222983
L395_f11,z,0.5736434108527249
L395_f11,z,1.5328467153284748
L395_f11,z,1.034246575342479
L395_f11,z,4.5615384615384755
L395_f11,z,3.4816414686825112
L395_f11,z,2.0434782608695627
L395_f11,z,1.0812064965197123
L395_f11,z,1.7765957446808613
L395_f11,z,6.042414355628068
L395_f11,z,3.4850948509485136
L395_f11,z,1.1791044776119293
L395_f11,z,0.32525951557093435
L395_f11,z,0.1102362204724443
L395_f11,z,2.953307392996095
L395_f11,z,0.875
L395_f11,z,0.06968641114983143
L395_f11,z,1.985257985257988
L395_f11,z,0.8163934426229389
L395_f11,z,2.238461538461536
L395_f11,z,1.163636363636357
L395_f11,z,0.08679927667270704
L395_f11,z,2.0983606557377072
L395_f11,z,0.36546762589927084
L395_f11,z,2.2465753424657464
L395_f11,z,0.18803418803418026
L395_f11,z,1.3986332574031906
L395_f11,z,1.6416464891041187
L395_f11,z,3.51948051948051
L395_f11,z,1.7326203208556024
L395_f11,z,1.088967971530252
L395_f11,z,3.9919786096256757
L395_f11,z,0.11895910780668828
L395_f11,z,2.932330827067659
L395_f11,z,3.154761904761898
L395_f11,z,0.3661202185792263
L395_f11,z,3.216027874564446
L395_f11,z,2.299741602067172
L395_f11,z,0.5542857142857258
L395_f11,z,5.984326018808787
L395_f11,z,3.829721362229094
L395_f11,z,0.7050997782705224
L395_f11,z,0.4542124542124668
L395_f11,z,6.278195488721792
L395_f11,z,4.816599732262375
L395_f11,z,1.6623376623376487
L395_f11,z,0.306818181818187
L395_f11,z,3.6105032822757153
L395_f11,z,0.6680244399185256
L395_f11,z,5.982062780269047
L395_f11,z,3.922920892494915
L395_f11,z,3.9332161687170526
L395_f11,z,6.3666245259165635
L395_f11,z,6.658227848101262
L395_f11,z,3.2857142857142776
L395_f11,z,0.9491525423728717
L395_f11,z,8.053120849933606
L395_f11,z,7.0956848030018875
L395_f11,z,2.6677165354330725
L395_f11,z,5.2629695885509875
L395_f11,z,0.0
L395_f11,z,4.92243767313019
L395_f11,z,5.154034229828852
L395_f11,z,0.9433551198256964
L395_f11,z,1.7368421052631504
L395_f11,z,0.22292993630574642
L395_f11,z,2.150470219435732
L395_f11,z,7.924412665985699
L395_f11,z,1.1791044776119293
L395_f11,z,3.2401960784313815
L395_f11,z,9.897810218978094
L395_f11,z,2.1999999999999886
L395_f11,z,0.6473029045643273
L395_f11,z,2.2794759825327446
L395_f11,z,1.4615384615384528
L395_f11,z,6.809917355371908
L395_f11,z,1.227053140096615
L395_f11,z,2.057877813504831
L395_f11,z,5.5915789473684185
L395_f11,z,5.871657754010698
L395_f11,z,3.0344827586206975
L395_f11,z,4.468837209302336
L395_f11,z,0.8795811518324683
L395_f11,z,0.024475524475519705
L395_f11,z,5.963302752293572
L395_f11,z,3.7287522603978402
L395_f11,z,0.1700404858299578
L395_f11,z,1.259740259740255
L395_f11,z,8.834532374100718
L395_f11,z,3.3103448275862206
L395_f11,z,6.326836581709159
L395_f11,z,1.836619718309862
L395_f11,z,2.7636363636363512
L395_f11,z,1.40524781341108
L395_f11,z,0.914285714285711
L395_f11,z,6.859315589353599
L395_f11,z,1.8725490196078454
L395_f11,z,2.8666666666666742
L395_f11,z,2.49635036496349
L395_f11,z,4.074324324324323
L395_f11,z,4.703087885985752
L395_f11,z,1.5564516129032313
L395_f11,z,1.8080808080808026
L395_f11,z,2.9834710743801622
L395_f11,z,3.4099616858237596
L395_f11,z,0.5605786618444881
L395_f11,z,0.7163461538461604
L395_f11,z,1.5221238938053148
L395_f11,z,1.5919282511210895
L395_f11,z,6.5917808219178085
L395_f11,z,1.6152570480928716
L395_f11,z,3.5162337662337677
L395_f11,z,3.7077922077922096
L395_f11,z,3.5614617940199196
L395_f11,z,0.2884615384615472
L395_f11,z,3.4228855721393074
L395_f11,z,4.645994832041339
L395_f11,z,5.40105540897099
L395_f11,z,1.2702702702702595
L395_f11,z,0.32951945080091605
L395_f11,z,2.037037037037038
L395_f11,z,5.144708423326136
L395_f11,z,1.4608695652173935
L395_f11,z,1.0225563909774564
L395_f11,z,2.74617737003058
L395_f11,z,1.5263157894736707
L395_f11,z,2.3757225433525946
L395_f11,z,1.5335689045936363
L395_f11,z,6.28156748911465
L395_f11,z,1.2727272727272805
L395_f11,z,3.104761904761915
L395_f11,z,3.624521072796938
L395_f11,z,4.638888888888886
L395_f11,z,6.288888888888891
L395_f11,z,2.7314487632508815
L395_f11,z,2.8633540372670723
L395_f11,z,0.13180515759313494
L395_f11,z,1.3684210526315894
L395_f11,z,1.3214285714285836
L395_f11,z,4.131782945736433
L395_f11,z,2.4663101604278097
L396_f01,xy,4.048132427648226
L396_f01,xy,3.986977783268728
L396_f01,xy,0.0967084545914216
L396_f01,xy,2.102555003133711
L396_f01,xy,1.853293326276548
L396_f01,xy,1.3740345073098896
L396_f01,xy,3.2668265209780647
L396_f01,xy,0.657171193821686
L396_f01,xy,1.6846136901308573
L396_f01,xy,0.9724168153797924
L396_f01,xy,0.5733497229239664
L396_f01,xy,2.604861355542961
L396_f01,xy,1.5749955465746233
L396_f01,xy,0.9159517453878272
L396_f01,xy,2.2766039161637113
L396_f01,xy,1.3180777186011488
L396_f01,xy,1.872831915387668
L396_f01,xy,0.2000391197389116
L396_f01,xy,1.6398306006436956
L396_f01,xy,2.093775265951794
L396_f01,xy,0.5334290489805755
L396_f01,xy,1.7811610361001666
L396_f01,xy,1.9239525740779388
L396_f01,xy,1.7660837579785074
L396_f01,xy,1.1544615901471966
L396_f01,xy,1.2705277545047482
L396_f01,xy,1.0252513783500157
L396_f01,xy,2.5096675436585696
L396_f01,xy,0.7520688194400127
L396_f01,xy,1.7706552143711778
L396_f01,xy,1.310321397286709
L396_f01,xy,2.1957534088428594
L396_f01,xy,0.9397008069141176
L396_f01,xy,1.5802473422993648
L396_f01,xy,1.1333317573125872
L396_f01,xy,2.1026076806437337
L396_f01,xy,0.5760302775674497
L396_f01,xy,0.9778632206946156
L396_f01,xy,1.3909740205948282
L396_f01,xy,1.183697472134816
L396_f01,xy,0.9599209969442132
L396_f01,xy,0.7332722165325478
L396_f01,xy,2.0932062774946423
L396_f01,xy,2.2019365099038044
L396_f01,xy,2.6024619775928715
L396_f01,xy,1.3886996729623613
L396_f01,xy,1.2991002220063503
L396_f01,xy,2.042099667610519
L396_f01,xy,0.9684515990066624
L396_f01,xy,0.6260895513464572
L396_f01,xy,0.2872981282369908
L396_f01,xy,1.1217780881624726
L396_f01,xy,1.5388497641228225
L396_f01,xy,0.5920445632366425
L396_f01,xy,1.4885375032553407
L396_f01,xy,1.6539855560021215
L396_f01,xy,1.4745375843876272
L396_f01,xy,1.3473277493771565
L396_f01,xy,1.60556829866345
L396_f01,xy,0.897065684648174
L396_f01,xy,5.237020201466355
L396_f01,xy,0.2947606917365055
L396_f01,xy,2.346623396336924
L396_f01,xy,1.3276389784115423
L396_f01,xy,1.6827845722399644
L396_f01,xy,3.945791010731407
L396_f01,xy,2.0377176807457156
L396_f01,xy,1.9381669135597777
L396_f01,xy,1.9275404788376236
L396_f01,xy,1.4437668919720372
L396_f01,xy,1.4382142040845645
L396_f01,xy,1.4346381803007562
L396_f01,xy,6.0634297118902065
L396_f01,xy,1.8126746483262024
L396_f01,xy,1.2746579246895404
L396_f01,xy,1.2296722141163443
L396_f01,xy,1.1408617234915317
L396_f01,xy,0.4875483830013911
L396_f01,xy,2.4489038597364203
L396_f01,xy,1.5866303748837849
L396_f01,xy,2.0075241414647027
L396_f01,xy,0.828027802809172
L396_f01,xy,1.6562005725090143
L396_f01,xy,1.5533003544800914
L396_f01,xy,2.4627582018304617
L396_f01,xy,1.805542422086844
L396_f01,xy,2.6018375783387127
L396_f01,xy,1.0053285665771636
L396_f01,xy,1.2613580281885162
L396_f01,xy,1.8365396108646477
L396_f01,xy,0.7735602382420622
L396_f01,xy,2.3435530712571797
L396_f01,xy,0.7598785335821725
L396_f01,xy,0.6217071065165336
L396_f01,xy,1.7860887523160642
L396_f01,xy,0.57358990556163
L396_f01,xy,1.1142150592927689
L396_f01,xy,0.5462052854835486
L396_f01,xy,0.4991876025424382
L396_f01,xy,0.2434220878273688
L396_f01,xy,1.7502613342692217
L396_f01,xy,2.4439144799229697
L396_f01,xy,0.3255718187220806
L396_f01,xy,2.1986862308735304
L396_f01,xy,2.8661114416564524
L396_f01,xy,0.3037170811866852
L396_f01,xy,1.1060543371789833
L396_f01,xy,0.8124600326105262
L396_f01,xy,0.3249218833474749
L396_f01,xy,1.2228819144294714
L396_f01,xy,5.411307645471607
L396_f01,xy,3.3295518851854458
L396_f01,xy,1.0972319848572143
L396_f01,xy,1.1264106917738173
L396_f01,xy,2.6378336414523975
L396_f01,xy,0.6136920049583757
L396_f01,xy,1.4921194192361074
L396_f01,xy,2.6866887937655353
L396_f01,xy,1.0028349466866515
L396_f01,xy,1.0102100035934465
L396_f01,xy,1.2668526799037203
L396_f01,xy,2.107831721821706
L396_f01,xy,1.1165030436813008
L396_f01,xy,0.9404991608104788
L396_f01,xy,1.8086429363482803
L396_f01,xy,0.3332013355837972
L396_f01,xy,0.5900326814814459
L396_f01,xy,1.8050998335513708
L396_f01,xy,1.0494137675810309
L396_f01,xy,0.7263683103595212
L396_f01,xy,0.5095143153239143
L396_f01,xy,0.8049554395344364
L396_f01,xy,1.2015437495507095
L396_f01,xy,1.3546973109045128
L396_f01,xy,2.0684027521211568
L396_f01,xy,2.503645845683762
L396_f01,xy,2.1740741187782944
L396_f01,xy,0.0489759533490266
L396_f01,xy,1.688826325225755
L396_f01,xy,3.0367624309188828
L396_f01,xy,3.796524728845867
L396_f01,xy,0.8676175302824085
L396_f01,xy,1.261709702251275
L396_f01,xy,1.201533457047141
L396_f01,xy,1.3542082062441838
L396_f01,xy,0.6031359324729679
L396_f01,xy,3.377835121680181
L396_f01,xy,0.9183225271651186
L396_f01,xy,0.3830364656293104
L396_f01,xy,0.9802673660886476
L396_f01,xy,5.11967947260592
L396_f01,xy,0.7298009810891566
L396_f01,xy,1.5111407138798996
L396_f01,xy,1.3898483404371846
L396_f01,xy,1.162841473410803
L396_f01,xy,0.4160004104118708
L396_f01,xy,1.430512669223534
L396_f01,xy,2.3910167105037643
L396_f01,xy,0.7213687103383799
L396_f01,xy,0.1711045138040661
L396_f01,xy,0.7056278163109504
L396_f01,xy,1.2523456334017895
L396_f01,xy,1.579464919487541
L396_f01,xy,3.0368996127228005
L396_f01,xy,0.5256478188981194
L396_f01,xy,0.7442427414920694
L396_f01,xy,2.7854190191953845
L396_f01,xy,1.2522662512912752
L396_f01,xy,0.3061614173628968
L396_f01,xy,0.5039525658662679
L396_f01,xy,2.2437379316473764
L396_f01,xy,1.1656641465252644
L396_f01,xy,0.967896451584368
L396_f01,xy,0.3974679519482702
L396_f01,xy,2.4068340973403055
L396_f01,xy,0.5101275983152991
L396_f01,xy,0.7438505459569759
L396_f01,xy,0.1029263755314378
L396_f01,xy,2.8967229112675783
L396_f01,xy,1.0004584917701194
L396_f01,xy,1.0387650930148489
L396_f01,xy,1.810591682188455
L396_f01,xy,0.4786890400834288
L396_f01,xy,0.968835987744012
L396_f01,xy,0.3788908715976851
L396_f01,xy,0.8360544757709883
L396_f01,xy,0.4368489380122846
L396_f01,xy,1.0232461519879592
L396_f01,xy,1.9075430775364104
L396_f01,xy,0.988980294625628
L396_f01,xy,0.2007537679020581
L396_f01,xy,0.9002320708420498
L396_f01,xy,0.8963249867401684
L396_f01,xy,0.7157141683172161
L396_f01,xy,1.9259211708566508
L396_f01,xy,0.6001204140108762
L396_f01,xy,1.7645823357714874
L396_f01,xy,2.5843213371836646
L396_f01,xy,1.7724348969047723
L396_f01,xy,0.1033208895210256
L396_f01,xy,1.2880457020010698
L396_f01,xy,0.3339670631570354
L396_f01,xy,0.308608263665058
L396_f01,xy,2.4900685412790624
L396_f01,xy,0.6406391199949988
L396_f01,xy,0.7082994921652013
L396_f01,xy,0.9652464307234754
L396_f01,xy,1.113563150636818
L396_f01,xy,1.0104127155065534
L396_f01,xy,2.645252951843311
L396_f01,xy,0.7657031957241986
L396_f01,xy,0.6122777213603309
L396_f01,xy,3.98230878906415
L396_f01,xy,1.943199520643752
L396_f01,xy,1.0724720665916267
L396_f01,xy,1.535455730641804
L396_f01,xy,2.1858893851561088
L396_f01,xy,2.45198144375983
L396_f01,xy,2.2769996775106707
L396_f01,xy,2.1735960285300493
L396_f01,xy,1.224705342308168
L396_f01,xy,0.6391170706493463
L396_f01,xy,0.9066368865057024
L396_f01,xy,0.6388295094303604
L396_f01,xy,0.6438161442579476
L396_f01,xy,0.9663087250942758
L396_f01,xy,1.3788703301705647
L396_f01,xy,0.5186103325763798
L396_f01,xy,1.579275119440586
L396_f01,xy,1.294716876768189
L396_f01,xy,0.8804748038896814
L396_f01,xy,0.643602474073405
L396_f01,xy,0.510491481737095
L396_f01,xy,1.1366954768379351
L396_f01,xy,1.633066281101926
L396_f01,xy,1.500971922288518
L396_f01,xy,1.4466356631714272
L396_f01,xy,1.547246588402689
L396_f01,xy,1.3393178951956362
L396_f01,xy,1.4073458521198332
L396_f01,xy,0.8123566824392197
L396_f01,xy,1.2063989421759886
L396_f01,xy,0.9104484259390422
L396_f01,xy,1.6228208271222198
L396_f01,xy,0.4932786173189545
L396_f01,xy,0.4371109472392508
L396_f01,xy,0.870050207641591
L396_f01,xy,1.824505323808255
L396_f01,xy,0.9632696189915552
L396_f01,xy,1.6099583098930643
L396_f01,xy,1.737236566850446
L396_f01,xy,1.166081752306117
L396_f01,xy,2.403458332030773
L396_f01,xy,1.20431322788286
L396_f01,xy,0.5846062326667929
L396_f01,xy,1.85056092023076
L396_f01,xy,0.3265949348095186
L396_f01,xy,1.81942913778044
L396_f01,xy,1.6782512897688573
L396_f01,xy,2.157580478134499
L396_f01,xy,1.2592735266786697
L396_f01,xy,1.5287070551203177
L396_f01,xy,1.8729279588958685
L396_f01,xy,0.6833125540689677
L396_f01,xy,1.241061622162783
L396_f01,xy,1.28633597458418
L396_f01,xy,0.5068510520908064
L396_f01,xy,1.0628572847550792
L396_f01,xy,1.3304012953765278
L396_f01,xy,1.2704052681346727
L396_f01,xy,1.2808880705767414
L396_f01,xy,1.7841620397407043
L396_f01,xy,1.244030384872958
L396_f01,xy,0.6591766459530886
L396_f01,xy,0.2020093000358681
L396_f01,xy,1.074257307564713
L396_f01,xy,0.6397731792843743
L396_f01,xy,0.2229704666213977
L396_f01,xy,1.4868765457109665
L396_f01,xy,2.120511368636756
L396_f01,xy,2.1228216983132704
L396_f01,xy,1.0589394684370577
L396_f01,xy,0.8137754955294288
L396_f01,xy,0.7102699028445933
L396_f01,xy,2.864184406423018
L396_f01,xy,0.6098753113788712
L396_f01,xy,1.989896471648812
L396_f01,xy,1.61385489785115
L396_f01,xy,0.4341637722987807
L396_f01,xy,1.638357163143774
L396_f01,xy,0.9390892748451424
L396_f01,xy,1.638627967319549
L396_f01,xy,1.4927919220375483
L396_f01,xy,1.9781557195336623
L396_f01,xy,1.4675979284327545
L396_f01,xy,1.6466905292316856
L396_f01,xy,0.6529785783813575
L396_f01,xy,1.7205648423742808
L396_f01,xy,1.686819491987048
L396_f01,xy,1.4980053339117836
L396_f01,xy,2.5404792039484954
L396_f01,xy,3.2604915155629417
L396_f01,xy,1.2966420161673045
L396_f01,xy,0.7029936375580755
L396_f01,xy,1.299751112660416
L396_f01,xy,2.2125511363809336
L396_f01,xy,1.3405673755536505
L396_f01,xy,1.731185434569809
L396_f01,xy,3.411449924231995
L396_f01,xy,1.873249277356296
L396_f01,xy,2.197342169875943
L396_f01,xy,1.3289665618218287
L396_f01,xy,1.7480849932397289
L396_f01,xy,1.3431306761918915
L396_f01,xy,2.2913120754115157
L396_f01,xy,1.355474276232052
L396_f01,xy,2.4075644828483576
L396_f01,xy,1.1386838142647784
L396_f01,xy,3.826519050730344
L396_f01,xy,2.8451456963395927
L396_f01,xy,1.7678018924631436
L396_f01,xy,3.103643999360622
L396_f01,xy,1.8700186317724548
L396_f01,xy,1.631311646014161
L396_f01,xy,2.2149880898218304
L396_f01,xy,0.6869654718777529
L396_f01,xy,1.4707535465537995
L396_f01,xy,2.6086655734193407
L396_f01,xy,0.5761761981046418
L396_f01,xy,0.8113675519780907
L396_f01,xy,0.994234794006638
L396_f01,xy,2.438069776519839
L396_f01,xy,1.5649983331403914
L396_f01,xy,3.945284651425758
L396_f01,xy,2.557610214174817
L396_f01,xy,1.16295868492211
L396_f01,xy,2.9123937460010243
L396_f01,xy,1.4932377417374878
L396_f01,xy,1.3836880191508685
L396_f01,xy,1.0633183357576488
L396_f01,xy,1.602661195191771
L396_f01,xy,0.9133429563966038
L396_f01,xy,1.0326281137403093
L396_f01,xy,2.199569099670146
L396_f01,xy,4.483855518758996
L396_f01,xy,0.6093518998598345
L396_f01,xy,3.617209807895402
L396_f01,xy,3.7312537775093624
L396_f01,xy,1.706493556608571
L396_f01,xy,1.7659470797635153
L396_f01,xy,2.547143653274452
L396_f01,xy,2.5529134273288245
L396_f01,xy,2.8432901397900916
L396_f01,xy,0.872695700724279
L396_f01,xy,0.9873242419093098
L396_f01,xy,0.5549724992977098
L396_f01,xy,2.0286353564446817
L396_f01,xy,1.087259818704042
L396_f01,xy,1.655923663623106
L396_f01,xy,0.3851982328122923
L396_f01,xy,1.3290370851392008
L396_f01,xy,2.00892793017671
L396_f01,xy,1.8336694014633288
L396_f01,xy,1.4533316802998455
L396_f01,xy,2.73172763796576
L396_f01,xy,2.5165018593031694
L396_f01,xy,1.4645762252368324
L396_f01,xy,1.1151573131154704
L396_f01,xy,0.6249077773209546
L396_f01,xy,2.849298986007133
L396_f01,xy,2.101313859625236
L396_f01,xy,2.190116681354424
L396_f01,xy,2.1737940710451498
L396_f01,xy,2.297999941014758
L396_f01,xy,1.4244214598321303
L396_f01,xy,1.3949326781302462
L396_f01,xy,3.620039295981109
L396_f01,xy,2.3001884725585504
L396_f01,xy,0.3918220508455465
L396_f01,xy,0.831233719527383
L396_f01,xy,1.022894080190146
L396_f01,xy,2.7522943514061273
L396_f01,xy,1.5313669199736135
L396_f01,xy,0.127309086549718
L396_f01,xy,2.7114624886592145
L396_f01,xy,2.2882022849985653
L396_f01,xy,1.8872227905436043
L396_f01,xy,2.2075863772937776
L396_f01,xy,4.796155650839874
L396_f01,xy,3.0630901542313964
L396_f01,xy,2.098213630104434
L396_f01,xy,1.9096569140111712
L396_f01,xy,2.1247272877710395
L396_f01,xy,0.6857894994228797
L396_f01,xy,3.0361619959059545
L396_f01,xy,0.9257604680402932
L396_f01,xy,0.8106240667521082
L396_f01,xy,3.377052178360646
L396_f01,xy,3.1547592733837027
L396_f01,xy,2.516389097598081
L396_f01,xy,1.0350829833702104
L396_f01,xy,1.876598993462816
L396_f01,xy,2.0166093821976707
L396_f01,xy,2.682677564830055
L396_f01,xy,1.3185504286780487
L396_f01,xy,1.6166811679548123
L396_f01,xy,1.4898452137280735
L396_f01,xy,0.3454122203764844
L396_f01,xy,1.136614921955628
L396_f01,xy,0.6531258005067675
L396_f01,xy,2.2982331039487547
L396_f01,xy,1.7549969636658571
L396_f01,xy,1.8484605322056975
L396_f01,xy,4.198623420918282
L396_f01,xy,2.393101575091241
L396_f01,xy,2.32897195738975
L396_f01,xy,2.2045229986996793
L396_f01,xy,3.968364849295995
L396_f01,xy,1.5502131605528535
L396_f01,xy,0.7859033195251202
L396_f01,xy,0.832276531488206
L396_f01,xy,3.610562354970442
L396_f01,xy,0.4764201206574615
L396_f01,xy,3.46844951959495
L396_f01,xy,0.4027750226984637
L396_f01,xy,2.462017280685025
L396_f01,xy,1.3974298095931534
L396_f01,xy,2.178010819401229
L396_f01,xy,2.4532786190772753
L396_f01,xy,0.8140301003001963
L396_f01,xy,2.388256499338569
L396_f01,xy,2.910998096435306
L396_f01,xy,0.9631244164658797
L396_f01,xy,2.559930294429008
L396_f01,xy,2.4918226722721775
L396_f01,xy,0.5943583356619003
L396_f01,xy,2.610644600103414
L396_f01,xy,3.4363046665240953
L396_f01,xy,2.252171438036417
L396_f01,xy,2.9524257620965044
L396_f01,xy,0.6477046209016385
L396_f01,xy,3.9467645842975103
L396_f01,xy,1.728578860090397
L396_f01,xy,1.1191480191719567
L396_f01,xy,1.774769477810324
L396_f01,xy,3.1400822819604706
L396_f01,xy,1.7332414640305904
L396_f01,xy,1.4571527371305797
L396_f01,xy,1.0862352856830395
L396_f01,xy,0.9325817377528146
L396_f01,xy,0.3306353401771436
L396_f01,xy,1.3155482139622852
L396_f01,xy,1.199997019955991
L396_f01,xy,1.2983118659460056
L396_f01,xy,0.2725663910552337
L396_f01,xy,1.207469138156959
L396_f01,xy,3.0047283498878454
L396_f01,xy,3.141500891355987
L396_f01,xy,1.7835935289903375
L396_f01,xy,1.352530835727676
L396_f01,xy,1.6231141964931024
L396_f01,xy,1.10433622035846
L396_f01,xy,1.6893376613301467
L396_f01,xy,1.20244173944236
L396_f01,xy,3.1460278037161116
L396_f01,xy,2.336203899408178
L396_f01,xy,1.3109680525446703
L396_f01,xy,0.8500356395864336
L396_f01,xy,0.7255536500592503
L396_f01,xy,0.2782413316052506
L396_f01,xy,0.5612280938207767
L396_f01,xy,0.5335149015816312
L396_f01,xy,3.7310487533059913
L396_f01,xy,1.909950416295101
L396_f01,xy,1.6918203001220835
L396_f01,xy,3.222425140673867
L396_f01,xy,0.4357017210655611
L396_f01,xy,0.372360177759967
L396_f01,xy,0.8108719333499562
L396_f01,xy,2.850986229124816
L396_f01,xy,2.9439549046557083
L396_f01,xy,0.7820244144377494
L396_f01,xy,1.2880953429247874
L396_f01,xy,1.5861247232315367
L396_f01,xy,2.3292344928757944
L396_f01,xy,0.7188067230823072
L396_f01,xy,1.082154542709012
L396_f01,xy,3.98561366035415
L396_f01,xy,1.317003635836482
L396_f01,xy,2.5655199097567816
L396_f01,xy,4.361690262119811
L396_f01,xy,3.1477604279291778
L396_f01,xy,2.880147247070921
L396_f01,xy,0.7192636101177003
L396_f01,xy,0.8823921587691821
L396_f01,xy,0.8487658827764237
L396_f01,xy,0.6959063354290077
L396_f01,xy,1.230151819222589
L396_f01,xy,3.0028689231382018
L396_f01,xy,0.7762857927339274
L396_f01,xy,0.621506511425789
L396_f01,xy,1.5906380863446004
L396_f01,xy,0.400239918511741
L396_f01,xy,0.3575147035248024
L396_f01,xy,1.1871768888158976
L396_f01,xy,2.843212564452967
L396_f01,xy,0.9317180840493774
L396_f01,xy,2.041408598940078
L396_f01,xy,1.877296718089128
L396_f01,xy,0.4095456152083946
L396_f01,xy,0.5672317119895595
L396_f01,xy,2.1805720851374164
L396_f01,xy,1.1444726133463672
L396_f01,xy,2.8289644777356684
L396_f01,xy,3.240336986150934
L396_f01,xy,0.2093489656318395
L396_f01,xy,1.065268988738093
L396_f01,xy,0.663583212481587
L396_f01,xy,1.0435928997021793
L396_f01,xy,1.413687374929281
L396_f01,xy,2.6762143046009954
L396_f01,xy,1.534405122028406
L396_f01,xy,2.0500846241759736
L396_f01,xy,2.926943762887826
L396_f01,xy,0.4102559000447297
L396_f01,xy,1.620035420446016
L396_f01,xy,0.6560562121536297
L396_f01,xy,4.006216069057071
L396_f01,xy,0.986267778109204
L396_f01,xy,1.596299825509101
L396_f01,xy,1.52899389927364
L396_f01,xy,1.5106951211058806
L396_f01,xy,2.372776652860228
L396_f01,xy,1.726354307765855
L396_f01,xy,2.4880644526067597
L396_f01,xy,1.0761522670455448
L396_f01,xy,2.2623817948059273
L396_f01,xy,0.8540800505129654
L396_f01,xy,1.6115298308146782
L396_f01,xy,2.4606777296210716
L396_f01,xy,0.3962108608268418
L396_f01,xy,2.805545063084204
L396_f01,xy,0.5245679156407677
L396_f01,xy,0.6758752194252415
L396_f01,xy,0.6772351103913085
L396_f01,xy,0.9133037213558148
L396_f01,xy,1.0346688939723945
L396_f01,xy,0.4384580886781022
L396_f01,xy,2.2467731994329276
L396_f01,xy,2.1477715569135984
L396_f01,xy,0.6981010107803477
L396_f01,xy,1.4066692309433135
L396_f01,xy,1.6203933033701186
L396_f01,xy,0.6375866390042364
L396_f01,xy,1.3289880792639372
L396_f01,xy,2.4741431541875496
L396_f01,xy,2.1455354201640513
L396_f01,xy,3.983004909727936
L396_f01,xy,2.0607553554126516
L396_f01,xy,2.078128671934124
L396_f01,xy,1.7730775400669236
L396_f01,xy,1.3766764317710465
L396_f01,xy,2.3801441900222433
L396_f01,xy,0.4328013415947512
L396_f01,xy,2.013630027719901
L396_f01,xy,1.3366284637316936
L396_f01,xy,1.5607827792177331
L396_f01,xy,1.6027905905999742
L396_f01,xy,1.913928669012955
L396_f01,xy,0.3489743678959102
L396_f01,xy,0.7684123070766538
L396_f01,xy,1.9366930596239735
L396_f01,xy,0.4762434633781985
L396_f01,xy,2.1213822375443065
L396_f01,xy,0.69165827698099
L396_f01,xy,3.336998036921675
L396_f01,xy,1.3224698437300524
L396_f01,xy,1.616010340705537
L396_f01,xy,1.3784052052367144
L396_f01,xy,2.835242174910943
L396_f01,xy,1.8261310522003236
L396_f01,xy,2.2964019745869715
L396_f01,xy,0.6072028256064849
L396_f01,xy,1.1367055576705762
L396_f01,xy,0.2258771589854366
L396_f01,xy,0.808944233680658
L396_f01,xy,3.1755933961240546
L396_f01,xy,3.4517464834377076
L396_f01,xy,1.4872188550363
L396_f01,xy,0.9620589104576516
L396_f01,xy,1.3010847992586514
L396_f01,xy,0.9170787506219966
L396_f01,xy,1.3969532871136967
L396_f01,xy,2.340784428520682
L396_f01,xy,0.3022339874550184
L396_f01,xy,1.6407400348803929
L396_f01,xy,0.5887523150771753
L396_f01,xy,0.8475228871298779
L396_f01,xy,1.031945807355349
L396_f01,xy,0.2509382565213055
L396_f01,xy,1.982113039591165
L396_f01,xy,2.2521803305826498
L396_f01,xy,2.8061405795928436
L396_f01,xy,2.1078369945236703
L396_f01,xy,1.1654442148290394
L396_f01,xy,1.970274561879408
L396_f01,xy,0.746636331380326
L396_f01,xy,2.007128620163791
L396_f01,xy,1.9256148250698684
L396_f01,xy,2.369797548959691
L396_f01,xy,4.655926161682635
L396_f01,xy,1.4649590114548243
L396_f01,xy,0.7717416392825223
L396_f01,xy,1.1713230933481311
L396_f01,xy,1.719490283369308
L396_f01,xy,1.2939118897486268
L396_f01,xy,0.8873905991911946
L396_f01,xy,1.7418027843232362
L396_f01,xy,2.809199802334422
L396_f01,xy,0.9661297667431418
L396_f01,xy,2.0591415155887134
L396_f01,xy,1.5456692351632764
L396_f01,xy,1.987249121464731
L396_f01,xy,1.9701592908034
L396_f01,xy,2.4363701680477536
L396_f01,xy,0.3567890790578217
L396_f01,xy,2.368937852260854
L396_f01,xy,0.698832259068051
L396_f01,xy,0.8029230264022703
L396_f01,xy,3.2301274468966863
L396_f01,xy,1.7022185899212543
L396_f01,xy,0.96079317419888
L396_f01,xy,0.7374037814635926
L396_f01,xy,0.8443307093352461
L396_f01,xy,2.646925890504154
L396_f01,xy,0.3995599698543886
L396_f01,xy,1.1554327533681312
L396_f01,xy,1.7645158605990765
L396_f01,xy,1.30168148547767
L396_f01,xy,1.4175229551223625
L396_f01,xy,0.7531864281429297
L396_f01,xy,0.6010046440905088
L396_f01,xy,0.671562053293418
L396_f01,xy,1.4799100672903498
L396_f01,xy,0.8784971194455176
L396_f01,xy,0.4736349370223052
L396_f01,xy,1.3343051559800954
L396_f01,xy,0.728751559050816
L396_f01,xy,1.196653771722331
L396_f01,xy,1.3920365134132255
L396_f01,xy,1.557292368721502
L396_f01,xy,1.520544820159495
L396_f01,xy,0.1371723281012614
L396_f01,xy,0.6321082811820776
L396_f01,xy,1.477108796994665
L396_f01,xy,1.138278622548772
L396_f01,xy,0.8368617392652075
L396_f01,xy,0.5010880516382938
L396_f01,xy,0.5905147869866153
L396_f01,xy,3.917837266652488
L396_f01,xy,0.508188465871634
L396_f01,xy,1.341896545746366
L396_f01,xy,1.457314806588889
L396_f01,xy,0.3872269998591189
L396_f01,xy,0.2601857344373567
L396_f01,xy,1.5382943285398365
L396_f01,xy,2.1135342383586124
L396_f01,xy,1.6776351086245846
L396_f01,xy,1.4782328932832514
L396_f01,xy,2.5709688612925565
L396_f01,xy,0.748406633469465
L396_f01,xy,1.0593473630603687
L396_f01,xy,0.4772811090673374
L396_f01,xy,1.2147689104631068
L396_f01,xy,2.794592456300898
L396_f01,xy,0.6088061882728518
L396_f01,xy,1.528586497090759
L396_f01,xy,0.784221290808756
L396_f01,xy,0.356662548348197
L396_f01,xy,0.8235129109935146
L396_f01,xy,2.0618325067450485
L396_f01,xy,3.139033191509314
L396_f01,xy,1.979544748828729
L396_f01,xy,1.377510769441921
L396_f01,xy,0.8995785298946763
L396_f01,xy,0.8698191876262611
L396_f01,xy,0.5817259883276751
L396_f01,xy,1.6975820967401256
L396_f01,xy,2.5774750616478217
L396_f01,xy,2.1523267039368954
L396_f01,xy,2.2833000472141816
L396_f01,xy,1.9324248437367375
L396_f01,xy,1.2467835877972873
L396_f01,xy,1.219978811042316
L396_f01,xy,2.743258670217162
L396_f01,xy,0.2531036819454811
L396_f01,xy,1.3584752877732988
L396_f01,xy,2.4879935104305715
L396_f01,xy,2.5161837734912
L396_f01,xy,0.9730494242036114
L396_f01,xy,1.599122514424429
L396_f01,xy,1.3374768664191004
L396_f01,xy,1.8213962215785704
L396_f01,xy,1.862893191108665
L396_f01,xy,2.302275188778095
L396_f01,xy,0.8154988390934721
L396_f01,xy,1.3754197042558556
L396_f01,xy,1.6721393821452726
L396_f01,xy,0.8320351518653782
L396_f01,xy,1.0760746600597022
L396_f01,xy,1.5794810934597996
L396_f01,xy,2.3166079826185255
L396_f01,xy,1.3087511578879978
L396_f01,xy,2.23676083188573
L396_f01,xy,1.7056620516861398
L396_f01,xy,1.2538519732206543
L396_f01,xy,2.304028814194041
L396_f01,xy,2.147391655982827
L396_f01,xy,1.8408307279351532
L396_f01,xy,0.6369515993827688
L396_f01,xy,4.0731628905617026
L396_f01,xy,2.059746200061418
L396_f01,xy,0.5668784570382546
L396_f01,xy,1.8876882327201625
L396_f01,xy,1.6051448099940648
L396_f01,xy,1.949432901686921
L396_f01,xy,1.3984487504109242
L396_f01,xy,1.7361558544911575
L396_f01,xy,2.168890945710561
L396_f01,xy,0.1643211000918894
L396_f01,xy,3.5862187547753344
L396_f01,xy,2.5845079976280485
L396_f01,xy,2.1840779831645123
L396_f01,xy,2.042326297203251
L396_f01,xy,0.2717417439619539
L396_f01,xy,1.5492465728020524
L396_f01,xy,1.687760862875605
L396_f01,xy,1.8661889210060345
L396_f01,xy,0.9007341497925158
L396_f01,xy,1.627931707545453
L396_f01,xy,1.0465320914572072
L396_f01,xy,1.3528892287191228
L396_f01,xy,1.6241489990393283
L396_f01,xy,0.1834659488432518
L396_f01,xy,1.4506495754271749
L396_f01,xy,4.548831053555236
L396_f01,xy,1.3422112643495518
L396_f01,xy,1.1356595323826078
L396_f01,xy,1.9139231543773711
L396_f01,xy,1.903975353917796
L396_f01,xy,1.0257769029332644
L396_f01,xy,1.6082871098521367
L396_f01,xy,2.3002117491709337
L396_f01,xy,1.474313514268867
L396_f01,xy,1.5336684091320258
L396_f01,xy,1.1927611704851364
L396_f01,xy,1.6967153147398544
L396_f01,xy,1.2329652369985238
L396_f01,xy,3.561132797194097
L396_f01,xy,1.823081424466297
L396_f01,xy,1.6119044422856152
L396_f01,xy,2.911337493288966
L396_f01,xy,0.8966526130655444
L396_f01,xy,2.176607702935504
L396_f01,xy,0.4981394533385107
L396_f01,xy,1.4804413378240338
L396_f01,xy,0.5872793326910696
L396_f01,xy,2.516938076350993
L396_f01,xy,1.2202613853552209
L396_f01,xy,1.875754638215953
L396_f01,xy,0.3899547788831777
L396_f01,xy,2.9720788310082376
L396_f01,xy,1.1873828807214857
L396_f01,xy,1.3410880345396148
L396_f01,xy,2.5838277380526993
L396_f01,xy,1.5965413204377592
L396_f01,xy,0.8567075729125423
L396_f01,xy,0.8042767331491358
L396_f01,xy,0.90420557370824
L396_f01,xy,0.7197734445568525
L396_f01,xy,1.5779641183479525
L396_f01,xy,1.8294512566600536
L396_f01,xy,1.0425869346085028
L396_f01,xy,1.4373795428241434
L396_f01,xy,0.7567422831283003
L396_f01,xy,1.19102396682305
L396_f01,xy,1.0157159947281422
L396_f01,xy,1.8124112808279145
L396_f01,xy,0.790577983602871
L396_f01,xy,0.7618762201370568
L396_f01,xy,1.3559676624682258
L396_f01,xy,1.4415124834320046
L396_f01,xy,1.0844204470056211
L396_f01,xy,1.997902619930148
L396_f01,xy,1.5593688752273691
L396_f01,xy,2.7680564532900473
L396_f01,xy,2.126425928645815
L396_f01,xy,0.0246204384723208
L396_f01,xy,0.9391445009271704
L396_f01,xy,0.7278983967386979
L396_f01,xy,1.833277286615496
L396_f01,xy,1.1012125495489606
L396_f01,xy,1.8351473741296225
L396_f01,xy,5.810269381155786
L396_f01,xy,0.775540765778129
L396_f01,xy,0.697653707250952
L396_f01,xy,1.2310322038998742
L396_f01,xy,1.4719183584831297
L396_f01,xy,2.5380671236557397
L396_f01,xy,1.853081234319787
L396_f01,xy,0.1040799431465631
L396_f01,xy,0.8961000783125481
L396_f01,xy,0.7520246210021494
L396_f01,xy,0.6855821104113543
L396_f01,xy,1.3335369055394108
L396_f01,xy,0.6636508463170634
L396_f01,xy,0.9706287490813498
L396_f01,xy,2.3948778183610067
L396_f01,xy,3.1645308362341265
L396_f01,xy,0.7538278899348554
L396_f01,xy,1.6174397436470602
L396_f01,xy,3.3664974081011083
L396_f01,xy,1.926851000422548
L396_f01,xy,0.7067818803297393
L396_f01,xy,1.1689909575473214
L396_f01,xy,0.4066266686138786
L396_f01,xy,1.9405110575116633
L396_f01,xy,0.6816490906817986
L396_f01,xy,0.8052848905331242
L396_f01,xy,1.3236852399051298
L396_f01,xy,1.050318472303989
L396_f01,xy,3.261262009170366
L396_f01,xy,2.447537465040784
L396_f01,xy,0.1944354895175964
L396_f01,xy,2.674111651278889
L396_f01,xy,1.314910659642071
L396_f01,xy,2.054973109426114
L396_f01,xy,0.2268540149048312
L396_f01,xy,0.5716887822026535
L396_f01,xy,0.6844070019988944
L396_f01,xy,1.5912320085422291
L396_f01,xy,0.6879925153000704
L396_f01,xy,1.5844529996781505
L396_f01,xy,0.8017561063770031
L396_f01,xy,0.3705257842301415
L396_f01,xy,1.4589266617931962
L396_f01,xy,0.4239123260353054
L396_f01,xy,1.530058962957753
L396_f01,xy,0.5106165698004866
L396_f01,xy,0.4405622675839711
L396_f01,xy,1.0379962732494716
L396_f01,xy,1.306681935748565
L396_f01,xy,0.114618138650585
L396_f01,xy,1.4800303595522453
L396_f01,xy,1.51287653492743
L396_f01,xy,0.2740609218230556
L396_f01,xy,1.2698559472470787
L396_f01,xy,1.2535018354974006
L396_f01,xy,1.4846254653619395
L396_f01,xy,0.7616209378889699
L396_f01,xy,0.9474372657148034
L396_f01,xy,0.7329867015392925
L396_f01,xy,0.4470886900457719
L396_f01,xy,4.121878615046267
L396_f01,xy,2.440017990970728
L396_f01,xy,2.373659229147454
L396_f01,xy,3.6105266278716575
L396_f01,xy,0.3136472358769101
L396_f01,xy,1.8485825087425172
L396_f01,xy,0.4030827073097958
L396_f01,xy,0.4301729531266888
L396_f01,xy,0.119131606599106
L396_f01,xy,1.71350198684275
L396_f01,xy,0.3423846052221243
L396_f01,xy,0.8938949574054221
L396_f01,xy,0.7244791221354491
L396_f01,xy,1.7521654263026072
L396_f01,xy,2.0700601780367656
L396_f01,xy,0.4653071593784076
L396_f01,xy,2.648102653218261
L396_f01,xy,1.4750468003726145
L396_f01,xy,4.3827375671681
L396_f01,xy,1.6252955238436184
L396_f01,xy,1.539909882030854
L396_f01,xy,1.2718165268391324
L396_f01,xy,0.8318430875955343
L396_f01,xy,2.5918103891056794
L396_f01,xy,0.5377132703461723
L396_f01,xy,1.1026156628267938
L396_f01,xy,1.0815575820727006
L396_f01,xy,0.1208791427651547
L396_f01,xy,0.1165730851244877
L396_f01,xy,1.906055652862212
L396_f01,xy,1.27332753223793
L396_f01,xy,1.3443013040877856
L396_f01,xy,1.747289800855277
L396_f01,xy,0.3221472084696783
L396_f01,xy,0.970094176710988
L396_f01,xy,2.6497629817753334
L396_f01,xy,0.4343695067859079
L396_f01,xy,0.7453247744056536
L396_f01,xy,0.7881886877895256
L396_f01,xy,0.7188970634289482
L396_f01,xy,1.2477586944582575
L396_f01,xy,1.3364753299745242
L396_f01,xy,1.0176904131222804
L396_f01,xy,0.8029672741232871
L396_f01,xy,0.3996987422399904
L396_f01,xy,0.8381754229072391
L396_f01,xy,3.299924076726409
L396_f01,xy,0.3576813592606997
L396_f01,xy,3.212034510929419
L396_f01,xy,1.402416455209181
L396_f01,xy,1.1723301206590555
L396_f01,xy,0.6107942253736379
L396_f01,xy,1.1038365151514784
L396_f01,xy,1.0611076663104069
L396_f01,xy,0.5644020497876349
L396_f01,xy,1.567106960130006
L396_f01,xy,1.5337403131660932
L396_f01,xy,1.8976151557434964
L396_f01,xy,1.8523643820453903
L396_f01,xy,0.96019437809626
L396_f01,xy,1.7112080263466525
L396_f01,xy,2.9162232768374983
L396_f01,xy,0.7453746280933573
L396_f01,xy,2.119926446454494
L396_f01,xy,0.2314353659799791
L396_f01,xy,1.2078701281124944
L396_f01,xy,1.7259820188891124
L396_f01,xy,1.91662921180591
L396_f01,xy,2.5006275241455342
L396_f01,xy,0.8502421739873193
L396_f01,xy,1.3713511938951994
L396_f01,xy,0.7831236560584247
L396_f01,xy,0.1326922517238879
L396_f01,xy,1.354514041339613
L396_f01,xy,1.2097917560298714
L396_f01,xy,0.5147983666934511
L396_f01,xy,1.4258582125302903
L396_f01,xy,0.8761270646639733
L396_f01,xy,0.5346672093456807
L396_f01,xy,0.3332828053477473
L396_f01,xy,1.5119831785000155
L396_f01,xy,0.6195543463617903
L396_f01,xy,0.0937720655735463
L396_f01,xy,1.5745574964575044
L396_f01,xy,0.7065236831312749
L396_f01,xy,1.4001339980666376
L396_f01,xy,2.096032870806301
L396_f01,xy,1.1531536690988633
L396_f01,xy,0.8822464146457484
L396_f01,xy,1.161094280808588
L396_f01,xy,2.6184054400371752
L396_f01,xy,1.2745084648235203
L396_f01,xy,1.454012767061113
L396_f01,xy,1.748094419834599
L396_f01,xy,1.0450406261559486
L396_f01,xy,1.6706419199795843
L396_f01,xy,0.2983379764713659
L396_f01,xy,1.1939031456376383
L396_f01,xy,1.2477444862587443
L396_f01,xy,1.4971707794817062
L396_f01,xy,2.3819397031850413
L396_f01,xy,2.057819144614498
L396_f01,xy,2.355311410794397
L396_f01,xy,0.5310627566409603
L396_f01,xy,0.6558703541302062
L396_f01,xy,0.8026808235155476
L396_f01,xy,1.6487784483831245
L396_f01,xy,1.2999219887654068
L396_f01,xy,1.810403152460012
L396_f01,xy,2.2233864252909994
L396_f01,xy,0.6994653352288869
L396_f01,xy,0.4388902311005804
L396_f01,xy,0.6059233392691482
L396_f01,xy,0.9684387593142836
L396_f01,xy,1.5742476377834045
L396_f01,xy,0.6902772554416808
L396_f01,xy,1.1082250370690625
L396_f01,xy,1.7237156808008454
L396_f01,xy,0.6909360438794873
L396_f01,xy,0.9566927284085254
L396_f01,xy,1.8656080208749104
L396_f01,xy,1.0158105589110935
L396_f01,xy,1.7505678586844786
L396_f01,xy,1.033596537226006
L396_f01,xy,1.1165511192970567
L396_f01,xy,0.9375811676366652
L396_f01,xy,0.9751979112098936
L396_f01,xy,1.3958964037333976
L396_f01,xy,1.3534042471669554
L396_f01,xy,1.6904903688633162
L396_f01,xy,1.0951596416563896
L396_f01,xy,0.6838209055506832
L396_f01,xy,0.5950274539975542
L396_f01,xy,0.9815240707056953
L396_f01,xy,1.3546717194234874
L396_f01,xy,1.2982501420049248
L396_f01,xy,1.7938956861059352
L396_f01,xy,1.9694977421372968
L396_f01,xy,2.59616554175932
L396_f01,xy,1.7779310231289924
L396_f01,xy,1.3784776418559417
L396_f01,xy,0.9089295691956728
L396_f01,xy,0.1405722963556698
L396_f01,xy,1.4798286839630093
L396_f01,xy,3.110127522934002
L396_f01,xy,2.1302613665793504
L396_f01,xy,2.1176954130520156
L396_f01,xy,1.325341288418017
L396_f01,xy,2.9030935109768667
L396_f01,xy,1.4100724021658462
L396_f01,xy,1.0606820885193626
L396_f01,xy,0.5856471348767309
L396_f01,xy,1.8538877170312944
L396_f01,xy,0.897114680004061
L396_f01,xy,1.6292923988906305
L396_f01,xy,0.1935473775701196
L396_f01,xy,1.447212176373483
L396_f01,xy,2.988358241113156
L396_f01,xy,0.4219094653487829
L396_f01,xy,0.6602649947416246
L396_f01,xy,0.0798521836841875
L396_f01,xy,2.9407186977451643
L396_f01,xy,2.4784451939546637
L396_f01,xy,0.5298393377543775
L396_f01,xy,2.5119134088788897
L396_f01,xy,0.6702405507609889
L396_f01,xy,2.146229588031314
L396_f01,xy,1.829546399655592
L396_f01,xy,2.925533967833008
L396_f01,xy,1.233297282989818
L396_f01,xy,0.8993770767736305
L396_f01,xy,1.0081107384842174
L396_f01,xy,1.4783597056049185
L396_f01,xy,2.5434027631369385
L396_f01,xy,1.2562131042954503
L396_f01,xy,1.9445840795568428
L396_f01,xy,1.3607676871226368
L396_f01,xy,0.8872351757433439
L396_f01,xy,1.292644985167024
L396_f01,xy,0.166278760167678
L396_f01,xy,2.2634919242950344
L396_f01,xy,1.2397413030957944
L396_f01,xy,2.1337333060561035
L396_f01,xy,1.304203354445565
L396_f01,xy,1.2720223862008424
L396_f01,xy,2.805143411468037
L396_f01,xy,0.883444131799422
L396_f01,xy,0.7482519378322824
L396_f01,xy,2.1351000233628157
L396_f01,xy,0.9936626295329604
L396_f01,xy,2.3216216383707167
L396_f01,xy,1.8784098839826544
L396_f01,xy,2.8326296226443133
L396_f01,xy,0.8688333242571972
L396_f01,xy,3.1552159985405233
L396_f01,xy,1.1225646419943676
L396_f01,xy,2.7119012683352293
L396_f01,xy,2.233231170886941
L396_f01,xy,2.214578908970873
L396_f01,xy,1.4788187337545582
L396_f01,xy,1.3303245993358797
L396_f01,xy,1.5119685551254736
L396_f01,xy,1.5095568973296367
L396_f01,xy,0.557416442257512
L396_f01,xy,0.9830650139459324
L396_f01,xy,2.2329747683137535
L396_f01,xy,1.744305947359176
L396_f01,xy,3.8352706833442345
L396_f01,xy,2.2712983827942264
L396_f01,xy,1.2682869393697178
L396_f01,xy,1.610409326270729
L396_f01,xy,1.5378266283906965
L396_f01,xy,0.7219870479276985
L396_f01,xy,0.6556717181715356
L396_f01,xy,0.3340922271010658
L396_f01,xy,1.823851127666803
L396_f01,xy,0.8002893630930131
L396_f01,xy,1.8068190280393115
L396_f01,xy,0.7283288164949326
L396_f01,xy,2.0721008360810056
L396_f01,xy,1.018691444367282
L396_f01,xy,1.06683134944778
L396_f01,xy,1.6755456812288183
L396_f01,xy,1.212729272455239
L396_f01,xy,1.1148240941542598
L396_f01,xy,1.2759251341534297
L396_f01,xy,3.117446954636414
L396_f01,xy,4.9108626769092325
L396_f01,xy,2.323372653582658
L396_f01,xy,1.0997442748131083
L396_f01,xy,1.6015411272692504
L396_f01,xy,1.955689081092281
L396_f01,xy,1.6897214655379542
L396_f01,xy,2.751530254736249
L396_f01,xy,1.2525608545393716
L396_f01,xy,2.7589070967336524
L396_f01,xy,0.3312611972670614
L396_f01,xy,1.802625059636292
L396_f01,xy,0.6061617405977119
L396_f01,xy,1.5250544671540858
L396_f01,xy,2.1467566147099846
L396_f01,xy,0.5886642877066649
L396_f01,xy,0.8928177739558241
L396_f01,xy,2.537622496097466
L396_f01,xy,2.246384276852441
L396_f01,xy,2.043603376071732
L396_f01,xy,1.6601020657274206
L396_f01,xy,1.4175480758844532
L396_f01,xy,2.3464897598213557
L396_f01,xy,1.9100498901398204
L396_f01,xy,1.4839371846813103
L396_f01,xy,1.8937291616424992
L396_f01,xy,2.6236314388458695
L396_f01,xy,2.1743012701820352
L396_f01,xy,1.8130462162616148
L396_f01,xy,1.4309300351432026
L396_f01,xy,0.3153353353510035
L396_f01,xy,0.9195421747590458
L396_f01,xy,2.0821809487330216
L396_f01,xy,2.8815642643886
L396_f01,xy,0.7377759749151238
L396_f01,xy,3.2410552429086223
L396_f01,xy,1.2498460774362472
L396_f01,xy,1.615245878147027
L396_f01,xy,1.1200147693826166
L396_f01,xy,0.8261118594911776
L396_f01,xy,1.092189595138347
L396_f01,xy,5.276372258363989
L396_f01,xy,2.7986830234361606
L396_f01,xy,0.9056359092276814
L396_f01,xy,2.2994605278162963
L396_f01,xy,1.9863471348874977
L396_f01,xy,0.4704280224633254
L396_f01,xy,1.4802262533142514
L396_f01,xy,0.7816045022261462
L396_f01,xy,3.491665241606554
L396_f01,xy,1.9984608164615227
L396_f01,xy,0.646316201412234
L396_f01,xy,3.328417316344807
L396_f01,xy,1.8204240444890056
L396_f01,xy,4.3845686461990105
L396_f01,xy,1.4464629706241088
L396_f01,xy,2.732805276954076
L396_f01,xy,1.9147967249627007
L396_f01,xy,2.625193198080248
L396_f01,xy,2.2521064460205653
L396_f01,xy,0.6651056590794004
L396_f01,xy,0.4637264829871476
L396_f01,xy,2.757230105464945
L396_f01,xy,2.000555339335219
L396_f01,xy,2.009311220369564
L396_f01,xy,0.9463538351614345
L396_f01,xy,1.2483447790102986
L396_f01,xy,0.6720231311642335
L396_f01,xy,1.5874446261938195
L396_f01,xy,0.4714945170645279
L396_f01,xy,1.711283291946373
L396_f01,xy,2.119807124493692
L396_f01,xy,0.5830832049176895
L396_f01,xy,0.0674435372738727
L396_f01,xy,1.0369228910894732
L396_f01,xy,0.8614687272060494
L396_f01,xy,2.5398495391828404
L396_f01,xy,2.8199911935355897
L396_f01,xy,2.389629014211765
L396_f01,xy,0.7948648309428687
L396_f01,xy,1.061973497334314
L396_f01,xy,1.151182515479959
L396_f01,xy,0.3658344344641286
L396_f01,xy,0.9069537155439868
L396_f01,xy,2.7458434442363937
L396_f01,xy,1.0062645444914278
L396_f01,xy,3.180583229022776
L396_f01,xy,0.4967041826995938
L396_f01,xy,0.980353704386105
L396_f01,xy,0.3417423248413835
L396_f01,xy,0.2267355156435269
L396_f01,xy,2.0237628257342943
L396_f01,xy,0.1356649704250103
L396_f01,xy,2.333310112671092
L396_f01,xy,2.3965993562393044
L396_f01,xy,0.6088723044841602
L396_f01,xy,0.92280605195381
L396_f01,xy,3.044198121742802
L396_f01,xy,2.849178000192365
L396_f01,xy,1.9907319092344924
L396_f01,xy,2.527958633536968
L396_f01,xy,2.6133901052219475
L396_f01,xy,3.6043719175704054
L396_f01,xy,1.918806978485682
L396_f01,xy,0.670185637016316
L396_f01,xy,6.525369598164015
L396_f01,xy,5.072801074431147
L396_f01,xy,1.287519348117689
L396_f01,xy,2.178568376866888
L396_f01,xy,1.0687431817508215
L396_f01,xy,1.5487664194512702
L396_f01,xy,1.5698898994927275
L396_f01,xy,2.1239661508877368
L396_f01,xy,0.8842997243910589
L396_f01,xy,0.7235866352727194
L396_f01,xy,1.5123910404480156
L396_f01,xy,1.7339120096622302
L396_f01,xy,1.4850238643772402
L396_f01,xy,3.5127791737177154
L396_f01,xy,0.7521166833819958
L396_f01,xy,0.5827543439776786
L396_f01,xy,4.063060786360243
L396_f01,xy,1.1780777249340169
L396_f01,xy,1.647427709822223
L396_f01,xy,1.8468257884864163
L396_f01,xy,2.955457126227648
L396_f01,xy,0.7105752608756337
L396_f01,xy,1.4501339195943523
L396_f01,xy,0.9774939141913012
L396_f01,xy,1.651903278573448
L396_f01,xy,2.773434296666196
L396_f01,xy,3.6282198573054463
L396_f01,xy,1.5202827692244976
L396_f01,xy,2.6856236422387183
L396_f01,xy,1.515980133933994
L396_f01,xy,3.0646434903382556
L396_f01,xy,1.1684046926585812
L396_f01,xy,0.4785925145440747
L396_f01,xy,2.3420689581510254
L396_f01,xy,1.1947004933293797
L396_f01,xy,0.8046539990917898
L396_f01,xy,0.5913895818774252
L396_f01,xy,1.108029847950391
L396_f01,xy,0.7579987548308279
L396_f01,xy,1.962560649772062
L396_f01,xy,0.5313542660172818
L396_f01,xy,1.1933941789702227
L396_f01,xy,2.1766800622818274
L396_f01,xy,0.4692352662146332
L396_f01,xy,0.3964850255443888
L396_f01,xy,1.5663541732145243
L396_f01,xy,1.7802892345537404
L396_f01,xy,3.622876511205037
L396_f01,xy,1.3440084947948705
L396_f01,xy,1.3489492390190634
L396_f01,xy,3.3048009292490277
L396_f01,xy,0.4366198142775934
L396_f01,xy,3.4387208797365485
L396_f01,xy,0.9631868061690348
L396_f01,xy,0.7108891962993238
L396_f01,xy,2.370692629382426
L396_f01,xy,0.4896853927603951
L396_f01,xy,1.9037154242164815
L396_f01,xy,3.232667576289641
L396_f01,xy,0.4313728082590538
L396_f01,xy,1.5975463218020811
L396_f01,xy,1.6441343104114616
L396_f01,xy,1.5906329148786216
L396_f01,xy,1.4359325738631827
L396_f01,xy,2.1950269548075263
L396_f01,xy,1.67816652723933
L396_f01,xy,1.578460038633244
L396_f01,xy,1.2337761496569242
L396_f01,xy,0.647587956341872
L396_f01,xy,0.9556507442197416
L396_f01,xy,0.9990002062765748
L396_f01,xy,0.478023279352257
L396_f01,xy,3.5675061242807136
L396_f01,xy,2.875005888613731
L396_f01,xy,0.6320507413165121
L396_f01,xy,0.5951011683201858
L396_f01,xy,1.940475233720763
L396_f01,xy,1.1071077221187444
L396_f01,xy,2.5684261991774187
L396_f01,xy,0.8051505542584191
L396_f01,xy,0.6617489273011601
L396_f01,xy,2.0279861636464607
L396_f01,xy,3.8211657267442543
L396_f01,xy,0.6417055729644197
L396_f01,xy,2.193220871219298
L396_f01,xy,1.5051808800572135
L396_f01,xy,0.3035278627580233
L396_f01,xy,3.192220790772928
L396_f01,xy,0.5017260116568941
L396_f01,xy,0.4373377070490415
L396_f01,xy,1.275123631655276
L396_f01,xy,1.5637996713741529
L396_f01,xy,1.965538370838617
L396_f01,xy,1.3095714518747417
L396_f01,xy,0.5199340295379776
L396_f01,xy,1.243096784461796
L396_f01,xy,1.111986354108891
L396_f01,xy,2.084687467420065
L396_f01,xy,0.2885390237655301
L396_f01,xy,1.2681068766058907
L396_f01,xy,1.1214015597273768
L396_f01,xy,1.5188165152962505
L396_f01,xy,1.989116973389028
L396_f01,xy,0.2858689387380609
L396_f01,xy,1.2069797478754374
L396_f01,xy,1.5262404092130053
L396_f01,xy,2.293921963361109
L396_f01,xy,2.2794048557387656
L396_f01,xy,1.23783968493753
L396_f01,xy,2.589996308733274
L396_f01,xy,0.1856200416131561
L396_f01,xy,0.3182521724972916
L396_f01,xy,1.2672033391457964
L396_f01,xy,1.9758874988371489
L396_f01,xy,0.707060000417811
L396_f01,xy,1.381754041274315
L396_f01,xy,0.8876614762127361
L396_f01,xy,1.6847669789425104
L396_f01,xy,0.4789670872140562
L396_f01,xy,0.7338925747078493
L396_f01,xy,3.263690411058238
L396_f01,xy,2.7892141897976996
L396_f01,xy,1.458624730377091
L396_f01,xy,1.9319154281341429
L396_f01,xy,1.224535869857358
L396_f01,xy,1.3130593974249272
L396_f01,xy,2.0451693314717208
L396_f01,xy,5.482301962691576
L396_f01,xy,1.49121683833114
L396_f01,xy,2.2628855615914296
L396_f01,xy,0.7981233204507895
L396_f01,xy,0.5660409955065042
L396_f01,xy,1.695317932265117
L396_f01,xy,2.2737308130209057
L396_f01,xy,0.9363330860324014
L396_f01,xy,1.372275485410029
L396_f01,xy,2.0961077568004143
L396_f01,xy,3.0766224735358736
L396_f01,xy,1.7432442342951682
L396_f01,xy,1.6357139309382147
L396_f01,xy,3.190914453084534
L396_f01,xy,1.6388124788508074
L396_f01,xy,0.9223258489054542
L396_f01,xy,0.4058821817436156
L396_f01,xy,0.5619048120472075
L396_f01,xy,0.3141298107229444
L396_f01,xy,1.934347546920811
L396_f01,xy,1.175153179034343
L396_f01,xy,0.7143749532946966
L396_f01,xy,1.8406726455766391
L396_f01,xy,0.4344373118579355
L396_f01,xy,0.4072792050387055
L396_f01,xy,2.3277258656302537
L396_f01,xy,1.2876965419157964
L396_f01,xy,1.0203768827906314
L396_f01,xy,1.5182430286267468
L396_f01,xy,0.4263004083348129
L396_f01,xy,1.9004165724185689
L396_f01,xy,2.175386916020601
L396_f01,xy,0.9221832790403788
L396_f01,xy,1.1580148674383866
L396_f01,xy,0.8863780262893126
L396_f01,xy,2.20963486706432
L396_f01,xy,1.4512279431133144
L396_f01,xy,0.9022084073224386
L396_f01,xy,0.7298764307107243
L396_f01,xy,1.6143041319349136
L396_f01,xy,0.7147984661288604
L396_f01,xy,0.4616287378590046
L396_f01,xy,1.6712256087138846
L396_f01,xy,1.5840541608650465
L396_f01,xy,1.3011246597639825
L396_f01,xy,0.9792573405075684
L396_f01,xy,1.0412060083585783
L396_f01,xy,1.5417474984846702
L396_f01,xy,0.8621250285216713
L396_f01,xy,0.1833691930940266
L396_f01,xy,1.909352983816974
L396_f01,xy,3.2150004444729174
L396_f01,xy,0.675568016023155
L396_f01,xy,3.1715689291220266
L396_f01,xy,1.990715286546887
L396_f01,xy,0.752340848042844
L396_f01,xy,1.0405634088236153
L396_f01,xy,2.0127788872615775
L396_f01,xy,0.8019763208322251
L396_f01,xy,1.5008488754310865
L396_f01,xy,1.1257722504054617
L396_f01,xy,0.9233767134818412
L396_f01,xy,0.1778617989907295
L396_f01,xy,0.1355078206232531
L396_f01,xy,1.0790644381362955
L396_f01,xy,0.5906482236168239
L396_f01,xy,4.0746454766431865
L396_f01,xy,0.9272335880677692
L396_f01,xy,0.4243391772883687
L396_f01,xy,0.9278666527152872
L396_f01,xy,4.935477363990926
L396_f01,xy,1.2853464675628574
L396_f01,xy,1.2614668874274226
L396_f01,xy,2.682424482425504
L396_f01,xy,1.0976753825114205
L396_f01,xy,3.4161691862334616
L396_f01,xy,1.5072149319222417
L396_f01,xy,1.230745750723702
L396_f01,xy,1.0799174145993815
L396_f01,xy,1.5080686723709444
L396_f01,xy,0.8196595086300573
L396_f01,xy,1.6691834963523915
L396_f01,xy,0.0973537622713459
L396_f01,xy,1.0163318003827686
L396_f01,xy,1.2866114613295585
L396_f01,xy,0.8488960072167857
L396_f01,xy,1.7848707673894255
L396_f01,xy,0.2065191812582952
L396_f01,xy,1.1258039114885476
L396_f01,xy,0.9302675576234748
L396_f01,xy,0.6931858981919393
L396_f01,xy,0.5449913448087171
L396_f01,xy,0.1819529775846147
L396_f01,xy,0.5214974418081271
L396_f01,xy,0.6158092416310823
L396_f01,xy,1.0150201205306566
L396_f01,xy,1.0951709890072008
L396_f01,xy,0.4513808744754923
L396_f01,xy,0.5513343256887983
L396_f01,xy,1.0484951698533167
L396_f01,xy,0.4887077460932518
L396_f01,xy,1.1257075363127722
L396_f01,xy,0.3786178374600796
L396_f01,xy,0.2213311997991312
L396_f01,xy,0.492055820678632
L396_f01,xy,0.457800615417575
L396_f01,xy,0.7623344784042321
L396_f01,xy,1.0679729075360205
L396_f01,xy,1.2744052683103857
L396_f01,xy,0.2617733184320031
L396_f01,xy,2.5948463061719207
L396_f01,xy,1.3247588033528603
L396_f01,xy,0.7726207031918068
L396_f01,xy,1.430339737263378
L396_f01,xy,0.627706240669826
L396_f01,xy,0.9143876441850224
L396_f01,xy,0.7558106817804419
L396_f01,xy,0.741582185138015
L396_f01,xy,1.8951504958854712
L396_f01,xy,0.3408372888077453
L396_f01,xy,2.6321828592985277
L396_f01,xy,2.5153029339544286
L396_f01,xy,1.5420152271949743
L396_f01,xy,1.487017965643232
L396_f01,xy,0.266675992260712
L396_f01,xy,1.490032882029947
L396_f01,xy,1.9136367919797828
L396_f01,xy,0.2160257845655933
L396_f01,xy,1.95904658936918
L396_f01,xy,0.2786062004015891
L396_f01,xy,1.7245479333109068
L396_f01,xy,0.4458347592054603
L396_f01,xy,1.0265006079960797
L396_f01,xy,0.7707208149571418
L396_f01,xy,0.512380361291954
L396_f01,xy,0.5860606122018907
L396_f01,xy,4.00523205629409
L396_f01,xy,1.281955716682425
L396_f01,xy,0.2599210755546106
L396_f01,xy,0.689141541614149
L396_f01,xy,1.326530964107996
L396_f01,xy,0.4053281255477122
L396_f01,xy,1.3077689682232716
L396_f01,xy,0.6837349236773541
L396_f01,xy,0.8146991924719116
L396_f01,xy,1.677121141013111
L396_f01,xy,0.9986158099136638
L396_f01,xy,0.31490461717247
L396_f01,xy,1.3587002628778189
L396_f01,xy,1.9864985584309147
L396_f01,xy,2.8542036619072753
L396_f01,xy,1.3631273482518635
L396_f01,xy,4.0719139124796495
L396_f01,xy,1.8779732980893575
L396_f01,xy,1.3919254789469035
L396_f01,xy,1.209872356802913
L396_f01,xy,1.346048763690019
L396_f01,xy,3.2390697673118636
L396_f01,xy,1.287945970754969
L396_f01,xy,1.1978703359757117
L396_f01,xy,1.219469418577161
L396_f01,xy,1.912440942232979
L396_f01,xy,3.406856618960521
L396_f01,xy,2.758246195844453
L396_f01,xy,1.3996461240160247
L396_f01,xy,1.3945567445104363
L396_f01,xy,2.5331818343829706
L396_f01,xy,2.1499482002302317
L396_f01,xy,2.6320528956440343
L396_f01,xy,1.4524336164331415
L396_f01,xy,1.1597763318534065
L396_f01,xy,2.3525345010892633
L396_f01,xy,3.3443672377178153
L396_f01,xy,1.3332285579616827
L396_f01,xy,1.0276720183296233
L396_f01,xy,0.4449782049786516
L396_f01,xy,2.5108880703284675
L396_f01,xy,2.406925262308198
L396_f01,xy,0.5877354363680141
L396_f01,xy,2.0455889354116317
L396_f01,xy,1.169592852809241
L396_f01,xy,0.3118613524029877
L396_f01,xy,0.9524919693065
L396_f01,xy,1.1795971396064542
L396_f01,xy,0.9416301559777932
L396_f01,xy,0.2844141180178948
L396_f01,xy,1.230877092439489
L396_f01,xy,1.0504209792033692
L396_f01,xy,0.2779278738157806
L396_f01,xy,2.124711218866198
L396_f01,xy,0.5849471837777497
L396_f01,xy,1.258099918275817
L396_f01,xy,2.4663468100047923
L396_f01,xy,1.5914177689853737
L396_f01,xy,1.1149473626330049
L396_f01,xy,1.6632832166045175
L396_f01,xy,2.9684332163123517
L396_f01,xy,0.8060869969218197
L396_f01,xy,0.1411357466875996
L396_f01,xy,1.0609070344278502
L396_f01,xy,0.7449853473780189
L396_f01,xy,2.4862422135350988
L396_f01,xy,0.9744319987635568
L396_f01,xy,1.3826313894441429
L396_f01,xy,0.6426801255964779
L396_f01,xy,1.3264462306890488
L396_f01,xy,1.181217205484806
L396_f01,xy,1.682929514381816
L396_f01,xy,1.5726042976996175
L396_f01,xy,0.6235721011284305
L396_f01,xy,3.1246138952472764
L396_f01,xy,8.920388340456118
L396_f01,xy,3.0841658103946217
L396_f01,xy,0.924899459201018
L396_f01,xy,2.974556865405313
L396_f01,xy,2.075592659098973
L396_f01,xy,1.281558076082032
L396_f01,xy,1.2774450328881926
L396_f01,xy,0.4231912382041366
L396_f01,xy,1.6566650142205894
L396_f01,xy,1.7790977839424411
L396_f01,xy,0.9281707942177876
L396_f01,xy,0.4709172277228667
L396_f01,xy,1.9420982736531092
L396_f01,xy,2.6700028682553913
L396_f01,xy,0.7529733968041913
L396_f01,xy,1.7441660697233772
L396_f01,xy,0.8783486926359243
L396_f01,xy,1.8737497821773104
L396_f01,xy,1.506276420790287
L396_f01,xy,2.1715925270253393
L396_f01,xy,1.6594296669974462
L396_f01,xy,1.3956165989812157
L396_f01,xy,1.230273301951888
L396_f01,xy,0.8023339293761597
L396_f01,xy,1.1711656521118952
L396_f01,xy,1.336246078204407
L396_f01,xy,1.2435106516435706
L396_f01,xy,1.900148737229861
L396_f01,xy,2.8003599952737632
L396_f01,xy,1.2390518587904291
L396_f01,xy,1.1904177998813763
L396_f01,xy,1.4928024895435752
L396_f01,xy,2.2719755610126664
L396_f01,xy,0.9631800984482056
L396_f01,xy,0.2777347879281198
L396_f01,xy,0.5885595990366257
L396_f01,xy,1.8647997913756753
L396_f01,xy,1.0738091330273394
L396_f01,xy,0.5592317379584635
L396_f01,xy,1.8414383729261192
L396_f01,xy,0.8864539013298505
L396_f01,xy,1.366333285821654
L396_f01,xy,1.5767571075216926
L396_f01,xy,1.425458569119689
L396_f01,xy,1.3345454274357016
L396_f01,xy,1.5519911153957042
L396_f01,xy,1.4634093681370235
L396_f01,xy,0.7381220593601723
L396_f01,xy,2.7724982715435047
L396_f01,xy,0.7209153104395232
L396_f01,xy,0.937440774573895
L396_f01,xy,0.9400787182737778
L396_f01,xy,1.6855918229868485
L396_f01,xy,0.654496278351212
L396_f01,xy,0.7236722459131285
L396_f01,xy,1.1285007123507549
L396_f01,xy,0.403358471455674
L396_f01,xy,1.765273183519945
L396_f01,xy,1.282487020177027
L396_f01,xy,1.485098214502834
L396_f01,xy,0.5926316966385081
L396_f01,xy,0.4811862423343164
L396_f01,xy,1.2970465380319534
L396_f01,xy,2.7404697800107853
L396_f01,xy,0.4096277593669329
L396_f01,xy,0.9085857999693074
L396_f01,xy,0.8671089667964468
L396_f01,xy,0.5363358651123371
L396_f01,xy,0.0664139693021021
L396_f01,xy,1.263334716850925
L396_f01,xy,1.4539438317196445
L396_f01,xy,1.902710595317451
L396_f01,xy,2.4922337198721385
L396_f01,xy,2.446920912021404
L396_f01,xy,1.9762589649772229
L396_f01,xy,0.7227191229182298
L396_f01,xy,2.678385377039989
L396_f01,xy,0.6628848857793792
L396_f01,xy,1.123096290232764
L396_f01,xy,1.954084048658543
L396_f01,xy,1.2863320893579933
L396_f01,xy,0.986880220412497
L396_f01,xy,0.8061293206034265
L396_f01,xy,0.8431023867218022
L396_f01,xy,1.290650033464992
L396_f01,xy,1.3562601123011584
L396_f01,xy,1.2102686913652296
L396_f01,xy,1.4674835224381584
L396_f01,xy,1.0192170145775856
L396_f01,xy,1.3727059705006313
L396_f01,xy,1.0217774451069848
L396_f01,xy,1.3866548261828644
L396_f01,xy,0.8978436339146487
L396_f01,xy,1.062943689789208
L396_f01,xy,0.9347194851247764
L396_f01,xy,0.4636047961111774
L396_f01,xy,0.7139943022817111
L396_f01,xy,1.911663076041714
L396_f01,xy,0.5024235211333037
L396_f01,xy,0.6404837519626193
L396_f01,xy,0.9769210202696472
L396_f01,xy,1.2113428316066306
L396_f01,xy,1.1794405192850523
L396_f01,xy,1.5507117797020529
L396_f01,xy,0.7080919935427136
L396_f01,xy,0.7361967198102191
L396_f01,xy,0.6726321029589604
L396_f01,xy,1.6704948443420928
L396_f01,xy,0.3745846808282079
L396_f01,xy,0.2078383804801567
L396_f01,xy,1.913412028510554
L396_f01,xy,1.4268072500174906
L396_f01,xy,0.3955253185131784
L396_f01,xy,0.4114042889610575
L396_f01,xy,2.323512526396231
L396_f01,xy,0.1243773426629895
L396_f01,xy,0.3922753481099634
L396_f01,xy,0.6400297508287971
L396_f01,xy,0.3126862246181466
L396_f01,xy,1.5322717238005876
L396_f01,xy,0.5210726939157113
L396_f01,xy,1.5190252048635944
L396_f01,xy,1.5247603892173944
L396_f01,xy,1.1150792924399244
L396_f01,xy,2.6908912793568094
L396_f01,xy,0.5946551222668823
L396_f01,xy,1.3263277757414789
L396_f01,xy,0.8793841959001021
L396_f01,xy,1.2866950292240087
L396_f01,xy,0.2346079545041928
L396_f01,xy,1.3901278441267635
L396_f01,xy,1.8274777340842852
L396_f01,xy,0.952197544678666
L396_f01,xy,0.3609693775365152
L396_f01,xy,0.0684658887741336
L396_f01,xy,2.0796926346099247
L396_f01,xy,1.085352181219235
L396_f01,xy,2.4767217452437067
L396_f01,xy,1.121025014300213
L396_f01,xy,1.296327840236803
L396_f01,xy,0.2323816979367561
L396_f01,xy,1.1574904490728457
L396_f01,xy,2.720302635076723
L396_f01,xy,2.082495384914106
L396_f01,xy,0.1856949685832831
L396_f01,xy,0.63329160450455
L396_f01,xy,2.794183573857946
L396_f01,xy,1.1969552554359777
L396_f01,xy,5.137797650347901
L396_f01,xy,0.5798987858133047
L396_f01,xy,1.1976834382418928
L396_f01,xy,1.1726315296012648
L396_f01,xy,3.283469456850316
L396_f01,xy,2.3396928279309783
L396_f01,xy,1.143019377489788
L396_f01,xy,2.2236719004931267
L396_f01,xy,0.5640840679985496
L396_f01,xy,1.4915709160842452
L396_f01,xy,0.8229114388838238
L396_f01,xy,1.9747623678014496
L396_f01,xy,0.7851373150047085
L396_f01,xy,0.9008084382598996
L396_f01,xy,0.1376926597491867
L396_f01,xy,0.5914763187401813
L396_f01,xy,1.8786058953423344
L396_f01,xy,0.4791897018187726
L396_f01,xy,0.2399257371257626
L396_f01,xy,1.0299009655944744
L396_f01,xy,1.5016447399931314
L396_f01,xy,3.833207018692302
L396_f01,xy,0.8410341709852268
L396_f01,xy,0.3967216686285071
L396_f01,xy,2.1814323134307374
L396_f01,xy,1.755412934287912
L396_f01,xy,1.160988385550697
L396_f01,xy,2.300484793053011
L396_f01,xy,0.8392600101085163
L396_f01,xy,0.4407869639848199
L396_f01,xy,2.082257862269768
L396_f01,xy,1.5415557864332448
L396_f01,xy,0.9290003241242728
L396_f01,xy,1.0313342700543762
L396_f01,xy,0.929473666424298
L396_f01,xy,0.4375934984715782
L396_f01,xy,0.4218772435028998
L396_f01,xy,1.945518279802911
L396_f01,xy,5.980416338372047
L396_f01,xy,1.871578053131611
L396_f01,xy,3.811058781926196
L396_f01,xy,0.8724491375011705
L396_f01,xy,1.8675689430149365
L396_f01,xy,0.3998747717936926
L396_f01,xy,2.938966776194498
L396_f01,xy,0.9074239077117464
L396_f01,xy,0.5334090172078894
L396_f01,xy,1.5432724571756369
L396_f01,xy,3.6768182129454545
L396_f01,xy,2.665154682996973
L396_f01,xy,0.987508566627358
L396_f01,xy,0.6374437476202313
L396_f01,xy,0.8365517638333451
L396_f01,xy,2.8696533598285017
L396_f01,xy,0.1992940359658801
L396_f01,xy,0.7864931867607952
L396_f01,xy,0.3900826157952989
L396_f01,xy,0.9007640735351202
L396_f01,xy,0.639337924412987
L396_f01,xy,1.8005008358892292
L396_f01,xy,1.051388337391375
L396_f01,xy,2.3200957773527517
L396_f01,xy,2.050151314276121
L396_f01,xy,1.919919684436045
L396_f01,xy,1.4977745311049182
L396_f01,xy,2.257425429536573
L396_f01,xy,0.9806508835966132
L396_f01,xy,2.145650813516749
L396_f01,xy,0.3874005079701192
L396_f01,xy,3.746405149893787
L396_f01,xy,3.971363956888024
L396_f01,xy,1.253248588850806
L396_f01,xy,2.0050006417780355
L396_f01,xy,1.9231597537114544
L396_f01,xy,0.3727980563397173
L396_f01,xy,1.0289665431733477
L396_f01,xy,1.6420137189655557
L396_f01,xy,0.587638825510755
L396_f01,xy,1.826361302934608
L396_f01,xy,2.7412680121683
L396_f01,xy,3.691425620445965
L396_f01,xy,1.8814627322715696
L396_f01,xy,0.7718385852541666
L396_f01,xy,1.2086609186408006
L396_f01,xy,0.7954017331876455
L396_f01,xy,0.2386329118933808
L396_f01,xy,1.0310385073106123
L396_f01,xy,1.7939076909059488
L396_f01,xy,1.3799398963451268
L396_f01,xy,1.8327433353437128
L396_f01,xy,1.5963275747171335
L396_f01,xy,1.1376117815365543
L396_f01,xy,0.1609011406508776
L396_f01,xy,1.1804878778285313
L396_f01,xy,1.1240671196254504
L396_f01,xy,0.4981192220869437
L396_f01,xy,0.7805315864202291
L396_f01,xy,1.6234290717566824
L396_f01,xy,1.615123367781574
L396_f01,xy,3.6617225062884486
L396_f01,xy,1.257504717269985
L396_f01,xy,0.4247540830213402
L396_f01,xy,3.0225257133071186
L396_f01,xy,1.1609820638209472
L396_f01,xy,1.353884616322292
L396_f01,xy,1.0130785152810018
L396_f01,xy,1.8078717722888105
L396_f01,xy,1.010859442965151
L396_f01,xy,1.3781111782904607
L396_f01,xy,1.0691757812714815
L396_f01,xy,1.572502258402988
L396_f01,xy,1.2462360327528306
L396_f01,xy,1.7544878725102788
L396_f01,xy,0.6452581146101274
L396_f01,xy,1.464782331579891
L396_f01,xy,0.8799911823320621
L396_f01,xy,2.396144568654689
L396_f01,xy,0.9960224796496332
L396_f01,xy,2.703388627085906
L396_f01,xy,1.895491161379032
L396_f01,xy,1.1187419556772549
L396_f01,xy,1.1234043780801553
L396_f01,xy,0.7372884585771422
L396_f01,xy,0.9417373370246506
L396_f01,xy,1.9097917705066536
L396_f01,xy,0.4820384309218754
L396_f01,xy,2.7991429763678464
L396_f01,xy,1.880676832026003
L396_f01,xy,1.175222738284177
L396_f01,xy,1.1699356961166394
L396_f01,xy,1.068018625595462
L396_f01,xy,0.2326550716721196
L396_f01,xy,1.400145591945822
L396_f01,xy,3.260174414583061
L396_f01,xy,4.676302353330725
L396_f01,xy,1.7365022192538428
L396_f01,xy,0.6821068439895103
L396_f01,xy,1.976293613135895
L396_f01,xy,0.4088923824284141
L396_f01,xy,1.2538737737150871
L396_f01,xy,0.5326209444908807
L396_f01,xy,0.3819740511251266
L396_f01,xy,0.7621918950387484
L396_f01,xy,2.2802225176581365
L396_f01,xy,1.8561441816859057
L396_f01,xy,0.1164959838531996
L396_f01,xy,3.431187590779476
L396_f01,xy,2.386232895600449
L396_f01,xy,0.4439079182936822
L396_f01,xy,1.255905267359663
L396_f01,xy,1.9291595049825816
L396_f01,xy,0.9241741630978032
L396_f01,xy,1.2706952811852528
L396_f01,xy,6.014133496875763
L396_f01,xy,1.1379517928156475
L396_f01,xy,4.21251297291467
L396_f01,xy,2.002103755819266
L396_f01,xy,1.450717093487514
L396_f01,xy,0.6497862550568708
L396_f01,xy,0.7468127136919126
L396_f01,xy,1.3129095192556322
L396_f01,xy,1.3371796624941406
L396_f01,xy,1.8568540268993552
L396_f01,xy,2.1998384924642784
L396_f01,xy,0.9210124740443044
L396_f01,xy,1.1152659729410994
L396_f01,xy,1.4012081988562324
L396_f01,xy,2.381121069229735
L396_f01,xy,1.505811436147678
L396_f01,xy,1.7242753613872883
L396_f01,xy,1.7095481055327622
L396_f01,xy,2.1032912798882952
L396_f01,xy,1.8409788886255896
L396_f01,xy,3.6011385187767524
L396_f01,xy,1.672049901391617
L396_f01,xy,2.872126647119779
L396_f01,xy,0.1900007526187542
L396_f01,xy,1.2395620255976003
L396_f01,xy,0.7298113385148418
L396_f01,xy,0.8072290726440547
L396_f01,xy,0.5490744583364069
L396_f01,xy,3.261024118648855
L396_f01,xy,1.6963378055582938
L396_f01,xy,1.7568451553477762
L396_f01,xy,0.8008501915138311
L396_f01,xy,2.68185827907816
L396_f01,xy,0.5928394088444208
L396_f01,xy,4.298377307358046
L396_f01,xy,1.9157989311459485
L396_f01,xy,1.959430302367195
L396_f01,xy,2.5075157203712344
L396_f01,xy,6.705944468844057
L396_f01,xy,2.136559239668566
L396_f01,xy,1.327941816016437
L396_f01,xy,2.8978010947468165
L396_f01,xy,0.4113172397349692
L396_f01,xy,0.8869895310925091
L396_f01,xy,0.7212651289622013
L396_f01,xy,2.346570776746623
L396_f01,xy,1.9093570137076952
L396_f01,xy,0.5429837500397846
L396_f01,xy,0.5825355169971832
L396_f01,xy,1.2088876918544424
L396_f01,xy,1.7153263274807309
L396_f01,xy,1.1470818766261497
L396_f01,xy,0.4447643051551657
L396_f01,xy,2.215281151110291
L396_f01,xy,1.55662312144702
L396_f01,xy,0.991718009776834
L396_f01,xy,2.5691665140337765
L396_f01,xy,1.9682618447518796
L396_f01,xy,1.569093942854889
L396_f01,xy,4.05416592773847
L396_f01,xy,1.877351862226283
L396_f01,xy,1.962678970900164
L396_f01,xy,0.9547722698670958
L396_f01,xy,2.2374246127555373
L396_f01,xy,3.474161001933852
L396_f01,xy,0.720258313594248
L396_f01,xy,1.8089460846757224
L396_f01,xy,2.0238298738533667
L396_f01,xy,2.232469780172712
L396_f01,xy,2.826840862179183
L396_f01,xy,0.7839993721643925
L396_f01,xy,0.6151946187339344
L396_f01,xy,2.090422719764371
L396_f01,xy,1.2786460350230906
L396_f01,xy,1.4251173854418973
L396_f01,xy,2.152874729443518
L396_f01,xy,3.4206440433573913
L396_f01,xy,1.7940533515097987
L396_f01,xy,0.2430356140260243
L396_f01,xy,1.4826674641819453
L396_f01,xy,1.0403538685365816
L396_f01,xy,1.37066755526781
L396_f01,xy,1.5761604594754852
L396_f01,xy,0.3520089187494123
L396_f01,xy,1.0441358033461068
L396_f01,xy,0.5270797480445673
L396_f01,xy,1.4982399921938183
L396_f01,xy,1.9988169090848131
L396_f01,xy,2.477582960477112
L396_f01,xy,3.4564310935611275
L396_f01,xy,2.3809263836239314
L396_f01,xy,3.072588156817012
L396_f01,xy,0.856838293473629
L396_f01,xy,0.9395050831858522
L396_f01,xy,3.465248094636127
L396_f01,xy,0.256537122740472
L396_f01,xy,1.5583366987351055
L396_f01,xy,3.154628244178406
L396_f01,xy,1.5894350373397057
L396_f01,xy,3.070564752770155
L396_f01,xy,1.2451849300098314
L396_f01,xy,1.3904866578536348
L396_f01,xy,2.1246962998749432
L396_f01,xy,1.6769673281006563
L396_f01,xy,2.766312403430575
L396_f01,xy,4.349676264310196
L396_f01,xy,0.5693903716492005
L396_f01,xy,2.3028806697256625
L396_f01,xy,1.6332033649152302
L396_f01,xy,2.7658011944434495
L396_f01,xy,0.622988345972948
L396_f01,xy,2.6053350001034414
L396_f01,xy,3.157468137605538
L396_f01,xy,2.1328551709243633
L396_f01,xy,1.676588471823121
L396_f01,xy,3.896465473783787
L396_f01,xy,1.1308459426232056
L396_f01,xy,0.451778486101337
L396_f01,xy,0.6444909240014122
L396_f01,xy,2.7507992008032343
L396_f01,xy,4.077642871033872
L396_f01,xy,3.326903508323379
L396_f01,xy,1.9587233929656351
L396_f01,xy,1.051426609678085
L396_f01,xy,2.254587483104953
L396_f01,xy,3.0689870758186086
L396_f01,xy,2.209886381997113
L396_f01,xy,1.1754156919896
L396_f01,xy,1.0000896167992916
L396_f01,xy,2.801027619325178
L396_f01,xy,2.0595287905604645
L396_f01,xy,3.3051188535817873
L396_f01,xy,1.7950004048049388
L396_f01,xy,1.1320298828060893
L396_f01,xy,1.1935698391141143
L396_f01,xy,1.04257391652606
L396_f01,xy,1.7908074983533682
L396_f01,xy,1.29340981112956
L396_f01,xy,0.932065142466791
L396_f01,xy,1.283762135045902
L396_f01,xy,0.922776134960695
L396_f01,xy,1.950664945523335
L396_f01,xy,2.5279661350713902
L396_f01,xy,1.5955483381479862
L396_f01,xy,1.659970064446669
L396_f01,xy,3.166707149870006
L396_f01,xy,2.759148806672433
L396_f01,xy,4.651399941686574
L396_f01,xy,1.541779564479734
L396_f01,xy,2.8636546668028964
L396_f01,xy,2.3247501377733704
L396_f01,xy,3.7127365003082686
L396_f01,xy,1.8824411132113337
L396_f01,xy,1.76755071221026
L396_f01,xy,3.2541243457872766
L396_f01,xy,3.966209966162092
L396_f01,xy,1.410261891393647
L396_f01,xy,1.6920340043426307
L396_f01,xy,1.4462153127310442
L396_f01,xy,4.524437518122975
L396_f01,xy,0.1734248931741307
L396_f01,xy,1.4114358042647182
L396_f01,xy,2.911449297388363
L396_f01,xy,5.405055664591494
L396_f01,xy,0.3118591409988655
L396_f01,xy,2.6728571490614756
L396_f01,xy,1.3287099159359754
L396_f01,xy,2.655336740741004
L396_f01,xy,1.7595875794961864
L396_f01,xy,0.8434887194887277
L396_f01,xy,1.9921493956470844
L396_f01,xy,4.551169093366919
L396_f01,xy,2.0121176808683705
L396_f01,xy,1.8868552197700312
L396_f01,xy,3.27997582459415
L396_f01,xy,0.5139683882086499
L396_f01,xy,1.3375539239992662
L396_f01,xy,2.0394324289811108
L396_f01,xy,2.232556093395806
L396_f01,xy,1.001489761560176
L396_f01,xy,2.906910377929131
L396_f01,xy,0.9051384379371664
L396_f01,xy,1.945380676924781
L396_f01,xy,0.9002797470274441
L396_f01,xy,2.365940708194663
L396_f01,xy,1.804106048095233
L396_f01,xy,1.47532445244845
L396_f01,xy,1.8259618073221695
L396_f01,xy,0.8910435546877474
L396_f01,xy,1.528355452528802
L396_f01,xy,1.6473384631736083
L396_f01,xy,2.284018059088595
L396_f01,xy,1.2837196330685283
L396_f01,xy,1.73517503753641
L396_f01,xy,1.6876867573683574
L396_f01,xy,0.6251620327622252
L396_f01,xy,2.7267698508684153
L396_f01,xy,2.4039038689476135
L396_f01,xy,1.0056314278431218
L396_f01,xy,0.6818402813225749
L396_f01,xy,2.189089179881168
L396_f01,xy,3.188091491120053
L396_f01,xy,2.6343732169903484
L396_f01,xy,1.7437222924353464
L396_f01,xy,0.7132761593116761
L396_f01,xy,0.9560259135507166
L396_f01,xy,1.2703256568161878
L396_f01,xy,1.0257146773431858
L396_f01,xy,3.452535788323403
L396_f01,xy,3.788160746503522
L396_f01,xy,1.6773604188331075
L396_f01,xy,2.169302122143271
L396_f01,xy,1.0866231410836205
L396_f01,xy,0.8676226207009724
L396_f01,xy,1.5047456008758244
L396_f01,xy,0.9374012053352556
L396_f01,xy,0.8281317179132276
L396_f01,xy,1.6593828905127024
L396_f01,xy,3.1247882331539203
L396_f01,xy,0.3525194393633037
L396_f01,xy,1.7823513493977683
L396_f01,xy,2.292473735259496
L396_f01,xy,2.041191380407968
L396_f01,xy,3.2826925543946186
L396_f01,xy,2.279333840175762
L396_f01,xy,5.63527672943484
L396_f01,xy,1.815162782959866
L396_f01,xy,0.2998542234863037
L396_f01,xy,0.7698696415789164
L396_f01,xy,3.700282364774465
L396_f01,xy,3.0206540414646788
L396_f01,xy,1.9360112283009228
L396_f01,xy,1.0550180262987452
L396_f01,xy,2.0955105809676824
L396_f01,xy,1.5926611915569813
L396_f01,xy,2.8367435283349103
L396_f01,xy,2.076861706456013
L396_f01,xy,1.5618230071976071
L396_f01,xy,1.0352548750707051
L396_f01,xy,2.410527367835046
L396_f01,xy,2.4061376231213796
L396_f01,xy,2.0582565821442738
L396_f01,xy,2.0703575035960116
L396_f01,xy,3.3292385420650583
L396_f01,xy,1.0312660636895683
L396_f01,xy,2.153965033883338
L396_f01,xy,1.571306357397766
L396_f01,xy,1.77277902864236
L396_f01,xy,0.7063378692119633
L396_f01,xy,0.7564662601636295
L396_f01,xy,0.7442528498618867
L396_f01,xy,1.8207304388977483
L396_f01,xy,2.157640322631385
L396_f01,xy,0.9531650304856014
L396_f01,xy,2.878954154508438
L396_f01,xy,0.9778494258065336
L396_f01,xy,2.238967870474936
L396_f01,xy,1.7581874789034455
L396_f01,xy,1.179608038848046
L396_f01,xy,0.3917572077101874
L396_f01,xy,1.545001501084032
L396_f01,xy,2.34714948782795
L396_f01,xy,1.3879472445268757
L396_f01,xy,2.39538447222497
L396_f01,xy,1.096813753640152
L396_f01,xy,2.0392572986215356
L396_f01,xy,0.721626891371591
L396_f01,xy,1.038509905022183
L396_f01,xy,1.5219396706213622
L396_f01,xy,1.37127762742936
L396_f01,xy,0.2342156198081383
L396_f01,xy,2.849610167188916
L396_f01,xy,0.6111381964737695
L396_f01,xy,1.572152846481841
L396_f01,xy,1.0086138513850242
L396_f01,xy,1.299938468054023
L396_f01,xy,1.8383959644594845
L396_f01,xy,1.4976243426652984
L396_f01,xy,0.493941585480199
L396_f01,xy,0.4519710595493528
L396_f01,xy,1.3603460928876383
L396_f01,xy,1.2949043683385286
L396_f01,xy,1.4675126856519511
L396_f01,xy,2.1393634740069594
L396_f01,xy,1.2116043031640973
L396_f01,xy,2.5839474097164397
L396_f01,xy,0.9092833614800688
L396_f01,xy,0.6779642315698731
L396_f01,xy,2.362712724196155
L396_f01,xy,1.748692754294975
L396_f01,xy,1.861525973566496
L396_f01,xy,0.1464210790664807
L396_f01,xy,2.917448294997397
L396_f01,xy,0.348065419048732
L396_f01,xy,2.646759380934583
L396_f01,xy,1.518734571789711
L396_f01,xy,1.0225515791329949
L396_f01,xy,1.5685782956067569
L396_f01,xy,2.9443139119972077
L396_f01,xy,0.671477524303049
L396_f01,xy,2.7826192594359083
L396_f01,xy,0.3047615138214494
L396_f01,xy,0.8316813293580327
L396_f01,xy,0.3339907154836605
L396_f01,xy,1.3230349658739684
L396_f01,xy,1.0608541789040118
L396_f01,xy,1.8242922976064897
L396_f01,xy,0.9892879762026444
L396_f01,xy,1.7076080269095948
L396_f01,xy,0.3843278318258366
L396_f01,xy,2.417817351934562
L396_f01,xy,1.5831711772503054
L396_f01,xy,4.166037756238556
L396_f01,xy,2.1094754434151106
L396_f01,xy,3.093115985490605
L396_f01,xy,1.561105024218522
L396_f01,xy,0.971337501818914
L396_f01,xy,1.004423602124882
L396_f01,xy,3.0802484051952703
L396_f01,xy,1.1198565105111895
L396_f01,xy,0.6974508219948942
L396_f01,xy,1.2920073103325918
L396_f01,xy,0.2372664171789887
L396_f01,xy,1.708541298611544
L396_f01,xy,1.9793954377797685
L396_f01,xy,0.4634108390600303
L396_f01,xy,1.062960653489285
L396_f01,xy,2.650993001973104
L396_f01,xy,0.774661378230568
L396_f01,xy,1.50646507031305
L396_f01,xy,1.4182206819788226
L396_f01,xy,1.4484731407531375
L396_f01,xy,2.3380832053145792
L396_f01,xy,0.7979528235367939
L396_f01,xy,1.607597648658473
L396_f01,xy,0.4860650017353753
L396_f01,xy,1.826705085653188
L396_f01,xy,0.8246932836273729
L396_f01,xy,1.8071514089300544
L396_f01,xy,2.4016707029725324
L396_f01,xy,0.6990137672192616
L396_f01,xy,1.0953875029655609
L396_f01,xy,1.2083547365069205
L396_f01,xy,1.242353620642074
L396_f01,xy,1.1069214673398966
L396_f01,xy,1.311666897816315
L396_f01,xy,1.3733364832309252
L396_f01,xy,1.0026397815610957
L396_f01,xy,1.4267617477353618
L396_f01,xy,0.8665365880027819
L396_f01,xy,0.5561634715774005
L396_f01,xy,6.051565366496583
L396_f01,xy,1.3062167453794835
L396_f01,xy,0.4987291395557668
L396_f01,xy,0.5292827017562961
L396_f01,xy,0.8520702618902449
L396_f01,xy,1.1597016470585408
L396_f01,xy,1.2528086193110683
L396_f01,xy,1.9029615428469888
L396_f01,xy,1.7207063269095866
L396_f01,xy,1.6705526737988674
L396_f01,xy,1.1152970678975345
L396_f01,xy,4.27931843597187
L396_f01,xy,0.9458705861070248
L396_f01,xy,2.36220521278861
L396_f01,xy,1.669310441900485
L396_f01,xy,0.4069146034431221
L396_f01,xy,7.952439073889049
L396_f01,xy,0.8929919777894956
L396_f01,xy,1.97105437607047
L396_f01,xy,2.632213261835945
L396_f01,xy,0.7108417447699623
L396_f01,xy,2.0152089099623858
L396_f01,xy,2.2852934186893785
L396_f01,xy,1.2080333788645798
L396_f01,xy,1.5212923691774605
L396_f01,xy,1.4380178146329243
L396_f01,xy,1.62637853017151
L396_f01,xy,2.0009535866073955
L396_f01,xy,0.9522810695100832
L396_f01,xy,2.335564106311832
L396_f01,xy,2.560473708923623
L396_f01,xy,3.9830278118180495
L396_f01,xy,2.85532921144294
L396_f01,xy,0.0811759704174283
L396_f01,xy,1.81435156584024
L396_f01,xy,3.452512530735634
L396_f01,xy,1.2037073641495202
L396_f01,xy,3.55572669393679
L396_f01,xy,2.041757099627054
L396_f01,xy,2.549030822249367
L396_f01,xy,1.3815324014251695
L396_f01,xy,1.1375979499454942
L396_f01,xy,0.2845556424032902
L396_f01,xy,2.929511226107232
L396_f01,xy,1.253754739675139
L396_f01,xy,2.191223016062303
L396_f01,xy,0.991356725412714
L396_f01,xy,0.8293730754756892
L396_f01,xy,1.7655545599700175
L396_f01,xy,1.0873576655312784
L396_f01,xy,0.8742070510671196
L396_f01,xy,2.376793544384938
L396_f01,xy,1.890134218116211
L396_f01,xy,2.4881795016010715
L396_f01,xy,0.6600119200958794
L396_f01,xy,1.1501073407242868
L396_f01,xy,0.903430664273748
L396_f01,xy,1.0782490403774505
L396_f01,xy,2.35706836214382
L396_f01,xy,2.523688842815951
L396_f01,xy,1.489110651147607
L396_f01,xy,1.9284120169435193
L396_f01,xy,0.6886540682223994
L396_f01,xy,2.0943358820550997
L396_f01,xy,1.1773727031950052
L396_f01,xy,1.3227534852314722
L396_f01,xy,1.3290655387264974
L396_f01,xy,1.085922125017101
L396_f01,xy,0.6255268449838687
L396_f01,xy,0.9620400921615369
L396_f01,xy,1.5184223276980802
L396_f01,xy,2.010085269839705
L396_f01,xy,1.574239838844239
L396_f01,xy,1.502754446229689
L396_f01,xy,1.9226806589794487
L396_f01,xy,2.0215547711051416
L396_f01,xy,1.682301299870386
L396_f01,xy,2.799248833081226
L396_f01,xy,1.6182430184673222
L396_f01,xy,2.1316781395945803
L396_f01,xy,1.217233415005628
L396_f01,xy,2.3188427230698956
L396_f01,xy,1.4052678492106674
L396_f01,xy,3.890295305760224
L396_f01,xy,0.2806400505993903
L396_f01,xy,0.9551160996837068
L396_f01,xy,0.8500763402456464
L396_f01,xy,1.6943941700777263
L396_f01,xy,1.587825793621432
L396_f01,xy,2.2121555531676105
L396_f01,xy,2.611847323071924
L396_f01,xy,1.7880210863803814
L396_f01,xy,0.793665470623525
L396_f01,xy,0.2163093555619999
L396_f01,xy,0.6032423768229888
L396_f01,xy,2.666418297353296
L396_f01,xy,1.342658343561237
L396_f01,xy,2.6584514485570616
L396_f01,xy,1.4751189736556105
L396_f01,xy,1.0576116475345232
L396_f01,xy,0.9433447252705126
L396_f01,xy,2.0143251554681996
L396_f01,xy,0.6545434332114671
L396_f01,xy,2.167514916006768
L396_f01,xy,1.11596258274305
L396_f01,xy,0.7018204578758497
L396_f01,xy,1.1338256109302125
L396_f01,xy,1.9506393685997985
L396_f01,xy,0.5560365502176332
L396_f01,xy,1.6988498116358492
L396_f01,xy,3.425181385618387
L396_f01,xy,0.2902515533497947
L396_f01,xy,0.999129216238504
L396_f01,xy,1.9219088672618525
L396_f01,xy,0.3744696389229189
L396_f01,xy,1.9895192965885795
L396_f01,xy,0.629789568573463
L396_f01,xy,1.7086680274186754
L396_f01,xy,0.3029536204042822
L396_f01,xy,1.0148045888397332
L396_f01,xy,1.8278527739749184
L396_f01,xy,3.746358293295774
L396_f01,xy,0.1463725668128269
L396_f01,xy,1.3437091265414085
L396_f01,xy,2.0392717282470367
L396_f01,xy,0.907756789791073
L396_f01,xy,0.8445506368716188
L396_f01,xy,1.449207909619666
L396_f01,xy,2.7846009821595525
L396_f01,xy,0.3897154896583519
L396_f01,xy,1.4029270534212055
L396_f01,xy,0.8888017561377654
L396_f01,xy,1.1143122021026943
L396_f01,xy,1.1692403352989649
L396_f01,xy,1.4042643714716636
L396_f01,xy,1.1085774943731188
L396_f01,xy,1.1708291363291177
L396_f01,xy,0.7759011660766186
L396_f01,xy,1.106480037338075
L396_f01,xy,1.8984009618623283
L396_f01,xy,0.0912168631375776
L396_f01,xy,0.6507199664067863
L396_f01,xy,0.8993011730411072
L396_f01,xy,0.9441513872478748
L396_f01,xy,1.2299337753888668
L396_f01,xy,0.9566678189456056
L396_f01,xy,2.3382911310615144
L396_f01,xy,1.9114891938204368
L396_f01,xy,1.8162052018396184
L396_f01,xy,0.4806293887104715
L396_f01,xy,0.4228237000548182
L396_f01,xy,0.2880642265361899
L396_f01,xy,1.60833225417528
L396_f01,xy,1.7646160140820664
L396_f01,xy,2.2092711016783766
L396_f01,xy,2.379778342651179
L396_f01,xy,1.466147284257843
L396_f01,xy,0.8089861480926595
L396_f01,xy,1.4229953590971594
L396_f01,xy,1.2227347228593055
L396_f01,xy,0.8162116285164455
L396_f01,xy,0.8499843259206015
L396_f01,xy,0.5350002189418104
L396_f01,xy,1.6650746580492293
L396_f01,xy,1.3263640623304227
L396_f01,xy,0.9398570738532248
L396_f01,xy,0.114168273078118
L396_f01,xy,0.5976153251170474
L396_f01,xy,1.5377559577446795
L396_f01,xy,1.0720813341309492
L396_f01,xy,2.1966484257150913
L396_f01,xy,1.1252879609979018
L396_f01,xy,1.639061395177663
L396_f01,xy,1.3000962908013054
L396_f01,xy,3.3819374165785687
L396_f01,xy,0.9171298666698297
L396_f01,xy,1.938970956325164
L396_f01,xy,1.5797978019600634
L396_f01,xy,1.381836927300212
L396_f01,xy,0.7193437992792164
L396_f01,xy,1.3398875382106534
L396_f01,xy,1.0966581273426592
L396_f01,xy,2.470429463338445
L396_f01,xy,0.7055225381849534
L396_f01,xy,1.273281211384507
L396_f01,xy,1.0977027081652142
L396_f01,xy,0.7475838163378682
L396_f01,xy,0.5136130010728309
L396_f01,xy,0.8833721414669743
L396_f01,xy,1.0018070226878466
L396_f01,xy,1.2794547558376217
L396_f01,xy,0.9251475405286864
L396_f01,xy,0.6864458129563576
L396_f01,xy,1.3025020340797513
L396_f01,xy,2.0585940189078
L396_f01,xy,0.577262274897569
L396_f01,xy,1.2536995874827306
L396_f01,xy,0.2458941170896713
L396_f01,xy,2.262282927965319
L396_f01,xy,0.9480311783606136
L396_f01,xy,1.5453622053721732
L396_f01,xy,0.4506159338265542
L396_f01,xy,1.453502047873448
L396_f01,xy,0.3722586862982362
L396_f01,xy,2.5337040132954978
L396_f01,xy,2.1613575726073777
L396_f01,xy,2.1627665426087805
L396_f01,xy,0.9982262341262942
L396_f01,xy,0.5027501328612303
L396_f01,xy,1.0883014523538557
L396_f01,xy,0.4179168749244781
L396_f01,xy,1.4231763966804718
L396_f01,xy,0.8446775251211931
L396_f01,xy,0.4058576715480864
L396_f01,xy,2.4431921707479685
L396_f01,xy,0.5197072116757889
L396_f01,xy,1.086861633955441
L396_f01,xy,0.9065674971377352
L396_f01,xy,0.6534097716951526
L396_f01,xy,2.032597254929488
L396_f01,xy,0.800061381894185
L396_f01,xy,2.5609646514555755
L396_f01,xy,0.8425131523450575
L396_f01,xy,0.3838896245054201
L396_f01,xy,0.8825318049273103
L396_f01,xy,0.4741115040208169
L396_f01,xy,3.746296689450218
L396_f01,xy,0.4394363019422218
L396_f01,xy,0.4099725142913853
L396_f01,xy,0.986163258110597
L396_f01,xy,0.9204656524292556
L396_f01,xy,1.094572762491157
L396_f01,xy,0.9486897367482268
L396_f01,xy,5.813413730762185
L396_f01,xy,1.1264848389947142
L396_f01,xy,0.2792682780776193
L396_f01,xy,0.9690240951671404
L396_f01,xy,1.872176014306001
L396_f01,xy,0.4469573362843059
L396_f01,xy,0.4431681327812526
L396_f01,xy,0.8073750096139358
L396_f01,xy,1.3000022555062725
L396_f01,xy,0.4922884619254953
L396_f01,xy,2.2266436944805204
L396_f01,xy,1.304887284850081
L396_f01,xy,1.0771237999179375
L396_f01,xy,1.9644568993018128
L396_f01,xy,0.8378112674651339
L396_f01,xy,0.6846092059608625
L396_f01,xy,0.8539877349873202
L396_f01,xy,0.709419213179499
L396_f01,xy,1.261602672078049
L396_f01,xy,0.966765063183076
L396_f01,xy,1.0844076680826766
L396_f01,xy,1.535253902431585
L396_f01,xy,2.2070970609715377
L396_f01,xy,0.9312209940496208
L396_f01,xy,0.7856852343169146
L396_f01,xy,1.0234967999488656
L396_f01,xy,0.3841729175006651
L396_f01,xy,1.4462058886095932
L396_f01,xy,1.1847550190328666
L396_f01,xy,1.2595818095528246
L396_f01,xy,0.9714355807350716
L396_f01,xy,0.8558594850728205
L396_f01,xy,0.3537956162107268
L396_f01,xy,4.518263698744302
L396_f01,xy,2.9215618440081896
L396_f01,xy,1.7151105760064338
L396_f01,xy,0.9348820506008764
L396_f01,xy,0.6951473652311072
L396_f01,xy,2.215633306282061
L396_f01,xy,0.1874753663516393
L396_f01,xy,0.7522411158238244
L396_f01,xy,1.8358243414596456
L396_f01,xy,4.401022374511613
L396_f01,xy,0.714526925993789
L396_f01,xy,2.040814076268437
L396_f01,xy,0.3656825293059988
L396_f01,xy,0.874764971734141
L396_f01,xy,2.2787247977027
L396_f01,xy,1.0794221518980314
L396_f01,xy,1.521212237653708
L396_f01,xy,0.3738795611679461
L396_f01,xy,0.8776870021335937
L396_f01,xy,0.9999048421414818
L396_f01,xy,0.9070230368595108
L396_f01,xy,1.357708528784494
L396_f01,xy,2.6595310380368997
L396_f01,xy,0.112645564417512
L396_f01,xy,0.8266703878956126
L396_f01,xy,2.234828528779872
L396_f01,xy,0.5105795932956426
L396_f01,xy,1.621649029807791
L396_f01,xy,0.8272013054891973
L396_f01,xy,1.6587280861879157
L396_f01,xy,2.3577056556345917
L396_f01,xy,3.5213235522293864
L396_f01,xy,0.3616944479946616
L396_f01,xy,1.378002625398299
L396_f01,xy,1.5674506403775854
L396_f01,xy,0.9542425967890296
L396_f01,xy,1.991568423041875
L396_f01,xy,2.4239940667337354
L396_f01,xy,0.99660195685042
L396_f01,xy,0.9606204680610692
L396_f01,xy,0.8572476513928845
L396_f01,xy,0.4013053314505198
L396_f01,xy,0.9068597764871064
L396_f01,xy,1.3541109643864797
L396_f01,xy,1.1831642970243186
L396_f01,xy,1.122992639940111
L396_f01,xy,1.2636409931650223
L396_f01,xy,1.037277861445172
L396_f01,xy,2.143020323769929
L396_f01,xy,5.1495216472387
L396_f01,xy,2.5094800383671862
L396_f01,xy,1.4003162232990012
L396_f01,xy,0.7399054772201737
L396_f01,xy,0.9777268758666012
L396_f01,xy,0.7206022560517817
L396_f01,xy,3.87569184003016
L396_f01,xy,1.253053562689941
L396_f01,xy,1.470798970220842
L396_f01,xy,0.2176216921263109
L396_f01,xy,1.8088543258575869
L396_f01,xy,0.8215559693716823
L396_f01,xy,0.8301377228366121
L396_f01,xy,6.6721505672064
L396_f01,xy,1.8196755509670857
L396_f01,xy,0.799768058718681
L396_f01,xy,3.2121484739608364
L396_f01,xy,0.6392013343108599
L396_f01,xy,1.98912002544181
L396_f01,xy,0.8300620030517151
L396_f01,xy,1.0922129968825207
L396_f01,xy,0.4361924527180554
L396_f01,xy,0.3581334078498668
L396_f01,xy,2.0370737220128365
L396_f01,xy,0.4567455415064157
L396_f01,xy,0.6845834569922614
L396_f01,xy,1.5793153423523274
L396_f01,xy,0.6915868679728917
L396_f01,xy,0.5473731240527895
L396_f01,xy,0.9543794081042456
L396_f01,xy,2.733346853824296
L396_f01,xy,0.946975924615487
L396_f01,xy,2.7261372892249773
L396_f01,xy,0.8972209510093807
L396_f01,xy,1.6517415084263012
L396_f01,xy,0.922173256316558
L396_f01,xy,0.6083700082051351
L396_f01,xy,1.0840826391142642
L396_f01,xy,1.710135087106851
L396_f01,xy,1.0707216311307235
L396_f01,xy,0.9002338633600134
L396_f01,xy,4.274933537070828
L396_f01,xy,1.658816174498948
L396_f01,xy,0.8701267669416629
L396_f01,xy,1.0635055395480004
L396_f01,xy,1.289060640293617
L396_f01,xy,0.6472679960815464
L396_f01,xy,2.435573535796829
L396_f01,xy,1.7389442952865437
L396_f01,xy,1.073788478372355
L396_f01,xy,0.8521725391675348
L396_f01,xy,0.8979155726935922
L396_f01,xy,2.2456030654799535
L396_f01,xy,1.890454082874779
L396_f01,xy,0.7480451520624812
L396_f01,xy,0.3109594219498553
L396_f01,xy,1.395032777631751
L396_f01,xy,1.276811195715413
L396_f01,xy,1.862702816322408
L396_f01,xy,0.893797457169733
L396_f01,xy,1.071580259362502
L396_f01,xy,0.8847379776990986
L396_f01,xy,1.3420738417193845
L396_f01,xy,0.5241248402967927
L396_f01,xy,3.086899277458179
L396_f01,xy,1.3624360853358728
L396_f01,xy,1.145890021776858
L396_f01,xy,1.701017761939617
L396_f01,xy,1.718435457131985
L396_f01,xy,1.4911216037274388
L396_f01,xy,1.0845549727509955
L396_f01,xy,0.925651890032394
L396_f01,xy,0.1578415288569376
L396_f01,xy,3.1148902452376186
L396_f01,xy,1.8277646957514675
L396_f01,xy,0.1372605583126001
L396_f01,xy,1.89634923771164
L396_f01,xy,2.3710655271754693
L396_f01,xy,1.6343057474754277
L396_f01,xy,1.1046712810105597
L396_f01,xy,4.043186138049779
L396_f01,xy,0.5358016278807914
L396_f01,xy,2.4728284752757532
L396_f01,xy,1.695626470205742
L396_f01,xy,1.638710313362143
L396_f01,xy,2.461393214170281
L396_f01,xy,2.1127139305743614
L396_f01,xy,0.9066743251978394
L396_f01,xy,1.3707964473569998
L396_f01,xy,1.4977391676209495
L396_f01,xy,0.9148893391755092
L396_f01,xy,3.315399861385523
L396_f01,xy,1.1007299471475174
L396_f01,xy,2.6035462087701244
L396_f01,xy,1.291796555156168
L396_f01,xy,2.370670073885152
L396_f01,xy,2.035944786776178
L396_f01,xy,0.6105528465490004
L396_f01,xy,2.7003716007306044
L396_f01,xy,3.709772609005699
L396_f01,xy,1.0939126116116344
L396_f01,xy,0.5418511900862218
L396_f01,xy,2.319440734942149
L396_f01,xy,0.5721716973333751
L396_f01,xy,2.1700758519976984
L396_f01,xy,4.483931161007323
L396_f01,xy,0.6389524623092873
L396_f01,xy,1.5816630693529088
L396_f01,xy,1.3149638056482027
L396_f01,xy,2.790640012984822
L396_f01,xy,1.5346170065688234
L396_f01,xy,1.9706853287055488
L396_f01,xy,1.680496705105769
L396_f01,xy,1.1963358066144711
L396_f01,xy,0.5312126921029168
L396_f01,xy,2.33899171338549
L396_f01,xy,1.7849685003590894
L396_f01,xy,1.6857784723962108
L396_f01,xy,1.7148760718110936
L396_f01,xy,1.382827564984652
L396_f01,xy,2.811498429783025
L396_f01,xy,1.649648504160495
L396_f01,xy,1.6120991740781074
L396_f01,xy,0.6907570916149415
L396_f01,xy,2.6714286852546754
L396_f01,xy,2.3653514745678077
L396_f01,xy,1.1990169112039997
L396_f01,xy,1.679859423140112
L396_f01,xy,0.8865416568694957
L396_f01,xy,2.767997847700203
L396_f01,xy,2.4220449287949193
L396_f01,xy,1.533065105362605
L396_f01,xy,2.0259621629741607
L396_f01,xy,1.6044755191631808
L396_f01,xy,1.1578398994014638
L396_f01,xy,2.177140088773583
L396_f01,xy,0.8327115118236889
L396_f01,xy,1.5372453346987374
L396_f01,xy,1.3534826681179026
L396_f01,xy,0.2233277606515714
L396_f01,xy,2.995566591334901
L396_f01,xy,4.621849064435223
L396_f01,xy,1.1721136855752947
L396_f01,xy,0.4145409679779687
L396_f01,xy,0.7848221325794051
L396_f01,xy,1.414329971821909
L396_f01,xy,3.8970794382980376
L396_f01,xy,2.283718914819625
L396_f01,xy,0.9970333465166256
L396_f01,xy,0.7693820630250597
L396_f01,xy,1.3643860836420254
L396_f01,xy,1.4052765379073608
L396_f01,xy,3.277860620267364
L396_f01,xy,3.951920385291407
L396_f01,xy,0.6002007030625777
L396_f01,xy,2.523082995148148
L396_f01,xy,1.5908045017871342
L396_f01,xy,1.8822612492654405
L396_f01,xy,1.8240960871950995
L396_f01,xy,2.5639984225380488
L396_f01,xy,2.0424588721316783
L396_f01,xy,2.45987262962307
L396_f01,xy,3.956452368953233
L396_f01,xy,1.497243250590878
L396_f01,xy,1.4852916774479008
L396_f01,xy,3.6171935937253017
L396_f01,xy,0.4406658188861043
L396_f01,xy,1.2575657419846702
L396_f01,xy,2.298457589251443
L396_f01,xy,1.1050281858299478
L396_f01,xy,2.9989102259979776
L396_f01,xy,1.4397066559826166
L396_f01,xy,0.4551002511881882
L396_f01,xy,2.584161045542127
L396_f01,xy,3.339643276936238
L396_f01,xy,3.1207986821320493
L396_f01,xy,2.6950010977675363
L396_f01,xy,0.3486039992507527
L396_f01,xy,1.712591066852336
L396_f01,xy,3.7396045024922913
L396_f01,xy,0.7649773224606328
L396_f01,xy,2.8461080090023017
L396_f01,xy,3.344165878530905
L396_f01,xy,1.6078991028599494
L396_f01,xy,1.066836949683564
L396_f01,xy,3.150230922226199
L396_f01,xy,2.832325392909807
L396_f01,xy,2.652343538383247
L396_f01,xy,1.5623117110110587
L396_f01,xy,2.1256831180002735
L396_f01,xy,1.2936245885119677
L396_f01,xy,2.506481362258825
L396_f01,xy,2.0591539809501533
L396_f01,xy,1.0025260159428189
L396_f01,xy,2.780685466865089
L396_f01,xy,2.5108563356534908
L396_f01,xy,0.7212432988594146
L396_f01,xy,2.370031890189957
L396_f01,xy,2.611613277638232
L396_f01,xy,1.8786053346064584
L396_f01,xy,1.533292287708913
L396_f01,xy,1.481478662677643
L396_f01,xy,1.2294445016334443
L396_f01,xy,1.2697609073900726
L396_f01,xy,1.283030072015378
L396_f01,xy,0.5562265103928314
L396_f01,xy,1.5790117680856528
L396_f01,xy,3.4219867704552014
L396_f01,xy,0.1048638674596144
L396_f01,xy,1.7544415985322774
L396_f01,xy,2.888945731043664
L396_f01,xy,2.648555314284253
L396_f01,xy,1.1511092875969038
L396_f01,xy,1.167144898198864
L396_f01,xy,1.276595819704169
L396_f01,xy,0.9750266101909518
L396_f01,xy,2.95653839646054
L396_f01,xy,2.205026046525053
L396_f01,xy,1.351594778200817
L396_f01,xy,1.5564628463736894
L396_f01,xy,2.7037878938350173
L396_f01,xy,1.5207466604418065
L396_f01,xy,1.7904128374866994
L396_f01,xy,0.5917717117492692
L396_f01,xy,4.872953902402922
L396_f01,xy,1.55661463483089
L396_f01,xy,1.379565839987085
L396_f01,xy,0.605456901186369
L396_f01,xy,4.224702681399936
L396_f01,xy,2.3265697636676417
L396_f01,xy,2.30815335094137
L396_f01,xy,3.165112220635538
L396_f01,xy,2.313722711932268
L396_f01,xy,0.8209595482342714
L396_f01,xy,1.4514861511623784
L396_f01,xy,2.737958822350511
L396_f01,xy,2.158423506378634
L396_f01,xy,3.955046935504249
L396_f01,xy,0.2523347527369173
L396_f01,xy,1.5420432011684315
L396_f01,xy,2.520447720925992
L396_f01,xy,2.0746690355202415
L396_f01,xy,2.739524014676123
L396_f01,xy,1.0196972312086718
L396_f01,xy,0.2680219098525385
L396_f01,xy,1.1537829314782355
L396_f01,xy,1.4546950079432526
L396_f01,xy,0.7815254066767638
L396_f01,xy,1.4060997247261249
L396_f01,xy,2.206436603963947
L396_f01,xy,2.091671345966746
L396_f01,xy,2.7908519390729665
L396_f01,xy,1.7404642817051956
L396_f01,xy,2.120283201460768
L396_f01,xy,2.5773907151744972
L396_f01,xy,3.144081529671112
L396_f01,xy,1.1193901639352588
L396_f01,xy,0.2346099291287224
L396_f01,xy,1.3199753643512109
L396_f01,xy,1.2652780372227308
L396_f01,xy,3.094144264178616
L396_f01,xy,3.4097649025903634
L396_f01,xy,1.9778544436514545
L396_f01,xy,0.8898547314551171
L396_f01,xy,1.9021212286220397
L396_f01,xy,2.87542368919196
L396_f01,xy,0.6681606230589441
L396_f01,xy,2.6671553377641968
L396_f01,xy,1.7212650351138858
L396_f01,xy,1.020959966673318
L396_f01,xy,1.4228285997132182
L396_f01,xy,2.975251729662731
L396_f01,xy,2.1427863024200304
L396_f01,xy,2.8170817010139504
L396_f01,xy,1.811830257163428
L396_f01,xy,3.1072254456403883
L396_f01,xy,1.103333847250758
L396_f01,xy,0.7875985775950077
L396_f01,xy,6.950014098433542
L396_f01,xy,3.5984030270644296
L396_f01,xy,2.375359397342534
L396_f01,xy,0.8654994647009012
L396_f01,xy,3.0862075351527287
L396_f01,xy,1.1662901314159768
L396_f01,xy,0.5593377454297574
L396_f01,xy,0.4807536352445704
L396_f01,xy,1.9340862873489997
L396_f01,xy,1.1216903715162228
L396_f01,xy,0.8604434848836494
L396_f01,xy,4.294087194884822
L396_f01,xy,0.9975845267607176
L396_f01,xy,0.6510546697664986
L396_f01,xy,1.372820283716784
L396_f01,xy,0.7992584568435338
L396_f01,xy,0.6958991015700593
L396_f01,xy,1.7670699177052227
L396_f01,xy,0.540391495310808
L396_f01,xy,1.678921252463744
L396_f01,xy,1.635938652764938
L396_f01,xy,0.826834815746137
L396_f01,xy,2.497798134039134
L396_f01,xy,0.6973955884505819
L396_f01,xy,3.0315810837612394
L396_f01,xy,0.9973817948441664
L396_f01,xy,3.533415533122471
L396_f01,xy,2.551281029327756
L396_f01,xy,2.4811997390886957
L396_f01,xy,0.4409748709273908
L396_f01,xy,1.2135270580263184
L396_f01,xy,2.966660947600592
L396_f01,xy,5.486092559566798
L396_f01,xy,1.6203806012812991
L396_f01,xy,0.9626299850146348
L396_f01,xy,2.076946601936879
L396_f01,xy,2.2901950679911787
L396_f01,xy,3.76991705845824
L396_f01,xy,1.2114664237474833
L396_f01,xy,1.3549748411849352
L396_f01,xy,1.6407413621604492
L396_f01,xy,2.258909845855324
L396_f01,xy,0.8555969173258218
L396_f01,xy,1.869546130177356
L396_f01,xy,1.0916888517473884
L396_f01,xy,2.5467250741815675
L396_f01,xy,1.2576737778383216
L396_f01,xy,4.450062387030092
L396_f01,xy,1.6972579452673977
L396_f01,xy,1.394549248221439
L396_f01,xy,0.6334149155547623
L396_f01,xy,2.8093855213954906
L396_f01,xy,1.923827521447395
L396_f01,xy,1.2164181954369
L396_f01,xy,1.3917300211114414
L396_f01,xy,0.9717876098346452
L396_f01,xy,2.738867073848391
L396_f01,xy,2.794582423360057
L396_f01,xy,1.3957357402578323
L396_f01,xy,1.365657078433627
L396_f01,xy,1.369669981301031
L396_f01,xy,1.936923813863889
L396_f01,xy,1.0072098254076989
L396_f01,xy,2.34470487307238
L396_f01,xy,1.5210495673050315
L396_f01,xy,2.30388207332275
L396_f01,xy,0.5791408958675656
L396_f01,xy,3.9330633018346446
L396_f01,xy,2.2018748605373224
L396_f01,xy,1.2132426584705345
L396_f01,xy,2.500853350083967
L396_f01,xy,2.2943913702871295
L396_f01,xy,1.6503207706169605
L396_f01,xy,1.4648203045421082
L396_f01,xy,1.6446573771624269
L396_f01,xy,1.592426229421315
L396_f01,xy,1.1690705158342327
L396_f01,xy,1.4264533700664137
L396_f01,xy,0.8909647917719556
L396_f01,xy,1.189516944453679
L396_f01,xy,1.5084009627427777
L396_f01,xy,1.1633370418874929
L396_f01,xy,0.8489758799877234
L396_f01,xy,0.7693812297650124
L396_f01,xy,0.2872649673781728
L396_f01,xy,1.2138769334960748
L396_f01,xy,1.6628984604455754
L396_f01,xy,0.3843065559103591
L396_f01,xy,1.643694375538545
L396_f01,xy,1.312315874680872
L396_f01,xy,0.8521123815093659
L396_f01,xy,2.2520229802040372
L396_f01,xy,1.3308243152108503
L396_f01,xy,1.2406300077734267
L396_f01,xy,2.631925573514068
L396_f01,xy,0.5167071584233399
L396_f01,xy,0.57349473294585
L396_f01,xy,0.8064288825368807
L396_f01,xy,0.712367197286076
L396_f01,xy,2.6418598702984495
L396_f01,xy,1.4207304527436824
L396_f01,xy,0.6873653462120694
L396_f01,xy,4.484944984360584
L396_f01,xy,0.5876535512014988
L396_f01,xy,3.3353884796516593
L396_f01,xy,1.6329114578266142
L396_f01,xy,1.0115104690290808
L396_f01,xy,4.063335697348734
L396_f01,xy,1.6518118962325383
L396_f01,xy,2.4518234825894245
L396_f01,xy,2.847006679498538
L396_f01,xy,1.534086171589406
L396_f01,xy,0.5915513754109116
L396_f01,xy,0.2698691743790815
L396_f01,xy,0.4257719218033985
L396_f01,xy,2.564929650186459
L396_f01,xy,0.7461253940646827
L396_f01,xy,3.4742254459730715
L396_f01,xy,1.2906283267359149
L396_f01,xy,1.5811211576691568
L396_f01,xy,1.7497001154687355
L396_f01,xy,1.2879610849469485
L396_f01,xy,3.2416293763741315
L396_f01,xy,0.8465112165243056
L396_f01,xy,0.9419961077299062
L396_f01,xy,0.5712905334927638
L396_f01,xy,0.1883586046995495
L396_f01,xy,1.7531731452658388
L396_f01,xy,1.713655172121812
L396_f01,xy,1.517981912781243
L396_f01,xy,1.93255060797284
L396_f01,xy,0.5181282713185913
L396_f01,xy,1.622102042224492
L396_f01,xy,1.143955839201916
L396_f01,xy,1.3102287711243714
L396_f01,xy,1.4536097687431635
L396_f01,xy,2.057350796437144
L396_f01,xy,1.301261787930457
L396_f01,xy,0.7875963260228748
L396_f01,xy,0.767110794438763
L396_f01,xy,1.1842186353885813
L396_f01,xy,1.5026012291930064
L396_f01,xy,0.7996791356487305
L396_f01,xy,1.2645451042399445
L396_f01,xy,0.9316114824811396
L396_f01,xy,1.563623744947949
L396_f01,xy,2.302463586599858
L396_f01,xy,2.3809003126514
L396_f01,xy,3.1993401301032587
L396_f01,xy,1.3794744332831066
L396_f01,xy,1.8974160498934696
L396_f01,xy,0.5380748055821171
L396_f01,xy,3.020422518143862
L396_f01,xy,1.6046053410558354
L396_f01,xy,0.4750152951317132
L396_f01,xy,3.3320033819905546
L396_f01,xy,2.0982932153575
L396_f01,xy,2.6319414812990787
L396_f01,xy,1.4623518919972436
L396_f01,xy,0.1303111971446713
L396_f01,xy,2.111164515869796
L396_f01,xy,1.4713818654267106
L396_f01,xy,0.8307068034413964
L396_f01,xy,1.2727116615200742
L396_f01,xy,0.7343200961167455
L396_f01,xy,4.491439394578122
L396_f01,xy,3.0663763077034725
L396_f01,xy,0.9606965780208748
L396_f01,xy,2.6684315828330036
L396_f01,xy,0.5630800201046126
L396_f01,xy,2.6027397822606684
L396_f01,xy,1.2461184203722655
L396_f01,xy,0.8100324820987942
L396_f01,xy,2.841582119645998
L396_f01,xy,1.1147601986516793
L396_f01,xy,1.0051670908089705
L396_f01,xy,1.4024749405922845
L396_f01,xy,0.5250155602834684
L396_f01,xy,4.1692762841971485
L396_f01,xy,1.9330859799786335
L396_f01,xy,1.1407125671462537
L396_f01,xy,0.9151191309853428
L396_f01,xy,3.0310571283056205
L396_f01,xy,2.034968548337075
L396_f01,xy,4.6146722375975076
L396_f01,xy,5.056598385946622
L396_f01,xy,1.4072780218302188
L396_f01,xy,1.7186967988953836
L396_f01,xy,1.477185160631884
L396_f01,xy,0.7462655312662613
L396_f01,xy,0.9350354162070522
L396_f01,xy,3.697337318377469
L396_f01,xy,2.6445748953974655
L396_f01,xy,0.4378471279311062
L396_f01,xy,1.2032969702060952
L396_f01,xy,1.5282887781159016
L396_f01,xy,1.0557854967403444
L396_f01,xy,0.2612732224069458
L396_f01,xy,1.0298396454176204
L396_f01,xy,1.8038330131119775
L396_f01,xy,1.0566749792774384
L396_f01,xy,1.1912739025430874
L396_f01,xy,2.3790544304209567
L396_f01,xy,1.2094153547472646
L396_f01,xy,3.231615860359254
L396_f01,xy,3.03110666693542
L396_f01,xy,2.3312140163254464
L396_f01,xy,4.575410066379538
L396_f01,xy,2.761888795848292
L396_f01,xy,2.2514591308615226
L396_f01,xy,1.917465835965306
L396_f01,xy,3.3405090767061565
L396_f01,xy,0.2212776362963366
L396_f01,xy,1.9774662964492853
L396_f01,xy,1.0562233375788603
L396_f01,xy,1.2922942580172914
L396_f01,xy,1.9928683593526664
L396_f01,xy,3.0911108229523756
L396_f01,xy,1.773347140440083
L396_f01,xy,2.5848863166279803
L396_f01,xy,1.3418009421702577
L396_f01,xy,0.6796255290380044
L396_f01,xy,3.6849504030573392
L396_f01,xy,2.33041493798677
L396_f01,xy,3.709564108147666
L396_f01,xy,3.012959298888036
L396_f01,xy,2.668975359930972
L396_f01,xy,0.4567370481829164
L396_f01,xy,0.4451364107524346
L396_f01,xy,0.5252159798573628
L396_f01,xy,1.4966246919410082
L396_f01,xy,1.1316951142383058
L396_f01,xy,0.7341292984262823
L396_f01,xy,1.1994471046327289
L396_f01,xy,0.7655794296310282
L396_f01,xy,4.409691221700744
L396_f01,xy,0.4504974782446856
L396_f01,xy,1.4202191181741408
L396_f01,xy,1.0982243460895378
L396_f01,xy,2.7295881858824065
L396_f01,xy,3.631364333255396
L396_f01,xy,2.3369724452150136
L396_f01,xy,0.4189139427279029
L396_f01,xy,1.5416678602810614
L396_f01,xy,1.019276215212327
L396_f01,xy,1.053691950566111
L396_f01,xy,1.924825996415472
L396_f01,xy,2.1367793809304203
L396_f01,xy,1.0909876854051084
L396_f01,xy,1.3702949942846523
L396_f01,xy,1.3910686090424176
L396_f01,xy,3.2432946610247955
L396_f01,xy,1.7041463534046728
L396_f01,xy,1.640632240878478
L396_f01,xy,1.2401832616111552
L396_f01,xy,0.4364696389561791
L396_f01,xy,2.451278955820333
L396_f01,xy,1.2561395874188397
L396_f01,xy,1.973315121622548
L396_f01,xy,0.6746549462485747
L396_f01,xy,1.8388372349096385
L396_f01,xy,1.778828261830631
L396_f01,xy,0.1091094979838786
L396_f01,xy,0.4647545388665497
L396_f01,xy,2.8671007931216637
L396_f01,xy,1.968973844906773
L396_f01,xy,0.283382944310099
L396_f01,xy,0.2388585851813444
L396_f01,xy,2.31481331530845
L396_f01,xy,2.8592498301540146
L396_f01,xy,1.449336053485996
L396_f01,xy,2.7397375509766393
L396_f01,xy,1.1259958086253874
L396_f01,xy,0.4235899959338619
L396_f01,xy,1.2658838007632804
L396_f01,xy,3.64177930864647
L396_f01,xy,0.992687883432283
L396_f01,xy,1.5906222058425272
L396_f01,xy,3.526839823737642
L396_f01,xy,2.528253786626749
L396_f01,xy,1.2949559014754983
L396_f01,xy,1.146592391643233
L396_f01,xy,5.155518437169843
L396_f01,xy,0.8883211001943014
L396_f01,xy,3.6060161075295656
L396_f01,xy,1.8195904544542807
L396_f01,xy,4.622409952115677
L396_f01,xy,1.46367896774947
L396_f01,xy,2.9382955749917494
L396_f01,xy,1.351412270847363
L396_f01,xy,1.7384492248294623
L396_f01,xy,1.6057856885833832
L396_f01,xy,1.2612189506736895
L396_f01,xy,0.3633395895963549
L396_f01,xy,0.8225645334000741
L396_f01,xy,1.6640011491376636
L396_f01,xy,1.4863969195927431
L396_f01,xy,0.99093305387531
L396_f01,xy,2.2228340499854684
L396_f01,xy,0.5893757568684604
L396_f01,xy,1.6587772963315772
L396_f01,xy,1.538328194798752
L396_f01,xy,1.5790351865675132
L396_f01,xy,1.7220998071836875
L396_f01,xy,0.9394509726291204
L396_f01,xy,0.4898363284001376
L396_f01,xy,0.467008187204975
L396_f01,xy,1.845687801412792
L396_f01,xy,2.3415895428974705
L396_f01,xy,0.9909863865150432
L396_f01,xy,3.5661207565420896
L396_f01,xy,0.3716300717808455
L396_f01,xy,0.2199776724131937
L396_f01,xy,2.8251377724568787
L396_f01,xy,2.2614941280697023
L396_f01,xy,2.3467440329335743
L396_f01,xy,0.6671344748037049
L396_f01,xy,1.0497720351014048
L396_f01,xy,4.8925500171119705
L396_f01,xy,2.323190747250945
L396_f01,xy,1.8142568243928592
L396_f01,xy,0.6754650393128295
L396_f01,xy,1.8163597379373355
L396_f01,xy,2.360031146249396
L396_f01,xy,2.0601248841419832
L396_f01,xy,0.6595812884100795
L396_f01,xy,1.5488288917185442
L396_f01,xy,0.5925124824582236
L396_f01,xy,0.1664494931835765
L396_f01,xy,1.0668873793944829
L396_f01,xy,0.6311877071773329
L396_f01,xy,1.88218108135708
L396_f01,xy,2.0731506457422997
L396_f01,xy,1.3283105755697
L396_f01,xy,1.0228504412025463
L396_f01,xy,0.5005168222993451
L396_f01,xy,1.7159283967469288
L396_f01,xy,1.2988128419229157
L396_f01,xy,0.9518284757273172
L396_f01,xy,1.8384452727230651
L396_f01,xy,1.1804570599941897
L396_f01,xy,0.8973463554516399
L396_f01,xy,2.5161789604103775
L396_f01,xy,0.6044167106980022
L396_f01,xy,1.7370063377533262
L396_f01,xy,2.1214823777480123
L396_f01,xy,1.9826876099953192
L396_f01,xy,2.1748593267898735
L396_f01,xy,1.579135060019368
L396_f01,xy,1.3181916954694644
L396_f01,xy,4.721893459223285
L396_f01,xy,0.8665995816012
L396_f01,xy,2.952802485648111
L396_f01,xy,0.7989175877114658
L396_f01,xy,2.611724267602652
L396_f01,xy,1.298231216498201
L396_f01,xy,1.3076488177261874
L396_f01,xy,1.1146605115657071
L396_f01,xy,2.312011124122799
L396_f01,xy,0.7809856078457493
L396_f01,xy,1.1611417946375826
L396_f01,xy,7.156559751863358
L396_f01,xy,1.3239851934664868
L396_f01,xy,0.6390981532364599
L396_f01,xy,1.8468960491536148
L396_f01,xy,3.414239856370561
L396_f01,xy,0.4697865922658473
L396_f01,xy,0.6948304751446073
L396_f01,xy,0.1135001871313625
L396_f01,xy,0.7702127803532443
L396_f01,xy,1.1137712686350651
L396_f01,xy,1.4861937946921506
L396_f01,xy,0.3940381889108831
L396_f01,xy,1.997035894297205
L396_f01,xy,0.415526669643198
L396_f01,xy,0.4842110961650152
L396_f01,xy,2.506102117906524
L396_f01,xy,1.6186701540865849
L396_f01,xy,0.2478388238236774
L396_f01,xy,1.2205257860505794
L396_f01,xy,0.0679065229060167
L396_f01,xy,1.6422521113212636
L396_f01,xy,0.9651982828353144
L396_f01,xy,0.6968170822038616
L396_f01,xy,0.4270876537694746
L396_f01,xy,0.1914595259704058
L396_f01,xy,0.2597830141555456
L396_f01,xy,1.00054996542333
L396_f01,xy,1.310309582487694
L396_f01,xy,1.6194415023358564
L396_f01,xy,0.8900524745978987
L396_f01,xy,1.5191348607160584
L396_f01,xy,0.6687224293772958
L396_f01,xy,0.5117071486726641
L396_f01,xy,0.4752230756824389
L396_f01,xy,2.548408015844231
L396_f01,xy,2.258002923338644
L396_f01,xy,0.6198196246956292
L396_f01,xy,1.08603464921945
L396_f01,xy,5.161489725963855
L396_f01,xy,3.0235183892937285
L396_f01,xy,2.071652602695518
L396_f01,xy,0.756531579957245
L396_f01,xy,1.413396005171544
L396_f01,xy,1.3772044651347108
L396_f01,xy,2.057622578166591
L396_f01,xy,4.517283218029104
L396_f01,xy,1.8502924348591996
L396_f01,xy,3.872890996133086
L396_f01,xy,4.3499068642052245
L396_f01,xy,1.1238103533908848
L396_f01,xy,0.8255671069250173
L396_f01,xy,1.2561056766062373
L396_f01,xy,0.8442483418609228
L396_f01,xy,2.1639432820833537
L396_f01,xy,0.7428295177486356
L396_f01,xy,0.4415763410508218
L396_f01,xy,0.5869746654585221
L396_f01,xy,0.834262586043892
L396_f01,xy,2.1697004430853415
L396_f01,xy,1.742969817648223
L396_f01,xy,1.1323680048803189
L396_f01,xy,1.128234206058188
L396_f01,xy,1.1118323758878943
L396_f01,xy,0.5278675407259449
L396_f01,xy,4.0970486760375575
L396_f01,xy,2.1501923836544936
L396_f01,xy,0.791847167905226
L396_f01,xy,1.3885254915173226
L396_f01,xy,0.87237224589915
L396_f01,xy,1.0289319671033148
L396_f01,xy,1.268821339845815
L396_f01,xy,4.999284683523666
L396_f01,xy,2.9543785262367783
L396_f01,xy,0.9730679441437244
L396_f01,xy,2.6899193216994535
L396_f01,xy,0.9320433291038436
L396_f01,xy,0.7881338664634144
L396_f01,xy,0.550482892625705
L396_f01,xy,3.1524447096647203
L396_f01,xy,1.5759018081060885
L396_f01,xy,2.364089417137605
L396_f01,xy,0.7930216640266012
L396_f01,xy,0.4043523678629924
L396_f01,xy,2.803704318317921
L396_f01,xy,0.1590119029686678
L396_f01,xy,0.6774144730895575
L396_f01,xy,1.17795170447136
L396_f01,xy,0.936320757689531
L396_f01,xy,3.077284644777463
L396_f01,xy,0.9433889138875936
L396_f01,xy,0.4281792574897459
L396_f01,xy,0.7305867593667111
L396_f01,xy,1.2259397403268069
L396_f01,xy,2.278472015288909
L396_f01,xy,1.621310242168032
L396_f01,xy,0.8976617767986581
L396_f01,xy,1.8010425554561331
L396_f01,xy,3.8196922325635594
L396_f01,xy,4.912324563150228
L396_f01,xy,2.10986529035547
L396_f01,xy,1.4005957564633635
L396_f01,xy,1.3846525710506086
L396_f01,xy,0.4878333020708435
L396_f01,xy,0.7552887483458175
L396_f01,xy,1.9925344736842672
L396_f01,xy,0.5884662273986327
L396_f01,xy,5.884084004169718
L396_f01,xy,2.0295162093494934
L396_f01,xy,2.4904326534736856
L396_f01,xy,0.3127207295748873
L396_f01,xy,2.7603494089317255
L396_f01,xy,1.615348648702315
L396_f01,xy,1.7915232750331929
L396_f01,xy,3.231575107977332
L396_f01,xy,0.3547969433708554
L396_f01,xy,0.6718311001083013
L396_f01,xy,1.9652174319130995
L396_f01,xy,0.9789958205700096
L396_f01,xy,0.806794141234419
L396_f01,xy,2.483373776642154
L396_f01,xy,2.869051337945518
L396_f01,xy,1.4378467939713933
L396_f01,xy,3.8621555413090274
L396_f01,xy,1.4492009248380109
L396_f01,xy,3.424905129310577
L396_f01,xy,1.7262661200093032
L396_f01,xy,2.624843918119522
L396_f01,xy,0.8527896669159162
L396_f01,xy,0.9313004351128504
L396_f01,xy,1.3461118146948947
L396_f01,xy,2.8867709401177577
L396_f01,xy,0.9063881196917658
L396_f01,xy,4.760803569519551
L396_f01,xy,0.7568703290816727
L396_f01,xy,0.6087922713928529
L396_f01,xy,3.93666913012443
L396_f01,xy,2.63543962922457
L396_f01,xy,1.863704634083384
L396_f01,xy,3.0416592080671623
L396_f01,xy,1.3149968429007433
L396_f01,xy,1.6925318000361924
L396_f01,xy,1.9391625734091769
L396_f01,xy,2.38249695354808
L396_f01,xy,0.2349387455389296
L396_f01,xy,0.6245654301356547
L396_f01,xy,1.7829282280042948
L396_f01,xy,2.4358650908215056
L396_f01,xy,1.2755320888075727
L396_f01,xy,1.9083057627356224
L396_f01,xy,0.8030551758489819
L396_f01,xy,1.5913201547327165
L396_f01,xy,1.526963727993731
L396_f01,xy,0.5632133333036377
L396_f01,xy,1.997257486283586
L396_f01,xy,2.7279519714984484
L396_f01,xy,1.971379717189931
L396_f01,xy,1.460523811114367
L396_f01,xy,0.2988969061115584
L396_f01,xy,0.5472308486815514
L396_f01,xy,1.9344052440742736
L396_f01,xy,1.7058719203170665
L396_f01,xy,0.9255263049436364
L396_f01,xy,1.225266003144627
L396_f01,xy,2.719586374422294
L396_f01,xy,0.9832724707666458
L396_f01,xy,0.8008957923020683
L396_f01,xy,0.336753988625184
L396_f01,xy,0.4269437848332631
L396_f01,xy,1.3864313410283866
L396_f01,xy,4.119516024980395
L396_f01,xy,2.390117093313425
L396_f01,xy,1.7951434148183332
L396_f01,xy,3.459804453241981
L396_f01,xy,2.115697876965413
L396_f01,xy,1.622450165691132
L396_f01,xy,3.692098651896573
L396_f01,xy,1.6544319995555734
L396_f01,xy,0.8887656537316294
L396_f01,xy,2.0835657554367204
L396_f01,xy,1.4255529084970964
L396_f01,xy,1.5624564105180203
L396_f01,xy,1.3224594444612146
L396_f01,xy,1.5279566455996567
L396_f01,xy,2.2205193859538124
L396_f01,xy,2.7878244121475273
L396_f01,xy,1.176692474269624
L396_f01,xy,2.3948724853213776
L396_f01,xy,2.0253491536119292
L396_f01,xy,1.212588379040333
L396_f01,xy,2.4245576266093254
L396_f01,xy,1.8179530937311008
L396_f01,xy,3.7752449322464945
L396_f01,xy,2.038432685942962
L396_f01,xy,1.71570217057285
L396_f01,xy,0.5888182615981203
L396_f01,xy,2.1136444454530428
L396_f01,xy,2.0831093695906686
L396_f01,xy,1.9964696698634352
L396_f01,xy,5.861893161453104
L396_f01,xy,0.9964829016816528
L396_f01,xy,1.8000519848967569
L396_f01,xy,0.8167300833512317
L396_f01,xy,2.0538346624548205
L396_f01,xy,0.9762564288356624
L396_f01,xy,3.1356456378495645
L396_f01,xy,3.4913681877400817
L396_f01,xy,2.54181777068889
L396_f01,xy,1.2207762227978385
L396_f01,xy,0.4924134456087647
L396_f01,xy,1.5252478011533208
L396_f01,xy,1.6248047459783197
L396_f01,xy,2.2808498032528055
L396_f01,xy,2.0649787824536703
L396_f01,xy,0.5730807320899363
L396_f01,xy,1.6943724225412875
L396_f01,xy,2.2972515682113808
L396_f01,xy,1.118160923945995
L396_f01,xy,0.5779098800276694
L396_f01,xy,1.160213223242615
L396_f01,xy,2.4039385093809997
L396_f01,xy,2.00945425634979
L396_f01,xy,4.130927365020362
L396_f01,xy,0.8722043145477673
L396_f01,xy,2.081255013604536
L396_f01,xy,3.0718772520707223
L396_f01,xy,1.2359958592763842
L396_f01,xy,2.426284306300575
L396_f01,xy,3.211852290046429
L396_f01,xy,1.3261780885628591
L396_f01,xy,3.2753606619221673
L396_f01,xy,2.137713022077658
L396_f01,xy,1.5474229522267409
L396_f01,xy,1.196488704336373
L396_f01,xy,1.9667220262630365
L396_f01,xy,1.101820156441654
L396_f01,xy,2.6722842186240205
L396_f01,xy,1.5143723172269967
L396_f01,xy,0.5646526607742773
L396_f01,xy,0.2223254983071844
L396_f01,xy,1.545317618061912
L396_f01,xy,1.1763324599226732
L396_f01,xy,2.816086204527782
L396_f01,xy,0.7531692689539278
L396_f01,xy,1.4242067879380234
L396_f01,xy,1.2554761245623005
L396_f01,xy,1.396806648233188
L396_f01,xy,2.502669865996975
L396_f01,xy,1.626171262704118
L396_f01,xy,1.5222782009211002
L396_f01,xy,1.3503367139283156
L396_f01,xy,1.4050278145902404
L396_f01,xy,2.181603077010501
L396_f01,xy,1.3359956474828452
L396_f01,xy,1.0175907949629257
L396_f01,xy,1.103241791071389
L396_f01,xy,1.6838098555646015
L396_f01,xy,0.6208145410058685
L396_f01,xy,0.5624130378158618
L396_f01,xy,2.3352130742610573
L396_f01,xy,0.5091139387723602
L396_f01,xy,3.5582452982422565
L396_f01,xy,2.6409435807426025
L396_f01,xy,4.166889996867781
L396_f01,xy,1.180433941704209
L396_f01,xy,0.4474906204601051
L396_f01,xy,1.7187844611361645
L396_f01,xy,2.2811406410164174
L396_f01,xy,1.7423153693140363
L396_f01,xy,2.2999940293963297
L396_f01,xy,1.892031395308928
L396_f01,xy,0.1218180386625216
L396_f01,xy,0.8802641761031738
L396_f01,xy,1.3904487817782332
L396_f01,xy,1.499597386122557
L396_f01,xy,2.539984857965443
L396_f01,xy,1.4331515110879058
L396_f01,xy,2.0472402197526924
L396_f01,xy,0.3599468272035998
L396_f01,xy,2.009650708621079
L396_f01,xy,4.9333404086833825
L396_f01,xy,3.103927867587203
L396_f01,xy,1.6016192733528818
L396_f01,xy,1.4700001544154822
L396_f01,xy,0.4902764831501683
L396_f01,xy,2.3965334682745096
L396_f01,xy,0.3899272320792208
L396_f01,xy,1.1411737492020708
L396_f01,xy,3.474045945545001
L396_f01,xy,0.6364991524384807
L396_f01,xy,0.1500378785674814
L396_f01,xy,1.402099240448323
L396_f01,xy,0.6836670022955775
L396_f01,xy,0.8182326460582663
L396_f01,xy,3.4506987257849877
L396_f01,xy,1.588488009426592
L396_f01,xy,0.8529423396404323
L396_f01,xy,2.2153457251110535
L396_f01,xy,1.5139223510031787
L396_f01,xy,1.1647468078865506
L396_f01,xy,1.956367389448696
L396_f01,xy,2.176775846899857
L396_f01,xy,2.058204736042024
L396_f01,xy,1.302186618286921
L396_f01,xy,1.8332923915559904
L396_f01,xy,0.4892439954834348
L396_f01,xy,0.8964361214452731
L396_f01,xy,1.048526126918781
L396_f01,xy,2.9233637074169705
L396_f01,xy,1.6756183522419057
L396_f01,xy,1.368265579184973
L396_f01,xy,0.6487000612074771
L396_f01,xy,0.6465919551783057
L396_f01,xy,2.1365672354396588
L396_f01,xy,1.8307353365669352
L396_f01,xy,3.5544506873956543
L396_f01,xy,1.293661573580976
L396_f01,xy,1.7138761726201406
L396_f01,xy,0.9118152823946108
L396_f01,xy,1.120893731878772
L396_f01,xy,0.9458603957884946
L396_f01,xy,1.4008071555370163
L396_f01,xy,0.807766232998415
L396_f01,xy,2.0465299604692215
L396_f01,xy,1.6799244380890836
L396_f01,xy,4.422936557347853
L396_f01,xy,3.004516514440382
L396_f01,xy,2.162249884251745
L396_f01,xy,2.193140040201302
L396_f01,xy,3.9091698017318417
L396_f01,xy,1.3506733126597603
L396_f01,xy,3.596862863119621
L396_f01,xy,2.467830135794874
L396_f01,xy,0.9796595566450158
L396_f01,xy,0.9692749706719688
L396_f01,xy,0.4518099652383885
L396_f01,xy,1.580190405379283
L396_f01,xy,2.569207241797322
L396_f01,xy,3.653047913218823
L396_f01,xy,1.1139949332820234
L396_f01,xy,1.543310094824063
L396_f01,xy,1.5748258976402902
L396_f01,xy,1.751645402191197
L396_f01,xy,2.83900334866834
L396_f01,xy,2.6698097661260993
L396_f01,xy,0.755895883345347
L396_f01,xy,1.1131079086373905
L396_f01,xy,0.5874743707602503
L396_f01,xy,1.1117655641847828
L396_f01,xy,1.5442407667050386
L396_f01,xy,1.827067696540159
L396_f01,xy,0.8563183359391688
L396_f01,xy,2.487711263270032
L396_f01,xy,0.3919202965395101
L396_f01,xy,1.4021957432882826
L396_f01,xy,2.282939202418856
L396_f01,xy,1.7939807620121826
L396_f01,xy,3.660958123469966
L396_f01,xy,2.6083865111999183
L396_f01,xy,3.2425605771330694
L396_f01,xy,0.8675066143613656
L396_f01,xy,1.3360704360641371
L396_f01,xy,1.3174232872119678
L396_f01,xy,3.4718005647617542
L396_f01,xy,2.4828805579679307
L396_f01,xy,2.4077363656543467
L396_f01,xy,2.021587271523935
L396_f01,xy,1.262679353883118
L396_f01,xy,0.7025276045366743
L396_f01,xy,1.8294437439230835
L396_f01,xy,0.6804976418971359
L396_f01,xy,2.85116424933801
L396_f01,xy,0.6251051287746854
L396_f01,xy,2.1039993463549944
L396_f01,xy,1.2030856362704243
L396_f01,xy,2.7686561735104145
L396_f01,xy,0.5875460524979915
L396_f01,xy,1.0526432807405863
L396_f01,xy,3.5222350585670115
L396_f01,xy,2.41324406226601
L396_f01,xy,1.1560460288477137
L396_f01,xy,0.3466388696422116
L396_f01,xy,1.152960081389865
L396_f01,xy,1.4312264882162706
L396_f01,xy,3.9587762860894378
L396_f01,z,0.2197802197802332
L396_f01,z,2.3009900990099084
L396_f01,z,4.126418152350084
L396_f01,z,5.831223628691987
L396_f01,z,8.416370106761576
L396_f01,z,2.8000000000000114
L396_f01,z,2.4387878787878776
L396_f01,z,1.4954627949183248
L396_f01,z,1.6793893129770936
L396_f01,z,1.3483146067415817
L396_f01,z,4.15262636273539
L396_f01,z,2.6016528925619866
L396_f01,z,4.368098159509202
L396_f01,z,1.6675900277008395
L396_f01,z,4.162711864406788
L396_f01,z,3.1264367816091863
L396_f01,z,2.9667994687914927
L396_f01,z,0.8879668049792429
L396_f01,z,0.2051282051282044
L396_f01,z,0.18743343982961846
L396_f01,z,1.4962406015037573
L396_f01,z,3.2418952618454
L396_f01,z,7.255681818181813
L396_f01,z,2.4477611940298516
L396_f01,z,2.957055214723937
L396_f01,z,3.7911832946635684
L396_f01,z,3.0605504587155963
L396_f01,z,2.007633587786273
L396_f01,z,5.621289662231334
L396_f01,z,1.5062240663900468
L396_f01,z,3.6238361266294135
L396_f01,z,3.976401179941007
L396_f01,z,5.185430463576154
L396_f01,z,1.0
L396_f01,z,0.15783274440516948
L396_f01,z,1.8821954484605214
L396_f01,z,4.422721268163798
L396_f01,z,1.495219885277237
L396_f01,z,4.067114093959731
L396_f01,z,6.251141552511427
L396_f01,z,0.7294117647058727
L396_f01,z,8.468583599574004
L396_f01,z,0.1751152073732669
L396_f01,z,2.007722007722009
L396_f01,z,1.1721854304635713
L396_f01,z,1.0171673819742466
L396_f01,z,3.1671924290220943
L396_f01,z,0.33720930232559
L396_f01,z,9.57894736842104
L396_f01,z,3.051454138702468
L396_f01,z,3.704057279236281
L396_f01,z,4.032520325203251
L396_f01,z,8.598012646793109
L396_f01,z,1.4476190476190425
L396_f01,z,2.9837398373983604
L396_f01,z,5.767088607594928
L396_f01,z,1.3173076923076792
L396_f01,z,1.2709251101321684
L396_f01,z,7.7261744966442905
L396_f01,z,6.094276094276097
L396_f01,z,2.941915227629522
L396_f01,z,1.1262798634812157
L396_f01,z,3.703180212014132
L396_f01,z,3.2718676122931356
L396_f01,z,4.867924528301899
L396_f01,z,6.3533568904593665
L396_f01,z,3.995515695067269
L396_f01,z,3.4468085106383057
L396_f01,z,0.9583333333333428
L396_f01,z,1.4904013961605642
L396_f01,z,4.34782608695653
L396_f01,z,6.2799461641992025
L396_f01,z,7.3457943925233735
L396_f01,z,2.369230769230768
L396_f01,z,1.8369565217391255
L396_f01,z,3.719676549865227
L396_f01,z,4.037037037037038
L396_f01,z,3.2890025575447623
L396_f01,z,1.2146788990825712
L396_f01,z,0.805418719211815
L396_f01,z,1.5364238410596158
L396_f01,z,2.1895551257253487
L396_f01,z,2.1511879049675997
L396_f01,z,5.888888888888886
L396_f01,z,2.6340579710144993
L396_f01,z,6.138759172781846
L396_f01,z,6.407484407484418
L396_f01,z,3.6375838926174424
L396_f01,z,2.591269841269849
L396_f01,z,0.4523160762942666
L396_f01,z,0.9337349397590344
L396_f01,z,0.20883534136547155
L396_f01,z,0.17050691244239147
L396_f01,z,0.1747572815534113
L396_f01,z,4.184615384615398
L396_f01,z,2.7804878048780495
L396_f01,z,0.2293906810035935
L396_f01,z,6.5595567867036095
L396_f01,z,3.3684210526315894
L396_f01,z,0.9672897196261658
L396_f01,z,7.192200557103064
L396_f01,z,3.166666666666657
L396_f01,z,1.9525423728813678
L396_f01,z,6.7949999999999875
L396_f01,z,0.3734939759036138
L396_f01,z,1.410169491525437
L396_f01,z,1.6566125290023308
L396_f01,z,1.9459459459459367
L396_f01,z,0.2518518518518533
L396_f01,z,0.4871794871794748
L396_f01,z,6.384172661870508
L396_f01,z,6.83443708609272
L396_f01,z,3.5953757225433662
L396_f01,z,0.43373493975903443
L396_f01,z,6.6372007366482535
L396_f01,z,8.429118773946357
L396_f01,z,3.4630872483221538
L396_f01,z,4.156079854809434
L396_f01,z,1.6073619631901863
L396_f01,z,3.4431372549019557
L396_f01,z,2.1286549707602376
L396_f01,z,7.673400673400664
L396_f01,z,1.5806451612903345
L396_f01,z,1.2777777777777715
L396_f01,z,2.5509641873278213
L396_f01,z,1.0653753026634263
L396_f01,z,1.7690288713910718
L396_f01,z,3.8752997601918366
L396_f01,z,6.51111111111112
L396_f01,z,3.335195530726253
L396_f01,z,0.09716599190284114
L396_f01,z,3.6524216524216513
L396_f01,z,3.6311688311688215
L396_f01,z,0.1267605633802873
L396_f01,z,6.594594594594582
L396_f01,z,0.6991596638655437
L396_f01,z,7.042288557213936
L396_f01,z,0.019047619047626085
L396_f01,z,4.4250871080139405
L396_f01,z,3.7951219512194996
L396_f01,z,0.7288708586883104
L396_f01,z,3.6931216931216966
L396_f01,z,1.4799301919720733
L396_f01,z,1.067567567567579
L396_f01,z,5.6647058823529335
L396_f01,z,2.3209302325581405
L396_f01,z,4.683896620278318
L396_f01,z,3.677777777777777
L396_f01,z,2.7055702917771782
L396_f01,z,2.5659163987138243
L396_f01,z,1.4147909967845749
L396_f01,z,1.6273972602739661
L396_f01,z,4.720930232558146
L396_f01,z,3.1979695431471953
L396_f01,z,0.6280991735537214
L396_f01,z,4.245161290322585
L396_f01,z,2.8545454545454447
L396_f01,z,6.843930635838149
L396_f01,z,3.3055999999999983
L396_f01,z,5.447154471544707
L396_f01,z,4.69921875
L396_f01,z,3.5334420880913626
L396_f01,z,3.3293413173652766
L396_f01,z,0.48562300319488827
L396_f01,z,3.0806451612903345
L396_f01,z,4.668941979522174
L396_f01,z,0.631808278867112
L396_f01,z,2.7240506329114
L396_f01,z,1.2839999999999918
L396_f01,z,0.7983367983368055
L396_f01,z,2.181621621621616
L396_f01,z,3.6147239263803783
L396_f01,z,3.094567404426556
L396_f01,z,3.195256916996044
L396_f01,z,3.4360655737704917
L396_f01,z,0.48888888888888005
L396_f01,z,5.059322033898297
L396_f01,z,5.735099337748352
L396_f01,z,6.448669201520914
L396_f01,z,1.5491803278688394
L396_f01,z,1.6391982182628055
L396_f01,z,0.550537634408613
L396_f01,z,7.09905020352781
L396_f01,z,0.09248554913295948
L396_f01,z,1.536231884057969
L396_f01,z,0.8133333333333326
L396_f01,z,0.30821917808219723
L396_f01,z,3.4911660777385123
L396_f01,z,0.9011406844106489
L396_f01,z,3.2805280528052947
L396_f01,z,2.925690021231418
L396_f01,z,0.28474576271187857
L396_f01,z,2.0189573459715575
L396_f01,z,1.9746835443037867
L396_f01,z,2.148965517241379
L396_f01,z,2.1345291479820503
L396_f01,z,4.666666666666657
L396_f01,z,10.75941583397389
L396_f01,z,1.130111524163567
L396_f01,z,0.5147928994082918
L396_f01,z,3.752873563218401
L396_f01,z,0.5271317829457303
L396_f01,z,10.16626506024096
L396_f01,z,2.559726962457347
L396_f01,z,3.0612244897959044
L396_f01,z,0.819047619047609
L396_f01,z,1.6274509803921546
L396_f01,z,2.859504132231393
L396_f01,z,0.0382165605095679
L396_f01,z,4.016177957532875
L396_f01,z,1.5372549019607789
L396_f01,z,1.090128755364816
L396_f01,z,5.314285714285717
L396_f01,z,0.4161676646706667
L396_f01,z,6.8736842105263065
L396_f01,z,7.031630170316305
L396_f01,z,0.7777777777777715
L396_f01,z,7.1256830601092815
L396_f01,z,1.8558558558558502
L396_f01,z,5.926870748299308
L396_f01,z,2.310218978102199
L396_f01,z,1.1712062256809475
L396_f01,z,3.6394052044609566
L396_f01,z,0.03070175438597289
L396_f01,z,1.6074766355140184
L396_f01,z,1.1312803889789222
L396_f01,z,1.566765578635028
L396_f01,z,1.6042402826855096
L396_f01,z,6.289999999999992
L396_f01,z,6.151724137931041
L396_f01,z,4.147308781869697
L396_f01,z,1.0104529616724847
L396_f01,z,3.7087378640776762
L396_f01,z,0.2179487179487296
L396_f01,z,5.256637168141594
L396_f01,z,1.9053254437869782
L396_f01,z,6.683333333333337
L396_f01,z,7.89664082687338
L396_f01,z,0.07511737089203052
L396_f01,z,1.8854748603351936
L396_f01,z,3.9000000000000057
L396_f01,z,1.9044684129429754
L396_f01,z,3.238095238095241
L396_f01,z,5.5083655083655
L396_f01,z,3.5544041450777115
L396_f01,z,4.216216216216225
L396_f01,z,2.0854700854700923
L396_f01,z,7.699669966996709
L396_f01,z,4.1641791044776255
L396_f01,z,2.849137931034477
L396_f01,z,5.490813648293965
L396_f01,z,4.045883940620769
L396_f01,z,3.3176470588235247
L396_f01,z,5.438752783964361
L396_f01,z,4.650137741046819
L396_f01,z,4.514820592823725
L396_f01,z,2.739130434782595
L396_f01,z,6.854545454545445
L396_f01,z,0.35424354243542666
L396_f01,z,1.2214357937310467
L396_f01,z,1.8582677165354369
L396_f01,z,2.7002518891687544
L396_f01,z,12.533947065592628
L396_f01,z,0.5220883534136647
L396_f01,z,7.424408014571952
L396_f01,z,0.5161290322580783
L396_f01,z,4.00803212851406
L396_f01,z,1.4399999999999977
L396_f01,z,2.8000000000000114
L396_f01,z,5.120315581854044
L396_f01,z,9.327835051546401
L396_f01,z,1.4523809523809632
L396_f01,z,3.895833333333343
L396_f01,z,0.7953890489913533
L396_f01,z,0.7851851851851848
L396_f01,z,3.0373134328358162
L396_f01,z,4.068571428571431
L396_f01,z,7.533670033670035
L396_f01,z,1.1269841269841265
L396_f01,z,8.139332365747464
L396_f01,z,2.447058823529403
L396_f01,z,1.8258706467661625
L396_f01,z,5.873544093178026
L396_f01,z,4.365027322404359
L396_f01,z,3.3036144578313156
L396_f01,z,5.735849056603769
L396_f01,z,7.193612774451111
L396_f01,z,5.61522198731501
L396_f01,z,4.163588390501332
L396_f01,z,0.8358208955223745
L396_f01,z,4.688888888888897
L396_f01,z,1.2972972972972912
L396_f01,z,5.5375722543352595
L396_f01,z,1.944444444444457
L396_f01,z,1.8986666666666565
L396_f01,z,6.60955518945633
L396_f01,z,0.9562171628721501
L396_f01,z,5.373493975903614
L396_f01,z,8.098522167487658
L396_f01,z,0.6513994910941392
L396_f01,z,9.294003868471947
L396_f01,z,1.5212355212355249
L396_f01,z,7.2721451440768305
L396_f01,z,3.307228915662648
L396_f01,z,3.930666666666667
L396_f01,z,4.5314685314685335
L396_f01,z,0.6093959731543634
L396_f01,z,4.690618762475054
L396_f01,z,0.3846153846153868
L396_f01,z,0.8689138576779101
L396_f01,z,5.473404255319139
L396_f01,z,7.051724137931046
L396_f01,z,4.697674418604663
L396_f01,z,1.244299674267097
L396_f01,z,1.9482758620689538
L396_f01,z,0.1071428571428612
L396_f01,z,2.924630924630918
L396_f01,z,3.042780748663091
L396_f01,z,0.3494423791821646
L396_f01,z,0.6457399103138926
L396_f01,z,0.625
L396_f01,z,1.5961227786752943
L396_f01,z,15.240093240093245
L396_f01,z,2.5745856353591137
L396_f01,z,4.293159609120522
L396_f01,z,0.7724137931034534
L396_f01,z,2.0819672131147513
L396_f01,z,8.953571428571422
L396_f01,z,0.6106194690265454
L396_f01,z,0.7826086956521863
L396_f01,z,6.859589041095887
L396_f01,z,1.7309734513274293
L396_f01,z,0.7004219409282655
L396_f01,z,2.032200357781761
L396_f01,z,3.136363636363626
L396_f01,z,2.32926829268294
L396_f01,z,3.242261103633922
L396_f01,z,3.351206434316367
L396_f01,z,5.66746987951808
L396_f01,z,0.3129251700680413
L396_f01,z,0.1490683229813783
L396_f01,z,0.8155737704917954
L396_f01,z,6.552486187845318
L396_f01,z,8.200803212851383
L396_f01,z,5.9358151476251635
L396_f01,z,0.2807017543859729
L396_f01,z,5.363896848137529
L396_f01,z,4.453012048192761
L396_f01,z,5.398148148148152
L396_f01,z,2.972903225806448
L396_f01,z,2.7507218479306914
L396_f01,z,5.6865079365079225
L396_f01,z,7.4356005788712025
L396_f01,z,0.15544041450777968
L396_f01,z,9.656737588652476
L396_f01,z,4.477528089887642
L396_f01,z,1.634053367217291
L396_f01,z,2.4621676891615607
L396_f01,z,2.116279069767444
L396_f01,z,2.962585034013614
L396_f01,z,1.103703703703701
L396_f01,z,8.715099715099711
L396_f01,z,5.956626506024094
L396_f01,z,0.24842105263158487
L396_f01,z,5.456747404844293
L396_f01,z,6.59786476868328
L396_f01,z,0.1923076923076792
L396_f01,z,1.0030959752321849
L396_f01,z,1.1903323262839933
L396_f01,z,0.5193798449612359
L396_f01,z,7.797323135755249
L396_f01,z,4.350205198358424
L396_f01,z,2.918128654970758
L396_f01,z,4.178571428571416
L396_f01,z,1.4069264069264023
L396_f01,z,2.008869179600879
L396_f01,z,1.8270270270270146
L396_f01,z,4.907407407407419
L396_f01,z,6.474694589877828
L396_f01,z,3.651851851851859
L396_f01,z,2.0
L396_f01,z,0.13026819923371136
L396_f01,z,0.951923076923066
L396_f01,z,0.042016806722699584
L396_f01,z,3.582450832072624
L396_f01,z,8.538135593220318
L396_f01,z,0.33466135458166946
L396_f01,z,1.9366515837104146
L396_f01,z,5.40377358490565
L396_f01,z,1.2109589041095887
L396_f01,z,0.03921568627450256
L396_f01,z,2.317002881844388
L396_f01,z,7.100126742712291
L396_f01,z,6.11080332409972
L396_f01,z,4.8671875
L396_f01,z,2.951086956521749
L396_f01,z,0.0962888665997923
L396_f01,z,3.933333333333337
L396_f01,z,1.1853785900783294
L396_f01,z,5.052224371373313
L396_f01,z,1.1327433628318602
L396_f01,z,4.598726114649679
L396_f01,z,1.0426540284360328
L396_f01,z,1.1943127962085214
L396_f01,z,1.4784810126582215
L396_f01,z,1.487316421895855
L396_f01,z,6.867595818815317
L396_f01,z,3.3462837837837753
L396_f01,z,2.6990291262135884
L396_f01,z,5.071146245059282
L396_f01,z,7.166666666666657
L396_f01,z,5.06462585034015
L396_f01,z,3.2105263157894797
L396_f01,z,4.987080103359176
L396_f01,z,7.5759803921568505
L396_f01,z,2.9009900990099027
L396_f01,z,7.025165562913912
L396_f01,z,3.0031948881789106
L396_f01,z,6.286016949152554
L396_f01,z,0.8857142857142719
L396_f01,z,1.6983240223463554
L396_f01,z,0.25433526011559593
L396_f01,z,4.65384615384616
L396_f01,z,5.660550458715591
L396_f01,z,0.3020134228187885
L396_f01,z,6.962831858407071
L396_f01,z,9.701986754966896
L396_f01,z,3.9137931034482847
L396_f01,z,0.2727272727272805
L396_f01,z,4.767801857585141
L396_f01,z,0.2608695652174049
L396_f01,z,4.176923076923089
L396_f01,z,2.371681415929203
L396_f01,z,1.0493827160493936
L396_f01,z,3.101604278074859
L396_f01,z,0.3507109004739277
L396_f01,z,3.9474940334128803
L396_f01,z,3.6591760299625378
L396_f01,z,4.427728613569315
L396_f01,z,3.641577060931894
L396_f01,z,6.1364522417154035
L396_f01,z,6.666666666666657
L396_f01,z,9.341584158415856
L396_f01,z,2.954274353876741
L396_f01,z,1.379844961240309
L396_f01,z,5.135714285714272
L396_f01,z,3.030303030303031
L396_f01,z,2.3531531531531584
L396_f01,z,2.307692307692321
L396_f01,z,4.706231454005945
L396_f01,z,1.9087719298245531
L396_f01,z,4.291262135922324
L396_f01,z,5.405940594059416
L396_f01,z,5.258382642998015
L396_f01,z,7.510961214165263
L396_f01,z,3.5585738539898273
L396_f01,z,8.399999999999977
L396_f01,z,3.4060606060606062
L396_f01,z,4.6812749003983924
L396_f01,z,3.129230769230759
L396_f01,z,2.1704180064308787
L396_f01,z,3.045296167247386
L396_f01,z,9.484210526315792
L396_f01,z,0.8716904276985815
L396_f01,z,4.822857142857146
L396_f01,z,4.572727272727263
L396_f01,z,6.30125523012552
L396_f01,z,0.6863905325443795
L396_f01,z,2.2412451361867625
L396_f01,z,0.15577889447234838
L396_f01,z,0.7835051546391867
L396_f01,z,1.2968197879858678
L396_f01,z,3.6421845574387817
L396_f01,z,1.4292237442922442
L396_f01,z,2.6104129263913762
L396_f01,z,7.0762800417972755
L396_f01,z,4.268251273344646
L396_f01,z,0.3606557377049171
L396_f01,z,4.274698795180711
L396_f01,z,3.4728370221328078
L396_f01,z,3.6862745098039227
L396_f01,z,0.34108527131783717
L396_f01,z,2.3949044585987167
L396_f01,z,6.888495575221242
L396_f01,z,4.045340050377831
L396_f01,z,3.373913043478268
L396_f01,z,5.773809523809518
L396_f01,z,1.3655462184873954
L396_f01,z,0.6296296296296191
L396_f01,z,4.246913580246911
L396_f01,z,6.43174603174603
L396_f01,z,1.576158940397363
L396_f01,z,1.5673289183222892
L396_f01,z,0.6111111111111143
L396_f01,z,0.13492063492063266
L396_f01,z,0.6800000000000068
L396_f01,z,1.422480620155028
L396_f01,z,6.97991967871485
L396_f01,z,2.805309734513287
L396_f01,z,1.4761904761904816
L396_f01,z,1.8620689655172384
L396_f01,z,2.4923076923076906
L396_f01,z,1.283870967741933
L396_f01,z,0.5280898876404478
L396_f01,z,4.628571428571433
L396_f01,z,2.8321678321678405
L396_f01,z,2.2996742671009827
L396_f01,z,1.910377358490564
L396_f01,z,1.730941704035871
L396_f01,z,0.025210084033602698
L396_f01,z,3.661590524534688
L396_f01,z,3.964539007092185
L396_f01,z,5.454005934718111
L396_f01,z,2.1204819277108413
L396_f01,z,6.172231985940243
L396_f01,z,0.909547738693476
L396_f01,z,0.980891719745216
L396_f01,z,2.733218588640284
L396_f01,z,3.4502923976608315
L396_f01,z,2.0695652173913004
L396_f01,z,0.08756567425569983
L396_f01,z,0.2857142857142776
L396_f01,z,3.8271028037383132
L396_f01,z,6.895734597156405
L396_f01,z,0.6969696969696884
L396_f01,z,5.66459627329192
L396_f01,z,1.6538461538461604
L396_f01,z,5.379876796714569
L396_f01,z,2.059071729957793
L396_f01,z,4.988304093567251
L396_f01,z,1.7252747252747156
L396_f01,z,5.335329341317362
L396_f01,z,1.5165289256198378
L396_f01,z,1.9635258358662497
L396_f01,z,3.5300970873786355
L396_f01,z,3.643410852713174
L396_f01,z,2.9940476190476204
L396_f01,z,0.11666666666667425
L396_f01,z,3.322515212981756
L396_f01,z,1.8506224066389905
L396_f01,z,1.9003322259136155
L396_f01,z,0.3720930232558146
L396_f01,z,6.171875
L396_f01,z,2.6539682539682588
L396_f01,z,1.0747663551401843
L396_f01,z,1.0543933054393335
L396_f01,z,3.526377491207512
L396_f01,z,0.8462809917355401
L396_f01,z,2.327868852459005
L396_f01,z,1.8634812286689453
L396_f01,z,1.224880382775126
L396_f01,z,1.2292682926829173
L396_f01,z,2.710280373831779
L396_f01,z,0.729927007299267
L396_f01,z,10.011682242990645
L396_f01,z,5.0437956204379475
L396_f01,z,2.1234119782214123
L396_f01,z,0.40902679830747957
L396_f01,z,2.3280318091451306
L396_f01,z,0.7923809523809382
L396_f01,z,2.990689013035393
L396_f01,z,1.5985663082437327
L396_f01,z,4.78745644599303
L396_f01,z,0.1666666666666572
L396_f01,z,1.7709923664122016
L396_f01,z,0.7727272727272805
L396_f01,z,3.738197424892718
L396_f01,z,3.557219251336903
L396_f01,z,4.848861283643885
L396_f01,z,0.6770833333333428
L396_f01,z,2.8775510204081627
L396_f01,z,5.579831932773118
L396_f01,z,1.1927083333333428
L396_f01,z,2.666666666666657
L396_f01,z,8.117166212534073
L396_f01,z,3.055555555555543
L396_f01,z,0.48359240069083853
L396_f01,z,1.325301204819283
L396_f01,z,4.699346405228766
L396_f01,z,3.818181818181813
L396_f01,z,2.94736842105263
L396_f01,z,4.840000000000003
L396_f01,z,4.422222222222217
L396_f01,z,0.6056338028168966
L396_f01,z,4.211864406779654
L396_f01,z,0.5041322314049523
L396_f01,z,8.843501326259968
L396_f01,z,4.50839328537171
L396_f01,z,0.8327402135231239
L396_f01,z,9.133333333333326
L396_f01,z,2.504398826979468
L396_f01,z,1.6231155778894504
L396_f01,z,0.7439024390243958
L396_f01,z,1.1933471933471935
L396_f01,z,0.39814814814815236
L396_f01,z,2.375
L396_f01,z,1.7577197149643666
L396_f01,z,2.2077922077922096
L396_f01,z,5.648305084745772
L396_f01,z,1.3642384105960161
L396_f01,z,2.4805491990846633
L396_f01,z,6.702341137123739
L396_f01,z,4.461267605633793
L396_f01,z,2.1551724137931103
L396_f01,z,9.949329359165404
L396_f01,z,3.8504672897196315
L396_f01,z,2.0696517412935407
L396_f01,z,5.709401709401703
L396_f01,z,3.105084745762724
L396_f01,z,2.235294117647072
L396_f01,z,4.2057142857142935
L396_f01,z,0.8245614035087669
L396_f01,z,11.774675972083742
L396_f01,z,0.28493150684931834
L396_f01,z,1.613508442776748
L396_f01,z,5.819971870604775
L396_f01,z,2.0642570281124506
L396_f01,z,1.337142857142851
L396_f01,z,1.2857142857142776
L396_f01,z,4.628676470588232
L396_f01,z,2.6782608695652073
L396_f01,z,2.622950819672127
L396_f01,z,0.3120000000000118
L396_f01,z,2.1827956989247355
L396_f01,z,4.370833333333337
L396_f01,z,2.021108179419514
L396_f01,z,0.25925925925926663
L396_f01,z,3.36949152542374
L396_f01,z,2.098181818181814
L396_f01,z,7.087640449438197
L396_f01,z,2.7037037037036953
L396_f01,z,2.0238095238095184
L396_f01,z,2.1058495821727092
L396_f01,z,0.5818181818181927
L396_f01,z,2.0
L396_f01,z,4.28125
L396_f01,z,0.8867562380038407
L396_f01,z,2.015444015444018
L396_f01,z,4.199834847233689
L396_f01,z,2.591133004926121
L396_f01,z,7.924016282225239
L396_f01,z,4.109668109668121
L396_f01,z,1.5357833655706088
L396_f01,z,1.86278586278587
L396_f01,z,0.19323671497585337
L396_f01,z,2.2956989247311697
L396_f01,z,5.263757115749513
L396_f01,z,4.671232876712338
L396_f01,z,1.2037617554858855
L396_f01,z,3.598784194528889
L396_f01,z,0.8400852878464775
L396_f01,z,4.638888888888886
L396_f01,z,2.3611111111111143
L396_f01,z,5.380116959064338
L396_f01,z,5.600411946446968
L396_f01,z,1.5618374558303856
L396_f01,z,3.928721174004181
L396_f01,z,0.5181347150258944
L396_f01,z,4.759305210918114
L396_f01,z,1.5458612975391475
L396_f01,z,2.1407035175879514
L396_f01,z,6.299445471349344
L396_f01,z,4.12921348314606
L396_f01,z,6.181488203266781
L396_f01,z,4.712153518123671
L396_f01,z,3.3145917001338603
L396_f01,z,7.685863874345557
L396_f01,z,2.0194174757281473
L396_f01,z,0.22489959839356288
L396_f01,z,1.439749608763691
L396_f01,z,2.8461538461538396
L396_f01,z,1.8795180722891587
L396_f01,z,2.0036697247706456
L396_f01,z,0.020000000000010232
L396_f01,z,2.870056497175142
L396_f01,z,1.3933518005540293
L396_f01,z,3.9886685552407926
L396_f01,z,0.0722433460076104
L396_f01,z,0.4498269896193676
L396_f01,z,2.6290322580645125
L396_f01,z,3.221476510067106
L396_f01,z,7.8225108225108215
L396_f01,z,2.4157706093189972
L396_f01,z,3.001481481481477
L396_f01,z,8.450606585788535
L396_f01,z,5.089655172413785
L396_f01,z,0.897849462365599
L396_f01,z,3.590792838874677
L396_f01,z,2.0043010752688133
L396_f01,z,4.486094316807737
L396_f01,z,7.940029985007499
L396_f01,z,5.278160919540227
L396_f01,z,2.5064102564102484
L396_f01,z,5.020833333333343
L396_f01,z,6.058708414872797
L396_f01,z,5.995157384987891
L396_f01,z,4.599999999999994
L396_f01,z,3.560693641618485
L396_f01,z,0.15151515151515582
L396_f01,z,5.549597855227887
L396_f01,z,3.2837078651685374
L396_f01,z,1.4950819672131104
L396_f01,z,1.6990099009900916
L396_f01,z,1.0229885057471222
L396_f01,z,3.8041237113401962
L396_f01,z,3.9007092198581574
L396_f01,z,1.831223628691987
L396_f01,z,4.416370106761576
L396_f01,z,1.1461988304093609
L396_f01,z,1.6347826086956445
L396_f01,z,4.230248306997737
L396_f01,z,3.780219780219767
L396_f01,z,3.1215686274509835
L396_f01,z,2.3499999999999943
L396_f01,z,1.1999999999999886
L396_f01,z,1.9650000000000034
L396_f01,z,2.3324099722991605
L396_f01,z,3.8125665601703815
L396_f01,z,6.438787878787878
L396_f01,z,5.495462794918325
L396_f01,z,0.16271186440678775
L396_f01,z,2.3206106870229064
L396_f01,z,8.368098159509202
L396_f01,z,3.112033195020757
L396_f01,z,0.8735632183908137
L396_f01,z,8.15262636273539
L396_f01,z,2.5
L396_f01,z,6.601652892561987
L396_f01,z,1.0332005312085073
L396_f01,z,2.5037593984962427
L396_f01,z,2.493775933609953
L396_f01,z,4.6268174474959665
L396_f01,z,0.9394495412844037
L396_f01,z,1.5522388059701484
L396_f01,z,1.0429447852760632
L396_f01,z,3.280701754385973
L396_f01,z,0.42272126816379796
L396_f01,z,5.588785046728958
L396_f01,z,9.621289662231334
L396_f01,z,4.1578327444051695
L396_f01,z,5.8821954484605214
L396_f01,z,3.4082644628099104
L396_f01,z,0.5725806451612812
L396_f01,z,4.4685835995740035
L396_f01,z,2.2441314553990708
L396_f01,z,3.8447761194029795
L396_f01,z,2.504780114722763
L396_f01,z,2.503184713375788
L396_f01,z,3.824884792626733
L396_f01,z,5.017167381974247
L396_f01,z,0.8328075709779057
L396_f01,z,0.056074766355152406
L396_f01,z,1.0580847723704778
L396_f01,z,1.809128630705402
L396_f01,z,0.9485458612975322
L396_f01,z,0.2959427207637191
L396_f01,z,5.413014608233738
L396_f01,z,1.7670886075949284
L396_f01,z,3.1511627906976685
L396_f01,z,8.255319148936167
L396_f01,z,4.2365591397849585
L396_f01,z,9.666666666666657
L396_f01,z,3.5815384615384573
L396_f01,z,3.7261744966442905
L396_f01,z,2.0879120879120876
L396_f01,z,2.7290748898678316
L396_f01,z,2.5523809523809575
L396_f01,z,5.317307692307679
L396_f01,z,0.8679245283018986
L396_f01,z,0.7281323877068644
L396_f01,z,10.094276094276097
L396_f01,z,6.239795918367349
L396_f01,z,2.8737201365187843
L396_f01,z,3.3497164461247735
L396_f01,z,4.304878048780495
L396_f01,z,2.2799461641992025
L396_f01,z,0.5531914893616943
L396_f01,z,4.729344729344717
L396_f01,z,4.849094567404421
L396_f01,z,6.336099585062243
L396_f01,z,5.067641681901279
L396_f01,z,3.041666666666657
L396_f01,z,0.2803234501347731
L396_f01,z,1.8104448742746513
L396_f01,z,2.509598603839436
L396_f01,z,6.369230769230768
L396_f01,z,6.658536585365852
L396_f01,z,2.785321100917429
L396_f01,z,5.536423841059616
L396_f01,z,0.7109974424552377
L396_f01,z,2.407484407484418
L396_f01,z,4.805418719211815
L396_f01,z,7.462184873949582
L396_f01,z,1.408730158730151
L396_f01,z,1.8888888888888857
L396_f01,z,5.8369565217391255
L396_f01,z,3.5476839237057334
L396_f01,z,7.450331125827802
L396_f01,z,8.253557567917198
L396_f01,z,1.9858156028368796
L396_f01,z,0.18461538461539817
L396_f01,z,9.186206896551738
L396_f01,z,6.13483146067415
L396_f01,z,2.138759172781846
L396_f01,z,3.8252427184465887
L396_f01,z,0.6315789473684106
L396_f01,z,2.7949999999999875
L396_f01,z,3.192200557103064
L396_f01,z,4.1705069124423915
L396_f01,z,3.076923076923066
L396_f01,z,3.032710280373834
L396_f01,z,2.047457627118632
L396_f01,z,5.916376306620208
L396_f01,z,4.2088353413654715
L396_f01,z,2.7600896860986666
L396_f01,z,5.656612529002331
L396_f01,z,2.384172661870508
L396_f01,z,0.8333333333333428
L396_f01,z,4.373493975903614
L396_f01,z,4.251851851851853
L396_f01,z,8.338072669826232
L396_f01,z,2.6372007366482535
L396_f01,z,5.410169491525437
L396_f01,z,0.8980716253443575
L396_f01,z,3.5662650602409656
L396_f01,z,5.308457711442799
L396_f01,z,4.437869822485197
L396_f01,z,3.5759312320917047
L396_f01,z,4.156334231805943
L396_f01,z,8.05966277561609
L396_f01,z,0.5568627450980443
L396_f01,z,9.036789297658856
L396_f01,z,1.8713450292397624
L396_f01,z,0.12470023980816336
L396_f01,z,1.4490358126721787
L396_f01,z,4.859598853868192
L396_f01,z,2.5945945945945823
L396_f01,z,2.5184049079754516
L396_f01,z,2.9346246973365737
L396_f01,z,0.3475783475783487
L396_f01,z,0.5369127516778462
L396_f01,z,4.699159663865544
L396_f01,z,7.01953125
L396_f01,z,0.3688311688311785
L396_f01,z,7.877342419080065
L396_f01,z,4.201438848920873
L396_f01,z,1.6647058823529335
L396_f01,z,7.2891566265060135
L396_f01,z,3.519379844961236
L396_f01,z,1.0926829268292693
L396_f01,z,4.72887085868831
L396_f01,z,0.32222222222222285
L396_f01,z,10.418791946308716
L396_f01,z,5.479930191972073
L396_f01,z,1.4340836012861757
L396_f01,z,2.372602739726034
L396_f01,z,7.608187134502913
L396_f01,z,3.9712230215827447
L396_f01,z,5.736111111111114
L396_f01,z,1.1454545454545553
L396_f01,z,0.6706586826347234
L396_f01,z,3.3806706114398537
L396_f01,z,3.5065616797900248
L396_f01,z,4.628099173553721
L396_f01,z,7.197969543147195
L396_f01,z,4.485623003194888
L396_f01,z,7.614723926380378
L396_f01,z,4.334085778781031
L396_f01,z,0.4665579119086374
L396_f01,z,0.9193548387096655
L396_f01,z,1.5795795795795868
L396_f01,z,0.6689419795221738
L396_f01,z,3.7935779816513673
L396_f01,z,4.631808278867112
L396_f01,z,5.414790996784575
L396_f01,z,2.716000000000008
L396_f01,z,7.195256916996044
L396_f01,z,1.8183783783783838
L396_f01,z,0.9054325955734441
L396_f01,z,4.584507042253534
L396_f01,z,4.7983367983368055
L396_f01,z,0.5639344262295083
L396_f01,z,7.32236842105263
L396_f01,z,4.48888888888888
L396_f01,z,2.4486692015209144
L396_f01,z,3.7167138810198423
L396_f01,z,5.782971619365611
L396_f01,z,7.342359767891679
L396_f01,z,3.2366863905325545
L396_f01,z,4.0924855491329595
L396_f01,z,3.09905020352781
L396_f01,z,2.93383742911152
L396_f01,z,3.449462365591387
L396_f01,z,3.1866666666666674
L396_f01,z,5.6391982182628055
L396_f01,z,5.549180327868839
L396_f01,z,6.208333333333343
L396_f01,z,0.7194719471947053
L396_f01,z,2.463768115942031
L396_f01,z,3.6917808219178028
L396_f01,z,1.9810426540284425
L396_f01,z,8.235741444866932
L396_f01,z,1.0743099787685821
L396_f01,z,1.851034482758621
L396_f01,z,5.513833992094874
L396_f01,z,4.284745762711879
L396_f01,z,10.939675174013928
L396_f01,z,4.108949416342426
L396_f01,z,6.16626506024096
L396_f01,z,3.098859315589351
L396_f01,z,2.0253164556962133
L396_f01,z,4.514792899408292
L396_f01,z,6.13452914798205
L396_f01,z,3.5047619047618923
L396_f01,z,4.52713178294573
L396_f01,z,1.440273037542653
L396_f01,z,1.8903225806451474
L396_f01,z,1.1404958677686068
L396_f01,z,3.961783439490432
L396_f01,z,0.4807692307692264
L396_f01,z,2.289999999999992
L396_f01,z,6.241379310344826
L396_f01,z,4.089238845144365
L396_f01,z,2.1441441441441498
L396_f01,z,5.131280388978922
L396_f01,z,1.6897810218978009
L396_f01,z,1.3142857142857167
L396_f01,z,0.45679012345678416
L396_f01,z,4.7777777777777715
L396_f01,z,1.373913043478268
L396_f01,z,0.016177957532875098
L396_f01,z,3.39366515837105
L396_f01,z,2.647398843930631
L396_f01,z,2.8736842105263065
L396_f01,z,1.292307692307702
L396_f01,z,3.969298245614027
L396_f01,z,2.8287937743190525
L396_f01,z,6.854442344045367
L396_f01,z,1.926870748299308
L396_f01,z,2.3957597173144904
L396_f01,z,9.909712722298224
L396_f01,z,3.426356589147275
L396_f01,z,3.5838323353293333
L396_f01,z,4.5283018867924625
L396_f01,z,4.124645892351282
L396_f01,z,0.1322314049586737
L396_f01,z,8.384615384615387
L396_f01,z,0.14730878186969676
L396_f01,z,2.9895470383275153
L396_f01,z,2.166666666666657
L396_f01,z,3.6190476190476204
L396_f01,z,0.29126213592232375
L396_f01,z,0.7619047619047592
L396_f01,z,3.7820512820512704
L396_f01,z,10.347744360902254
L396_f01,z,0.4455958549222885
L396_f01,z,3.5087719298245474
L396_f01,z,0.16417910447762551
L396_f01,z,4.973523421588595
L396_f01,z,5.904468412942975
L396_f01,z,1.3286713286713336
L396_f01,z,5.648594377510051
L396_f01,z,1.531914893617028
L396_f01,z,6.326465927099832
L396_f01,z,7.900000000000006
L396_f01,z,2.1517241379310406
L396_f01,z,0.6176470588235361
L396_f01,z,1.1508620689655231
L396_f01,z,5.885474860335194
L396_f01,z,8.291196388261852
L396_f01,z,6.201941747572818
L396_f01,z,2.4000000000000057
L396_f01,z,0.6823529411764753
L396_f01,z,8.216216216216225
L396_f01,z,8.045883940620769
L396_f01,z,2.8545454545454447
L396_f01,z,1.438752783964361
L396_f01,z,1.5083655083655003
L396_f01,z,0.6501377410468194
L396_f01,z,4.8343558282208505
L396_f01,z,1.4908136482939653
L396_f01,z,2.141732283464563
L396_f01,z,9.90569105691057
L396_f01,z,8.533947065592628
L396_f01,z,2.7785642062689533
L396_f01,z,4.0348432055749015
L396_f01,z,2.4192307692307793
L396_f01,z,0.5148205928237246
L396_f01,z,3.424408014571952
L396_f01,z,2.5164319248826246
L396_f01,z,2.4803921568627345
L396_f01,z,6.700251889168754
L396_f01,z,5.027522935779814
L396_f01,z,4.516129032258078
L396_f01,z,4.624775583482943
L396_f01,z,4.134328358208961
L396_f01,z,0.859437751004009
L396_f01,z,1.1999999999999886
L396_f01,z,11.474137931034477
L396_f01,z,0.09375
L396_f01,z,4.139332365747464
L396_f01,z,2.5600000000000023
L396_f01,z,0.7308970099667818
L396_f01,z,1.7852348993288558
L396_f01,z,2.608695652173907
L396_f01,z,0.9626865671641838
L396_f01,z,7.149746192893389
L396_f01,z,0.06857142857143117
L396_f01,z,0.9012658227848078
L396_f01,z,0.7680000000000007
L396_f01,z,5.327835051546401
L396_f01,z,3.2148148148148152
L396_f01,z,0.2631578947368496
L396_f01,z,0.6888888888888971
L396_f01,z,4.724857685009482
L396_f01,z,7.731617647058812
L396_f01,z,5.927350427350433
L396_f01,z,2.055555555555543
L396_f01,z,3.348600508905861
L396_f01,z,1.552941176470597
L396_f01,z,9.345980126467936
L396_f01,z,5.8986666666666565
L396_f01,z,1.3734939759036138
L396_f01,z,2.8509485094851073
L396_f01,z,1.3953488372092977
L396_f01,z,11.876363636363635
L396_f01,z,11.569721115537845
L396_f01,z,5.521235521235525
L396_f01,z,11.27214514407683
L396_f01,z,8.977876106194685
L396_f01,z,0.7676130389064042
L396_f01,z,5.294003868471947
L396_f01,z,2.6340425531914775
L396_f01,z,1.240000000000009
L396_f01,z,1.4734042553191387
L396_f01,z,0.0693333333333328
L396_f01,z,3.04378283712785
L396_f01,z,0.5314685314685335
L396_f01,z,4.6093959731543634
L396_f01,z,0.6976744186046631
L396_f01,z,4.906849315068484
L396_f01,z,2.4038772213247057
L396_f01,z,11.240093240093245
L396_f01,z,3.3542600896861074
L396_f01,z,0.9572192513369089
L396_f01,z,4.772413793103453
L396_f01,z,1.3000000000000114
L396_f01,z,0.9444444444444571
L396_f01,z,1.0753690753690819
L396_f01,z,4.349442379182165
L396_f01,z,3.2173913043478137
L396_f01,z,6.710027100270992
L396_f01,z,2.8595890410958873
L396_f01,z,1.4254143646408863
L396_f01,z,4.651785714285722
L396_f01,z,0.757738896366078
L396_f01,z,0.20634920634921627
L396_f01,z,2.2690265486725707
L396_f01,z,0.4530120481927611
L396_f01,z,8.5420168067227
L396_f01,z,6.081967213114751
L396_f01,z,6.519637462235636
L396_f01,z,3.880597014925371
L396_f01,z,4.312925170068041
L396_f01,z,3.3893805309734546
L396_f01,z,3.1844262295082046
L396_f01,z,3.321148825065279
L396_f01,z,0.6487935656836328
L396_f01,z,1.9677996422182389
L396_f01,z,4.149068322981378
L396_f01,z,4.819512195121945
L396_f01,z,12.675767918088752
L396_f01,z,6.750721847930691
L396_f01,z,1.0270967741935522
L396_f01,z,1.6865079365079225
L396_f01,z,2.552486187845318
L396_f01,z,4.40519480519481
L396_f01,z,3.157534246575352
L396_f01,z,2.9570957095709502
L396_f01,z,5.634053367217291
L396_f01,z,3.4356005788712025
L396_f01,z,10.096644295302013
L396_f01,z,5.783783783783775
L396_f01,z,3.8445595854922203
L396_f01,z,1.037414965986386
L396_f01,z,0.4775280898876417
L396_f01,z,2.7357142857142946
L396_f01,z,1.5378323108384393
L396_f01,z,1.8837209302325562
L396_f01,z,1.3981481481481524
L396_f01,z,1.9630606860158366
L396_f01,z,5.656737588652476
L396_f01,z,2.896296296296299
L396_f01,z,1.7234042553191387
L396_f01,z,3.751578947368415
L396_f01,z,3.807692307692321
L396_f01,z,1.9566265060240937
L396_f01,z,1.081871345029242
L396_f01,z,3.6606260296540256
L396_f01,z,1.1851851851851904
L396_f01,z,1.8084291187739439
L396_f01,z,1.9911308203991211
L396_f01,z,1.9751166407465064
L396_f01,z,5.003095975232185
L396_f01,z,3.142857142857139
L396_f01,z,2.140845070422529
L396_f01,z,0.3502051983584238
L396_f01,z,0.1785714285714164
L396_f01,z,6.995238095238108
L396_f01,z,2.5930735930735977
L396_f01,z,2.18897637795277
L396_f01,z,4.130268199233711
L396_f01,z,0.907407407407419
L396_f01,z,0.348148148148141
L396_f01,z,3.042979942693421
L396_f01,z,5.210958904109589
L396_f01,z,3.6653386454183305
L396_f01,z,9.38564273789649
L396_f01,z,4.0420168067227
L396_f01,z,4.388214904679387
L396_f01,z,2.618025751072963
L396_f01,z,0.4175491679273762
L396_f01,z,1.6878048780487802
L396_f01,z,2.0633484162895854
L396_f01,z,2.4815724815724707
L396_f01,z,7.636863823933965
L396_f01,z,4.100294985250741
L396_f01,z,0.8671875
L396_f01,z,3.169811320754718
L396_f01,z,1.048913043478251
L396_f01,z,4.652733118971071
L396_f01,z,11.100126742712291
L396_f01,z,2.11080332409972
L396_f01,z,0.5987261146496792
L396_f01,z,0.06666666666666288
L396_f01,z,7.129720853858771
L396_f01,z,0.9119170984455991
L396_f01,z,3.9037111334002077
L396_f01,z,5.185378590078329
L396_f01,z,1.6829971181556118
L396_f01,z,2.5315315315315274
L396_f01,z,2.8288288288288186
L396_f01,z,1.9375
L396_f01,z,11.44567627494456
L396_f01,z,2.957345971563967
L396_f01,z,0.38626609442059134
L396_f01,z,3.315175097276267
L396_f01,z,8.70780399274048
L396_f01,z,2.6394052044609566
L396_f01,z,2.5215189873417785
L396_f01,z,10.289005235602104
L396_f01,z,5.194312796208521
L396_f01,z,3.166666666666657
L396_f01,z,2.512683578104145
L396_f01,z,7.3157894736842195
L396_f01,z,7.346283783783775
L396_f01,z,1.3009708737864116
L396_f01,z,2.8675958188153174
L396_f01,z,1.071146245059282
L396_f01,z,3.5759803921568505
L396_f01,z,0.9968051118210894
L396_f01,z,5.167155425219931
L396_f01,z,2.5154639175257785
L396_f01,z,8.071672354948817
L396_f01,z,4.631578947368411
L396_f01,z,2.692307692307679
L396_f01,z,4.312714776632305
L396_f01,z,0.6896551724137794
L396_f01,z,3.0251655629139123
L396_f01,z,0.6538461538461604
L396_f01,z,0.2760563380281553
L396_f01,z,4.402298850574709
L396_f01,z,10.07578253706754
L396_f01,z,3.0402476780185737
L396_f01,z,2.6535433070866077
L396_f01,z,4.254335260115596
L396_f01,z,1.9140401146131865
L396_f01,z,0.08620689655171532
L396_f01,z,5.701986754966896
L396_f01,z,0.7678018575851411
L396_f01,z,2.962831858407071
L396_f01,z,3.7272727272727195
L396_f01,z,7.933962264150949
L396_f01,z,0.5777777777777828
L396_f01,z,1.6283185840707972
L396_f01,z,0.9863013698630141
L396_f01,z,2.0980392156862706
L396_f01,z,0.17692307692308873
L396_f01,z,6.4763860369609745
L396_f01,z,3.0684931506849296
L396_f01,z,7.6097560975609895
L396_f01,z,2.3776824034334822
L396_f01,z,0.0525059665871197
L396_f01,z,3.6492890995260723
L396_f01,z,0.8983957219251408
L396_f01,z,3.413441955193491
L396_f01,z,2.1364522417154035
L396_f01,z,2.9506172839506064
L396_f01,z,6.0452488687782875
L396_f01,z,2.674199623352166
L396_f01,z,4.186379928315404
L396_f01,z,1.6468468468468416
L396_f01,z,0.7062314540059447
L396_f01,z,1.8671328671328808
L396_f01,z,3.3394495412844094
L396_f01,z,4.572597137014327
L396_f01,z,1.6923076923076792
L396_f01,z,7.039999999999992
L396_f01,z,3.5109612141652633
L396_f01,z,2.3092783505154557
L396_f01,z,5.933216168717053
L396_f01,z,3.5
L396_f01,z,1.405940594059416
L396_f01,z,0.4414261460101727
L396_f01,z,0.5200000000000102
L396_f01,z,4.329718004338389
L396_f01,z,0.8707692307692412
L396_f01,z,3.625498007968133
L396_f01,z,5.017921146953398
L396_f01,z,1.8295819935691213
L396_f01,z,12.483825597749643
L396_f01,z,9.154963680387397
L396_f01,z,4.8716904276985815
L396_f01,z,5.073394495412856
L396_f01,z,0.8228571428571456
L396_f01,z,3.485411140583551
L396_f01,z,0.5939393939393938
L396_f01,z,2.30125523012552
L396_f01,z,8.458015267175568
L396_f01,z,1.7587548638132375
L396_f01,z,5.595238095238102
L396_f01,z,7.791095890410958
L396_f01,z,4.155778894472348
L396_f01,z,0.9547038327526138
L396_f01,z,3.3136094674556205
L396_f01,z,7.299224806201551
L396_f01,z,2.1333333333333258
L396_f01,z,3.029126213592235
L396_f01,z,0.2682512733446458
L396_f01,z,2.4285714285714164
L396_f01,z,7.426966292134836
L396_f01,z,2.570776255707756
L396_f01,z,5.296819787985868
L396_f01,z,1.3895870736086238
L396_f01,z,3.0762800417972755
L396_f01,z,0.2746987951807114
L396_f01,z,0.35781544256121833
L396_f01,z,4.110465116279073
L396_f01,z,4.360655737704917
L396_f01,z,9.474708171206231
L396_f01,z,6.185686653771768
L396_f01,z,2.888495575221242
L396_f01,z,3.319999999999993
L396_f01,z,0.626086956521732
L396_f01,z,2.2715404699738997
L396_f01,z,0.24691358024691112
L396_f01,z,3.395973154362423
L396_f01,z,9.773809523809518
L396_f01,z,2.432671081677711
L396_f01,z,2.95597484276729
L396_f01,z,2.716129032258067
L396_f01,z,5.581792318634427
L396_f01,z,2.577519379844972
L396_f01,z,1.5076923076923094
L396_f01,z,1.2621359223300885
L396_f01,z,8.498861047835987
L396_f01,z,5.365546218487395
L396_f01,z,13.187624750498998
L396_f01,z,0.33840947546531197
L396_f01,z,1.1823899371069047
L396_f01,z,2.089622641509436
L396_f01,z,4.984126984126988
L396_f01,z,2.269058295964129
L396_f01,z,1.4540059347181113
L396_f01,z,4.980891719745216
L396_f01,z,1.1678321678321595
L396_f01,z,6.732394366197184
L396_f01,z,1.7003257328990173
L396_f01,z,3.090452261306524
L396_f01,z,1.8795180722891587
L396_f01,z,9.498734177215198
L396_f01,z,6.649517684887456
L396_f01,z,0.5497076023391685
L396_f01,z,2.989690721649481
L396_f01,z,1.3353293413173617
L396_f01,z,2.1722319859402432
L396_f01,z,4.0875656742557
L396_f01,z,1.3798767967145693
L396_f01,z,4.454794520547949
L396_f01,z,0.17289719626168676
L396_f01,z,1.311627906976753
L396_f01,z,6.032634032634036
L396_f01,z,0.190476190476204
L396_f01,z,5.831325301204828
L396_f01,z,0.7701863354037357
L396_f01,z,5.280701754385973
L396_f01,z,4.439393939393938
L396_f01,z,8.226923076923072
L396_f01,z,4.096385542168662
L396_f01,z,5.516528925619838
L396_f01,z,1.0059523809523796
L396_f01,z,4.647137150466051
L396_f01,z,5.477051460361622
L396_f01,z,7.5300970873786355
L396_f01,z,1.6438356164383663
L396_f01,z,2.0996677740863845
L396_f01,z,5.96352583586625
L396_f01,z,5.8506224066389905
L396_f01,z,1.3460317460317412
L396_f01,z,3.6127320954907134
L396_f01,z,1.6534653465346594
L396_f01,z,2.004618937644352
L396_f01,z,3.15371900826446
L396_f01,z,0.9430894308943039
L396_f01,z,1.6721311475409948
L396_f01,z,2.1365187713310547
L396_f01,z,6.011682242990645
L396_f01,z,0.4736225087924879
L396_f01,z,4.729927007299267
L396_f01,z,1.2897196261682211
L396_f01,z,0.5555555555555429
L396_f01,z,2.9252336448598157
L396_f01,z,1.6719681908548694
L396_f01,z,1.0437956204379475
L396_f01,z,5.121412803531996
L396_f01,z,5.390191897654574
L396_f01,z,2.2279792746113856
L396_f01,z,0.8847352024922088
L396_f01,z,1.5762081784386623
L396_f01,z,6.990689013035393
L396_f01,z,3.207619047619062
L396_f01,z,9.901132852729148
L396_f01,z,0.509554140127392
L396_f01,z,4.40902679830748
L396_f01,z,3.1917808219178028
L396_f01,z,2.2290076335877984
L396_f01,z,0.7428571428571331
L396_f01,z,5.441176470588232
L396_f01,z,0.6455026455026314
L396_f01,z,7.557219251336903
L396_f01,z,0.7874564459930298
L396_f01,z,4.677083333333343
L396_f01,z,2.158904109589031
L396_f01,z,0.18181818181818699
L396_f01,z,2.0864864864864785
L396_f01,z,2.807291666666657
L396_f01,z,0.2618025751072821
L396_f01,z,3.5164075993091615
L396_f01,z,0.6993464052287663
L396_f01,z,4.117166212534073
L396_f01,z,3.0335570469798654
L396_f01,z,2.18502202643171
L396_f01,z,1.7994269340974256
L396_f01,z,5.325301204819283
L396_f01,z,1.3333333333333428
L396_f01,z,2.50244698205546
L396_f01,z,0.96875
L396_f01,z,0.8400000000000034
L396_f01,z,0.9444444444444571
L396_f01,z,3.6476190476190595
L396_f01,z,8.422222222222217
L396_f01,z,0.25984251968503713
L396_f01,z,3.3943661971831034
L396_f01,z,4.217522658610278
L396_f01,z,1.5679442508710792
L396_f01,z,3.6134453781512548
L396_f01,z,2.3768844221105496
L396_f01,z,5.212500000000006
L396_f01,z,0.7843137254901933
L396_f01,z,8.220512820512823
L396_f01,z,5.312741312741309
L396_f01,z,2.8066528066528065
L396_f01,z,2.797136038186153
L396_f01,z,2.7023411371237387
L396_f01,z,1.7647058823529278
L396_f01,z,5.757719714964367
L396_f01,z,0.08695652173912549
L396_f01,z,1.6483050847457719
L396_f01,z,4.743902439024396
L396_f01,z,0.2057142857142935
L396_f01,z,5.364238410596016
L396_f01,z,0.4256410256410277
L396_f01,z,1.2937293729372925
L396_f01,z,2.5816326530612344
L396_f01,z,1.6285714285714334
L396_f01,z,3.5806451612903345
L396_f01,z,4.824561403508767
L396_f01,z,3.7150684931506817
L396_f01,z,5.687388987566607
L396_f01,z,1.144186046511635
L396_f01,z,2.386491557223252
L396_f01,z,6.622950819672127
L396_f01,z,1.8199718706047747
L396_f01,z,7.105084745762724
L396_f01,z,7.493013972055877
L396_f01,z,1.4213381555153717
L396_f01,z,0.4612676056337932
L396_f01,z,5.79553903345726
L396_f01,z,2.142322097378269
L396_f01,z,1.9788918205804862
L396_f01,z,0.7254901960784252
L396_f01,z,3.687999999999988
L396_f01,z,6.1827956989247355
L396_f01,z,2.720647773279353
L396_f01,z,4.481848184818489
L396_f01,z,7.793939393939382
L396_f01,z,5.139841688654343
L396_f01,z,4.259259259259267
L396_f01,z,1.8941504178272908
L396_f01,z,6.87078651685394
L396_f01,z,4.581818181818193
L396_f01,z,0.5185185185185048
L396_f01,z,6.0
L396_f01,z,3.2937685459940553
L396_f01,z,3.1132437619961593
L396_f01,z,7.909465020576135
L396_f01,z,3.9240162822252387
L396_f01,z,0.1998348472336886
L396_f01,z,5.1170731707317145
L396_f01,z,5.027027027027032
L396_f01,z,4.297117516629726
L396_f01,z,8.109668109668121
L396_f01,z,2.464216634429391
L396_f01,z,0.7055837563451917
L396_f01,z,0.3333333333333428
L396_f01,z,2.13721413721413
L396_f01,z,1.7957446808510724
L396_f01,z,0.05487804878049474
L396_f01,z,5.320987654320987
L396_f01,z,1.7043010752688303
L396_f01,z,3.967637540453069
L396_f01,z,7.198581560283685
L396_f01,z,3.1599147121535225
L396_f01,z,0.6388888888888857
L396_f01,z,1.3801169590643383
L396_f01,z,3.4168937329700384
L396_f01,z,1.6388888888888857
L396_f01,z,1.9610027855153191
L396_f01,z,0.7593052109181144
L396_f01,z,9.600411946446968
L396_f01,z,2.344303797468342
L396_f01,z,4.018750000000011
L396_f01,z,2.0250000000000057
L396_f01,z,4.291545189504376
L396_f01,z,4.11830985915492
L396_f01,z,4.097186700767253
L396_f01,z,2.299445471349344
L396_f01,z,0.12921348314606007
L396_f01,z,1.8592964824120486
L396_f01,z,10.64264619019491
L396_f01,z,2.181488203266781
L396_f01,z,5.271629778672036
L396_f01,z,0.7121535181236709
L396_f01,z,5.5458612975391475
L396_f01,z,1.0699588477366149
L396_f01,z,1.8145695364238463
L396_f01,z,3.555166374781095
L396_f01,z,7.31459170013386
L396_f01,z,1.1538461538461604
L396_f01,z,5.439749608763691
L396_f01,z,1.9963302752293544
L396_f01,z,2.1204819277108413
L396_f01,z,3.9799999999999898
L396_f01,z,2.6066481994459707
L396_f01,z,1.1299435028248581
L396_f01,z,4.6221498371335485
L396_f01,z,1.3709677419354875
L396_f01,z,4.07224334600761
L396_f01,z,6.917537746806033
L396_f01,z,1.5842293906810028
L396_f01,z,3.8225108225108215
L396_f01,z,0.998518518518523
L396_f01,z,1.089655172413785
L396_f01,z,15.045776918117355
L396_f01,z,12.450606585788535
L396_f01,z,6.024866785079922
L396_f01,z,0.4092071611253232
L396_f01,z,2.0487804878048905
L396_f01,z,3.102150537634401
L396_f01,z,8.339168490153185
L396_f01,z,7.166123778501628
L396_f01,z,7.466063348416299
L396_f01,z,0.5084745762711975
L396_f01,z,14.412224591329078
L396_f01,z,3.5261627906976685
L396_f01,z,3.896296296296299
L396_f01,z,1.0208333333333428
L396_f01,z,3.5454545454545325
L396_f01,z,8.317617866004952
L396_f01,z,0.5999999999999943
L396_f01,z,1.9951573849878912
L396_f01,z,5.2493438320209975
L396_f01,z,4.273584905660385
L396_f01,z,7.40786240786241
L396_f01,z,9.108816521048453
L396_f01,z,3.235867446393769
L396_f01,z,1.9865771812080482
L396_f01,z,1.8397790055248606
L396_f01,z,1.1186440677966232
L396_f01,z,0.6317241379310303
L396_f01,z,0.19314641744549021
L396_f01,z,4.466148723640401
L396_f01,z,1.8153846153846018
L396_f01,z,0.45033112582780177
L396_f01,z,4.686930091185417
L396_f01,z,4.716292134831463
L396_f01,z,0.923076923076934
L396_f01,z,0.7093333333333192
L396_f01,z,3.8419753086419632
L396_f01,z,0.6647564469913902
L396_f01,z,3.769751693002263
L396_f01,z,0.9924050632911303
L396_f01,z,0.19117647058823195
L396_f01,z,4.004338394793933
L396_f01,z,4.099290780141843
L396_f01,z,0.8969359331476312
L396_f01,z,0.48275862068965125
L396_f01,z,7.485992691839215
L396_f01,z,1.649230769230769
L396_f01,z,1.0040816326530546
L396_f01,z,4.8784313725490165
L396_f01,z,3.583629893238424
L396_f01,z,0.10200364298725617
L396_f01,z,4.930158730158723
L396_f01,z,0.8149779735682898
L396_f01,z,1.2520325203252014
L396_f01,z,1.8148148148148096
L396_f01,z,0.606382978723417
L396_f01,z,1.2732824427480978
L396_f01,z,3.3731825525040335
L396_f01,z,3.983240223463696
L396_f01,z,2.411214953271042
L396_f01,z,4.1552238805970205
L396_f01,z,9.033200531208507
L396_f01,z,1.2897196261682211
L396_f01,z,4.719298245614027
L396_f01,z,0.35784313725488914
L396_f01,z,3.630695443645095
L396_f01,z,4.962593516209466
L396_f01,z,0.1176470588235361
L396_f01,z,4.59173553719009
L396_f01,z,1.2987654320987758
L396_f01,z,0.7049808429118798
L396_f01,z,1.0
L396_f01,z,1.478070175438603
L396_f01,z,3.0
L396_f01,z,5.663551401869171
L396_f01,z,3.2654545454545314
L396_f01,z,3.5314164004259965
L396_f01,z,4.112359550561791
L396_f01,z,3.4736842105263293
L396_f01,z,5.748858447488573
L396_f01,z,2.5869853917662624
L396_f01,z,2.277397260273972
L396_f01,z,2.2190476190476147
L396_f01,z,0.030874785591777254
L396_f01,z,3.6230366492146686
L396_f01,z,1.762376237623755
L396_f01,z,9.058084772370478
L396_f01,z,1.2697368421052602
L396_f01,z,5.918269230769226
L396_f01,z,1.4399999999999977
L396_f01,z,6.698835274542432
L396_f01,z,4.4233076263924715
L396_f01,z,2.090361445783145
L396_f01,z,1.2252252252252163
L396_f01,z,3.7634408602150415
L396_f01,z,2.9158878504673
L396_f01,z,0.9396551724137794
L396_f01,z,4.2738255033557095
L396_f01,z,4.418461538461543
L396_f01,z,2.5242718446602055
L396_f01,z,2.517647058823542
L396_f01,z,10.729074889867832
L396_f01,z,2.075187969924798
L396_f01,z,1.9774647887323908
L396_f01,z,1.663900414937757
L396_f01,z,3.2706552706552827
L396_f01,z,3.1509054325955788
L396_f01,z,0.2553191489361666
L396_f01,z,3.347150259067348
L396_f01,z,3.6951219512195053
L396_f01,z,2.6800670016750416
L396_f01,z,0.8209606986899587
L396_f01,z,2.530000000000001
L396_f01,z,3.0878661087866135
L396_f01,z,5.861240827218154
L396_f01,z,5.7200538358007975
L396_f01,z,1.3414634146341484
L396_f01,z,2.610687022900777
L396_f01,z,2.38144329896906
L396_f01,z,1.7602040816326507
L396_f01,z,2.9323583180987214
L396_f01,z,4.453012048192761
L396_f01,z,0.5496688741721982
L396_f01,z,3.9891598915989164
L396_f01,z,2.708661417322844
L396_f01,z,1.5248796147672579
L396_f01,z,2.6237113402061993
L396_f01,z,0.5378151260504183
L396_f01,z,2.363636363636374
L396_f01,z,5.592515592515582
L396_f01,z,2.01290322580644
L396_f01,z,1.069444444444457
L396_f01,z,2.1755102040816325
L396_f01,z,5.74683544303798
L396_f01,z,0.2535575679171984
L396_f01,z,6.111111111111114
L396_f01,z,3.0939597315436345
L396_f01,z,1.186206896551738
L396_f01,z,5.137168141592923
L396_f01,z,1.8651685393258504
L396_f01,z,5.2050000000000125
L396_f01,z,4.807799442896936
L396_f01,z,2.083623693379792
L396_f01,z,3.605381165919283
L396_f01,z,0.3380726698262322
L396_f01,z,5.3627992633517465
L396_f01,z,0.6793893129770936
L396_f01,z,2.6915422885572013
L396_f01,z,3.8436657681940574
L396_f01,z,5.615827338129492
L396_f01,z,3.5621301775148027
L396_f01,z,1.0367892976588564
L396_f01,z,0.6300578034682189
L396_f01,z,4.424068767908295
L396_f01,z,7.1019283746556425
L396_f01,z,5.405405405405418
L396_f01,z,1.8521126760563504
L396_f01,z,0.0596627756160899
L396_f01,z,2.7922077922077904
L396_f01,z,4.385454545454536
L396_f01,z,3.1404011461318078
L396_f01,z,4.136094674556205
L396_f01,z,1.9634146341463463
L396_f01,z,2.7656765676567545
L396_f01,z,4.159999999999997
L396_f01,z,0.98046875
L396_f01,z,0.4402173913043441
L396_f01,z,1.543859649122794
L396_f01,z,2.4187919463087155
L396_f01,z,3.7985611510791273
L396_f01,z,3.2616487455197216
L396_f01,z,0.7108433734939865
L396_f01,z,2.2638888888888857
L396_f01,z,1.4814814814814952
L396_f01,z,1.375
L396_f01,z,7.759233926128587
L396_f01,z,0.6367346938775427
L396_f01,z,1.9330143540669837
L396_f01,z,0.8578553615960232
L396_f01,z,1.2899484536082468
L396_f01,z,3.9591002044989807
L396_f01,z,3.113636363636374
L396_f01,z,2.2456140350877263
L396_f01,z,5.98406374501991
L396_f01,z,4.028776978417255
L396_f01,z,3.129151291512926
L396_f01,z,4.619329388560146
L396_f01,z,3.6659142212189693
L396_f01,z,2.5563218390804536
L396_f01,z,4.493438320209975
L396_f01,z,1.0447761194029965
L396_f01,z,0.31952662721894853
L396_f01,z,4.206422018348633
L396_f01,z,0.6576402321083208
L396_f01,z,3.342256214149131
L396_f01,z,4.283286118980158
L396_f01,z,8.466557911908637
L396_f01,z,9.818378378378384
L396_f01,z,0.7176470588235304
L396_f01,z,0.15697674418603924
L396_f01,z,1.7455470737913572
L396_f01,z,1.7560975609756042
L396_f01,z,0.6776315789473699
L396_f01,z,4.7633136094674455
L396_f01,z,1.6218678815489795
L396_f01,z,4.90094979647219
L396_f01,z,2.7408637873754174
L396_f01,z,1.6951672862453506
L396_f01,z,4.2222222222222285
L396_f01,z,2.486166007905126
L396_f01,z,2.939675174013928
L396_f01,z,2.217028380634389
L396_f01,z,7.290780141843982
L396_f01,z,3.9069767441860392
L396_f01,z,1.7916666666666572
L396_f01,z,5.876712328767127
L396_f01,z,0.8955223880597032
L396_f01,z,1.8414096916299627
L396_f01,z,0.23574144486693172
L396_f01,z,9.949185667752431
L396_f01,z,0.8771929824561369
L396_f01,z,3.836400817995923
L396_f01,z,1.6391982182628055
L396_f01,z,0.7395348837209212
L396_f01,z,0.8498727735369016
L396_f01,z,7.363636363636374
L396_f01,z,6.490476190476187
L396_f01,z,7.34241908006814
L396_f01,z,1.8337349397590401
L396_f01,z,3.2277741726151987
L396_f01,z,3.8910505836575737
L396_f01,z,7.416058394160586
L396_f01,z,6.987826086956517
L396_f01,z,2.5901162790697754
L396_f01,z,2.223880597014926
L396_f01,z,0.7737226277372145
L396_f01,z,1.4749034749034706
L396_f01,z,1.7586206896551744
L396_f01,z,2.2589928057553834
L396_f01,z,1.0714285714285836
L396_f01,z,4.3937007874015706
L396_f01,z,3.473903966597078
L396_f01,z,2.9913043478260875
L396_f01,z,0.4659090909090935
L396_f01,z,7.328385899814464
L396_f01,z,1.7133956386292937
L396_f01,z,7.887086307592483
L396_f01,z,4.8743169398907185
L396_f01,z,2.827309236947798
L396_f01,z,5.710000000000008
L396_f01,z,6.906666666666666
L396_f01,z,3.590994371482168
L396_f01,z,0.29119638826185223
L396_f01,z,3.910761154855635
L396_f01,z,1.4918918918918962
L396_f01,z,0.5827814569536542
L396_f01,z,0.34840425531913866
L396_f01,z,6.073129251700692
L396_f01,z,2.4248366013071916
L396_f01,z,0.29896907216493673
L396_f01,z,0.06622516556291203
L396_f01,z,0.37994722955144766
L396_f01,z,0.3878326996197643
L396_f01,z,1.9097127222982238
L396_f01,z,1.4012219959266758
L396_f01,z,3.8125
L396_f01,z,0.8959537572254419
L396_f01,z,7.983822042467125
L396_f01,z,3.861771058315327
L396_f01,z,3.875354107648718
L396_f01,z,7.852691218130303
L396_f01,z,4.3300000000000125
L396_f01,z,3.4716981132075375
L396_f01,z,4.944881889763792
L396_f01,z,2.3477443609022544
L396_f01,z,4.138084632516694
L396_f01,z,1.7980582524271824
L396_f01,z,2.7382550335570386
L396_f01,z,6.4916344916345
L396_f01,z,0.3846153846153868
L396_f01,z,2.804526748971199
L396_f01,z,5.523012552301253
L396_f01,z,1.6735340729001678
L396_f01,z,5.848275862068959
L396_f01,z,2.7796610169491487
L396_f01,z,0.09633911368015902
L396_f01,z,8.682352941176475
L396_f01,z,3.0264765784114047
L396_f01,z,6.561247216035639
L396_f01,z,3.3752244165170566
L396_f01,z,1.9056910569105696
L396_f01,z,5.145454545454555
L396_f01,z,3.1656441717791495
L396_f01,z,8.041666666666657
L396_f01,z,1.3701380175658642
L396_f01,z,5.580769230769221
L396_f01,z,2.4794188861985447
L396_f01,z,0.5920398009950247
L396_f01,z,3.2297297297297405
L396_f01,z,4.180904522613076
L396_f01,z,0.2685512367491185
L396_f01,z,0.5339470655926277
L396_f01,z,6.240924092409244
L396_f01,z,2.4545454545454675
L396_f01,z,1.2266666666666595
L396_f01,z,1.151898734177223
L396_f01,z,6.879684418145956
L396_f01,z,3.9651567944250985
L396_f01,z,2.5
L396_f01,z,1.3397683397683409
L396_f01,z,7.212500000000006
L396_f01,z,2.659340659340671
L396_f01,z,2.972477064220186
L396_f01,z,8.962686567164184
L396_f01,z,4.5352380952381
L396_f01,z,2.6721649484535988
L396_f01,z,0.661375661375672
L396_f01,z,2.8948655256723725
L396_f01,z,0.9442060085836772
L396_f01,z,0.8502538071066112
L396_f01,z,3.860667634252536
L396_f01,z,6.417040358744401
L396_f01,z,5.976470588235287
L396_f01,z,7.269102990033218
L396_f01,z,3.489451476793249
L396_f01,z,2.9090909090909065
L396_f01,z,15.303614457831316
L396_f01,z,6.441860465116292
L396_f01,z,0.6817248459958876
L396_f01,z,6.38477801268499
L396_f01,z,3.275142314990518
L396_f01,z,6.153564899451567
L396_f01,z,0.24710424710426082
L396_f01,z,5.501754385964915
L396_f01,z,3.474137931034477
L396_f01,z,3.5697211155378454
L396_f01,z,1.9952606635071106
L396_f01,z,7.311111111111103
L396_f01,z,1.827160493827165
L396_f01,z,3.876363636363635
L396_f01,z,0.1599999999999966
L396_f01,z,10.41732283464566
L396_f01,z,8.609929078014176
L396_f01,z,0.5316455696202524
L396_f01,z,3.513698630136986
L396_f01,z,1.3459801264679356
L396_f01,z,5.9434850863422355
L396_f01,z,5.149051490514893
L396_f01,z,3.7198697068403987
L396_f01,z,1.8188405797101552
L396_f01,z,0.9778761061946852
L396_f01,z,6.576866764275252
L396_f01,z,1.8838709677419274
L396_f01,z,0.6180758017492849
L396_f01,z,6.7469879518072275
L396_f01,z,9.602288984263225
L396_f01,z,2.9170305676856003
L396_f01,z,2.116279069767444
L396_f01,z,3.0679012345678984
L396_f01,z,6.626506024096386
L396_f01,z,4.530081300813009
L396_f01,z,0.2683823529411882
L396_f01,z,6.526595744680861
L396_f01,z,5.3659574468085225
L396_f01,z,7.427844882390332
L396_f01,z,1.4181818181818073
L396_f01,z,2.705996131528053
L396_f01,z,2.608695652173907
L396_f01,z,5.722326454033777
L396_f01,z,7.706840390879478
L396_f01,z,8.767613038906404
L396_f01,z,2.1742424242424363
L396_f01,z,8.757738896366078
L396_f01,z,4.473170731707313
L396_f01,z,3.2400932400932447
L396_f01,z,9.922996878251809
L396_f01,z,4.305194805194816
L396_f01,z,3.36480686695279
L396_f01,z,12.609395973154363
L396_f01,z,4.521929824561397
L396_f01,z,3.0931506849315156
L396_f01,z,9.075369075369082
L396_f01,z,4.678851174934721
L396_f01,z,0.05405405405406327
L396_f01,z,1.6271186440677923
L396_f01,z,3.3482142857142776
L396_f01,z,5.582172701949872
L396_f01,z,5.47286821705427
L396_f01,z,7.546987951807239
L396_f01,z,4.973871733966746
L396_f01,z,5.140410958904113
L396_f01,z,1.0514285714285734
L396_f01,z,0.23157894736843332
L396_f01,z,1.3793103448275872
L396_f01,z,5.373737373737384
L396_f01,z,6.601851851851848
L396_f01,z,3.441558441558442
L396_f01,z,5.447513812154682
L396_f01,z,0.5420168067226996
L396_f01,z,5.053164556962031
L396_f01,z,1.646017699115049
L396_f01,z,0.6734006734006641
L396_f01,z,3.4857142857142946
L396_f01,z,0.4285714285714164
L396_f01,z,0.16800000000000637
L396_f01,z,0.9795918367346985
L396_f01,z,6.311475409836078
L396_f01,z,5.910071942446052
L396_f01,z,3.842975206611584
L396_f01,z,1.7297297297297405
L396_f01,z,0.9268292682926926
L396_f01,z,2.839622641509436
L396_f01,z,3.59480519480519
L396_f01,z,2.0966442953020135
L396_f01,z,10.225869993434003
L396_f01,z,8.839473684210532
L396_f01,z,7.763608087091768
L396_f01,z,2.2162162162162247
L396_f01,z,3.2849002849002886
L396_f01,z,7.522471910112358
L396_f01,z,4.5643994211287975
L396_f01,z,6.043373493975906
L396_f01,z,2.343262411347524
L396_f01,z,1.5110132158590375
L396_f01,z,8.02253521126761
L396_f01,z,2.5200000000000102
L396_f01,z,4.339373970345974
L396_f01,z,5.656470588235294
L396_f01,z,7.092592592592581
L396_f01,z,0.6993127147766245
L396_f01,z,5.424000000000007
L396_f01,z,6.076628352490417
L396_f01,z,3.0341207349081287
L396_f01,z,1.8705035971223083
L396_f01,z,4.857142857142861
L396_f01,z,5.0524109014675105
L396_f01,z,1.0047619047618923
L396_f01,z,7.649794801641576
L396_f01,z,5.859154929577471
L396_f01,z,0.9935483870967801
L396_f01,z,0.08301886792452251
L396_f01,z,5.518427518427529
L396_f01,z,5.32546374367621
L396_f01,z,3.666666666666657
L396_f01,z,1.3856427378964895
L396_f01,z,3.611785095320613
L396_f01,z,2.980891719745216
L396_f01,z,5.968503937007881
L396_f01,z,7.738656987295826
L396_f01,z,7.1083916083915994
L396_f01,z,2.207407407407402
L396_f01,z,0.36313617606603543
L396_f01,z,3.8997050147492587
L396_f01,z,4.5615384615384755
L396_f01,z,2.3973063973064086
L396_f01,z,1.5804416403785524
L396_f01,z,1.1317494600432099
L396_f01,z,2.3138686131386805
L396_f01,z,1.8530351437699721
L396_f01,z,0.3206106870229064
L396_f01,z,0.6842105263157805
L396_f01,z,6.0625
L396_f01,z,1.6976190476190425
L396_f01,z,11.903711133400208
L396_f01,z,0.8702791461412289
L396_f01,z,3.44567627494456
L396_f01,z,5.88919667590028
L396_f01,z,5.381294964028768
L396_f01,z,6.947775628626687
L396_f01,z,1.5531914893616943
L396_f01,z,3.541147132169584
L396_f01,z,2.513011152416368
L396_f01,z,1.018292682926841
L396_f01,z,0.7078039927404802
L396_f01,z,0.9383886255924097
L396_f01,z,3.3684210526315894
L396_f01,z,1.7918215613382813
L396_f01,z,5.132404181184683
L396_f01,z,2.8328445747800686
L396_f01,z,6.928853754940718
L396_f01,z,2.2890052356021044
L396_f01,z,1.169811320754718
L396_f01,z,4.4240196078431495
L396_f01,z,2.298013245033104
L396_f01,z,0.07167235494881652
L396_f01,z,3.684410646387846
L396_f01,z,1.4210526315789593
L396_f01,z,4.974834437086088
L396_f01,z,3.5977011494252906
L396_f01,z,4.516245487364614
L396_f01,z,3.687285223367695
L396_f01,z,5.307692307692321
L396_f01,z,0.37009345794393766
L396_f01,z,2.075782537067539
L396_f01,z,1.2742857142857247
L396_f01,z,1.411764705882348
L396_f01,z,3.058823529411768
L396_f01,z,3.353728489483757
L396_f01,z,1.8709677419354875
L396_f01,z,1.0484581497797478
L396_f01,z,7.662135922330094
L396_f01,z,2.128440366972484
L396_f01,z,5.66561514195584
L396_f01,z,0.0660377358490507
L396_f01,z,3.8773333333333255
L396_f01,z,0.14579439252335646
L396_f01,z,17.66750313676286
L396_f01,z,2.6455026455026314
L396_f01,z,0.3902439024390105
L396_f01,z,1.5236139630390255
L396_f01,z,0.046875
L396_f01,z,5.037168141592929
L396_f01,z,5.742248062015506
L396_f01,z,1.0479233226837152
L396_f01,z,5.235714285714295
L396_f01,z,7.544444444444451
L396_f01,z,7.429268292682934
L396_f01,z,5.8017057569296355
L396_f01,z,1.9547511312217125
L396_f01,z,5.8635477582845965
L396_f01,z,1.7225950782997757
L396_f01,z,6.955696202531641
L396_f01,z,7.06480304955528
L396_f01,z,7.292592592592598
L396_f01,z,4.483825597749643
L396_f01,z,3.8136200716845963
L396_f01,z,10.950617283950606
L396_f01,z,0.7102040816326394
L396_f01,z,0.960000000000008
L396_f01,z,3.1492537313432933
L396_f01,z,5.325800376647834
L396_f01,z,2.2946859903381664
L396_f01,z,7.951923076923066
L396_f01,z,4.5
L396_f01,z,1.2028985507246261
L396_f01,z,2.0667838312829474
L396_f01,z,2.860465116279073
L396_f01,z,5.008077544426499
L396_f01,z,3.427402862985673
L396_f01,z,9.222972972972968
L396_f01,z,4.489038785834737
L396_f01,z,9.829581993569121
L396_f01,z,7.1804733727810515
L396_f01,z,0.41095890410957736
L396_f01,z,2.4820295983086567
L396_f01,z,1.1549636803873966
L396_f01,z,3.670281995661611
L396_f01,z,3.1075268817204176
L396_f01,z,4.514588859416449
L396_f01,z,2.982078853046602
L396_f01,z,4.232931726907623
L396_f01,z,0.7796610169491487
L396_f01,z,0.4580152671755684
L396_f01,z,3.9578454332552724
L396_f01,z,2.926605504587144
L396_f01,z,6.886956521739137
L396_f01,z,2.340175953079182
L396_f01,z,6.605504587155963
L396_f01,z,1.26666666666668
L396_f01,z,0.8571428571428612
L396_f01,z,0.6545454545454561
L396_f01,z,0.8662674650698534
L396_f01,z,5.402843601895739
L396_f01,z,11.528225806451616
L396_f01,z,0.7007751937984494
L396_f01,z,2.25
L396_f01,z,3.8767772511848477
L396_f01,z,5.007194244604307
L396_f01,z,1.759358288770045
L396_f01,z,4.9237199582027245
L396_f01,z,0.20890410958904226
L396_f01,z,0.01208459214501545
L396_f01,z,1.038251366120221
L396_f01,z,3.889534883720927
L396_f01,z,2.985294117647072
L396_f01,z,1.9852941176470722
L396_f01,z,0.23495702005729413
L396_f01,z,0.7142857142857224
L396_f01,z,9.389587073608624
L396_f01,z,9.39559286463799
L396_f01,z,1.8143133462282321
L396_f01,z,1.1247443762781302
L396_f01,z,7.894890510948898
L396_f01,z,8.354892205638464
L396_f01,z,9.824175824175825
L396_f01,z,5.111504424778758
L396_f01,z,6.958937198067645
L396_f01,z,3.8321678321678405
L396_f01,z,1.7195121951219505
L396_f01,z,5.589648798521267
L396_f01,z,1.474708171206231
L396_f01,z,7.753086419753089
L396_f01,z,2.3034734917733033
L396_f01,z,2.0209424083769534
L396_f01,z,4.604026845637577
L396_f01,z,2.4182076813655726
L396_f01,z,0.3184257602862317
L396_f01,z,2.5067873303167403
L396_f01,z,4.451193058568322
L396_f01,z,3.106382978723417
L396_f01,z,5.187624750498998
L396_f01,z,5.7284595300261
L396_f01,z,0.9249106078665079
L396_f01,z,3.0939759036144494
L396_f01,z,0.42105263157895934
L396_f01,z,3.5452054794520507
L396_f01,z,0.2644628099173474
L396_f01,z,0.4988610478359874
L396_f01,z,1.2222222222222285
L396_f01,z,8.172897196261687
L396_f01,z,13.18489065606363
L396_f01,z,1.4987341772151979
L396_f01,z,3.9887323943661954
L396_f01,z,13.088536812674732
L396_f01,z,2.168674698795172
L396_f01,z,1.3504823151125436
L396_f01,z,0.10945273631841701
L396_f01,z,0.0591133004926121
L396_f01,z,2.639751552795019
L396_f01,z,3.341040462427742
L396_f01,z,4.185393258426956
L396_f01,z,2.5263157894736707
L396_f01,z,5.827768014059757
L396_f01,z,1.6183206106870216
L396_f01,z,3.5606060606060623
L396_f01,z,2.719298245614027
L396_f01,z,3.9036144578313383
L396_f01,z,0.22692307692307168
L396_f01,z,2.312342569269532
L396_f01,z,5.32186732186733
L396_f01,z,4.984771573604064
L396_f01,z,4.387267904509287
L396_f01,z,6.251308900523554
L396_f01,z,0.14025974025975074
L396_f01,z,1.171842650103514
L396_f01,z,0.8120300751879768
L396_f01,z,2.522948539638378
L396_f01,z,2.1863354037267015
L396_f01,z,3.352862849533949
L396_f01,z,1.9313215400624415
L396_f01,z,3.16625310173697
L396_f01,z,0.7300771208226138
L396_f01,z,1.2087912087912116
L396_f01,z,4.805633802816914
L396_f01,z,5.995381062355648
L396_f01,z,0.6565217391304259
L396_f01,z,1.679611650485441
L396_f01,z,0.37656903765690686
L396_f01,z,0.6600985221674875
L396_f01,z,1.988317757009355
L396_f01,z,0.2356902356902424
L396_f01,z,5.346303501945528
L396_f01,z,2.878587196468004
L396_f01,z,6.239631336405523
L396_f01,z,8.473622508792488
L396_f01,z,6.9562043795620525
L396_f01,z,0.655913978494624
L396_f01,z,2.6098081023454256
L396_f01,z,2.6315789473684106
L396_f01,z,4.808219178082197
L396_f01,z,3.4736842105263293
L396_f01,z,7.21254355400697
L396_f01,z,1.330472103004297
L396_f01,z,2.558823529411768
L396_f01,z,4.068965517241367
L396_f01,z,7.151138716356115
L396_f01,z,0.26548672566372034
L396_f01,z,1.407407407407419
L396_f01,z,2.930591259640096
L396_f01,z,3.882833787465927
L396_f01,z,4.967741935483872
L396_f01,z,2.8666666666666742
L396_f01,z,0.22051282051282328
L396_f01,z,3.7833333333333314
L396_f01,z,4.386554621848745
L396_f01,z,1.9170124481327662
L396_f01,z,5.205882352941188
L396_f01,z,2.6872586872586908
L396_f01,z,2.618497109826592
L396_f01,z,7.574358974358972
L396_f01,z,3.2517482517482392
L396_f01,z,1.625
L396_f01,z,5.584229390681003
L396_f01,z,5.297658862876261
L396_f01,z,3.0029325513196454
L396_f01,z,1.7136465324384744
L396_f01,z,4.020618556701038
L396_f01,z,4.191419141914196
L396_f01,z,2.3126110124333934
L396_f01,z,4.4193548387096655
L396_f01,z,6.578661844484628
L396_f01,z,2.20446096654274
L396_f01,z,0.9812499999999886
L396_f01,z,6.180028129395225
L396_f01,z,1.4274193548387188
L396_f01,z,2.93663060278206
L396_f01,z,3.10833333333332
L396_f01,z,1.2244897959183731
L396_f01,z,0.2060606060606176
L396_f01,z,8.546086956521748
L396_f01,z,1.12921348314606
L396_f01,z,2.860158311345657
L396_f01,z,1.3403141361256417
L396_f01,z,1.266409266409255
L396_f01,z,4.184331797235018
L396_f01,z,2.6977443609022487
L396_f01,z,0.7307692307692264
L396_f01,z,1.8130841121495394
L396_f01,z,0.9333333333333371
L396_f01,z,3.0689655172413666
L396_f01,z,11.462686567164184
L396_f01,z,2.7411003236246074
L396_f01,z,1.4111111111110972
L396_f01,z,2.474820143884898
L396_f01,z,1.1370143149284218
L396_f01,z,1.0887290167865729
L396_f01,z,5.046153846153857
L396_f01,z,1.6051502145922711
L396_f01,z,4.075983717774761
L396_f01,z,7.800165152766311
L396_f01,z,4.960612691466082
L396_f01,z,2.8829268292682855
L396_f01,z,4.974358974358978
L396_f01,z,6.117647058823536
L396_f01,z,4.430232558139522
L396_f01,z,4.516949152542367
L396_f01,z,1.1999999999999886
L396_f01,z,2.258064516129025
L396_f01,z,0.09053497942386457
L396_f01,z,3.7028824833702743
L396_f01,z,2.6790123456790127
L396_f01,z,5.594262295081961
L396_f01,z,4.032362459546931
L396_f01,z,6.4262295081967125
L396_f01,z,3.5025510204081627
L396_f01,z,2.887573964497051
L396_f01,z,8.063694267515928
L396_f01,z,1.8000000000000114
L396_f01,z,0.3526570048309168
L396_f01,z,4.045714285714297
L396_f01,z,1.2517985611510767
L396_f01,z,5.655696202531658
L396_f01,z,1.6017316017316148
L396_f01,z,6.038997214484681
L396_f01,z,4.215053763440864
L396_f01,z,3.708454810495624
L396_f01,z,2.8739495798319297
L396_f01,z,5.974999999999994
L396_f01,z,0.5625
L396_f01,z,5.700554528650656
L396_f01,z,2.6426461901949097
L396_f01,z,4.76177285318559
L396_f01,z,0.1219512195121979
L396_f01,z,3.902813299232747
L396_f01,z,5.818511796733219
L396_f01,z,6.0625
L396_f01,z,2.728370221327964
L396_f01,z,2.7504424778761063
L396_f01,z,1.0140845070422415
L396_f01,z,0.5627118644067934
L396_f01,z,4.849122807017551
L396_f01,z,1.8434782608695741
L396_f01,z,0.27777777777777146
L396_f01,z,5.250632911392415
L396_f01,z,3.3778501628664515
L396_f01,z,2.8243727598566295
L396_f01,z,2.7681498829039697
L396_f01,z,4.79553903345726
L396_f01,z,1.6804123711340253
L396_f01,z,1.0824622531939667
L396_f01,z,6.433884297520649
L396_f01,z,4.1774891774891785
L396_f01,z,3.9085365853658516
L396_f01,z,3.0434782608695627
L396_f01,z,8.998518518518523
L396_f01,z,6.9446366782006805
L396_f01,z,0.9846153846153811
L396_f01,z,6.615640599001665
L396_f01,z,2.1630094043887027
L396_f01,z,2.041121495327104
L396_f01,z,0.5339366515837014
L396_f01,z,0.8338762214983717
L396_f01,z,1.9751332149200778
L396_f01,z,0.6264367816091863
L396_f01,z,7.045776918117355
L396_f01,z,4.276625172890732
L396_f01,z,0.3391684901531846
L396_f01,z,6.412224591329078
L396_f01,z,0.4878048780487916
L396_f01,z,4.4738372093023315
L396_f01,z,2.9748427672955984
L396_f01,z,5.4351851851851904
L396_f01,z,8.223512336719892
L396_f01,z,1.056122448979579
L396_f01,z,4.569083447332417
L396_f01,z,3.3278145695364287
L396_f01,z,5.5325842696629195
L396_f01,z,5.589648798521267
L396_f01,z,2.344398340248972
L396_f01,z,2.444444444444457
L396_f01,z,9.131136516476118
L396_f01,z,1.143678160919535
L396_f01,z,5.232142857142861
L396_f01,z,6.49146757679182
L396_f01,z,0.01932367149757397
L396_f01,z,0.1508379888268223
L396_f01,z,1.2572614107883737
L396_f01,z,0.08538163001293242
L396_f01,z,4.517958412098295
L396_f01,z,3.6802906448683075
L396_f01,z,1.7129186602870732
L396_f01,z,2.0179104477611816
L396_f01,z,12.838574423480082
L396_f01,z,0.7145790554414759
L396_f01,z,13.1216457960644
L396_f01,z,9.662608695652182
L396_f01,z,4.755267423014573
L396_f01,z,4.721973094170409
L396_f01,z,2.0317100792752
L396_f01,z,5.875968992248062
L396_f01,z,4.175824175824175
L396_f01,z,1.231316725978644
L396_f01,z,5.533851276359599
L396_f01,z,2.5921375921375898
L396_f01,z,2.6687499999999886
L396_f01,z,6.158024691358037
L396_f01,z,0.7612687813021637
L396_f01,z,6.642253521126747
L396_f01,z,0.2819843342036563
L396_f01,z,0.3785166240409126
L396_f01,z,0.7793696275071511
L396_f01,z,4.036144578313241
L396_f01,z,8.243362831858406
L396_f01,z,0.6262135922330003
L396_f01,z,5.069841269841277
L396_f01,z,3.6483516483516496
L396_f01,z,5.995661605206067
L396_f01,z,1.5123456790123555
L396_f01,z,2.971428571428561
L396_f01,z,3.9651162790697754
L396_f01,z,2.514007308160785
L396_f01,z,8.18518518518519
L396_f01,z,4.389261744966433
L396_f01,z,2.9137529137529157
L396_f01,z,2.0996015936254935
L396_f01,z,5.037406483790534
L396_f01,z,2.3811881188118775
L396_f01,z,4.029629629629625
L396_f01,z,4.336448598130829
L396_f01,z,3.6930022573363317
L396_f01,z,1.9280303030303116
L396_f01,z,0.6803519061583643
L396_f01,z,0.569620253164544
L396_f01,z,5.887640449438209
L396_f01,z,8.074513124470798
L396_f01,z,1.7840616966580853
L396_f01,z,4.510989010989022
L396_f01,z,0.5470588235294258
L396_f01,z,14.15522388059702
L396_f01,z,6.376963350785331
L396_f01,z,1.4651162790697754
L396_f01,z,5.5766923736075285
L396_f01,z,0.28767123287670415
L396_f01,z,9.470948012232412
L396_f01,z,4.260623229461743
L396_f01,z,1.9695817490494392
L396_f01,z,3.01615271659324
L396_f01,z,7.909638554216855
L396_f01,z,7.146892655367225
L396_f01,z,8.333333333333343
L396_f01,z,4.799363057324854
L396_f01,z,1.9843342036553508
L396_f01,z,2.9825436408977453
L396_f01,z,1.5762962962963059
L396_f01,z,0.9960159362549916
L396_f01,z,2.885993485342027
L396_f01,z,2.4000000000000057
L396_f01,z,4.530718954248357
L396_f01,z,1.7653631284916287
L396_f01,z,4.439603960396028
L396_f01,z,2.681818181818187
L396_f01,z,1.896629213483152
L396_f01,z,1.5573770491803316
L396_f01,z,4.296296296296305
L396_f01,z,5.582417582417577
L396_f01,z,6.212560386473427
L396_f01,z,4.43174603174603
L396_f01,z,9.746442432082802
L396_f01,z,4.25316455696202
L396_f01,z,0.22535211267606314
L396_f01,z,3.7957746478873275
L396_f01,z,1.456238361266287
L396_f01,z,0.07133421400263273
L396_f01,z,1.559633027522949
L396_f01,z,2.9425287356321803
L396_f01,z,9.058451816745645
L396_f01,z,2.375
L396_f01,z,9.661927330173768
L396_f01,z,2.600938967136159
L396_f01,z,4.59782608695653
L396_f01,z,0.4770318021201376
L396_f01,z,2.2661596958174925
L396_f01,z,5.614545454545464
L396_f01,z,4.6437994722955125
L396_f01,z,5.4229007633587685
L396_f01,z,2.2307692307692264
L396_f01,z,4.633093525179845
L396_f01,z,3.878980891719749
L396_f01,z,4.681904761904775
L396_f01,z,2.1031518624641876
L396_f01,z,1.7809523809523853
L396_f01,z,5.840000000000003
L396_f01,z,3.4154929577464657
L396_f01,z,3.0778947368420972
L396_f01,z,6.474654377880171
L396_f01,z,2.240766073871413
L396_f01,z,7.325102880658449
L396_f01,z,7.5812080536912845
L396_f01,z,3.6407599309153795
L396_f01,z,5.169811320754718
L396_f01,z,3.9516129032257936
L396_f01,z,10.710843373493987
L396_f01,z,2.9691876750700317
L396_f01,z,0.35993208828523393
L396_f01,z,3.2665036674816577
L396_f01,z,0.24421052631578277
L396_f01,z,10.485483870967755
L396_f01,z,1.4278481012658233
L396_f01,z,8.710051546391753
L396_f01,z,4.01593625498009
L396_f01,z,3.7398843930635906
L396_f01,z,3.287401574803141
L396_f01,z,2.976588628762528
L396_f01,z,1.78125
L396_f01,z,3.1328125
L396_f01,z,4.872389791183281
L396_f01,z,0.7652173913043612
L396_f01,z,2.8832807570977934
L396_f01,z,3.5428571428571445
L396_f01,z,0.0
L396_f01,z,2.441717791411037
L396_f01,z,0.640943193997856
L396_f01,z,8.222693531283142
L396_f01,z,1.5035460992907872
L396_f01,z,11.053956834532386
L396_f01,z,4.304878048780495
L396_f01,z,0.8586762075134118
L396_f01,z,2.7092198581560183
L396_f01,z,5.7777777777777715
L396_f01,z,7.060324825986072
L396_f01,z,0.9868766404199505
L396_f01,z,3.573604060913709
L396_f01,z,0.8157524613220914
L396_f01,z,9.773643410852713
L396_f01,z,7.56218905472636
L396_f01,z,2.374064837905223
L396_f01,z,2.5214007782101078
L396_f01,z,1.2038095238095252
L396_f01,z,2.1351351351351298
L396_f01,z,3.1159874608150346
L396_f01,z,1.8461538461538396
L396_f01,z,1.074204946996474
L396_f01,z,4.123287671232873
L396_f01,z,5.658536585365852
L396_f01,z,0.05081433224756893
L396_f01,z,0.7507692307692366
L396_f01,z,3.509523809523813
L396_f01,z,4.6009852216748754
L396_f01,z,3.0121739130434833
L396_f01,z,3.1317829457364326
L396_f01,z,0.16806722689076992
L396_f01,z,11.83373493975904
L396_f01,z,2.65758091993186
L396_f01,z,2.636363636363626
L396_f01,z,6.772225827384801
L396_f01,z,2.5839416058394136
L396_f01,z,1.0
L396_f01,z,2.992537313432848
L396_f01,z,5.144876325088347
L396_f01,z,3.8145025295109747
L396_f01,z,3.2727272727272805
L396_f01,z,7.741007194244617
L396_f01,z,7.409883720930225
L396_f01,z,7.958333333333343
L396_f01,z,1.3400000000000034
L396_f01,z,5.6062992125984294
L396_f01,z,3.0933333333333337
L396_f01,z,11.515608180839621
L396_f01,z,3.9146757679180837
L396_f01,z,3.6097560975609895
L396_f01,z,2.206896551724128
L396_f01,z,4.013071895424844
L396_f01,z,5.299270072992698
L396_f01,z,9.072868217054264
L396_f01,z,1.4086589229144693
L396_f01,z,4.237918215613377
L396_f01,z,2.7044534412955556
L396_f01,z,4.4187604690117155
L396_f01,z,2.9642857142857224
L396_f01,z,0.4756944444444571
L396_f01,z,9.651595744680861
L396_f01,z,2.5490909090909213
L396_f01,z,4.306451612903231
L396_f01,z,2.112913692407517
L396_f01,z,8.090287277701776
L396_f01,z,2.9662921348314626
L396_f01,z,0.6692307692307793
L396_f01,z,6.409005628517832
L396_f01,z,1.7860962566844876
L396_f01,z,0.6636971046770554
L396_f01,z,6.666666666666657
L396_f01,z,2.886075949367097
L396_f01,z,1.6456599286563574
L396_f01,z,0.3507109004739277
L396_f01,z,1.5825864276568495
L396_f01,z,7.311203319502084
L396_f01,z,1.0035335689046008
L396_f01,z,6.138228941684673
L396_f01,z,5.020725388601022
L396_f01,z,7.023498694516974
L396_f01,z,5.6699999999999875
L396_f01,z,5.055118110236208
L396_f01,z,5.202863961813847
L396_f01,z,5.241675617615471
L396_f01,z,7.652255639097746
L396_f01,z,1.5349544072948333
L396_f01,z,1.4795539033457317
L396_f01,z,1.4295302013422884
L396_f01,z,2.0924574209245748
L396_f01,z,2.5608342989571327
L396_f01,z,2.618055555555543
L396_f01,z,7.195473251028801
L396_f01,z,1.9583333333333428
L396_f01,z,4.957795004306632
L396_f01,z,9.466052934407372
L396_f01,z,7.220338983050851
L396_f01,z,13.375224416517057
L396_f01,z,3.661596958174897
L396_f01,z,1.7308934337997925
L396_f01,z,0.5781512605041996
L396_f01,z,8.629861982434136
L396_f01,z,3.7590759075907556
L396_f01,z,0.34920634920635507
L396_f01,z,2.7874999999999943
L396_f01,z,3.33725029377203
L396_f01,z,0.7628865979381487
L396_f01,z,5.819095477386924
L396_f01,z,7.602459016393453
L396_f01,z,3.8251748251748268
L396_f01,z,0.6200607902735555
L396_f01,z,3.5307692307692378
L396_f01,z,0.6643717728055094
L396_f01,z,5.840000000000003
L396_f01,z,8.886561954624796
L396_f01,z,5.4647619047619
L396_f01,z,3.2763157894736707
L396_f01,z,6.525862068965523
L396_f01,z,0.7453416149068346
L396_f01,z,3.5581395348837077
L396_f01,z,0.41732283464565967
L396_f01,z,6.99733333333333
L396_f01,z,0.6313364055299644
L396_f01,z,6.123636363636365
L396_f01,z,0.923076923076934
L396_f01,z,4.498245614035085
L396_f01,z,3.846435100548433
L396_f01,z,4.023529411764713
L396_f01,z,6.430278884462155
L396_f01,z,8.654019873532064
L396_f01,z,1.3900709219858243
L396_f01,z,1.090663058186749
L396_f01,z,4.0565149136577645
L396_f01,z,3.318518518518516
L396_f01,z,0.3977110157367747
L396_f01,z,2.005405405405412
L396_f01,z,3.7042253521126725
L396_f01,z,3.423133235724748
L396_f01,z,3.323863636363626
L396_f01,z,4.277673545966223
L396_f01,z,0.16835016835017313
L396_f01,z,0.4617996604414145
L396_f01,z,5.469918699186991
L396_f01,z,0.9679389312977094
L396_f01,z,0.3144963144963242
L396_f01,z,1.2072892938496693
L396_f01,z,6.759906759906755
L396_f01,z,5.478070175438603
L396_f01,z,1.469613259668506
L396_f01,z,0.07700312174819146
L396_f01,z,3.137697516930018
L396_f01,z,4.848314606741582
L396_f01,z,2.1671469740633995
L396_f01,z,5.694805194805184
L396_f01,z,0.536752136752142
L396_f01,z,5.506276150627627
L396_f01,z,1.3313253012048278
L396_f01,z,4.417827298050128
L396_f01,z,5.026128266033254
L396_f01,z,1.1256830601092815
L396_f01,z,5.603896103896091
L396_f01,z,4.626262626262616
L396_f01,z,2.6193548387096826
L396_f01,z,0.05042016806723382
L396_f01,z,7.097424412094057
L396_f01,z,6.514285714285705
L396_f01,z,0.32727272727271384
L396_f01,z,0.4050235478806883
L396_f01,z,7.439363817097416
L396_f01,z,1.0144927536231876
L396_f01,z,2.559386973180068
L396_f01,z,0.42006269592476997
L396_f01,z,4.089928057553948
L396_f01,z,0.22586999343400294
L396_f01,z,0.620462046204608
L396_f01,z,1.2312138728323703
L396_f01,z,3.6885245901639223
L396_f01,z,2.236391912908232
L396_f01,z,2.3389408099688467
L396_f01,z,3.0797872340425556
L396_f01,z,6.217294900221731
L396_f01,z,4.946835443037969
L396_f01,z,5.2954545454545325
L396_f01,z,2.330855018587357
L396_f01,z,2.823529411764696
L396_f01,z,1.9774647887323908
L396_f01,z,7.675889328063249
L396_f01,z,1.6523702031602738
L396_f01,z,1.076923076923066
L396_f01,z,2.751958224543074
L396_f01,z,8.140468227424748
L396_f01,z,3.5
L396_f01,z,3.9233716475095832
L396_f01,z,5.524193548387103
L396_f01,z,3.475968992248056
L396_f01,z,0.5436893203883528
L396_f01,z,4.970822281167102
L396_f01,z,4.343529411764706
L396_f01,z,4.615384615384613
L396_f01,z,0.022388059701484053
L396_f01,z,0.07920792079207217
L396_f01,z,5.700141442715704
L396_f01,z,4.9475890985324895
L396_f01,z,0.02159827213822041
L396_f01,z,0.020325203252042456
L396_f01,z,3.086357947434294
L396_f01,z,0.20960698689955848
L396_f01,z,10.699312714776624
L396_f01,z,4.175438596491233
L396_f01,z,1.103734439834028
L396_f01,z,4.575999999999993
L396_f01,z,3.3421052631578902
L396_f01,z,2.6785714285714164
L396_f01,z,2.1284796573875724
L396_f01,z,4.67453625632379
L396_f01,z,3.385802469135797
L396_f01,z,3.297539149888138
L396_f01,z,10.784848484848482
L396_f01,z,2.261343012704174
L396_f01,z,1.5016835016834875
L396_f01,z,2.8916083916084006
L396_f01,z,8.61435726210351
L396_f01,z,5.264900662251648
L396_f01,z,1.6833333333333371
L396_f01,z,0.183206106870216
L396_f01,z,1.2614107883817383
L396_f01,z,3.9468085106383057
L396_f01,z,0.9635036496350438
L396_f01,z,1.0521172638436553
L396_f01,z,0.08360128617363216
L396_f01,z,1.527272727272731
L396_f01,z,4.13102595797281
L396_f01,z,0.35761589403972494
L396_f01,z,0.4793388429752099
L396_f01,z,2.0
L396_f01,z,3.3142857142857167
L396_f01,z,5.710564399421116
L396_f01,z,0.5764192139737929
L396_f01,z,2.832116788321173
L396_f01,z,4.777880184331792
L396_f01,z,4.6970172684458475
L396_f01,z,12.224832214765087
L396_f01,z,4.985507246376812
L396_f01,z,2.717741935483872
L396_f01,z,2.3916967509025255
L396_f01,z,4.295218295218291
L396_f01,z,1.0263157894736707
L396_f01,z,0.4155844155844193
L396_f01,z,3.8136020151133607
L396_f01,z,0.1527446300715951
L396_f01,z,0.9009009009008935
L396_f01,z,6.458852867830416
L396_f01,z,6.55432372505544
L396_f01,z,3.322834645669303
L396_f01,z,0.8433048433048498
L396_f01,z,0.8353808353808461
L396_f01,z,9.470489038785843
L396_f01,z,3.672727272727286
L396_f01,z,4.088752869166029
L396_f01,z,2.3773584905660243
L396_f01,z,0.027196652719652548
L396_f01,z,3.9425051334702346
L396_f01,z,7.002105263157887
L396_f01,z,3.6850393700787265
L396_f01,z,0.6785714285714164
L396_f01,z,2.4556291390728404
L396_f01,z,1.4459459459459367
L396_f01,z,1.813953488372107
L396_f01,z,7.540186915887858
L396_f01,z,0.7643312101910738
L396_f01,z,6.551558752997607
L396_f01,z,2.53125
L396_f01,z,7.7109947643978956
L396_f01,z,3.7700892857142776
L396_f01,z,9.29219600725952
L396_f01,z,1.0717299578058999
L396_f01,z,4.75426621160409
L396_f01,z,2.8865979381443196
L396_f01,z,5.483754512635386
L396_f01,z,0.3983402489626542
L396_f01,z,7.016200294550799
L396_f01,z,4.738805970149258
L396_f01,z,3.1286549707602376
L396_f01,z,1.9094076655052277
L396_f01,z,0.23463687150837131
L396_f01,z,2.8040201005025267
L396_f01,z,7.924217462932461
L396_f01,z,0.14814814814815236
L396_f01,z,2.3815789473684106
L396_f01,z,3.1870324189526116
L396_f01,z,0.29473684210526585
L396_f01,z,14.238255033557039
L396_f01,z,2.337864077669906
L396_f01,z,7.6675031367628605
L396_f01,z,4.121951219512198
L396_f01,z,2.2818181818181813
L396_f01,z,2.1811320754717087
L396_f01,z,4.159021406727817
L396_f01,z,4.606525911708246
L396_f01,z,3.7518248175182407
L396_f01,z,0.957746478873247
L396_f01,z,3.14705882352942
L396_f01,z,5.547540983606552
L396_f01,z,11.482758620689651
L396_f01,z,3.5518072289156635
L396_f01,z,3.538461538461547
L396_f01,z,4.690335305719913
L396_f01,z,6.259615384615387
L396_f01,z,7.7741046831955884
L396_f01,z,1.3732970027247973
L396_f01,z,2.5449275362318815
L396_f01,z,2.2824675324675354
L396_f01,z,4.6494252873563084
L396_f01,z,2.5707317073170657
L396_f01,z,5.423791821561338
L396_f01,z,3.7894736842105203
L396_f01,z,9.637602179836506
L396_f01,z,3.044303797468359
L396_f01,z,2.9351969504447197
L396_f01,z,0.809523809523796
L396_f01,z,11.609329446064152
L396_f01,z,0.03174603174602453
L396_f01,z,2.707407407407402
L396_f01,z,4.257751937984494
L396_f01,z,2.048076923076934
L396_f01,z,4.207650273224033
L396_f01,z,4.1982942430703645
L396_f01,z,0.9436619718309771
L396_f01,z,2.4555555555555486
L396_f01,z,1.9093198992443376
L396_f01,z,1.5334538878842636
L396_f01,z,0.7770270270270316
L396_f01,z,1.1237785016286637
L396_f01,z,2.6594005449591407
L396_f01,z,2.996598639455783
L396_f01,z,0.30136986301369006
L396_f01,z,2.8195266272189485
L396_f01,z,4.368965517241378
L396_f01,z,0.2857142857142776
L396_f01,z,5.403921568627453
L396_f01,z,5.516174402250357
L396_f01,z,3.774410774410768
L396_f01,z,3.113043478260863
L396_f01,z,4.955678670360101
L396_f01,z,5.419953596287712
L396_f01,z,1.2089552238805936
L396_f01,z,3.346666666666664
L396_f01,z,8.845036319612603
L396_f01,z,3.692307692307679
L396_f01,z,1.5282258064516157
L396_f01,z,0.3140495867768607
L396_f01,z,2.378980891719749
L396_f01,z,0.8469387755102105
L396_f01,z,4.597156398104261
L396_f01,z,3.0495867768595133
L396_f01,z,5.217165149544854
L396_f01,z,4.097560975609753
L396_f01,z,3.1200000000000045
L396_f01,z,0.4104046242774473
L396_f01,z,0.6044071353620097
L396_f01,z,0.7755834829443415
L396_f01,z,1.3346379647749416
L396_f01,z,3.931818181818187
L396_f01,z,0.7692307692307736
L396_f01,z,4.557575757575762
L396_f01,z,4.357142857142861
L396_f01,z,1.0486787204450536
L396_f01,z,1.1470588235294201
L396_f01,z,1.5652173913043441
L396_f01,z,0.1758241758241752
L396_f01,z,3.0410628019323553
L396_f01,z,2.827586206896541
L396_f01,z,8.525291828793769
L396_f01,z,1.351485148514854
L396_f01,z,0.15254237288135641
L396_f01,z,3.870370370370381
L396_f01,z,4.41162227602905
L396_f01,z,0.727969348659002
L396_f01,z,0.09142857142856542
L396_f01,z,2.1051094890511024
L396_f01,z,4.410351201478733
L396_f01,z,1.2811594202898675
L396_f01,z,0.5398230088495666
L396_f01,z,0.7117117117117004
L396_f01,z,1.645107794361536
L396_f01,z,3.283950617283949
L396_f01,z,3.760814249363875
L396_f01,z,4.930894308943095
L396_f01,z,6.397959183673464
L396_f01,z,5.548806941431678
L396_f01,z,2.9340101522842588
L396_f01,z,3.9920948616600924
L396_f01,z,1.5458167330677384
L396_f01,z,1.8232323232323324
L396_f01,z,7.49321266968326
L396_f01,z,2.855813953488365
L396_f01,z,1.8081761006289412
L396_f01,z,1.414141414141426
L396_f01,z,10.462857142857132
L396_f01,z,6.4019138755980975
L396_f01,z,3.1848906560636294
L396_f01,z,2.20074349442379
L396_f01,z,3.9911894273127757
L396_f01,z,0.9484126984127101
L396_f01,z,4.6384615384615415
L396_f01,z,0.07028753993608916
L396_f01,z,3.7022471910112245
L396_f01,z,0.02727272727273089
L396_f01,z,0.17120622568094745
L396_f01,z,3.1234042553191443
L396_f01,z,5.185628742514979
L396_f01,z,4.812375249501002
L396_f01,z,3.083333333333343
L396_f01,z,7.360248447204981
L396_f01,z,1.264604810996559
L396_f01,z,8.501265822784802
L396_f01,z,2.0
L396_f01,z,1.3379310344827502
L396_f01,z,4.612698412698421
L396_f01,z,0.7032967032967008
L396_f01,z,4.2727272727272805
L396_f01,z,2.7867867867867915
L396_f01,z,3.3219373219373267
L396_f01,z,4.67813267813267
L396_f01,z,1.0927835051546424
L396_f01,z,3.9024390243902474
L396_f01,z,0.9419953596287769
L396_f01,z,0.596491228070164
L396_f01,z,1.5572815533980702
L396_f01,z,3.0885368126747323
L396_f01,z,7.473684210526329
L396_f01,z,1.5864661654135261
L396_f01,z,5.224880382775126
L396_f01,z,2.6298701298701417
L396_f01,z,3.298860648553898
L396_f01,z,4.653696498054472
L396_f01,z,7.890196078431359
L396_f01,z,6.2266666666666595
L396_f01,z,3.4134897360703746
L396_f01,z,2.102040816326536
L396_f01,z,3.760368663594477
L396_f01,z,8.068678459937559
L396_f01,z,1.3839285714285836
L396_f01,z,3.490909090909099
L396_f01,z,6.249527410207946
L396_f01,z,0.8648648648648702
L396_f01,z,3.340369393139838
L396_f01,z,3.8121212121212125
L396_f01,z,4.63427109974424
L396_f01,z,3.237536656891507
L396_f01,z,6.108695652173907
L396_f01,z,0.9949238578680308
L396_f01,z,3.0514285714285734
L396_f01,z,0.2680412371134082
L396_f01,z,1.376623376623371
L396_f01,z,5.484702093397743
L396_f01,z,0.3353293413173617
L396_f01,z,3.502958579881664
L396_f01,z,2.9150684931506987
L396_f01,z,1.8067632850241466
L396_f01,z,1.42083333333332
L396_f01,z,4.8348348348348225
L396_f01,z,2.1566265060240823
L396_f01,z,3.9631336405529964
L396_f01,z,2.550295857988175
L396_f01,z,0.7551020408163254
L396_f01,z,3.0098360655737793
L396_f01,z,1.6816608996539912
L396_f01,z,4.84905660377359
L396_f01,z,0.9436619718309771
L396_f01,z,4.415770609318997
L396_f01,z,2.4000000000000057
L396_f01,z,0.2807017543859729
L396_f01,z,4.380622837370254
L396_f01,z,3.7685088633993757
L396_f01,z,4.885017421602782
L396_f01,z,7.64750957854406
L396_f01,z,5.808580858085804
L396_f01,z,2.06535947712419
L396_f01,z,8.226053639846754
L396_f01,z,2.9438943894389524
L396_f01,z,4.364500792393017
L396_f01,z,1.039755351681947
L396_f01,z,3.3107890499194923
L396_f01,z,9.679012345679013
L396_f01,z,5.659137577002042
L396_f01,z,8.211956521739125
L396_f01,z,0.24113475177304622
L396_f01,z,2.383999999999986
L396_f01,z,5.317934782608688
L396_f01,z,1.1468531468531467
L396_f01,z,2.680089485458609
L396_f01,z,8.06580829756794
L396_f01,z,1.6355283307809998
L396_f01,z,1.6301886792452933
L396_f01,z,4.639175257731949
L396_f01,z,3.633136094674569
L396_f01,z,3.906474820143899
L396_f01,z,2.9722222222222285
L396_f01,z,0.470588235294116
L396_f01,z,1.871148459383761
L396_f01,z,2.593220338983059
L396_f01,z,2.0756302521008365
L396_f01,z,2.5586206896551857
L396_f01,z,0.6549295774647987
L396_f01,z,2.695278969957087
L396_f01,z,1.4539130434782521
L396_f01,z,7.302255639097751
L396_f01,z,0.23738872403561118
L396_f01,z,1.4626865671641838
L396_f01,z,7.258899676375393
L396_f01,z,7.397712833545114
L396_f01,z,3.564102564102569
L396_f01,z,0.05166051660515336
L396_f01,z,2.70083102493075
L396_f01,z,1.6377551020408134
L396_f01,z,0.0945945945945823
L396_f01,z,2.5125628140703498
L396_f01,z,8.862985685071578
L396_f01,z,3.6815286624203907
L396_f01,z,3.1843575418994305
L396_f01,z,5.483050847457633
L396_f01,z,5.039387308533918
L396_f01,z,7.808752025931938
L396_f01,z,2.9740634005763695
L396_f01,z,2.1585081585081696
L396_f01,z,1.1623931623931583
L396_f01,z,0.385620915032689
L396_f01,z,4.846774193548384
L396_f01,z,0.859437751004009
L396_f01,z,3.226744186046517
L396_f01,z,1.8082191780821972
L396_f01,z,5.811111111111103
L396_f01,z,5.025641025641022
L396_f01,z,7.112426035502949
L396_f01,z,4.405737704918039
L396_f01,z,2.943952802359888
L396_f01,z,2.3832752613240302
L396_f01,z,1.3333333333333428
L396_f01,z,9.261694058154234
L396_f01,z,0.3812949640287684
L396_f01,z,2.2142857142857224
L396_f01,z,2.441176470588232
L396_f01,z,1.9363057324840725
L396_f01,z,3.5737704918032875
L396_f01,z,1.6234309623430931
L396_f01,z,3.555555555555543
L396_f01,z,1.7006507592190871
L396_f01,z,4.708092485549145
L396_f01,z,2.6199575371549884
L396_f01,z,7.35735380980509
L396_f01,z,6.497448979591837
L396_f01,z,2.106329113924062
L396_f01,z,3.427785419532313
L396_f01,z,0.9976580796252961
L396_f01,z,5.804195804195814
L396_f01,z,2.4566929133858366
L396_f01,z,6.940343781597562
L396_f01,z,5.90377358490565
L396_f01,z,3.9375
L396_f01,z,7.761194029850742
L396_f01,z,7.102222222222224
L396_f01,z,1.4763406940062964
L396_f01,z,0.3045267489711989
L396_f01,z,2.1094736842105135
L396_f01,z,3.126353790613706
L396_f01,z,0.9969788519637461
L396_f01,z,1.0
L396_f01,z,1.5628742514969929
L396_f01,z,3.1396396396396256
L396_f01,z,7.249557522123894
L396_f01,z,4.794871794871796
L396_f01,z,4.466019417475735
L396_f01,z,2.4930362116991773
L396_f01,z,4.749367088607585
L396_f01,z,5.20446096654274
L396_f01,z,3.37360178970917
L396_f01,z,3.4285714285714164
L396_f01,z,7.778078484438424
L396_f01,z,1.6611570247933969
L396_f01,z,7.23185011709603
L396_f01,z,2.9756838905775
L396_f01,z,0.3295880149812831
L396_f01,z,6.557575757575762
L396_f01,z,1.9168831168831275
L396_f01,z,1.6999999999999886
L396_f01,z,0.3199999999999932
L396_f01,z,3.566115702479351
L396_f01,z,3.384359400998335
L396_f01,z,4.187951807228927
L396_f01,z,1.309523809523796
L396_f01,z,2.552584670231738
L396_f01,z,5.844192634560898
L396_f01,z,0.7071651090342641
L396_f01,z,0.45011600928074813
L396_f01,z,3.4666666666666686
L396_f01,z,5.256983240223462
L396_f01,z,1.4666666666666686
L396_f01,z,0.8319185059422693
L396_f01,z,4.7381443298968975
L396_f01,z,5.212415130940826
L396_f01,z,4.961309523809518
L396_f01,z,2.4818652849741056
L396_f01,z,3.9936908517350105
L396_f01,z,4.267826086956518
L396_f01,z,4.3879957127545595
L396_f01,z,4.8688634835238815
L396_f01,z,8.767857142857139
L396_f01,z,0.22157434402330978
L396_f01,z,1.344407530454049
L396_f01,z,3.177215189873408
L396_f01,z,1.9952038369304432
L396_f01,z,2.969696969696969
L396_f01,z,5.776487663280108
L396_f01,z,6.0520446096654155
L396_f01,z,3.7131313131312993
L396_f01,z,9.430916552667583
L396_f01,z,1.1614255765199175
L396_f01,z,3.069387755102042
L396_f01,z,5.6376146788990695
L396_f01,z,0.8783542039356007
L396_f01,z,2.3109656301145662
L396_f01,z,4.337391304347818
L396_f01,z,9.244732576985427
L396_f01,z,7.688596491228083
L396_f01,z,2.594771241830074
L396_f01,z,7.357746478873253
L396_f01,z,7.758620689655174
L396_f01,z,4.5984251968504
L396_f01,z,5.756637168141594
L396_f01,z,4.159420289855063
L396_f01,z,6.274223034734916
L396_f01,z,2.653895274584926
L396_f01,z,3.460992907801426
L396_f01,z,2.81100917431192
L396_f01,z,2.018433179723502
L396_f01,z,1.4416961130742152
L396_f01,z,1.5647279549718576
L396_f01,z,5.05263157894737
L396_f01,z,3.164893617021278
L396_f01,z,2.7748691099476446
L396_f01,z,2.1393939393939263
L396_f01,z,2.9939393939393995
L396_f01,z,5.874371859296474
L396_f01,z,6.346534653465341
L396_f01,z,4.61096605744126
L396_f01,z,3.4368932038835
L396_f01,z,0.0804953560371473
L396_f01,z,5.925486875529202
L396_f01,z,3.172248803827756
L396_f01,z,4.529051987767588
L396_f01,z,2.4533333333333474
L396_f01,z,0.5939849624060116
L396_f01,z,0.419417475728153
L396_f01,z,2.479452054794507
L396_f01,z,6.853107344632775
L396_f01,z,6.890909090909105
L396_f01,z,9.469281045751643
L396_f01,z,5.679633867276891
L396_f01,z,2.488479262672797
L396_f01,z,6.258064516129025
L396_f01,z,2.1531914893616886
L396_f01,z,0.27777777777777146
L396_f01,z,4.334572490706307
L396_f01,z,9.56825396825397
L396_f01,z,5.066298342541444
L396_f01,z,4.975206611570258
L396_f01,z,2.5569620253164658
L396_f01,z,3.324324324324323
L396_f01,z,0.5245901639344197
L396_f01,z,4.820627802690581
L396_f01,z,1.4129870129870028
L396_f01,z,1.6882129277566662
L396_f01,z,2.222727272727269
L396_f01,z,3.6026711185308784
L396_f01,z,6.2945454545454425
L396_f01,z,5.677018633540371
L396_f01,z,3.4901960784313815
L396_f01,z,4.941548183254355
L396_f01,z,2.2740963855421796
L396_f01,z,5.633410672853842
L396_f01,z,5.002638522427446
L396_f01,z,1.7340659340659386
L396_f01,z,5.554307116104866
L396_f01,z,4.47904191616766
L396_f01,z,2.420268256333827
L396_f01,z,2.0183486238532
L396_f01,z,5.252336448598129
L396_f01,z,5.436363636363637
L396_f01,z,4.660550458715591
L396_f01,z,1.0932594644505969
L396_f01,z,9.318095238095225
L396_f01,z,8.577099236641232
L396_f01,z,1.110512129380055
L396_f01,z,0.3684210526315894
L396_f01,z,3.5473251028806487
L396_f01,z,0.8321428571428555
L396_f01,z,5.724598930481278
L396_f01,z,8.489528795811509
L396_f01,z,8.830188679245282
L396_f01,z,1.9268292682926926
L396_f01,z,3.0501930501930588
L396_f01,z,0.47963800904977916
L396_f01,z,2.2107969151670943
L396_f01,z,1.4296160877513842
L396_f01,z,6.674897119341551
L396_f01,z,0.3564356435643674
L396_f01,z,3.3113553113552996
L396_f01,z,3.514516129032245
L396_f01,z,4.395326192794556
L396_f01,z,3.2093023255814046
L396_f01,z,9.435714285714283
L396_f01,z,6.59442724458205
L396_f01,z,2.2448979591836746
L396_f01,z,1.8525073746312728
L396_f01,z,0.8081180811808224
L396_f01,z,4.2263565891472865
L396_f01,z,6.128534704370168
L396_f01,z,4.345771144278615
L396_f01,z,5.7773064687168585
L396_f01,z,2.8658536585365937
L396_f01,z,2.9460431654676142
L396_f01,z,0.32307692307691127
L396_f01,z,3.1584699453551934
L396_f01,z,1.9544984488107673
L396_f01,z,1.7874186550976106
L396_f01,z,2.461538461538453
L396_f01,z,1.7365754812563239
L396_f01,z,5.096385542168662
L396_f01,z,0.5656565656565533
L396_f01,z,3.2315035799522605
L396_f01,z,10.593634344929683
L396_f01,z,0.9530201342281828
L396_f01,z,0.22748815165877545
L396_f01,z,4.565714285714279
L396_f01,z,0.762331838565018
L396_f01,z,3.5180722891566347
L396_f01,z,1.6317135549872148
L396_f01,z,2.8655737704918067
L396_f01,z,0.827423167848707
L396_f01,z,0.5976470588235259
L396_f01,z,6.43781094527364
L396_f01,z,6.9420468557336505
L396_f01,z,2.8969210174029456
L396_f01,z,3.0353260869565304
L396_f01,z,1.100123609394302
L396_f01,z,4.996904024767815
L396_f01,z,3.0619834710743703
L396_f01,z,3.646341463414643
L396_f01,z,5.0653409090909065
L396_f01,z,3.8147268408551156
L396_f01,z,2.625786163522008
L396_f01,z,3.3403361344537927
L396_f01,z,5.535714285714278
L396_f01,z,2.504065040650403
L396_f01,z,6.344632768361578
L396_f01,z,3.615141955835952
L396_f01,z,4.394250513347032
L396_f01,z,1.2877358490566166
L396_f01,z,4.927131782945736
L396_f01,z,0.53515625
L396_f01,z,4.407854984894271
L396_f01,z,1.6275303643724612
L396_f01,z,2.413436692506451
L396_f01,z,3.5447154471544593
L396_f01,z,2.484391819160379
L396_f01,z,4.582755203171445
L396_f01,z,4.372688477951641
L396_f01,z,6.47999999999999
L396_f01,z,7.333333333333343
L396_f01,z,2.669527896995703
L396_f01,z,8.75832438238453
L396_f01,z,7.2008456659619355
L396_f01,z,6.976501305483026
L396_f01,z,5.268965517241384
L396_f01,z,4.757723577235765
L396_f01,z,1.8499999999999943
L396_f01,z,3.427419354838719
L396_f01,z,2.2410958904109464
L396_f01,z,2.73770491803279
L396_f01,z,2.09349593495935
L396_f01,z,3.163636363636357
L396_f01,z,1.3002070393374652
L396_f01,z,1.882352941176464
L396_f01,z,4.739726027397268
L396_f01,z,4.9901960784313815
L396_f01,z,6.688796680497916
L396_f01,z,5.308108108108115
L396_f01,z,2.152727272727276
L396_f01,z,3.180180180180173
L396_f01,z,0.10344827586206407
L396_f01,z,9.042204995693368
L396_f01,z,5.609254498714648
L396_f01,z,6.302003081664111
L396_f01,z,0.16207951070336435
L396_f01,z,0.5025641025640937
L396_f01,z,3.3229571984435893
L396_f01,z,1.5176991150442518
L396_f01,z,1.7830508474576163
L396_f01,z,0.796491228070181
L396_f01,z,6.397540983606547
L396_f01,z,5.7065527065527135
L396_f01,z,4.572864321608051
L396_f01,z,5.113438045375204
L396_f01,z,0.23218997361476568
L396_f01,z,2.0
L396_f01,z,5.091684434968016
L396_f01,z,1.6067415730337018
L396_f01,z,2.2033898305084847
L396_f01,z,1.4960212201591503
L396_f01,z,2.6090322580645022
L396_f01,z,4.007421150278304
L396_f01,z,3.8248175182481816
L396_f01,z,1.9022556390977456
L396_f01,z,3.824793388429754
L396_f01,z,1.6405353728489445
L396_f01,z,6.56429942418427
L396_f01,z,0.741885625966006
L396_f01,z,2.1585365853658516
L396_f01,z,0.4021164021164054
L396_f01,z,6.356115107913666
L396_f01,z,0.5725593667546036
L396_f01,z,7.16279069767441
L396_f01,z,2.0877192982456165
L396_f01,z,2.41623309053071
L396_f01,z,3.9508196721311606
L396_f01,z,2.445682451253475
L396_f01,z,2.5101010101010104
L396_f01,z,1.7543859649122737
L396_f01,z,5.957894736842093
L396_f01,z,2.3133333333333326
L396_f01,z,5.968944099378888
L396_f01,z,3.5973597359735834
L396_f01,z,7.479166666666657
L396_f01,z,1.8882466281310144
L396_f01,z,0.163090128755357
L396_f01,z,3.927007299270059
L396_f01,z,5.640362225097022
L396_f01,z,0.08101265822784853
L396_f01,z,2.4930232558139664
L396_f01,z,2.608695652173907
L396_f01,z,2.552112676056339
L396_f01,z,2.9810671256454384
L396_f01,z,5.859531772575252
L396_f01,z,8.475806451612897
L396_f01,z,5.419913419913428
L396_f01,z,6.324110671936751
L396_f01,z,4.139817629179333
L396_f01,z,0.24299065420561305
L396_f01,z,8.299858557284296
L396_f01,z,11.188165680473361
L396_f01,z,4.281481481481478
L396_f01,z,1.5988023952095887
L396_f01,z,8.83224400871461
L396_f01,z,2.796992481203006
L396_f01,z,1.7376490630323644
L396_f01,z,0.5205047318611946
L396_f01,z,2.895522388059703
L396_f01,z,3.7049180327868783
L396_f01,z,4.683333333333337
L396_f01,z,4.300907911802852
L396_f01,z,2.3283082077051915
L396_f01,z,4.509433962264154
L396_f01,z,6.86753246753247
L396_f01,z,7.153450051493309
L396_f01,z,4.2433155080213965
L396_f01,z,0.8656716417910388
L396_f01,z,1.513340448239063
L396_f01,z,1.9099099099099135
L396_f01,z,4.0
L396_f01,z,1.59055118110237
L396_f01,z,3.417266187050359
L396_f01,z,3.2151515151515184
L396_f01,z,0.3656884875846629
L396_f01,z,2.237995824634652
L396_f01,z,3.0512483574244413
L396_f01,z,0.39680000000001314
L396_f01,z,4.454794520547949
L396_f01,z,0.24068767908309496
L396_f01,z,3.6575682382134005
L396_f01,z,1.6577017114914554
L396_f01,z,4.6527777777777715
L396_f01,z,0.25298329355609894
L396_f01,z,1.458689458689463
L396_f01,z,4.045977011494244
L396_f01,z,1.7751677852349133
L396_f01,z,6.100334448160538
L396_f01,z,3.954154727793707
L396_f01,z,0.9770114942528778
L396_f01,z,2.034042553191483
L396_f01,z,0.3678160919540119
L396_f01,z,2.6987270155586884
L396_f01,z,4.529510961214157
L396_f01,z,5.332103321033202
L396_f01,z,0.02402402402401549
L396_f01,z,1.0636363636363626
L396_f01,z,3.298153034300782
L396_f01,z,3.958333333333343
L396_f01,z,3.3721682847896375
L396_f01,z,1.1648822269807226
L396_f01,z,3.5514250309789475
L396_f01,z,2.013029315960921
L396_f01,z,0.19771863117870225
L396_f01,z,0.6903353057199126
L396_f01,z,2.386699507389153
L396_f01,z,6.983799705449201
L396_f01,z,4.34782608695653
L396_f01,z,3.3870967741935374
L396_f01,z,6.9090909090909065
L396_f01,z,6.3324968632371395
L396_f01,z,0.6456310679611761
L396_f01,z,3.3877551020408134
L396_f01,z,4.7634854771784205
L396_f01,z,0.45925925925925526
L396_f01,z,0.7085201793721865
L396_f01,z,4.413934426229503
L396_f01,z,6.052238805970148
L396_f01,z,3.1352941176470495
L396_f01,z,3.9327731092436977
L396_f01,z,2.1495726495726615
L396_f01,z,6.711678832116775
L396_f01,z,2.1781376518218565
L396_f01,z,2.5172413793103487
L396_f01,z,3.190013869625517
L396_f01,z,5.597701149425291
L396_f01,z,5.959322033898303
L396_f01,z,2.2119366626065755
L396_f01,z,0.77582846003898
L396_f01,z,3.222591362126252
L396_f01,z,4.362397820163494
L396_f01,z,1.527145359019272
L396_f01,z,0.3698630136986196
L396_f01,z,2.074183976261139
L396_f01,z,1.2477876106194685
L396_f01,z,8.120000000000005
L396_f01,z,0.9545454545454675
L396_f01,z,0.989189189189176
L396_f01,z,2.9440715883668815
L396_f01,z,0.9473684210526301
L396_f01,z,6.83048919226394
L396_f01,z,2.3906705539358484
L396_f01,z,5.609375
L396_f01,z,3.0418604651162866
L396_f01,z,3.872204472843464
L396_f01,z,3.343511450381669
L396_f01,z,2.716012084592137
L396_f01,z,4.509900990098998
L396_f01,z,2.3329558323895867
L396_f01,z,3.4656488549618416
L396_f01,z,0.07142857142858361
L396_f01,z,3.6909871244635326
L396_f01,z,2.709433962264143
L396_f01,z,2.2733333333333405
L396_f01,z,3.6694214876033016
L396_f01,z,3.095709570957098
L396_f01,z,3.4275618374558405
L396_f01,z,8.580046403712288
L396_f01,z,8.782834850455146
L396_f01,z,5.329323308270688
L396_f01,z,0.518032786885243
L396_f01,z,2.9549549549549567
L396_f01,z,7.06849315068493
L396_f01,z,7.290529695024077
L396_f01,z,2.104166666666657
L396_f01,z,2.7505422993492346
L396_f01,z,0.006734006734006925
L396_f01,z,2.2290076335877984
L396_f01,z,2.3578947368420984
L396_f01,z,5.855670103092791
L396_f01,z,1.500454132606734
L396_f01,z,2.867796610169478
L396_f01,z,4.167901234567893
L396_f01,z,0.6765188834154401
L396_f01,z,5.407682775712516
L396_f01,z,5.872340425531917
L396_f01,z,8.518518518518505
L396_f01,z,1.916230366492158
L396_f01,z,7.602040816326536
L396_f01,z,1.5238095238095184
L396_f01,z,1.03133903133903
L396_f01,z,1.0974025974026063
L396_f01,z,6.02205882352942
L396_f01,z,10.81510934393637
L396_f01,z,5.091428571428565
L396_f01,z,2.336557059961308
L396_f01,z,3.932816537467687
L396_f01,z,7.5980861244019025
L396_f01,z,5.610465116279073
L396_f01,z,2.5333333333333314
L396_f01,z,3.537142857142868
L396_f01,z,2.642967542503868
L396_f01,z,6.091176470588238
L396_f01,z,3.61855670103094
L396_f01,z,4.366459627329192
L396_f01,z,0.30039525691699964
L396_f01,z,2.8549019607843036
L396_f01,z,10.911463187325268
L396_f01,z,6.2827225130889985
L396_f01,z,0.06896551724136657
L396_f01,z,4.0256959314775145
L396_f01,z,5.584725536992835
L396_f01,z,4.242424242424249
L396_f01,z,4.71264367816093
L396_f01,z,6.109803921568641
L396_f01,z,4.818064516129027
L396_f01,z,4.055800293685763
L396_f01,z,10.701139351446102
L396_f01,z,4.125
L396_f01,z,6.307385229540927
L396_f01,z,3.874396135265698
L396_f01,z,1.1607142857142776
L396_f01,z,1.1645569620253298
L396_f01,z,3.300925925925924
L396_f01,z,2.8406779661017083
L396_f01,z,2.6011560693641513
L396_f01,z,2.0385487528344584
L396_f01,z,0.18255578093305758
L396_f01,z,1.4958448753462505
L396_f01,z,0.5384615384615472
L396_f01,z,6.382848392036749
L396_f01,z,1.5894039735099454
L396_f01,z,2.6343042071197544
L396_f01,z,2.2215743440233098
L396_f01,z,3.0324324324324436
L396_f01,z,0.25443786982248184
L396_f01,z,4.586894586894573
L396_f01,z,5.163793103448285
L396_f01,z,2.0548780487804947
L396_f01,z,10.231491136600624
L396_f01,z,3.4441087613293178
L396_f01,z,0.440177252584931
L396_f01,z,5.953020134228183
L396_f01,z,2.8641114982578415
L396_f01,z,4.320987654320987
L396_f01,z,0.33082706766916203
L396_f01,z,5.934191702432059
L396_f01,z,1.4026548672566435
L396_f01,z,2.142857142857139
L396_f01,z,2.060708263069131
L396_f01,z,5.723905723905716
L396_f01,z,8.682065217391312
L396_f01,z,9.635499207606983
L396_f01,z,5.7880434782608745
L396_f01,z,6.051446945337631
L396_f01,z,0.5539714867617249
L396_f01,z,2.363636363636374
L396_f01,z,2.9247910863509787
L396_f01,z,2.3103448275862206
L396_f01,z,0.23387096774192173
L396_f01,z,4.340707964601762
L396_f01,z,6.602287166454886
L396_f01,z,1.9493670886076018
L396_f01,z,1.5999999999999943
L396_f01,z,10.614213197969548
L396_f01,z,3.0548604427334
L396_f01,z,3.9435626102292645
L396_f01,z,5.191489361702139
L396_f01,z,3.931240657698055
L396_f01,z,2.977430555555543
L396_f01,z,2.597101449275357
L396_f01,z,0.5886939571149981
L396_f01,z,6.191247974068062
L396_f01,z,7.476987447698747
L396_f01,z,0.27870967741935715
L396_f01,z,6.095693779904309
L396_f01,z,3.3303964757709252
L396_f01,z,1.739495798319325
L396_f01,z,2.0155038759689887
L396_f01,z,5.713298791018985
L396_f01,z,3.142857142857139
L396_f01,z,1.6923076923076792
L396_f01,z,4.738305941845766
L396_f01,z,1.2551020408163254
L396_f01,z,0.24399260628464958
L396_f01,z,0.8490566037735903
L396_f01,z,0.3670103092783563
L396_f01,z,2.3785166240409126
L396_f01,z,5.160092807424604
L396_f01,z,4.322209436133477
L396_f01,z,7.059656218402438
L396_f01,z,2.0250000000000057
L396_f01,z,6.307692307692321
L396_f01,z,8.195804195804186
L396_f01,z,4.943999999999988
L396_f01,z,8.074418604651157
L396_f01,z,6.238805970149258
L396_f01,z,1.4463519313304687
L396_f01,z,5.0487804878048905
L396_f01,z,3.249169435215947
L396_f01,z,1.8279569892472978
L396_f01,z,8.09622641509435
L396_f01,z,0.2931596091205222
L396_f01,z,0.16138328530260537
L396_f01,z,0.844086021505376
L396_f01,z,0.11983471074378826
L396_f01,z,2.9855072463768124
L396_f01,z,4.654708520179383
L396_f01,z,7.516129032258078
L396_f01,z,0.49079754601226
L396_f01,z,3.9012345679012412
L396_f01,z,0.5157232704402475
L396_f01,z,2.241699867197866
L396_f01,z,2.049792531120346
L396_f01,z,1.8114285714285643
L396_f01,z,1.0501392757660142
L396_f01,z,2.3550913838120096
L396_f01,z,4.49079754601226
L396_f01,z,5.241090146750537
L396_f01,z,6.221921515561576
L396_f01,z,7.595505617977523
L396_f01,z,11.0243161094225
L396_f03,xy,3.7823270669711246
L396_f03,xy,1.678442567181864
L396_f03,xy,0.3408222561307202
L396_f03,xy,0.6074993913133685
L396_f03,xy,0.8989464287712893
L396_f03,xy,1.2366251762434073
L396_f03,xy,0.2980852635119997
L396_f03,xy,2.601126897848661
L396_f03,xy,0.1447689398551794
L396_f03,xy,0.6971731137617728
L396_f03,xy,0.9756168703409832
L396_f03,xy,0.9556694367498058
L396_f03,xy,0.6206945950354553
L396_f03,xy,4.228426357685088
L396_f03,xy,0.5326349609406541
L396_f03,xy,2.9886253249095724
L396_f03,xy,1.9466340363938153
L396_f03,xy,0.8730006066664793
L396_f03,xy,0.7027866533905871
L396_f03,xy,0.1774556679227029
L396_f03,xy,0.7873437234703995
L396_f03,xy,0.4057322269406695
L396_f03,xy,0.6351021610424739
L396_f03,xy,1.7124428825372129
L396_f03,xy,2.9783789604182083
L396_f03,xy,0.5506821921282522
L396_f03,xy,0.811804682515608
L396_f03,xy,0.629058934630731
L396_f03,xy,1.0199156756281555
L396_f03,xy,0.6021900888508923
L396_f03,xy,1.8662884154471395
L396_f03,xy,0.3248939655268305
L396_f03,xy,0.406381677810639
L396_f03,xy,0.6463733021883231
L396_f03,xy,0.3023923155535349
L396_f03,xy,0.2344554187069069
L396_f03,xy,0.9356493140139146
L396_f03,xy,0.1366791680938318
L396_f03,xy,0.6789281832688722
L396_f03,xy,1.1646598125782526
L396_f03,xy,0.9461830083230968
L396_f03,xy,0.4569006675551175
L396_f03,xy,1.148367197448771
L396_f03,xy,0.9899005832129468
L396_f03,xy,0.8789214986332601
L396_f03,xy,1.2897374219558584
L396_f03,xy,1.0351581612834355
L396_f03,xy,2.455638525553507
L396_f03,xy,0.7557579903289998
L396_f03,xy,0.6888782133457381
L396_f03,xy,0.7415754721023149
L396_f03,xy,0.4711076058701161
L396_f03,xy,0.5658538036276136
L396_f03,xy,0.347758802809719
L396_f03,xy,2.05011827295371
L396_f03,xy,1.0541716051922732
L396_f03,xy,0.2712507152913829
L396_f03,xy,0.235652119982607
L396_f03,xy,0.2447461114140977
L396_f03,xy,0.8438352214456069
L396_f03,xy,0.8421461974508362
L396_f03,xy,1.1578300582065777
L396_f03,xy,0.4387432210569621
L396_f03,xy,1.2196749125444646
L396_f03,xy,0.7955361927517897
L396_f03,xy,0.4321476697928283
L396_f03,xy,0.8811192346725799
L396_f03,xy,1.139142895731406
L396_f03,xy,0.3024119153785042
L396_f03,xy,0.6992147452451805
L396_f03,xy,0.8245227612795722
L396_f03,xy,1.7624396824063926
L396_f03,xy,0.2966816062129569
L396_f03,xy,0.6064328715328693
L396_f03,xy,1.1583505400419791
L396_f03,xy,0.8994006652455991
L396_f03,xy,0.4367609881703945
L396_f03,xy,0.6294187763687761
L396_f03,xy,2.7815851958867466
L396_f03,xy,0.7867969395974043
L396_f03,xy,0.369360448021343
L396_f03,xy,0.5465639481681116
L396_f03,xy,0.606543110312864
L396_f03,xy,0.3274698162369621
L396_f03,xy,1.2369927901780924
L396_f03,xy,0.7643376557882189
L396_f03,xy,2.925399267442332
L396_f03,xy,0.5414409005009723
L396_f03,xy,0.2408810068362663
L396_f03,xy,0.9800914123529776
L396_f03,xy,0.9325139714366052
L396_f03,xy,0.7253187596418219
L396_f03,xy,0.3963576488593574
L396_f03,xy,0.9707004128798468
L396_f03,xy,1.1204594826826428
L396_f03,xy,0.5127918148999945
L396_f03,xy,1.0091848152287095
L396_f03,xy,2.0833192089156065
L396_f03,xy,0.5595398032638412
L396_f03,xy,0.4974936504697164
L396_f03,xy,0.2498510173107773
L396_f03,xy,1.295903844316835
L396_f03,xy,0.6077168136089494
L396_f03,xy,0.2446180308621288
L396_f03,xy,0.9492014605238984
L396_f03,xy,0.6243932809337265
L396_f03,xy,1.4813857384315343
L396_f03,xy,0.2443658249560324
L396_f03,xy,0.8141270228761628
L396_f03,xy,0.8738557358511518
L396_f03,xy,1.168515746934878
L396_f03,xy,0.5530441505453684
L396_f03,xy,0.2773390148477008
L396_f03,xy,0.0487835129276415
L396_f03,xy,1.0383633302444313
L396_f03,xy,1.174628104055273
L396_f03,xy,0.7315193223354775
L396_f03,xy,1.9642985975265796
L396_f03,xy,0.4647931805137636
L396_f03,xy,0.1106494989616487
L396_f03,xy,0.3654633579556239
L396_f03,xy,0.9217106169286708
L396_f03,xy,5.927279724264924
L396_f03,xy,0.6387773173594269
L396_f03,xy,1.1832633963382164
L396_f03,xy,1.218765703872557
L396_f03,xy,0.9275926935170586
L396_f03,xy,2.501812020330662
L396_f03,xy,0.8288756815453482
L396_f03,xy,0.7266521792931218
L396_f03,xy,0.924227765571234
L396_f03,xy,0.9620734767277412
L396_f03,xy,0.1408960696180649
L396_f03,xy,0.7017799337479637
L396_f03,xy,3.298597218539345
L396_f03,xy,0.7699598763712465
L396_f03,xy,0.7804756519650694
L396_f03,xy,1.5042028896299608
L396_f03,xy,0.9799774001612724
L396_f03,xy,0.3015355302747068
L396_f03,xy,1.3811786785156617
L396_f03,xy,0.7962840386724273
L396_f03,xy,1.687943098292894
L396_f03,xy,0.3786468652962484
L396_f03,xy,2.993027685741106
L396_f03,xy,1.23544728398862
L396_f03,xy,3.959659579362774
L396_f03,xy,2.326827548652932
L396_f03,xy,0.4897709350615591
L396_f03,xy,0.6738032945435655
L396_f03,xy,0.8674626855711447
L396_f03,xy,1.9662751380782528
L396_f03,xy,1.4665109362048836
L396_f03,xy,1.4339986625714256
L396_f03,xy,1.2804351278918091
L396_f03,xy,1.2075092526831757
L396_f03,xy,2.315069188735445
L396_f03,xy,0.4142192498669192
L396_f03,xy,0.6934085978113214
L396_f03,xy,0.62122056841195
L396_f03,xy,0.588488689398601
L396_f03,xy,1.9919820751521624
L396_f03,xy,0.7634762291294503
L396_f03,xy,1.9229355202049656
L396_f03,xy,1.3137856894135014
L396_f03,xy,0.6652202104868183
L396_f03,xy,0.9305048647395048
L396_f03,xy,0.3280799547464625
L396_f03,xy,0.910846266785303
L396_f03,xy,0.2756801192535882
L396_f03,xy,1.0991403360780396
L396_f03,xy,0.5555813841559953
L396_f03,xy,1.005642387455975
L396_f03,xy,0.5488034276316534
L396_f03,xy,3.3029850871865736
L396_f03,xy,0.9811696780278932
L396_f03,xy,1.317493813431747
L396_f03,xy,1.3767740307981962
L396_f03,xy,1.0773583864032403
L396_f03,xy,0.7161331611495041
L396_f03,xy,2.347053259072668
L396_f03,xy,0.7968919350334095
L396_f03,xy,0.3921541654794434
L396_f03,xy,0.9917131921369898
L396_f03,xy,2.990359780620785
L396_f03,xy,0.5199311581396461
L396_f03,xy,0.1674419857333426
L396_f03,xy,1.8034266980281912
L396_f03,xy,0.6261589902036812
L396_f03,xy,3.2154798120284984
L396_f03,xy,2.256449139375511
L396_f03,xy,1.5132947615120709
L396_f03,xy,2.3686703225672785
L396_f03,xy,0.7407395649685843
L396_f03,xy,2.179954212656414
L396_f03,xy,0.2890458531929486
L396_f03,xy,2.2910377189598554
L396_f03,xy,0.5686142384298416
L396_f03,xy,1.0202863080103477
L396_f03,xy,0.6351641261913624
L396_f03,xy,2.462547668817731
L396_f03,xy,3.747034050688979
L396_f03,xy,1.197729557001763
L396_f03,xy,1.9371162907057156
L396_f03,xy,1.215114250723456
L396_f03,xy,2.906385486413894
L396_f03,xy,2.3252866152315343
L396_f03,xy,1.0116049904863882
L396_f03,xy,2.157366067960603
L396_f03,xy,0.6349315685640937
L396_f03,xy,0.4158420241219027
L396_f03,xy,1.6991522856069274
L396_f03,xy,1.025399634946833
L396_f03,xy,2.5599493445384636
L396_f03,xy,2.8852248861121637
L396_f03,xy,1.0140964785136504
L396_f03,xy,1.822735383404477
L396_f03,xy,0.0846306821465162
L396_f03,xy,2.7249104967283593
L396_f03,xy,1.2268386425495563
L396_f03,xy,3.4205170301131
L396_f03,xy,6.2089994398454245
L396_f03,xy,1.2469033091481263
L396_f03,xy,1.9549019955555311
L396_f03,xy,0.637353976840135
L396_f03,xy,0.9422943959106868
L396_f03,xy,0.2727853562127403
L396_f03,xy,0.9481066769062152
L396_f03,xy,0.9868054889252884
L396_f03,xy,0.535746985837178
L396_f03,xy,1.0225431256749975
L396_f03,xy,2.2935304787768227
L396_f03,xy,0.3281621533392588
L396_f03,xy,1.3566842377135044
L396_f03,xy,1.6067518832862946
L396_f03,xy,1.864312437684464
L396_f03,xy,1.3944714803691634
L396_f03,xy,1.809908591587701
L396_f03,xy,3.0149673161778896
L396_f03,xy,1.1609149600151285
L396_f03,xy,0.627386356331817
L396_f03,xy,0.9836292276591712
L396_f03,xy,0.7766486591723286
L396_f03,xy,2.4160160358956224
L396_f03,xy,1.2208356462727177
L396_f03,xy,0.5510564644906834
L396_f03,xy,2.4354246145467644
L396_f03,xy,3.5378847373473565
L396_f03,xy,1.662741281886739
L396_f03,xy,2.426425108685927
L396_f03,xy,2.7066323998407755
L396_f03,xy,1.310321555020486
L396_f03,xy,4.106886620356656
L396_f03,xy,3.935000412750361
L396_f03,xy,2.00895358466351
L396_f03,xy,2.8011721416938373
L396_f03,xy,0.681518172570251
L396_f03,xy,1.0215032887524225
L396_f03,xy,0.2211403309774706
L396_f03,xy,1.964886888640092
L396_f03,xy,1.3414533418275054
L396_f03,xy,0.4266708032437525
L396_f03,xy,0.4894853665119383
L396_f03,xy,0.773905507523723
L396_f03,xy,2.5228500816776616
L396_f03,xy,1.080333291645072
L396_f03,xy,1.4216291883407155
L396_f03,xy,0.5248813055563222
L396_f03,xy,0.8173298535055511
L396_f03,xy,0.5766654024745891
L396_f03,xy,0.3640270534204319
L396_f03,xy,1.1770287660870349
L396_f03,xy,2.131748097379034
L396_f03,xy,5.582047222911128
L396_f03,xy,1.934860799375014
L396_f03,xy,1.4242754456578426
L396_f03,xy,1.924076411568745
L396_f03,xy,1.2153701663036338
L396_f03,xy,0.5216241155944936
L396_f03,xy,0.3553341409578464
L396_f03,xy,1.0916133432185608
L396_f03,xy,0.6514123840454322
L396_f03,xy,0.0128852707644028
L396_f03,xy,0.9531636855403915
L396_f03,xy,2.754875194399933
L396_f03,xy,0.8076442827828917
L396_f03,xy,0.1111515728714494
L396_f03,xy,0.4998084566557582
L396_f03,xy,2.494231418530265
L396_f03,xy,1.4732218982782306
L396_f03,xy,2.2935919324000373
L396_f03,xy,0.2851941924868412
L396_f03,xy,1.9410415518788469
L396_f03,xy,0.5635168872844469
L396_f03,xy,1.4755881035710483
L396_f03,xy,0.4600052684959132
L396_f03,xy,0.3690604754529658
L396_f03,xy,2.281479673150742
L396_f03,xy,1.0272412055540558
L396_f03,xy,0.3389967468142361
L396_f03,xy,2.773394072882469
L396_f03,xy,1.6412241750779817
L396_f03,xy,0.7494262911767728
L396_f03,xy,0.6831359890327726
L396_f03,xy,0.571330519273176
L396_f03,xy,1.0242224868704426
L396_f03,xy,3.3624326428304783
L396_f03,xy,0.7113343288595652
L396_f03,xy,0.3526286224011772
L396_f03,xy,0.5200491963802291
L396_f03,xy,1.333730736014353
L396_f03,xy,0.8529928751401559
L396_f03,xy,1.2560300230863706
L396_f03,xy,2.1441085704795526
L396_f03,xy,0.634039783634557
L396_f03,xy,0.4234868774590676
L396_f03,xy,0.9178866310278996
L396_f03,xy,1.269236732615214
L396_f03,xy,0.9838654235810858
L396_f03,xy,1.5507167072824286
L396_f03,xy,0.10740633214781
L396_f03,xy,2.519017739140112
L396_f03,xy,2.0089397322103513
L396_f03,xy,0.3588304401265561
L396_f03,xy,0.614914770847439
L396_f03,xy,1.2766815104319995
L396_f03,xy,2.473663136822053
L396_f03,xy,0.456316096478479
L396_f03,xy,1.4331145400716732
L396_f03,xy,0.8884865202563501
L396_f03,xy,0.1969742563376179
L396_f03,xy,2.7684252712921724
L396_f03,xy,0.1150505820419513
L396_f03,xy,0.5293187476280379
L396_f03,xy,0.1902475664314281
L396_f03,xy,1.334411642255214
L396_f03,xy,6.047933930462836
L396_f03,xy,0.6233484956055473
L396_f03,xy,0.732983446363703
L396_f03,xy,5.36146002140323
L396_f03,xy,1.6484861371204846
L396_f03,xy,0.7436274612461442
L396_f03,xy,0.8766715978069959
L396_f03,xy,0.9987884408811422
L396_f03,xy,1.1313543507171524
L396_f03,xy,0.4413860256243652
L396_f03,xy,0.6608706367495962
L396_f03,xy,0.5799800096840075
L396_f03,xy,0.5662866090248571
L396_f03,xy,0.5683934726378531
L396_f03,xy,0.50900783837161
L396_f03,xy,1.9520733985342409
L396_f03,xy,1.9790715117605089
L396_f03,xy,1.0767279602619455
L396_f03,xy,0.8240934993229458
L396_f03,xy,0.9687242419842133
L396_f03,xy,0.101798736185042
L396_f03,xy,1.635833499925372
L396_f03,xy,0.621594841590404
L396_f03,xy,0.0497843814686527
L396_f03,xy,0.764107942212176
L396_f03,xy,2.5406450988271088
L396_f03,xy,0.9214689588789776
L396_f03,xy,1.903485030546146
L396_f03,xy,0.4982940430868108
L396_f03,xy,0.7232572360984199
L396_f03,xy,0.291155316901906
L396_f03,xy,0.3799260286712181
L396_f03,xy,0.8556170384772966
L396_f03,xy,0.8231582988248428
L396_f03,xy,0.2735419185370707
L396_f03,xy,0.2737978860776732
L396_f03,xy,2.1572298949873163
L396_f03,xy,1.9226332866843243
L396_f03,xy,0.506821181270255
L396_f03,xy,0.2206046111583069
L396_f03,xy,0.7529937061150639
L396_f03,xy,1.033294241835917
L396_f03,xy,2.532072932413435
L396_f03,xy,0.7152687966501834
L396_f03,xy,1.0722046970614032
L396_f03,xy,0.3112402926904039
L396_f03,xy,1.0145537934544269
L396_f03,xy,0.8704596303582167
L396_f03,xy,1.7605097220918375
L396_f03,xy,2.0403809296302193
L396_f03,xy,0.9208300018630968
L396_f03,xy,2.1743073978843483
L396_f03,xy,0.5556792562519284
L396_f03,xy,0.6436101315286297
L396_f03,xy,0.624753697610544
L396_f03,xy,3.1523206083754336
L396_f03,xy,0.4433148721995598
L396_f03,xy,1.054726638686245
L396_f03,xy,1.06732609807002
L396_f03,xy,0.4828918804050769
L396_f03,xy,2.418434712935316
L396_f03,xy,0.1081750305234766
L396_f03,xy,2.680774972671712
L396_f03,xy,0.1850089538537205
L396_f03,xy,0.6077945568694263
L396_f03,xy,4.012461788548208
L396_f03,xy,0.8128977112269223
L396_f03,xy,2.1144706373155375
L396_f03,xy,1.8362454235762675
L396_f03,xy,0.4810794632334677
L396_f03,xy,2.197642496259709
L396_f03,xy,0.4215320204511298
L396_f03,xy,0.9515763049236852
L396_f03,xy,2.498608703447742
L396_f03,xy,0.1741355310135379
L396_f03,xy,1.2395228019355289
L396_f03,xy,0.6096662736977861
L396_f03,xy,1.0396631483429015
L396_f03,xy,0.2741204561432322
L396_f03,xy,1.6122900449262012
L396_f03,xy,1.248973381523336
L396_f03,xy,1.090364600734142
L396_f03,xy,0.2308962091739874
L396_f03,xy,1.3628423909607392
L396_f03,xy,0.3839047292509315
L396_f03,xy,0.8746990653773102
L396_f03,xy,0.7137545856268969
L396_f03,xy,0.2637639720388348
L396_f03,xy,0.5712607028590136
L396_f03,xy,0.9306299529044858
L396_f03,xy,0.7241966092087813
L396_f03,xy,0.530910139564075
L396_f03,xy,1.0720155100409985
L396_f03,xy,1.1290647436006849
L396_f03,xy,2.391335693869158
L396_f03,xy,0.8734384345229995
L396_f03,xy,0.4356559802592302
L396_f03,xy,0.8178836153898559
L396_f03,xy,0.5055291369801238
L396_f03,xy,1.147742013929099
L396_f03,xy,0.8450511404880319
L396_f03,xy,0.789603611035041
L396_f03,xy,0.9490280815653792
L396_f03,xy,1.3647246868720704
L396_f03,xy,1.8080150075164692
L396_f03,xy,0.8830566444531844
L396_f03,xy,0.0635088639687404
L396_f03,xy,1.1743783760552933
L396_f03,xy,1.1422623111498913
L396_f03,xy,2.566599500175172
L396_f03,xy,0.8824802568721892
L396_f03,xy,1.2832814329392672
L396_f03,xy,3.4331572504196517
L396_f03,xy,0.7322684284950353
L396_f03,xy,0.5384211562179426
L396_f03,xy,2.265160072356591
L396_f03,xy,0.9626607719950446
L396_f03,xy,0.4254559939636232
L396_f03,xy,0.3364989301120145
L396_f03,xy,0.1655109552043323
L396_f03,xy,0.5653913314970769
L396_f03,xy,0.6437734441006017
L396_f03,xy,1.7726584630782125
L396_f03,xy,1.0019726734122012
L396_f03,xy,0.8443808811732143
L396_f03,xy,1.006247415867402
L396_f03,xy,1.5533770678970575
L396_f03,xy,0.4482445148730513
L396_f03,xy,0.2720458251282242
L396_f03,xy,2.5116528602839683
L396_f03,xy,0.2065813810517961
L396_f03,xy,1.6139808838140632
L396_f03,xy,3.2414251457426375
L396_f03,xy,1.3628707911648217
L396_f03,xy,0.8353343231007466
L396_f03,xy,1.4145980915879737
L396_f03,xy,0.7441426745398597
L396_f03,xy,0.922993615652586
L396_f03,xy,2.7256645472495875
L396_f03,xy,0.8935067161587872
L396_f03,xy,1.3092582111503053
L396_f03,xy,3.7536974021364986
L396_f03,xy,4.294797941539477
L396_f03,xy,1.1421081922369285
L396_f03,xy,2.5035960129752883
L396_f03,xy,1.1173773646400025
L396_f03,xy,1.196067596961396
L396_f03,xy,2.7929767950413513
L396_f03,xy,4.034847054029914
L396_f03,xy,3.017512001687949
L396_f03,xy,0.8087973586592412
L396_f03,xy,0.6320422071214862
L396_f03,xy,1.8924887209975407
L396_f03,xy,0.6336765156851752
L396_f03,xy,0.7300262760832541
L396_f03,xy,2.320493871538631
L396_f03,xy,0.6272324758613115
L396_f03,xy,0.6605322874451715
L396_f03,xy,0.5975066522574977
L396_f03,xy,2.6508975681829745
L396_f03,xy,2.145889130861051
L396_f03,xy,2.156309805083663
L396_f03,xy,1.2647785970437475
L396_f03,xy,1.2469298502541637
L396_f03,xy,0.3330937670468149
L396_f03,xy,1.4886179606119931
L396_f03,xy,0.8564524662624822
L396_f03,xy,0.4243446917243475
L396_f03,xy,2.038734725486439
L396_f03,xy,2.297204307303609
L396_f03,xy,0.630707102810614
L396_f03,xy,1.681323375856818
L396_f03,xy,1.174877887308339
L396_f03,xy,0.177235111643658
L396_f03,xy,2.002909847541395
L396_f03,xy,1.0961712022500003
L396_f03,xy,0.3117542115698127
L396_f03,xy,1.2749738344689088
L396_f03,xy,1.5176375365194088
L396_f03,xy,2.480274303670208
L396_f03,xy,1.040713735978806
L396_f03,xy,1.9202453763950356
L396_f03,xy,0.2337016624642786
L396_f03,xy,0.8786521666376089
L396_f03,xy,1.4591505676009116
L396_f03,xy,0.6023579246245314
L396_f03,xy,1.338037174301996
L396_f03,xy,0.8879231419692456
L396_f03,xy,1.5693776601619114
L396_f03,xy,1.1949103752304604
L396_f03,xy,0.5643735279529607
L396_f03,xy,0.233984021479867
L396_f03,xy,1.401148627364585
L396_f03,xy,0.2903100875772496
L396_f03,xy,0.5507829064399087
L396_f03,xy,0.1674359118990025
L396_f03,xy,0.4098644880704276
L396_f03,xy,0.9005126504466613
L396_f03,xy,0.5547680015896923
L396_f03,xy,1.4591191594310515
L396_f03,xy,2.3173902910609603
L396_f03,xy,0.7072916521127401
L396_f03,xy,0.2394500518329399
L396_f03,xy,1.3983968065484618
L396_f03,xy,0.3365542227785966
L396_f03,xy,0.2228682780352051
L396_f03,xy,2.7010151321561713
L396_f03,xy,0.9893665569591784
L396_f03,xy,1.2121122894248737
L396_f03,xy,0.2661123608036485
L396_f03,xy,0.8684045775562254
L396_f03,xy,0.8557426355731985
L396_f03,xy,0.4635541419992216
L396_f03,xy,0.1787736312431195
L396_f03,xy,0.1994108570315502
L396_f03,xy,0.113091652055861
L396_f03,xy,0.1279626462707463
L396_f03,xy,0.2488656561825415
L396_f03,xy,0.6071826559932674
L396_f03,xy,1.0350996733674451
L396_f03,xy,0.7373970848026329
L396_f03,xy,1.164050563926455
L396_f03,xy,0.4587658376327007
L396_f03,xy,0.4684872909360846
L396_f03,xy,0.0607716074715319
L396_f03,xy,0.9734837530895518
L396_f03,xy,1.4186317073910162
L396_f03,xy,0.0238590384626471
L396_f03,xy,0.5944490923472288
L396_f03,xy,0.5055826886185643
L396_f03,xy,1.6497804551774728
L396_f03,xy,0.0993296316355286
L396_f03,xy,0.4007924944860052
L396_f03,xy,1.825286717808135
L396_f03,xy,1.0734678003807836
L396_f03,xy,0.3596204573225888
L396_f03,xy,0.4082644407935553
L396_f03,xy,0.1572988483085062
L396_f03,xy,0.4543794669346955
L396_f03,xy,1.989427276738268
L396_f03,xy,0.2765270321576265
L396_f03,xy,1.492266510761454
L396_f03,xy,0.8175296082530382
L396_f03,xy,0.6667475597853101
L396_f03,xy,4.212642382607149
L396_f03,xy,1.21863719574177
L396_f03,xy,0.3091104609434461
L396_f03,xy,0.587319814885231
L396_f03,xy,2.154428225764298
L396_f03,xy,1.1805110078693155
L396_f03,xy,0.360386355030711
L396_f03,xy,0.9292276010398012
L396_f03,xy,0.7331361155821491
L396_f03,xy,1.7564491728421328
L396_f03,xy,0.2634483546981148
L396_f03,xy,3.4722290116074648
L396_f03,xy,0.3378643351936316
L396_f03,xy,0.3735026830734245
L396_f03,xy,1.06101869305467
L396_f03,xy,0.8485461082316174
L396_f03,xy,3.3880162622023517
L396_f03,xy,0.4093226555260473
L396_f03,xy,0.9173998028936812
L396_f03,xy,2.4050384566411083
L396_f03,xy,1.7129724741195007
L396_f03,xy,1.1379294050962707
L396_f03,xy,0.4766070441208565
L396_f03,xy,1.062823024869744
L396_f03,xy,1.261133404981749
L396_f03,xy,0.271328809413442
L396_f03,xy,0.3800978198454644
L396_f03,xy,0.6187303021415499
L396_f03,xy,0.753304712265256
L396_f03,xy,0.8645402121558222
L396_f03,xy,1.8364643897385824
L396_f03,xy,3.0679080280668267
L396_f03,xy,1.5422960659863876
L396_f03,xy,0.7613739135281375
L396_f03,xy,1.3765437761215642
L396_f03,xy,1.010079886109528
L396_f03,xy,0.4820592594892969
L396_f03,xy,0.6695103141866929
L396_f03,xy,1.9618893026679376
L396_f03,xy,0.5527569387830882
L396_f03,xy,1.6913403548349968
L396_f03,xy,0.8297601490492075
L396_f03,xy,0.5564893806209512
L396_f03,xy,0.7473993024740493
L396_f03,xy,0.8641424332960687
L396_f03,xy,0.7083257893712328
L396_f03,xy,1.8580201827858027
L396_f03,xy,0.8864242242820384
L396_f03,xy,0.0994002377545369
L396_f03,xy,2.6843031870355363
L396_f03,xy,2.5277744314622423
L396_f03,xy,0.1344482945528141
L396_f03,xy,0.9006179021524131
L396_f03,xy,2.337042176151796
L396_f03,xy,0.1380567598684762
L396_f03,xy,0.4354097913231151
L396_f03,xy,2.2239124757627904
L396_f03,xy,1.3395820132527378
L396_f03,xy,2.194223250802955
L396_f03,xy,0.450312273280144
L396_f03,xy,1.054078084473608
L396_f03,xy,1.3055687822607605
L396_f03,xy,1.5708109102706536
L396_f03,xy,1.560586184764576
L396_f03,xy,0.5765979907021177
L396_f03,xy,0.7152317324319375
L396_f03,xy,0.5985702203758432
L396_f03,xy,0.4323322481578937
L396_f03,xy,0.7151489158269361
L396_f03,xy,0.90647386323031
L396_f03,xy,1.151812342262673
L396_f03,xy,1.1864815671017346
L396_f03,xy,0.7655465922913629
L396_f03,xy,1.1031872154318678
L396_f03,xy,0.461642099041067
L396_f03,xy,1.8728974129032805
L396_f03,xy,1.255726787558754
L396_f03,xy,0.9570136576821324
L396_f03,xy,0.4532205050945334
L396_f03,xy,0.4890358138790237
L396_f03,xy,0.1193858073956584
L396_f03,xy,0.5181358658473083
L396_f03,xy,0.5273257823245133
L396_f03,xy,0.2190533401995796
L396_f03,xy,0.4168206401899846
L396_f03,xy,0.3816605060894246
L396_f03,xy,0.8341505681508029
L396_f03,xy,0.945172114188688
L396_f03,xy,0.1938440876050715
L396_f03,xy,3.519269307786542
L396_f03,xy,0.3003195454542653
L396_f03,xy,0.5246895321220372
L396_f03,xy,2.5646703851066808
L396_f03,xy,0.2384108110735953
L396_f03,xy,0.493905170293907
L396_f03,xy,0.7965408091765973
L396_f03,xy,0.4649978165053128
L396_f03,xy,0.664780015724011
L396_f03,xy,1.6835171707933798
L396_f03,xy,0.9991070137646448
L396_f03,xy,0.6940397693945436
L396_f03,xy,1.205993102462586
L396_f03,xy,0.67653608118871
L396_f03,xy,0.1102673791749621
L396_f03,xy,0.7373740385833144
L396_f03,xy,0.640957768038237
L396_f03,xy,0.7218565606976307
L396_f03,xy,1.3967410327075134
L396_f03,xy,0.4922383886184347
L396_f03,xy,0.8697997095183311
L396_f03,xy,0.8792426603054843
L396_f03,xy,0.2261907558952907
L396_f03,xy,0.5508648441776042
L396_f03,xy,0.2212268412540963
L396_f03,xy,0.8478446883716175
L396_f03,xy,1.070189178085151
L396_f03,xy,0.416797136912353
L396_f03,xy,0.7017936835115393
L396_f03,xy,0.4853163774319449
L396_f03,xy,0.0674979028237134
L396_f03,xy,0.6762912421182525
L396_f03,xy,1.0686940479790128
L396_f03,xy,0.9862902165109374
L396_f03,xy,0.3510418999190032
L396_f03,xy,0.3863447907877195
L396_f03,xy,0.9742498047945608
L396_f03,xy,0.859941589770492
L396_f03,xy,1.2339068314939357
L396_f03,xy,1.5919333104058364
L396_f03,xy,0.3356621261251442
L396_f03,xy,0.3010042800281149
L396_f03,xy,0.4460439022947375
L396_f03,xy,3.2845296310342493
L396_f03,xy,0.4690572462843421
L396_f03,xy,1.5033270151775413
L396_f03,xy,1.0108654942109971
L396_f03,xy,0.5855458011078815
L396_f03,xy,0.5966235142795308
L396_f03,xy,1.4825814739734566
L396_f03,xy,0.1355095126978508
L396_f03,xy,0.6057009663977135
L396_f03,xy,0.6288030085618839
L396_f03,xy,1.6993116035381357
L396_f03,xy,0.5188658023824101
L396_f03,xy,0.5153471465248955
L396_f03,xy,0.1780654897963563
L396_f03,xy,1.4071800404198804
L396_f03,xy,1.686203085833894
L396_f03,xy,2.481999604742426
L396_f03,xy,0.3062898280756187
L396_f03,xy,1.755650701495249
L396_f03,xy,0.5551007417556901
L396_f03,xy,0.7362722141512077
L396_f03,xy,1.1397026625696014
L396_f03,xy,0.1908417172394747
L396_f03,xy,1.271658891978612
L396_f03,xy,0.6595476575297851
L396_f03,xy,0.1936237709497215
L396_f03,xy,0.2801801903628992
L396_f03,xy,0.9107631914047882
L396_f03,xy,0.5846461574841226
L396_f03,xy,0.3815960168547222
L396_f03,xy,0.3785807351503188
L396_f03,xy,0.9253304060035566
L396_f03,xy,0.4377619384662701
L396_f03,xy,1.6826636195792466
L396_f03,xy,0.6402464175992963
L396_f03,xy,1.0694809668513705
L396_f03,xy,0.7067975594711794
L396_f03,xy,0.6861103966600163
L396_f03,xy,1.653181919295338
L396_f03,xy,0.6893232079375213
L396_f03,xy,0.4151033278766845
L396_f03,xy,1.3073945078336946
L396_f03,xy,1.305213120799091
L396_f03,xy,0.4464716078675023
L396_f03,xy,0.7581441284727506
L396_f03,xy,0.8197860044455592
L396_f03,xy,1.563787212633664
L396_f03,xy,1.6082699428293237
L396_f03,xy,1.6569288742448705
L396_f03,xy,1.238653609705767
L396_f03,xy,0.7744986820468612
L396_f03,xy,4.779093553999786
L396_f03,xy,1.1359599591670106
L396_f03,xy,0.9622516996793704
L396_f03,xy,0.2539395174204124
L396_f03,xy,0.6613309733573546
L396_f03,xy,3.430899373545791
L396_f03,xy,2.442262021111196
L396_f03,xy,1.696989589578323
L396_f03,xy,1.4963941380391994
L396_f03,xy,1.3658773630630954
L396_f03,xy,0.953968432308484
L396_f03,xy,0.7345294216785719
L396_f03,xy,1.0200338484041906
L396_f03,xy,1.3228714205239749
L396_f03,xy,0.4945259623628728
L396_f03,xy,0.8957512027356735
L396_f03,xy,0.4103578217313991
L396_f03,xy,0.9690161257993586
L396_f03,xy,0.3558371789784028
L396_f03,xy,1.6318574069593474
L396_f03,xy,0.6377286770684049
L396_f03,xy,0.6837358673920095
L396_f03,xy,2.4332068586342697
L396_f03,xy,0.5281032761107378
L396_f03,xy,2.0323563509182705
L396_f03,xy,1.774700984286985
L396_f03,xy,0.4833960517750957
L396_f03,xy,0.6951546963541533
L396_f03,xy,1.5403571532147031
L396_f03,xy,0.7827590606530604
L396_f03,xy,0.4217633782410271
L396_f03,xy,0.4813941499217334
L396_f03,xy,0.4882331179523534
L396_f03,xy,1.8410456772473969
L396_f03,xy,1.2484577484930235
L396_f03,xy,0.9546462341280016
L396_f03,xy,1.2865450196932715
L396_f03,xy,0.3347067533403711
L396_f03,xy,1.7391875063322595
L396_f03,xy,1.767754826946167
L396_f03,xy,1.2436595087836717
L396_f03,xy,2.1238074699346994
L396_f03,xy,0.5431008463206211
L396_f03,xy,0.6288531706712034
L396_f03,xy,2.785605767845845
L396_f03,xy,0.9633236116409954
L396_f03,xy,1.2657936591409795
L396_f03,xy,0.9279601614617512
L396_f03,xy,0.6500981134575399
L396_f03,xy,1.069691027592458
L396_f03,xy,0.3874961453630242
L396_f03,xy,0.6202758341300003
L396_f03,xy,1.140743581078152
L396_f03,xy,0.630417864786322
L396_f03,xy,0.3327852363707022
L396_f03,xy,0.2253031935323573
L396_f03,xy,1.0390422698779604
L396_f03,xy,0.996303578339358
L396_f03,xy,1.8364327286883395
L396_f03,xy,2.637656660956488
L396_f03,xy,0.9125104591070856
L396_f03,xy,0.8930419386180458
L396_f03,xy,0.7904719557510248
L396_f03,xy,0.6563399258719886
L396_f03,xy,0.8891013413509489
L396_f03,xy,0.6411900944476072
L396_f03,xy,2.070014304271065
L396_f03,xy,0.7626421027419644
L396_f03,xy,0.7715208970539911
L396_f03,xy,0.8480892690526496
L396_f03,xy,0.4182569996110695
L396_f03,xy,1.1665698334068304
L396_f03,xy,0.8850365983083996
L396_f03,xy,0.2891993930286564
L396_f03,xy,1.2647556926629973
L396_f03,xy,2.9956374560875467
L396_f03,xy,0.9942917617469408
L396_f03,xy,1.4771477934317565
L396_f03,xy,0.2627982513839295
L396_f03,xy,1.0620751840334888
L396_f03,xy,2.6403466850165693
L396_f03,xy,0.3722634210515281
L396_f03,xy,2.6429144365808046
L396_f03,xy,0.2098527077121487
L396_f03,xy,2.031039637909797
L396_f03,xy,1.3731269068312697
L396_f03,xy,1.6288627100817752
L396_f03,xy,0.7656443537933534
L396_f03,xy,1.1921638107730488
L396_f03,xy,1.4299379058930166
L396_f03,xy,1.8347048262664067
L396_f03,xy,2.654998957666255
L396_f03,xy,0.9861951574878106
L396_f03,xy,1.1778369660239816
L396_f03,xy,1.1439801466752832
L396_f03,xy,4.537724822084611
L396_f03,xy,1.431833880021097
L396_f03,xy,1.945902109032424
L396_f03,xy,1.3805637322657438
L396_f03,xy,1.0311855537183086
L396_f03,xy,1.2087243513954613
L396_f03,xy,1.2789949465477235
L396_f03,xy,0.9036098377775644
L396_f03,xy,1.1358460622898117
L396_f03,xy,1.6997573520781568
L396_f03,xy,2.9624313839762495
L396_f03,xy,0.0195965088607569
L396_f03,xy,1.4511080825226597
L396_f03,xy,0.7664887898663779
L396_f03,xy,1.3129342242466095
L396_f03,xy,0.2132506984025155
L396_f03,xy,0.9625170942339172
L396_f03,xy,2.275963521187933
L396_f03,xy,1.7731247748002616
L396_f03,xy,0.7366403628018072
L396_f03,xy,1.9597240954745148
L396_f03,xy,0.7251148019415569
L396_f03,xy,1.3147368867662317
L396_f03,xy,0.8576428568999412
L396_f03,xy,1.24648526565958
L396_f03,xy,1.3880572042905206
L396_f03,xy,5.080598152435453
L396_f03,xy,0.631563798635765
L396_f03,xy,0.9004455139130622
L396_f03,xy,1.375418898731661
L396_f03,xy,1.231078072581767
L396_f03,xy,2.875766491029996
L396_f03,xy,0.9912651020639258
L396_f03,xy,1.134267754484129
L396_f03,xy,1.0056012035253838
L396_f03,xy,1.449910772706855
L396_f03,xy,1.7136698066183595
L396_f03,xy,1.86401201386486
L396_f03,xy,6.7373135339123404
L396_f03,xy,4.145836041058585
L396_f03,xy,1.584212057217507
L396_f03,xy,0.5216912366303877
L396_f03,xy,1.7209547546159245
L396_f03,xy,0.8924357549957558
L396_f03,xy,0.8531120231677699
L396_f03,xy,2.0167422741035717
L396_f03,xy,1.1599921180203618
L396_f03,xy,1.9410187831130563
L396_f03,xy,0.7305511635170309
L396_f03,xy,1.3526546826096273
L396_f03,xy,2.9630287260959927
L396_f03,xy,2.4368950694895943
L396_f03,xy,0.7403964820073559
L396_f03,xy,1.700763386462961
L396_f03,xy,2.0139799039191915
L396_f03,xy,2.338354637075616
L396_f03,xy,2.5067160572559666
L396_f03,xy,1.1576018411736315
L396_f03,xy,1.3719665418740226
L396_f03,xy,1.533149292075659
L396_f03,xy,1.475415646104505
L396_f03,xy,2.8876603898114417
L396_f03,xy,1.9452922218148097
L396_f03,xy,0.6683737417232215
L396_f03,xy,2.6805404368031422
L396_f03,xy,1.248937386760368
L396_f03,xy,1.7179939320737927
L396_f03,xy,0.8369896961181108
L396_f03,xy,1.455259400406025
L396_f03,xy,2.7886016927074064
L396_f03,xy,2.93774724741304
L396_f03,xy,2.0086149528383395
L396_f03,xy,2.6251066299651713
L396_f03,xy,3.4171822788258313
L396_f03,xy,1.5008627123123928
L396_f03,xy,0.2423103382277912
L396_f03,xy,1.4329831728551372
L396_f03,xy,2.1073000441522955
L396_f03,xy,2.7830804317406357
L396_f03,xy,0.7648922794962243
L396_f03,xy,1.3008932759119445
L396_f03,xy,1.479781924079545
L396_f03,xy,1.3791930381367692
L396_f03,xy,1.2423055107432703
L396_f03,xy,0.4900268652353136
L396_f03,xy,3.312073515739378
L396_f03,xy,0.802736498289437
L396_f03,xy,0.6628445808257258
L396_f03,xy,2.870561173470434
L396_f03,xy,1.7949206017480517
L396_f03,xy,2.2050216022416027
L396_f03,xy,2.1257880744062803
L396_f03,xy,0.3986236107644925
L396_f03,xy,0.7089777713135307
L396_f03,xy,1.8803529288226493
L396_f03,xy,1.5076723682247906
L396_f03,xy,1.29015665029018
L396_f03,xy,1.7823022512124196
L396_f03,xy,1.6282077780867803
L396_f03,xy,2.149966008581526
L396_f03,xy,3.398971369188455
L396_f03,xy,1.013325579526833
L396_f03,xy,0.4224066667653132
L396_f03,xy,4.339512025543576
L396_f03,xy,0.890137870275886
L396_f03,xy,0.7713961149626606
L396_f03,xy,0.9327419763048496
L396_f03,xy,1.6526050920191286
L396_f03,xy,2.3216344092248926
L396_f03,xy,0.4914478903715062
L396_f03,xy,2.002717213787075
L396_f03,xy,0.5472084510522717
L396_f03,xy,1.90724124345341
L396_f03,xy,1.961810223606098
L396_f03,xy,1.248745529039197
L396_f03,xy,0.6261612316777867
L396_f03,xy,1.758327009104465
L396_f03,xy,1.0023267160358778
L396_f03,xy,0.8127459305300369
L396_f03,xy,0.8012599030566497
L396_f03,xy,2.0245269928406886
L396_f03,xy,1.0153549802145698
L396_f03,xy,1.774993249076419
L396_f03,xy,1.5544908198835443
L396_f03,xy,1.0938089035586138
L396_f03,xy,1.0803978446970917
L396_f03,xy,0.69156659901085
L396_f03,xy,0.4051276068771814
L396_f03,xy,2.0307854762304536
L396_f03,xy,0.8246315592874945
L396_f03,xy,0.640062708990389
L396_f03,xy,0.7026359004778767
L396_f03,xy,0.6609894884281857
L396_f03,xy,0.4453308148290592
L396_f03,xy,3.1919328689753454
L396_f03,xy,1.025420485511017
L396_f03,xy,0.1993048962377935
L396_f03,xy,0.1992698521370176
L396_f03,xy,2.4418756122567267
L396_f03,xy,2.6424124893090277
L396_f03,xy,1.816573256678503
L396_f03,xy,0.4376596676528566
L396_f03,xy,1.3245147566190258
L396_f03,xy,1.4449826113693514
L396_f03,xy,1.2737573060970664
L396_f03,xy,0.6101432194096293
L396_f03,xy,1.4252570394523074
L396_f03,xy,0.412143600050997
L396_f03,xy,0.5704049537461494
L396_f03,xy,0.3905232397499922
L396_f03,xy,1.5399831491108418
L396_f03,xy,0.3833713701367605
L396_f03,xy,0.372473793254608
L396_f03,xy,2.0220350560995075
L396_f03,xy,2.5369399698957675
L396_f03,xy,0.0869258546809892
L396_f03,xy,1.2943313121352316
L396_f03,xy,1.2319791455114122
L396_f03,xy,1.4388810807135874
L396_f03,xy,1.4731336663017345
L396_f03,xy,1.175370887777056
L396_f03,xy,1.534244588820154
L396_f03,xy,0.9369815665412744
L396_f03,xy,0.1706970520191587
L396_f03,xy,2.0303126820438018
L396_f03,xy,0.7301266982144514
L396_f03,xy,0.3009269268058705
L396_f03,xy,2.212849596439516
L396_f03,xy,0.8570993647072837
L396_f03,xy,1.369695310759759
L396_f03,xy,1.4240988844222005
L396_f03,xy,0.6193521131903686
L396_f03,xy,0.8287406449730376
L396_f03,xy,0.980048759109422
L396_f03,xy,0.193943707164886
L396_f03,xy,1.624099377220131
L396_f03,xy,3.380278373894104
L396_f03,xy,1.7985247707034149
L396_f03,xy,1.3712502972146068
L396_f03,xy,1.431780361175751
L396_f03,xy,1.0744062616778405
L396_f03,xy,0.8737654665553561
L396_f03,xy,4.525978171737387
L396_f03,xy,3.0208287036854555
L396_f03,xy,2.479790048049256
L396_f03,xy,1.151453209561058
L396_f03,xy,1.82403387557896
L396_f03,xy,2.815037118722333
L396_f03,xy,2.021028896256516
L396_f03,xy,0.7471674121553267
L396_f03,xy,2.4691088320736196
L396_f03,xy,1.5944917565259051
L396_f03,xy,0.4279498425483551
L396_f03,xy,0.3398517767211587
L396_f03,xy,0.7319009375285634
L396_f03,xy,0.751925915891625
L396_f03,xy,7.194012936971406
L396_f03,xy,0.8878190384196046
L396_f03,xy,1.3233426823214904
L396_f03,xy,1.2130006905368016
L396_f03,xy,0.4535687905218292
L396_f03,xy,0.4740619567575741
L396_f03,xy,1.8070142325052123
L396_f03,xy,0.526997525372694
L396_f03,xy,1.691922157417946
L396_f03,xy,1.227982781048767
L396_f03,xy,0.2779983555272589
L396_f03,xy,0.7897760179431437
L396_f03,xy,1.2729426939896842
L396_f03,xy,1.6049542854871897
L396_f03,xy,0.2778553920441186
L396_f03,xy,2.518556140581718
L396_f03,xy,1.065638963517906
L396_f03,xy,0.6921560796018305
L396_f03,xy,2.4997373876491222
L396_f03,xy,1.1339925621860782
L396_f03,xy,0.8816901163396043
L396_f03,xy,0.3708837875976564
L396_f03,xy,1.9574040218441893
L396_f03,xy,0.9972496699471828
L396_f03,xy,1.0441664436257718
L396_f03,xy,2.15572691606494
L396_f03,xy,0.5795281725628024
L396_f03,xy,1.1135740313150304
L396_f03,xy,1.3408047023339729
L396_f03,xy,0.2677763486336448
L396_f03,xy,0.6845323146706893
L396_f03,xy,2.3580905438374145
L396_f03,xy,1.3605953694220287
L396_f03,xy,0.4905896743952936
L396_f03,xy,0.1227805138919611
L396_f03,xy,1.241011634308516
L396_f03,xy,1.1514545130112357
L396_f03,xy,0.7701087401320548
L396_f03,xy,0.8169273980258124
L396_f03,xy,1.451107300118507
L396_f03,xy,0.542069474592743
L396_f03,xy,0.5881037560253236
L396_f03,xy,0.7219292553046903
L396_f03,xy,0.6412806199693417
L396_f03,xy,1.176294027591013
L396_f03,xy,0.7500836244400592
L396_f03,xy,1.7530483119791151
L396_f03,xy,0.7572847900661039
L396_f03,xy,0.2082608813916079
L396_f03,xy,0.8788438761780151
L396_f03,xy,1.0991327262727093
L396_f03,xy,1.710974834078331
L396_f03,xy,2.5139513254388755
L396_f03,xy,1.922621937435959
L396_f03,xy,0.6404125497372157
L396_f03,xy,0.9630495848724134
L396_f03,xy,0.9150527881237012
L396_f03,xy,1.3924948051516322
L396_f03,xy,2.3596140555685468
L396_f03,xy,0.9729715404157964
L396_f03,xy,1.78068595997243
L396_f03,xy,0.6958958418070198
L396_f03,xy,0.8426369891527603
L396_f03,xy,0.8009077401194985
L396_f03,xy,0.707245090349861
L396_f03,xy,1.5444563191832763
L396_f03,xy,0.5396953426021974
L396_f03,xy,2.600385654306395
L396_f03,xy,0.3321388108784402
L396_f03,xy,1.034226560799187
L396_f03,xy,0.4673734106242273
L396_f03,xy,1.4558991701551014
L396_f03,xy,2.1838848271241167
L396_f03,xy,2.3605517346232983
L396_f03,xy,1.8444900949781275
L396_f03,xy,1.4336136914622155
L396_f03,xy,0.7228350345930935
L396_f03,xy,0.229369668162254
L396_f03,xy,0.7939525910823528
L396_f03,xy,1.5898302377364582
L396_f03,xy,3.0884339380482544
L396_f03,xy,2.2228827505135667
L396_f03,xy,0.9022030214565204
L396_f03,xy,1.260969201031057
L396_f03,xy,0.9570609150778452
L396_f03,xy,0.5720473622835465
L396_f03,xy,0.4918763457584511
L396_f03,xy,0.7620037879290508
L396_f03,xy,0.7593950008203814
L396_f03,xy,2.1400919716850826
L396_f03,xy,0.7349365826170943
L396_f03,xy,1.146123455808262
L396_f03,xy,1.1926923422280409
L396_f03,xy,1.902820701122018
L396_f03,xy,0.7970596605424808
L396_f03,xy,0.4493607940808186
L396_f03,xy,1.963635655486141
L396_f03,xy,0.976473141450628
L396_f03,xy,0.2283014707032267
L396_f03,xy,3.4234607717423557
L396_f03,xy,2.3822635169480177
L396_f03,xy,1.647664916876205
L396_f03,xy,0.736881890648866
L396_f03,xy,2.363861553713
L396_f03,xy,0.5552959956644914
L396_f03,xy,1.036795919336217
L396_f03,xy,1.7226753662865175
L396_f03,xy,0.8001430211531029
L396_f03,xy,2.017079967813337
L396_f03,xy,1.939010341650823
L396_f03,xy,0.3936509178248206
L396_f03,xy,0.1744787307620824
L396_f03,xy,1.3302630344816284
L396_f03,xy,1.4268913434569162
L396_f03,xy,0.7484718916693909
L396_f03,xy,0.7541934540381875
L396_f03,xy,0.8769678637173277
L396_f03,xy,1.1401034196523463
L396_f03,xy,0.850162804974801
L396_f03,xy,4.53907353592144
L396_f03,xy,1.3572167431249005
L396_f03,xy,0.4744339089909449
L396_f03,xy,2.388299547549649
L396_f03,xy,1.3531824759861104
L396_f03,xy,2.2634522367206644
L396_f03,xy,1.3606020021626974
L396_f03,xy,1.444306633143007
L396_f03,xy,2.282909633857776
L396_f03,xy,4.016750812401909
L396_f03,xy,3.7869079984968743
L396_f03,xy,1.0997961685740985
L396_f03,xy,0.6948671113573945
L396_f03,xy,1.3956261488577717
L396_f03,xy,2.722596145267526
L396_f03,xy,1.5616008584789267
L396_f03,xy,0.6803600668105474
L396_f03,xy,0.6750613079155134
L396_f03,xy,3.521773492221816
L396_f03,xy,0.4261135943710868
L396_f03,xy,0.4655616519570134
L396_f03,xy,1.6588166035645395
L396_f03,xy,0.9295915336611608
L396_f03,xy,1.7314451668622852
L396_f03,xy,1.1562769490896636
L396_f03,xy,1.2378305848674636
L396_f03,xy,1.709591745725494
L396_f03,xy,0.4654010921735437
L396_f03,xy,0.9329339755698666
L396_f03,xy,1.240889817719513
L396_f03,xy,0.1164289317011049
L396_f03,xy,0.3548471387464618
L396_f03,xy,1.7765125280396243
L396_f03,xy,1.4471856204150586
L396_f03,xy,0.5727356961652154
L396_f03,xy,1.619834723045785
L396_f03,xy,0.6311095959487031
L396_f03,xy,0.4010749255731529
L396_f03,xy,0.9494258122314988
L396_f03,xy,0.8879596322193992
L396_f03,xy,0.9679697393726282
L396_f03,xy,0.8212116346667172
L396_f03,xy,0.5901428218658525
L396_f03,xy,0.1238995525277009
L396_f03,xy,0.5386235381548707
L396_f03,xy,0.8903916904900895
L396_f03,xy,2.2364802337031597
L396_f03,xy,0.2217168432746951
L396_f03,xy,0.9890420780843612
L396_f03,xy,0.3253864115440586
L396_f03,xy,1.034200074622187
L396_f03,xy,1.8503040094496703
L396_f03,xy,1.859729632448056
L396_f03,xy,0.6428229748155107
L396_f03,xy,0.6739302574459588
L396_f03,xy,0.8934342436741984
L396_f03,xy,0.4861355303262772
L396_f03,xy,1.4767343831722608
L396_f03,xy,0.3918879585880513
L396_f03,xy,0.1470608773042074
L396_f03,xy,0.5453132437520899
L396_f03,xy,0.6356008599957853
L396_f03,xy,0.935244438503635
L396_f03,xy,1.5092804328950182
L396_f03,xy,0.2150871857113265
L396_f03,xy,0.656394477165563
L396_f03,xy,4.078263279509767
L396_f03,xy,0.4294834944879984
L396_f03,xy,0.3701801957755282
L396_f03,xy,0.9334192060179668
L396_f03,xy,0.1124456089014879
L396_f03,xy,1.6087824192014246
L396_f03,xy,0.3622706382106843
L396_f03,xy,0.8977365373648741
L396_f03,xy,1.7063849551943375
L396_f03,xy,0.1033119423513382
L396_f03,xy,0.4705760583282493
L396_f03,xy,0.3149436301883506
L396_f03,xy,1.0162495954506077
L396_f03,xy,2.5530782439867368
L396_f03,xy,0.5066026501391634
L396_f03,xy,0.9726850376438556
L396_f03,xy,2.344109577200637
L396_f03,xy,1.4680091422118875
L396_f03,xy,1.2972225069697283
L396_f03,xy,0.7456648774878228
L396_f03,xy,0.3226537091834138
L396_f03,xy,2.028993583286521
L396_f03,xy,0.3825455572987712
L396_f03,xy,0.3733676256682576
L396_f03,xy,0.3493533036183454
L396_f03,xy,0.9278608249888902
L396_f03,xy,1.520168071556211
L396_f03,xy,1.411165265783423
L396_f03,xy,0.3034389176129196
L396_f03,xy,2.340859395502388
L396_f03,xy,0.7989765589738388
L396_f03,xy,0.5473294297975855
L396_f03,xy,1.0204129627552416
L396_f03,xy,1.0493693930652068
L396_f03,xy,0.7032856494355918
L396_f03,xy,0.3080854005516291
L396_f03,xy,0.3105348606732638
L396_f03,xy,0.0874405004502081
L396_f03,xy,0.6304501904336033
L396_f03,xy,0.4269825056441371
L396_f03,xy,0.0399098609964644
L396_f03,xy,1.825704036735928
L396_f03,xy,1.953653416991138
L396_f03,xy,0.1344324108559875
L396_f03,xy,1.2657655334460327
L396_f03,xy,2.140867031299769
L396_f03,xy,1.1979332115824493
L396_f03,xy,1.3359751251896048
L396_f03,xy,2.088234703698999
L396_f03,xy,2.445057803008721
L396_f03,xy,0.3129518663355395
L396_f03,xy,1.35823236849716
L396_f03,xy,1.5283267196321022
L396_f03,xy,0.5730580971180544
L396_f03,xy,2.2999144442884
L396_f03,xy,2.051135406787087
L396_f03,xy,0.8559203741975049
L396_f03,xy,2.537561403553105
L396_f03,xy,3.4676131062267643
L396_f03,xy,1.2380419706150232
L396_f03,xy,2.2037776201120605
L396_f03,xy,1.7807597192282578
L396_f03,xy,0.4398480896593267
L396_f03,xy,2.3988976336683248
L396_f03,xy,1.1713109280644491
L396_f03,xy,0.3672388425687249
L396_f03,xy,1.0990014473413818
L396_f03,xy,0.3819665280387012
L396_f03,xy,2.662616596873724
L396_f03,xy,0.7505372398973967
L396_f03,xy,0.526244250040106
L396_f03,xy,3.2037023180660253
L396_f03,xy,1.1980248458198173
L396_f03,xy,1.3166587255857067
L396_f03,xy,1.7987985155516653
L396_f03,xy,0.3671643593426723
L396_f03,xy,0.8649196438160144
L396_f03,xy,2.2048448091208876
L396_f03,xy,1.06281513420992
L396_f03,xy,0.6175695653675931
L396_f03,xy,1.378609127997717
L396_f03,xy,0.5809511641610853
L396_f03,xy,0.9342332057002068
L396_f03,xy,0.6076729831607217
L396_f03,xy,1.7468951803236388
L396_f03,xy,0.5375781820153991
L396_f03,xy,0.6867729477417719
L396_f03,xy,0.1214940589581024
L396_f03,xy,1.5830713518387964
L396_f03,xy,0.8820731508241173
L396_f03,xy,2.1124625890115993
L396_f03,xy,0.5809714082433268
L396_f03,xy,0.211074174300635
L396_f03,xy,2.400425840771395
L396_f03,xy,0.6249650539700791
L396_f03,xy,0.0307787576496986
L396_f03,xy,0.7926830882489564
L396_f03,xy,0.8812031053184705
L396_f03,xy,0.483655239681152
L396_f03,xy,0.3904582403672831
L396_f03,xy,1.7830965669741008
L396_f03,xy,0.5329138771354783
L396_f03,xy,1.0595571129299846
L396_f03,xy,1.1525165170542295
L396_f03,xy,1.2119825107685789
L396_f03,xy,1.2441797165704562
L396_f03,xy,1.969181487848178
L396_f03,xy,0.2883738144668958
L396_f03,xy,0.330944795513727
L396_f03,xy,0.7639229196638264
L396_f03,xy,0.4608156466588682
L396_f03,xy,0.2775711708024502
L396_f03,xy,0.1933850901947332
L396_f03,xy,0.4806729711733112
L396_f03,xy,2.5386031316724056
L396_f03,xy,0.6424046212726898
L396_f03,xy,0.639716714286873
L396_f03,xy,1.0688923119621383
L396_f03,xy,0.1804287062670601
L396_f03,xy,0.2438474210696919
L396_f03,xy,1.418359451097172
L396_f03,xy,0.7285487161579373
L396_f03,xy,1.1273014086902458
L396_f03,xy,0.1291846462677695
L396_f03,xy,0.2497028708950017
L396_f03,xy,1.0005182934108787
L396_f03,xy,0.9131699876033323
L396_f03,xy,1.1223871842358906
L396_f03,xy,1.301016620526843
L396_f03,xy,0.1823128334579603
L396_f03,xy,0.3244161588948987
L396_f03,xy,1.362377090776104
L396_f03,xy,1.4277028460995584
L396_f03,xy,0.193141219058267
L396_f03,xy,0.3598163032219831
L396_f03,xy,0.7514044669938303
L396_f03,xy,0.4195729760402906
L396_f03,xy,3.899711351621739
L396_f03,xy,0.1584496009834737
L396_f03,xy,0.4594896681944735
L396_f03,xy,0.4736675708929064
L396_f03,xy,0.3486813905130955
L396_f03,xy,0.6712748591825445
L396_f03,xy,0.718738001282634
L396_f03,xy,0.6027951310914769
L396_f03,xy,0.6498874220051676
L396_f03,xy,1.400252575417449
L396_f03,xy,1.12977044425956
L396_f03,xy,0.3210527008362662
L396_f03,xy,0.2659314180504686
L396_f03,xy,0.966964277653604
L396_f03,xy,0.887682933297618
L396_f03,xy,0.5757081855725532
L396_f03,xy,0.6674043187034245
L396_f03,xy,0.2858471180697537
L396_f03,xy,0.1968391878489407
L396_f03,xy,0.421375176012552
L396_f03,xy,0.5530865067883483
L396_f03,xy,0.3441621091166539
L396_f03,xy,0.4981281016978435
L396_f03,xy,0.6577313785742824
L396_f03,xy,1.0836132938418213
L396_f03,xy,1.394807270404953
L396_f03,xy,0.2472570472697135
L396_f03,xy,2.0704660702671234
L396_f03,xy,0.1938807836315402
L396_f03,xy,0.6216888806399277
L396_f03,xy,1.3805238018525323
L396_f03,xy,0.5664372011793714
L396_f03,xy,0.9214466720704724
L396_f03,xy,1.3708899303006192
L396_f03,xy,1.3401421999128251
L396_f03,xy,1.824637507078168
L396_f03,xy,1.649752005935963
L396_f03,xy,1.4172288348380024
L396_f03,xy,1.990142698611808
L396_f03,xy,0.9622900515775882
L396_f03,xy,0.8086998484800318
L396_f03,xy,0.215755880836992
L396_f03,xy,0.8188131844150134
L396_f03,xy,1.7127593259505618
L396_f03,xy,0.7123816643172411
L396_f03,xy,1.5505059135381505
L396_f03,xy,0.4587171235570434
L396_f03,xy,2.593095474757907
L396_f03,xy,0.3777420189920535
L396_f03,xy,0.6778376412343583
L396_f03,xy,0.8064141491847989
L396_f03,xy,1.273198706520182
L396_f03,xy,0.2513784902757515
L396_f03,xy,1.0615231908239946
L396_f03,xy,2.1812965597553373
L396_f03,xy,1.1624598984065844
L396_f03,xy,1.1348538138958286
L396_f03,xy,2.506205006498547
L396_f03,xy,0.3761425844001096
L396_f03,xy,0.5088965537106006
L396_f03,xy,0.887720841238958
L396_f03,xy,0.1370770640329803
L396_f03,xy,0.4140927672313987
L396_f03,xy,0.910558401411078
L396_f03,xy,1.878252638983532
L396_f03,xy,1.311883294594441
L396_f03,xy,0.988712368093298
L396_f03,xy,0.5783822736597675
L396_f03,xy,0.6986042417479703
L396_f03,xy,0.9454787304092938
L396_f03,xy,0.9026121089434171
L396_f03,xy,0.4547914403265866
L396_f03,xy,0.5520339039158082
L396_f03,xy,0.6699382795464164
L396_f03,xy,0.943305633936697
L396_f03,xy,0.2672221536294917
L396_f03,xy,1.240899777763038
L396_f03,xy,0.3383011413641235
L396_f03,xy,0.9833966213984248
L396_f03,xy,3.5494322126499314
L396_f03,xy,0.2027623640456235
L396_f03,xy,2.18670100697309
L396_f03,xy,0.8480238696960377
L396_f03,xy,0.9404721916104174
L396_f03,xy,1.1487233392293998
L396_f03,xy,0.3585434172101499
L396_f03,xy,2.968464851472055
L396_f03,xy,0.4400060243584471
L396_f03,xy,1.5017345029637186
L396_f03,xy,1.1683052822365632
L396_f03,xy,0.8514588866719792
L396_f03,xy,0.7958310135514505
L396_f03,xy,0.2785114440382569
L396_f03,xy,0.3041129611615469
L396_f03,xy,1.530878607565654
L396_f03,xy,2.1892985086250074
L396_f03,xy,0.6131460902434707
L396_f03,xy,0.8407606206738512
L396_f03,xy,0.2216204829193441
L396_f03,xy,2.991860999746923
L396_f03,xy,3.6560148573783167
L396_f03,xy,0.9688970578288776
L396_f03,xy,1.0863440258117143
L396_f03,xy,1.3119908796804574
L396_f03,xy,3.2089160922326654
L396_f03,xy,1.438946020275312
L396_f03,xy,0.4525390474518037
L396_f03,xy,0.6498321959045698
L396_f03,xy,5.740718671383915
L396_f03,xy,0.9147046416135024
L396_f03,xy,0.1759873061883992
L396_f03,xy,0.3541384817087422
L396_f03,xy,1.2917626599256886
L396_f03,xy,0.4203607049727257
L396_f03,xy,3.205521911203564
L396_f03,xy,2.059703630949467
L396_f03,xy,0.5140315616880161
L396_f03,xy,1.5746655074106968
L396_f03,xy,0.9471972647935258
L396_f03,xy,0.249439238821172
L396_f03,xy,1.252631710529512
L396_f03,xy,1.4082550744890192
L396_f03,xy,0.7453547334015556
L396_f03,xy,0.9047468606163096
L396_f03,xy,0.9643513887398324
L396_f03,xy,0.7976247051079877
L396_f03,xy,1.7827341513290642
L396_f03,xy,0.3060410565534827
L396_f03,xy,2.704136296125248
L396_f03,xy,0.5586492591398448
L396_f03,xy,3.4068431714656495
L396_f03,xy,1.0137564059688564
L396_f03,xy,1.8281041686295865
L396_f03,xy,1.0188183936901103
L396_f03,xy,0.5602065377305184
L396_f03,xy,2.463926388706282
L396_f03,xy,0.9095485108843698
L396_f03,xy,6.591657479451583
L396_f03,xy,0.3640458229836509
L396_f03,xy,1.87387627507524
L396_f03,xy,0.956232886835508
L396_f03,xy,1.1492966461151497
L396_f03,xy,1.0833538708872292
L396_f03,xy,1.8429664195083757
L396_f03,xy,1.1360220526030504
L396_f03,xy,1.0016066216398964
L396_f03,xy,0.6602414925337513
L396_f03,xy,0.8286489443600981
L396_f03,xy,1.6369137540539065
L396_f03,xy,0.60999189149693
L396_f03,xy,0.2427879113486969
L396_f03,xy,1.0226874238270414
L396_f03,xy,1.446120194997661
L396_f03,xy,0.8134388784307187
L396_f03,xy,2.952904509116561
L396_f03,xy,0.2588858313843281
L396_f03,xy,1.52722139710121
L396_f03,xy,7.537751098257063
L396_f03,xy,2.1322709284733343
L396_f03,xy,2.222555752798736
L396_f03,xy,2.863299335457106
L396_f03,xy,1.0682578114328436
L396_f03,xy,0.87255730958969
L396_f03,xy,2.7556691135528877
L396_f03,xy,1.196729160073523
L396_f03,xy,1.0594370729386755
L396_f03,xy,0.7605746659492042
L396_f03,xy,3.2575652677499543
L396_f03,xy,0.2252305951118356
L396_f03,xy,3.250397897385015
L396_f03,xy,0.6847205767267772
L396_f03,xy,1.7233035554070808
L396_f03,xy,1.834352473016324
L396_f03,xy,0.7821183290360718
L396_f03,xy,2.337517502663625
L396_f03,xy,0.8013204412154591
L396_f03,xy,1.4549918851466828
L396_f03,xy,3.002593151857863
L396_f03,xy,2.167754207938522
L396_f03,xy,0.1748938526969591
L396_f03,xy,0.6968565104999878
L396_f03,xy,1.263189925681247
L396_f03,xy,0.9609472476701792
L396_f03,xy,0.5377666753434754
L396_f03,xy,0.3477588028097539
L396_f03,xy,1.1770156898230268
L396_f03,xy,0.5826675212254002
L396_f03,xy,0.5505388882148087
L396_f03,xy,0.9662391390679064
L396_f03,xy,2.3250684155831856
L396_f03,xy,3.649138953626644
L396_f03,xy,0.5194235316874065
L396_f03,xy,0.3561365554525306
L396_f03,xy,1.5089286766831238
L396_f03,xy,2.200845870631966
L396_f03,xy,1.12955878989863
L396_f03,xy,0.4077150530103967
L396_f03,xy,1.2292078274449516
L396_f03,xy,0.1125139553075137
L396_f03,xy,1.7558646168905696
L396_f03,xy,0.8550507678669793
L396_f03,xy,10.707715408568312
L396_f03,xy,1.5750015793726275
L396_f03,xy,1.0236757506324137
L396_f03,xy,0.6355589148328067
L396_f03,xy,2.4409642293327733
L396_f03,xy,3.767192484283054
L396_f03,xy,0.8008509786996885
L396_f03,xy,1.3902114201352176
L396_f03,xy,1.5366697031084031
L396_f03,xy,1.379425411533472
L396_f03,xy,2.593497631209839
L396_f03,xy,1.3559443326450231
L396_f03,xy,4.2762115858574905
L396_f03,xy,2.203291069995085
L396_f03,xy,1.1614098025938313
L396_f03,xy,3.5914821576701543
L396_f03,xy,2.1986468786292614
L396_f03,xy,0.5476406664009115
L396_f03,xy,0.8750168646607958
L396_f03,xy,3.546801717360543
L396_f03,xy,2.057216305616535
L396_f03,xy,1.916907759901029
L396_f03,xy,2.074109532409819
L396_f03,xy,6.682594856208414
L396_f03,xy,2.7302817609176913
L396_f03,xy,3.5813794516470785
L396_f03,xy,0.7499817078579618
L396_f03,xy,1.668347879049848
L396_f03,xy,1.832637091028478
L396_f03,xy,2.056145036786895
L396_f03,xy,0.975228734305715
L396_f03,xy,1.2145757421536625
L396_f03,xy,2.811608134391972
L396_f03,xy,2.446859609840034
L396_f03,xy,1.481825661640981
L396_f03,xy,0.5569839776797239
L396_f03,xy,0.542251474353518
L396_f03,xy,1.792116201247284
L396_f03,xy,1.833895872361861
L396_f03,xy,1.0253737617072451
L396_f03,xy,0.6191920788011828
L396_f03,xy,1.8935424490602983
L396_f03,xy,0.6619726243645991
L396_f03,xy,0.4435074721796114
L396_f03,xy,1.263980558699089
L396_f03,xy,2.7700187110258403
L396_f03,xy,1.0436454891521434
L396_f03,xy,0.5932964533609905
L396_f03,xy,0.4063764174431923
L396_f03,xy,2.0367059790560815
L396_f03,xy,0.8804187531777744
L396_f03,xy,0.2766891538706748
L396_f03,xy,1.6422807194732094
L396_f03,xy,1.1014188109395862
L396_f03,xy,0.9461462704094576
L396_f03,xy,2.0507987528668563
L396_f03,xy,2.4145444552175936
L396_f03,xy,1.1615006626250823
L396_f03,xy,0.4945435937938024
L396_f03,xy,3.2824184016009785
L396_f03,xy,2.403504536885902
L396_f03,xy,1.5117202339809304
L396_f03,xy,1.0249748445314792
L396_f03,xy,1.0801170148607644
L396_f03,xy,1.3266968104617156
L396_f03,xy,1.5314290916924729
L396_f03,xy,1.2700735149468678
L396_f03,xy,0.5618552382242953
L396_f03,xy,0.8321917140126542
L396_f03,xy,1.5151057449183143
L396_f03,xy,1.135224441927542
L396_f03,xy,1.1448486929306076
L396_f03,xy,2.2172175414377797
L396_f03,xy,0.2802037691290898
L396_f03,xy,0.5744236997874141
L396_f03,xy,0.4479981102425066
L396_f03,xy,0.3673297095304248
L396_f03,xy,1.9807577273723096
L396_f03,xy,0.533936852889965
L396_f03,xy,1.48281782534126
L396_f03,xy,2.313942447815762
L396_f03,xy,1.319743036120451
L396_f03,xy,0.3878430539633066
L396_f03,xy,0.7605399383282238
L396_f03,xy,0.5665582218412155
L396_f03,xy,1.817004940508767
L396_f03,xy,0.5421532683305346
L396_f03,xy,0.770758183546281
L396_f03,xy,4.581078048847326
L396_f03,xy,0.7393578705748
L396_f03,xy,0.4939672035747087
L396_f03,xy,1.1431549947097637
L396_f03,xy,0.2398603385478816
L396_f03,xy,3.390804245515668
L396_f03,xy,0.5590089547256067
L396_f03,xy,0.1344760460338171
L396_f03,xy,1.5352577631588318
L396_f03,xy,0.4826822018951431
L396_f03,xy,1.074475880544671
L396_f03,xy,0.9069657376408484
L396_f03,xy,7.763230805786252
L396_f03,xy,0.3004494481287587
L396_f03,xy,0.7346923006633742
L396_f03,xy,0.8756273304978521
L396_f03,xy,0.5292094223775266
L396_f03,xy,0.8960711155524677
L396_f03,xy,1.6064564770416054
L396_f03,xy,1.6000998021648671
L396_f03,xy,0.539390047701643
L396_f03,xy,0.5168249454755726
L396_f03,xy,1.5509090905837657
L396_f03,xy,0.3649258786032603
L396_f03,xy,1.0365081886482916
L396_f03,xy,0.3654445674066858
L396_f03,xy,0.41365245836717
L396_f03,xy,0.5172144012981572
L396_f03,xy,1.4767207634973194
L396_f03,xy,0.1013372898572124
L396_f03,xy,0.8971587491526363
L396_f03,xy,0.9958484640884874
L396_f03,xy,1.4625587987555386
L396_f03,xy,1.3401112615491932
L396_f03,xy,4.295575401177439
L396_f03,xy,1.0953397232915925
L396_f03,xy,3.301827064634509
L396_f03,xy,1.1777478583091636
L396_f03,xy,2.3676313348428257
L396_f03,xy,2.917068088705886
L396_f03,xy,6.456470438160711
L396_f03,xy,2.21791581867958
L396_f03,xy,1.436967948806921
L396_f03,xy,0.688543832584715
L396_f03,xy,2.185821175381039
L396_f03,xy,0.9691476679671808
L396_f03,xy,0.9925138499430224
L396_f03,xy,1.7137813547009142
L396_f03,xy,1.5369797763722162
L396_f03,xy,1.6562390200641777
L396_f03,xy,2.4758509897187477
L396_f03,xy,1.7480000633792676
L396_f03,xy,0.3120163893145447
L396_f03,xy,1.998856656197189
L396_f03,xy,0.7459062648180639
L396_f03,xy,0.4079010551502016
L396_f03,xy,0.0987147188734958
L396_f03,xy,1.7545635358841911
L396_f03,xy,0.8631616493087424
L396_f03,xy,0.3823475332237593
L396_f03,xy,0.5024793713091147
L396_f03,xy,0.4752812684792862
L396_f03,xy,1.5390550393221991
L396_f03,xy,2.7927930897518736
L396_f03,xy,0.6459191493380075
L396_f03,xy,0.9606314806375704
L396_f03,xy,3.359652803148379
L396_f03,xy,1.9164403861610104
L396_f03,xy,2.5041039213736163
L396_f03,xy,4.421418438086535
L396_f03,xy,2.6314587948862704
L396_f03,xy,1.5456616954341456
L396_f03,xy,0.8435680951864745
L396_f03,xy,4.424537128657423
L396_f03,xy,0.7223593342264539
L396_f03,xy,0.9112399217124376
L396_f03,xy,0.7904952680006303
L396_f03,xy,0.8929355622014581
L396_f03,xy,0.9893909835466714
L396_f03,xy,3.1798241402692646
L396_f03,xy,0.7080755028926667
L396_f03,xy,0.9870323762589764
L396_f03,xy,2.2140610138943733
L396_f03,xy,0.532880324472571
L396_f03,xy,1.5310293109265694
L396_f03,xy,0.6068336159879101
L396_f03,xy,1.7916639740838105
L396_f03,xy,1.1636846441040565
L396_f03,xy,0.9072539437231631
L396_f03,xy,1.38709039814673
L396_f03,xy,1.348608444202153
L396_f03,xy,2.042121568352934
L396_f03,xy,1.0093492126006969
L396_f03,xy,1.1123152566109562
L396_f03,xy,0.4709695711777608
L396_f03,xy,0.5621689393472006
L396_f03,xy,2.375828340499808
L396_f03,xy,5.992217010050165
L396_f03,xy,0.47092521818266
L396_f03,xy,1.8588347693948872
L396_f03,xy,0.4577011201128602
L396_f03,xy,1.3280121449100506
L396_f03,xy,2.6915931063666116
L396_f03,xy,3.936216859216268
L396_f03,xy,1.7773270217393506
L396_f03,xy,2.2759451305340836
L396_f03,xy,0.5401036631999544
L396_f03,xy,0.4604803729551821
L396_f03,xy,0.6307519215505354
L396_f03,xy,0.8528947686428568
L396_f03,xy,0.3000813195819866
L396_f03,xy,1.8894372031312097
L396_f03,xy,4.1760255350856985
L396_f03,xy,1.2947581244357955
L396_f03,xy,0.5408005335354362
L396_f03,xy,0.1902373840011729
L396_f03,xy,2.3304766175401523
L396_f03,xy,0.3486559662362292
L396_f03,xy,2.191467485487078
L396_f03,xy,0.4201805404882477
L396_f03,xy,0.8722298682393799
L396_f03,xy,2.5741638030282292
L396_f03,xy,0.97045546633359
L396_f03,xy,2.0910557176543887
L396_f03,xy,1.2777972629604022
L396_f03,xy,1.334266693534509
L396_f03,xy,0.6225620690772713
L396_f03,xy,1.4990917143823164
L396_f03,xy,1.1236906927832049
L396_f03,xy,2.4809741613375733
L396_f03,xy,0.569037946725454
L396_f03,xy,0.4844918496059883
L396_f03,xy,2.109964502339834
L396_f03,xy,0.5395520709401462
L396_f03,xy,0.6771399236940775
L396_f03,xy,0.2045836201550823
L396_f03,xy,1.1577909572760323
L396_f03,xy,0.6822462913781571
L396_f03,xy,0.573195507439213
L396_f03,xy,1.3227452583752222
L396_f03,xy,1.1735019217819005
L396_f03,xy,2.279594077866484
L396_f03,xy,1.40104066089856
L396_f03,xy,0.5201017113211703
L396_f03,xy,0.6703072524787338
L396_f03,xy,0.9434620441797626
L396_f03,xy,1.965961665357102
L396_f03,xy,1.5952864790026309
L396_f03,xy,0.6683773320613204
L396_f03,xy,3.0733812608779267
L396_f03,xy,0.6262326323526789
L396_f03,xy,3.5536287852175814
L396_f03,xy,0.0749352003446691
L396_f03,xy,0.3868834361829696
L396_f03,xy,1.005679826680696
L396_f03,xy,1.03060650765123
L396_f03,xy,0.9823452220461162
L396_f03,xy,1.5581831018213848
L396_f03,xy,0.9889232125830726
L396_f03,xy,2.6234580418984796
L396_f03,xy,1.6806910157403034
L396_f03,xy,0.2328864247336071
L396_f03,xy,0.3712556991288926
L396_f03,xy,0.7191892833640642
L396_f03,xy,0.1760394767906754
L396_f03,xy,2.067507325149116
L396_f03,xy,1.0199610251144413
L396_f03,xy,0.3477112634336315
L396_f03,xy,0.6705731227020825
L396_f03,xy,1.4090081473864706
L396_f03,xy,1.2044755179618956
L396_f03,xy,0.140232975931438
L396_f03,xy,2.0238991145409897
L396_f03,xy,0.5525776277225237
L396_f03,xy,1.29465844701705
L396_f03,xy,1.1535426623102714
L396_f03,xy,1.116414421677172
L396_f03,xy,1.5196677101231126
L396_f03,xy,3.266034239325932
L396_f03,xy,0.7798037342427466
L396_f03,xy,0.2991197635012934
L396_f03,xy,3.36562127771662
L396_f03,xy,1.3074938254589163
L396_f03,xy,1.5213863403746577
L396_f03,xy,2.302722931699793
L396_f03,xy,0.1736331831603804
L396_f03,xy,2.1037666237857167
L396_f03,xy,1.42169006882002
L396_f03,xy,2.0105856290656456
L396_f03,xy,1.5483753307140278
L396_f03,xy,0.5098406110559134
L396_f03,xy,3.5076394440253593
L396_f03,xy,1.3172154751954817
L396_f03,xy,0.7131553171165176
L396_f03,xy,1.2191679227164778
L396_f03,xy,2.4219132976984157
L396_f03,xy,1.3956694435546346
L396_f03,xy,1.5442545750677548
L396_f03,xy,2.9709258652695225
L396_f03,xy,1.2383357805402575
L396_f03,xy,0.9511280298833572
L396_f03,xy,0.3689278084791787
L396_f03,xy,0.4854412761420767
L396_f03,xy,0.8798394500472545
L396_f03,xy,0.1976236590540128
L396_f03,xy,0.8964412767644991
L396_f03,xy,1.7564602669429863
L396_f03,xy,0.8410384732370767
L396_f03,xy,2.1485257811301657
L396_f03,xy,0.8264051062811133
L396_f03,xy,1.0697164783121886
L396_f03,xy,1.7744975203081192
L396_f03,xy,3.0317251404852255
L396_f03,xy,1.14841921759514
L396_f03,xy,0.3531076485143492
L396_f03,xy,1.4512228600591948
L396_f03,xy,0.2119294257107182
L396_f03,xy,2.6404937769432486
L396_f03,xy,0.2986779760530397
L396_f03,xy,1.24534704592655
L396_f03,xy,1.503001680778402
L396_f03,xy,0.8885530912969604
L396_f03,xy,0.5638973598494391
L396_f03,xy,0.5749468536442695
L396_f03,xy,0.4752156615795337
L396_f03,xy,1.3311094310924256
L396_f03,xy,2.7152178887214387
L396_f03,xy,1.3088689573175551
L396_f03,xy,2.628426840927056
L396_f03,xy,0.4772309335468826
L396_f03,xy,0.5500745134878343
L396_f03,xy,0.9459633108916198
L396_f03,xy,4.527456819031584
L396_f03,xy,1.761468705926111
L396_f03,xy,0.8330633040144624
L396_f03,xy,1.6504113946355616
L396_f03,xy,1.5989058272781942
L396_f03,xy,1.1378179381925486
L396_f03,xy,0.2837320920133345
L396_f03,xy,2.502181208421319
L396_f03,xy,0.2117372256871807
L396_f03,xy,1.097766375323143
L396_f03,xy,0.8953996712072257
L396_f03,xy,1.252982129015053
L396_f03,xy,1.8348786228070255
L396_f03,xy,1.2000868682038708
L396_f03,xy,0.5403454628354664
L396_f03,xy,1.2267413053803176
L396_f03,xy,0.8004776348592748
L396_f03,xy,1.2610629824877957
L396_f03,xy,1.1021481007282057
L396_f03,xy,0.7524623503279291
L396_f03,xy,0.8520731853680902
L396_f03,xy,0.1521209509410325
L396_f03,xy,0.5603499259156268
L396_f03,xy,1.2023362515470264
L396_f03,xy,1.3241809688873734
L396_f03,xy,0.2099889521311217
L396_f03,xy,1.0759474729444605
L396_f03,xy,0.3603313504233343
L396_f03,xy,1.2690680711284703
L396_f03,xy,1.164776307140757
L396_f03,xy,2.537801351770393
L396_f03,xy,1.201750586347457
L396_f03,xy,1.5389982233468686
L396_f03,xy,2.5513361673695227
L396_f03,xy,2.3599215306005235
L396_f03,xy,2.4129534357492037
L396_f03,xy,0.9365987726636084
L396_f03,xy,1.859553735564572
L396_f03,xy,0.2789293154855335
L396_f03,xy,0.5061129620109622
L396_f03,xy,2.791314913083054
L396_f03,xy,0.2824080631949979
L396_f03,xy,0.2229835319870935
L396_f03,xy,0.7478382746563443
L396_f03,xy,1.9437105006801123
L396_f03,xy,0.3785826765135626
L396_f03,xy,2.869391120689073
L396_f03,xy,0.1919787357218234
L396_f03,xy,2.1815143628487705
L396_f03,xy,0.2349651045669057
L396_f03,xy,0.9790923418822244
L396_f03,xy,0.8447194293184396
L396_f03,xy,1.6047247133795532
L396_f03,xy,0.0825558271938359
L396_f03,xy,1.0736484449012218
L396_f03,xy,1.2214448088909398
L396_f03,xy,0.5931706578794379
L396_f03,xy,1.2980617453072223
L396_f03,xy,1.213857059493241
L396_f03,xy,0.7091583621616706
L396_f03,xy,1.4228863592858052
L396_f03,xy,0.2857475907919603
L396_f03,xy,1.3484410538471774
L396_f03,xy,0.697440391400969
L396_f03,xy,0.8858254330032689
L396_f03,xy,1.397575167747873
L396_f03,xy,0.7558288693192786
L396_f03,xy,1.0302070586581076
L396_f03,xy,0.3772884699978406
L396_f03,xy,0.5456621764008849
L396_f03,xy,0.7626767490294947
L396_f03,xy,2.0737181041156973
L396_f03,xy,0.5333598206365552
L396_f03,xy,0.4138779269375887
L396_f03,xy,1.746583912695519
L396_f03,xy,0.8116318901568527
L396_f03,xy,0.2422017589005635
L396_f03,xy,0.4158480556019914
L396_f03,xy,0.5373060817431861
L396_f03,xy,0.3671112267266904
L396_f03,xy,0.3618059421585873
L396_f03,xy,0.7656603450123876
L396_f03,xy,0.3003110793714104
L396_f03,xy,0.4641290145462877
L396_f03,xy,0.9676803671403096
L396_f03,xy,0.1720564271281733
L396_f03,xy,0.8999536771740259
L396_f03,xy,0.9728461724316944
L396_f03,xy,0.3423322448711766
L396_f03,xy,0.9228818272749276
L396_f03,xy,0.9544347285649618
L396_f03,xy,0.4986697194820255
L396_f03,xy,1.2531954306173645
L396_f03,xy,2.0191809186634067
L396_f03,xy,0.242674908240872
L396_f03,xy,2.0419451773024933
L396_f03,xy,0.2159890819813462
L396_f03,xy,1.8024383881529944
L396_f03,xy,0.8460239385556749
L396_f03,xy,2.0499750916917168
L396_f03,xy,2.024130168475058
L396_f03,xy,0.270973214124224
L396_f03,xy,0.6847909649262659
L396_f03,xy,0.3226395291935833
L396_f03,xy,1.4382054120622478
L396_f03,xy,2.010191392876296
L396_f03,xy,0.4410140832807643
L396_f03,xy,0.7041384345770764
L396_f03,xy,0.9251286709736456
L396_f03,xy,0.6121938432202643
L396_f03,xy,0.9718898563767808
L396_f03,xy,0.5759524264033393
L396_f03,xy,1.1664104370707085
L396_f03,xy,0.6172749125223174
L396_f03,xy,1.017531698256343
L396_f03,xy,0.2988994289355083
L396_f03,xy,0.7928009165556253
L396_f03,xy,1.7549622563180654
L396_f03,xy,2.5035939855690534
L396_f03,xy,4.821026070482943
L396_f03,xy,0.5883704864852621
L396_f03,xy,0.7772199666583268
L396_f03,xy,2.9353919602773804
L396_f03,xy,0.7158352950964653
L396_f03,xy,4.327106643846761
L396_f03,xy,1.4518459333513596
L396_f03,xy,0.7123047440580574
L396_f03,xy,0.8357622835645584
L396_f03,xy,0.5245260695805016
L396_f03,xy,0.688009992731902
L396_f03,xy,1.1378988084789714
L396_f03,xy,1.3239466641585187
L396_f03,xy,2.26010401443076
L396_f03,xy,0.9553061159970572
L396_f03,xy,2.412309987562837
L396_f03,xy,0.3834094627510377
L396_f03,xy,0.7336964185470202
L396_f03,xy,0.6891712848368845
L396_f03,xy,1.7016344257731186
L396_f03,xy,0.2279342011084955
L396_f03,xy,3.540030604170161
L396_f03,xy,2.094346637359765
L396_f03,xy,0.5098671330746996
L396_f03,xy,2.465102596034946
L396_f03,xy,0.751493323606597
L396_f03,xy,0.8180307206736257
L396_f03,xy,0.4599078647972245
L396_f03,xy,1.5675845522963427
L396_f03,xy,1.20628100840828
L396_f03,xy,3.9459322623837862
L396_f03,xy,1.7254950154176276
L396_f03,xy,1.5985664163588862
L396_f03,xy,0.8279937301579
L396_f03,xy,2.4231930142354834
L396_f03,xy,1.5089123552683363
L396_f03,xy,1.7367926416370998
L396_f03,xy,0.6018213157762312
L396_f03,xy,0.5311302573027147
L396_f03,xy,0.5975547209438684
L396_f03,xy,0.9381074729580146
L396_f03,xy,2.7541810255149044
L396_f03,xy,3.3021014637281674
L396_f03,xy,1.491042997295955
L396_f03,xy,0.4744171531472076
L396_f03,xy,0.3467349572988365
L396_f03,xy,0.6700708430252962
L396_f03,xy,2.69259292788037
L396_f03,xy,0.8433714232347772
L396_f03,xy,0.4572193565444709
L396_f03,xy,0.6437739057247555
L396_f03,xy,1.755431916658331
L396_f03,xy,0.3865863611904278
L396_f03,xy,0.7477186330186859
L396_f03,xy,0.4509552917112425
L396_f03,xy,2.531098723513012
L396_f03,xy,0.6995065297041146
L396_f03,xy,0.9715153018032716
L396_f03,xy,0.6427771025041745
L396_f03,xy,2.024701496837497
L396_f03,xy,0.9471046308029138
L396_f03,xy,3.1376012154645525
L396_f03,xy,0.8125469380095784
L396_f03,xy,0.3725738156809676
L396_f03,xy,0.4886482378974069
L396_f03,xy,0.2860133603073843
L396_f03,xy,2.2875604132260294
L396_f03,xy,0.2611904487032314
L396_f03,xy,0.3112729244564693
L396_f03,xy,1.3293464797144317
L396_f03,xy,1.411412797015476
L396_f03,xy,1.5913610143247388
L396_f03,xy,2.2917724304516556
L396_f03,xy,0.6581961885741733
L396_f03,xy,0.2907363886451854
L396_f03,xy,0.3922972544818093
L396_f03,xy,0.5689108319594851
L396_f03,xy,0.7114905021193064
L396_f03,xy,0.3333219220592651
L396_f03,xy,0.684316876247494
L396_f03,xy,0.4715212382490388
L396_f03,xy,0.7551813876912219
L396_f03,xy,5.1919784638698765
L396_f03,xy,0.2568042009869933
L396_f03,xy,0.1757305953463564
L396_f03,xy,1.3174348702295648
L396_f03,xy,0.8857714639487893
L396_f03,xy,0.5177796959737563
L396_f03,xy,0.7631641568111601
L396_f03,xy,1.4782666165419451
L396_f03,xy,1.217057879572513
L396_f03,xy,0.4220988699076107
L396_f03,xy,1.186879193852135
L396_f03,xy,1.573023379850652
L396_f03,xy,0.2845259526969546
L396_f03,xy,0.873239333012195
L396_f03,xy,1.6521085034398246
L396_f03,xy,0.4977562043001469
L396_f03,xy,0.7316840946967329
L396_f03,xy,0.3742734075160366
L396_f03,xy,1.6016864787584155
L396_f03,xy,0.6318034387361581
L396_f03,xy,0.598962999356805
L396_f03,xy,0.8956785096352884
L396_f03,xy,0.7673415532319143
L396_f03,xy,2.05351977468967
L396_f03,xy,0.6178435775361324
L396_f03,xy,0.9000304261084398
L396_f03,xy,0.96468304631432
L396_f03,xy,0.227648991504191
L396_f03,xy,0.8371187784481897
L396_f03,xy,1.764781024212596
L396_f03,xy,4.72167698430284
L396_f03,xy,1.494643569216505
L396_f03,xy,0.1692293127748941
L396_f03,xy,0.1648434072645603
L396_f03,xy,0.3471061426108847
L396_f03,xy,0.950670546076958
L396_f03,xy,2.748620774594952
L396_f03,xy,1.780609162246957
L396_f03,xy,0.6555833664991197
L396_f03,xy,0.3020581299290961
L396_f03,xy,0.9599838936517596
L396_f03,xy,0.139103521123882
L396_f03,xy,1.4617939407836509
L396_f03,xy,1.484438525926711
L396_f03,xy,1.1448201858051703
L396_f03,xy,0.5490994496969134
L396_f03,xy,0.4723258321675491
L396_f03,xy,4.969429238964552
L396_f03,xy,0.4374995274619989
L396_f03,xy,1.6378412306484875
L396_f03,xy,3.797527095108827
L396_f03,xy,0.35830023107864
L396_f03,xy,0.8732983814720578
L396_f03,xy,0.3532227240858306
L396_f03,xy,0.345313201666107
L396_f03,xy,1.462560302937104
L396_f03,xy,0.6209809391788111
L396_f03,xy,4.242754880487731
L396_f03,xy,2.7414048127931143
L396_f03,xy,0.8190096913499615
L396_f03,xy,1.473786356492503
L396_f03,xy,0.4518192625206558
L396_f03,xy,2.577806884415952
L396_f03,xy,4.881056393125222
L396_f03,xy,1.2581986727534795
L396_f03,xy,0.8168408967340045
L396_f03,xy,0.6562766574912718
L396_f03,xy,0.9074872432518952
L396_f03,xy,1.1103643990542609
L396_f03,xy,0.843673084475015
L396_f03,xy,1.7955373723916586
L396_f03,xy,1.616599572158591
L396_f03,xy,0.2462344850892281
L396_f03,xy,1.3549243514500304
L396_f03,xy,3.929853359634971
L396_f03,xy,1.0979219398257305
L396_f03,xy,0.4121436018956022
L396_f03,xy,1.810076516054021
L396_f03,xy,0.6334516819389869
L396_f03,xy,2.154362411091004
L396_f03,xy,2.232258888645741
L396_f03,xy,6.33639627100123
L396_f03,xy,1.2083569777673595
L396_f03,xy,0.7325191104161916
L396_f03,xy,1.5654809251662605
L396_f03,xy,2.847646863670929
L396_f03,xy,1.8403432151379775
L396_f03,xy,0.8748074954301361
L396_f03,xy,0.8428921507962411
L396_f03,xy,1.1141859549830615
L396_f03,xy,1.8503978627967432
L396_f03,xy,0.8621779202152603
L396_f03,xy,0.9758699650794704
L396_f03,xy,1.4364446784932337
L396_f03,xy,3.1199601132323735
L396_f03,xy,0.914620472869137
L396_f03,xy,2.069802438706561
L396_f03,xy,1.0324625504338716
L396_f03,xy,1.009579860016128
L396_f03,xy,1.6355446846127255
L396_f03,xy,2.6291010988033476
L396_f03,xy,1.132788035026922
L396_f03,xy,1.0331111256715335
L396_f03,xy,4.936580884170053
L396_f03,xy,1.125507733191844
L396_f03,xy,0.6169512601002834
L396_f03,xy,1.187410564040608
L396_f03,xy,6.270895994244544
L396_f03,xy,3.9153016450991376
L396_f03,xy,0.7917630285927449
L396_f03,xy,1.5415661436425223
L396_f03,xy,1.15158663201415
L396_f03,xy,5.203458897994986
L396_f03,xy,0.7577266050577549
L396_f03,xy,0.7816180890536175
L396_f03,xy,1.001370087033202
L396_f03,xy,2.1005970611744025
L396_f03,xy,1.0724861787579527
L396_f03,xy,2.3599364801094507
L396_f03,xy,2.343489881820905
L396_f03,xy,1.1939846349914307
L396_f03,xy,1.2010125329411474
L396_f03,xy,0.0695406837447343
L396_f03,xy,4.70764779065822
L396_f03,xy,0.9109522121011312
L396_f03,xy,0.5111268666561594
L396_f03,xy,3.088744486642172
L396_f03,xy,2.177074897302343
L396_f03,xy,1.3919727752161737
L396_f03,xy,0.2051683279373361
L396_f03,xy,0.5551627407842273
L396_f03,xy,1.8661983490481535
L396_f03,xy,0.6949036426288862
L396_f03,xy,1.136157353914763
L396_f03,xy,4.547082888946049
L396_f03,xy,2.997260786877684
L396_f03,xy,3.3161592773985387
L396_f03,xy,1.249038716692723
L396_f03,xy,4.997698671980619
L396_f03,xy,0.7982992525323123
L396_f03,xy,2.996857297698674
L396_f03,xy,1.4858313270767676
L396_f03,xy,1.5689796673832257
L396_f03,xy,3.0902768306165935
L396_f03,xy,2.946110156959724
L396_f03,xy,0.1782753993572881
L396_f03,xy,1.533190681456826
L396_f03,xy,2.3392053798129924
L396_f03,xy,0.6400861238575781
L396_f03,xy,3.4599162976417066
L396_f03,xy,0.3193025720140289
L396_f03,xy,5.945899894815797
L396_f03,xy,0.9622920560862376
L396_f03,xy,0.6134781804480055
L396_f03,xy,0.8376976020576024
L396_f03,xy,0.4880149207108403
L396_f03,xy,0.8152942833263238
L396_f03,xy,1.2612344966336848
L396_f03,xy,1.8514344959179605
L396_f03,xy,8.538183638720527
L396_f03,xy,4.3126508360891265
L396_f03,xy,2.049748248584162
L396_f03,xy,0.7621501047894699
L396_f03,xy,1.2414056089887573
L396_f03,xy,1.799127478616612
L396_f03,xy,1.5156334793717612
L396_f03,xy,0.7891907478018797
L396_f03,xy,0.8251982067635806
L396_f03,xy,0.5956392098353771
L396_f03,xy,3.084693775118134
L396_f03,xy,2.863245886244257
L396_f03,xy,1.3861465123091017
L396_f03,xy,1.7217942893692664
L396_f03,xy,0.8233488845168749
L396_f03,xy,0.5704081777462211
L396_f03,xy,0.9126619308732792
L396_f03,xy,0.2528745303737535
L396_f03,xy,0.9980829355177232
L396_f03,xy,1.531090391989105
L396_f03,xy,2.440282315719459
L396_f03,xy,1.1909528783117216
L396_f03,xy,2.580545813721807
L396_f03,xy,0.8119871848129524
L396_f03,xy,0.6248173787576501
L396_f03,xy,0.7615619221882368
L396_f03,xy,0.5881647799219972
L396_f03,xy,0.5991128259788389
L396_f03,xy,0.4144870748083316
L396_f03,xy,0.5211929347978704
L396_f03,xy,1.951849042309104
L396_f03,xy,0.3612418447984411
L396_f03,xy,4.202725158344038
L396_f03,xy,0.8184829670746075
L396_f03,xy,0.9111007992551978
L396_f03,xy,4.030548439594462
L396_f03,xy,1.229304912751156
L396_f03,xy,3.2323710743472063
L396_f03,xy,2.0018443308994485
L396_f03,xy,0.6638694623370127
L396_f03,xy,2.097632066941036
L396_f03,xy,1.832820084707788
L396_f03,xy,1.1748040447548824
L396_f03,xy,1.2048346240660852
L396_f03,xy,1.3258942655630352
L396_f03,xy,3.935079816075057
L396_f03,xy,1.3999814839769085
L396_f03,xy,1.3358210269678732
L396_f03,xy,0.3013635773881907
L396_f03,xy,1.2292764348453
L396_f03,xy,2.4320626598699233
L396_f03,xy,0.7144576401840358
L396_f03,xy,0.360170194463337
L396_f03,xy,0.4490932654402656
L396_f03,xy,5.395885013287848
L396_f03,xy,2.245986982118436
L396_f03,xy,1.0299099874085047
L396_f03,xy,0.7854674733051875
L396_f03,xy,1.2213753391771347
L396_f03,xy,0.5862397655977309
L396_f03,xy,1.0355977346133705
L396_f03,xy,1.186242079289184
L396_f03,xy,0.8448703863364497
L396_f03,xy,0.9012901029889578
L396_f03,xy,2.1128525950542985
L396_f03,xy,4.5205480920837475
L396_f03,xy,0.4865616043030406
L396_f03,xy,1.5178920820872088
L396_f03,xy,2.332307066723148
L396_f03,xy,3.5352302178580617
L396_f03,xy,0.4160964063644319
L396_f03,xy,2.586614132624441
L396_f03,xy,0.733643621630951
L396_f03,xy,0.5751345981834082
L396_f03,xy,0.947634963137894
L396_f03,xy,1.0404045516660965
L396_f03,xy,0.3281887735311041
L396_f03,xy,1.4499728162872552
L396_f03,xy,3.683209778166584
L396_f03,xy,0.699627793922597
L396_f03,xy,1.3119740019222377
L396_f03,xy,0.66178281968123
L396_f03,xy,1.5023475545879073
L396_f03,xy,1.350982458300954
L396_f03,xy,5.040026102773747
L396_f03,xy,0.9701682716078788
L396_f03,xy,1.6405819152654837
L396_f03,xy,0.7728123234384713
L396_f03,xy,1.5843359939170312
L396_f03,xy,0.3619664721851187
L396_f03,xy,0.6920521237369072
L396_f03,xy,0.8832022980739619
L396_f03,xy,0.7603163709569
L396_f03,xy,0.6706685770202129
L396_f03,xy,2.799136767361303
L396_f03,xy,0.5516271139929149
L396_f03,xy,0.4398296144164761
L396_f03,xy,2.3257980044998963
L396_f03,xy,4.881726069198907
L396_f03,xy,1.633986593094567
L396_f03,xy,2.675373602664174
L396_f03,xy,0.4987610587289265
L396_f03,xy,1.0973346653402876
L396_f03,xy,0.6315064911039439
L396_f03,xy,0.3486407786563342
L396_f03,xy,0.9908171855423904
L396_f03,xy,0.8633327962356164
L396_f03,xy,1.296809306970584
L396_f03,xy,1.148424637418785
L396_f03,xy,1.3140517824156712
L396_f03,xy,0.2904231845110281
L396_f03,xy,2.5825186713810635
L396_f03,xy,0.8973570586408819
L396_f03,xy,3.1308068565437694
L396_f03,xy,3.818715696708307
L396_f03,xy,0.8872031293812191
L396_f03,xy,1.7582665773384103
L396_f03,xy,0.4729110204117414
L396_f03,xy,0.3858465461794526
L396_f03,xy,0.7885274395886127
L396_f03,xy,0.6026793362801504
L396_f03,xy,0.8442133062846341
L396_f03,xy,1.2754329445021353
L396_f03,xy,1.140834545153847
L396_f03,xy,1.0005474880823204
L396_f03,xy,1.7476661867432792
L396_f03,xy,3.067850311191753
L396_f03,xy,1.7535934215850368
L396_f03,xy,0.8790321930184121
L396_f03,xy,1.1070471423985433
L396_f03,xy,0.3205126893389595
L396_f03,xy,3.377676523378962
L396_f03,xy,1.1004007125653192
L396_f03,xy,1.8057014852159257
L396_f03,xy,0.9480000530566896
L396_f03,xy,0.5248483157699838
L396_f03,xy,0.82350163745159
L396_f03,xy,0.57941673546281
L396_f03,xy,1.3072643231856318
L396_f03,xy,1.1760893643171977
L396_f03,xy,0.7101157437601245
L396_f03,xy,0.6034586665026985
L396_f03,xy,0.8576312809210287
L396_f03,xy,2.363494107350506
L396_f03,xy,0.6094000869553011
L396_f03,xy,0.8162450771795272
L396_f03,xy,0.9733352147631744
L396_f03,xy,1.452811656521082
L396_f03,xy,0.9636227687495308
L396_f03,xy,1.1880223625969908
L396_f03,xy,0.3656397093368098
L396_f03,xy,0.9808189649219604
L396_f03,xy,1.3849027668941738
L396_f03,xy,0.3617150789331579
L396_f03,xy,1.1460776222203912
L396_f03,xy,1.281252814053916
L396_f03,xy,3.049320768043537
L396_f03,xy,0.6242920922388147
L396_f03,xy,0.6050698950802513
L396_f03,xy,0.6722716125511324
L396_f03,xy,1.9061272090989652
L396_f03,xy,0.6291690297384512
L396_f03,xy,1.09704426333431
L396_f03,xy,0.8984126329016326
L396_f03,xy,3.5285913980651475
L396_f03,xy,0.1403452743227954
L396_f03,xy,1.0148677338080432
L396_f03,xy,3.220813174349663
L396_f03,xy,1.0680315114299268
L396_f03,xy,0.4709802460720091
L396_f03,xy,1.1798196517268311
L396_f03,xy,0.7484765588000334
L396_f03,xy,0.5295757506767784
L396_f03,xy,4.160421448219752
L396_f03,xy,1.5560463203949986
L396_f03,xy,0.2391476039908966
L396_f03,xy,1.119404245333864
L396_f03,xy,2.0319125351178062
L396_f03,xy,1.0932083533073476
L396_f03,xy,1.734097075457814
L396_f03,xy,1.3766182378160654
L396_f03,xy,0.7474260042188118
L396_f03,xy,1.3653963168957075
L396_f03,xy,1.7286643886189583
L396_f03,xy,4.629073559494677
L396_f03,xy,0.808790013694403
L396_f03,xy,1.8832109768860543
L396_f03,xy,1.3950898644652463
L396_f03,xy,1.1765530953534302
L396_f03,xy,0.6706768768292288
L396_f03,xy,0.1888015868448047
L396_f03,xy,0.3021998773236576
L396_f03,xy,0.8505101871395483
L396_f03,xy,3.0678761407062525
L396_f03,xy,2.0208485370159144
L396_f03,xy,0.9158905614228025
L396_f03,xy,0.9308275486211391
L396_f03,xy,0.5841242184761679
L396_f03,xy,1.6212176223940982
L396_f03,xy,0.67280996437873
L396_f03,xy,0.3432188139307435
L396_f03,xy,0.8753919409909457
L396_f03,xy,0.555037305436061
L396_f03,xy,1.9919932816966328
L396_f03,xy,1.1564293866443276
L396_f03,xy,0.9259099654957442
L396_f03,xy,3.7548707648723334
L396_f03,xy,0.8595891526957513
L396_f03,xy,1.2229117364994264
L396_f03,xy,0.2920968163745061
L396_f03,xy,0.6064967393368191
L396_f03,xy,0.4802329968046034
L396_f03,xy,0.5080399556001929
L396_f03,xy,0.2374167543493173
L396_f03,xy,0.2867284665937197
L396_f03,xy,0.7534464692954138
L396_f03,xy,0.8242225277435165
L396_f03,xy,0.9438693055869442
L396_f03,xy,0.2934449449786922
L396_f03,xy,1.0015726979481232
L396_f03,xy,0.4730700285460005
L396_f03,xy,1.165424093162087
L396_f03,xy,1.8980936919923792
L396_f03,xy,2.0415747800776267
L396_f03,xy,0.91822762847775
L396_f03,xy,1.113978028304154
L396_f03,xy,1.9241141902913173
L396_f03,xy,1.066633943387672
L396_f03,xy,0.897794312896513
L396_f03,xy,0.7595964628568738
L396_f03,xy,3.300330082209481
L396_f03,xy,1.8253889937786485
L396_f03,xy,2.080474895011895
L396_f03,xy,1.519272112886196
L396_f03,xy,1.788876041105835
L396_f03,xy,0.6285921692153947
L396_f03,xy,2.3179476752538237
L396_f03,xy,0.9041616540821164
L396_f03,xy,2.9030640936118948
L396_f03,xy,1.07493386719155
L396_f03,xy,0.5724164311484128
L396_f03,xy,1.5245196603742217
L396_f03,xy,1.0191675246443637
L396_f03,xy,0.9607849120834754
L396_f03,xy,0.7146241500464339
L396_f03,xy,2.0419411001388075
L396_f03,xy,0.7829155404338674
L396_f03,xy,1.5500106639520017
L396_f03,xy,0.274071017852228
L396_f03,xy,0.8326275361543585
L396_f03,xy,0.8123629523255456
L396_f03,xy,3.2508091246845217
L396_f03,xy,1.3893820568527344
L396_f03,xy,3.590045867379531
L396_f03,xy,2.4871387541017844
L396_f03,xy,1.094639015484061
L396_f03,xy,1.3642272713909045
L396_f03,xy,0.5205943812936917
L396_f03,xy,1.8097761358087432
L396_f03,xy,0.1407188194351289
L396_f03,xy,1.3752747675125527
L396_f03,xy,0.4414912441409206
L396_f03,xy,1.1060248843576057
L396_f03,xy,0.6318715469331156
L396_f03,xy,0.8732100146637578
L396_f03,xy,0.3087258511197717
L396_f03,xy,1.2912611941029677
L396_f03,xy,0.9204791087182744
L396_f03,xy,1.855114448733309
L396_f03,xy,1.1546854886024336
L396_f03,xy,1.326778753745266
L396_f03,xy,0.6579836451315954
L396_f03,xy,0.7686007420800274
L396_f03,xy,1.0515662698612616
L396_f03,xy,0.5914456145029983
L396_f03,xy,0.6676273099414148
L396_f03,xy,3.5544830550053503
L396_f03,xy,0.4155810969683016
L396_f03,xy,0.7251660371642524
L396_f03,xy,0.8895565410227203
L396_f03,xy,1.148130835643395
L396_f03,xy,2.188570622087304
L396_f03,xy,0.4595372648564403
L396_f03,xy,0.8876399572291618
L396_f03,xy,1.0817121339505935
L396_f03,xy,0.878683604134566
L396_f03,xy,0.7777102774229928
L396_f03,xy,0.5102911120537968
L396_f03,xy,0.080159693019098
L396_f03,xy,0.9265842056533836
L396_f03,xy,0.3169641240780682
L396_f03,xy,1.0245566688068382
L396_f03,xy,1.1698449653361973
L396_f03,xy,0.9230371609886284
L396_f03,xy,1.6243507132953128
L396_f03,xy,0.7898884923777202
L396_f03,xy,0.8544685901766848
L396_f03,xy,1.4678650351737066
L396_f03,xy,0.5497764470025163
L396_f03,xy,0.4043069252889825
L396_f03,xy,1.8142878554758537
L396_f03,xy,1.0822707104774727
L396_f03,xy,0.7308602966655887
L396_f03,xy,1.102028465724567
L396_f03,xy,2.012210511882453
L396_f03,xy,0.3834412150047812
L396_f03,xy,0.2592829403221033
L396_f03,xy,1.6826315995013417
L396_f03,xy,0.7804176223654742
L396_f03,xy,0.8533854181229785
L396_f03,xy,0.644388003864331
L396_f03,xy,2.288360607458962
L396_f03,xy,1.2865693800464248
L396_f03,xy,0.6410752813020697
L396_f03,xy,3.8030113143873607
L396_f03,xy,1.5956789326758276
L396_f03,xy,1.5412592644177914
L396_f03,xy,0.5639591776401679
L396_f03,xy,1.131266834975902
L396_f03,xy,1.6706993699623292
L396_f03,xy,2.1560584941282657
L396_f03,xy,2.5801968192056504
L396_f03,xy,1.4655209978912689
L396_f03,xy,2.000209207134045
L396_f03,xy,0.7307138244691955
L396_f03,xy,3.4989329966476603
L396_f03,xy,2.3637491881201935
L396_f03,xy,0.9046275971728436
L396_f03,xy,1.2883164542739405
L396_f03,xy,1.7630488337660732
L396_f03,xy,0.7046847651092297
L396_f03,xy,1.407793466520577
L396_f03,xy,1.1916686582170848
L396_f03,xy,1.8796423104559272
L396_f03,xy,0.9692689921613584
L396_f03,xy,0.7373620266737503
L396_f03,xy,0.4301935135728121
L396_f03,xy,1.223681468748566
L396_f03,xy,2.1616623624327223
L396_f03,xy,2.3142195080304435
L396_f03,xy,2.8496352928390394
L396_f03,xy,1.1303417516521232
L396_f03,xy,1.2326587403710068
L396_f03,xy,1.0978180498823609
L396_f03,xy,0.4066270908047132
L396_f03,xy,1.7024026685821332
L396_f03,xy,1.9793619213147489
L396_f03,xy,0.6556100607298839
L396_f03,xy,1.631444622044789
L396_f03,xy,2.2574668633274304
L396_f03,xy,1.2432499266533792
L396_f03,xy,0.7361734134308319
L396_f03,xy,0.1406989215299455
L396_f03,xy,2.117579357632861
L396_f03,xy,5.294155544299904
L396_f03,xy,0.4882316943204394
L396_f03,xy,0.6507094549832065
L396_f03,xy,1.546643109527944
L396_f03,xy,0.7294608222076637
L396_f03,xy,1.125803911488579
L396_f03,xy,0.8602184074893657
L396_f03,xy,0.3736442580664316
L396_f03,xy,0.2496444998870392
L396_f03,xy,1.19169338204058
L396_f03,xy,0.7423409848753374
L396_f03,xy,1.723637209560418
L396_f03,xy,0.1633771827007379
L396_f03,xy,2.272258096993131
L396_f03,xy,0.293617955936397
L396_f03,xy,0.5619602361645784
L396_f03,xy,1.9084032692741948
L396_f03,xy,0.2253555725299469
L396_f03,xy,0.5541626314269344
L396_f03,xy,3.0341024774414445
L396_f03,xy,0.7255595247997975
L396_f03,xy,0.783333779217207
L396_f03,xy,1.1288038194946706
L396_f03,xy,1.425990555181042
L396_f03,xy,0.4068058861142444
L396_f03,xy,0.7466434982013339
L396_f03,xy,0.7811773117094626
L396_f03,xy,1.2182260401990337
L396_f03,xy,2.353344267940495
L396_f03,xy,0.6703996995995206
L396_f03,xy,0.0626794389100578
L396_f03,xy,1.376647001036663
L396_f03,xy,2.885602986015327
L396_f03,xy,1.5796618608381583
L396_f03,xy,2.0459418782841485
L396_f03,xy,1.0440704825649665
L396_f03,xy,0.2026173022816315
L396_f03,xy,0.850690255689454
L396_f03,xy,1.1857573122362353
L396_f03,xy,1.2754483627633384
L396_f03,xy,1.4330483581574502
L396_f03,xy,1.5708658588222164
L396_f03,xy,0.5446665228352733
L396_f03,xy,1.8568831344019232
L396_f03,xy,1.298328133974492
L396_f03,xy,2.385849511320372
L396_f03,xy,0.4988843294234477
L396_f03,xy,0.4593347937738134
L396_f03,xy,0.2935253845181839
L396_f03,xy,1.3423036291328785
L396_f03,xy,0.8513465934058156
L396_f03,xy,2.329602298306451
L396_f03,xy,1.2977318021374318
L396_f03,xy,0.0194393880495185
L396_f03,xy,1.494157476665173
L396_f03,xy,0.3182271935213447
L396_f03,xy,0.8420346680327864
L396_f03,xy,3.4340272970409087
L396_f03,xy,1.0503832621310325
L396_f03,xy,3.5684989921553742
L396_f03,xy,1.8659676775322795
L396_f03,xy,0.435696092375751
L396_f03,xy,0.3634027691786117
L396_f03,xy,0.5365758411261445
L396_f03,xy,1.2829642831906856
L396_f03,xy,0.4634856790564007
L396_f03,xy,3.6710206181125673
L396_f03,xy,1.3611415347790274
L396_f03,xy,2.1786659271239395
L396_f03,xy,0.4450895987819393
L396_f03,xy,1.7727864925746757
L396_f03,xy,1.560765804031221
L396_f03,xy,0.5722709833512934
L396_f03,xy,0.6468855593950296
L396_f03,xy,0.4469767616827667
L396_f03,xy,0.5807778803750182
L396_f03,xy,1.206770656276216
L396_f03,xy,0.5316720419832952
L396_f03,xy,1.7328604764923117
L396_f03,xy,3.675677902644914
L396_f03,xy,1.0783899903011416
L396_f03,xy,0.3212612213349869
L396_f03,xy,0.2930101892782852
L396_f03,xy,2.0898345369264884
L396_f03,xy,0.3887341263925944
L396_f03,xy,0.5704258365153048
L396_f03,xy,0.612103165703623
L396_f03,xy,0.3743400238885079
L396_f03,xy,0.4102344417351525
L396_f03,xy,0.5161724292075754
L396_f03,xy,1.035797638686112
L396_f03,xy,4.107100148368334
L396_f03,xy,2.0031943158133454
L396_f03,xy,0.3670247771176291
L396_f03,xy,1.4570412434560784
L396_f03,xy,0.2444535172785956
L396_f03,xy,0.7464855901511281
L396_f03,xy,0.7781647634697161
L396_f03,xy,1.5265505669359511
L396_f03,xy,1.0227241143929275
L396_f03,xy,2.021013433878343
L396_f03,xy,0.5856198578312536
L396_f03,xy,1.4475928693406372
L396_f03,xy,2.2176937857181835
L396_f03,xy,1.3689710936044392
L396_f03,xy,0.8231073468785066
L396_f03,xy,0.9164395061373988
L396_f03,xy,0.4285148405253298
L396_f03,xy,0.5807696380823626
L396_f03,xy,0.684630039896424
L396_f03,xy,1.0397206930923073
L396_f03,xy,1.0658925390825056
L396_f03,xy,0.5565383725808216
L396_f03,xy,0.9613970948935616
L396_f03,xy,5.831620046670754
L396_f03,xy,0.7811276193007001
L396_f03,xy,5.181673712049238
L396_f03,xy,0.4669904051911024
L396_f03,xy,0.5457151576378352
L396_f03,xy,4.37259621071188
L396_f03,xy,0.4094271996301082
L396_f03,xy,1.5737513828416076
L396_f03,xy,0.7691467853578657
L396_f03,xy,0.6895145952136408
L396_f03,xy,5.172078736614765
L396_f03,xy,1.3230395685841685
L396_f03,xy,3.761579204370056
L396_f03,xy,0.2844174963513509
L396_f03,xy,1.451183897933246
L396_f03,xy,1.4575156026876732
L396_f03,xy,0.551614172561232
L396_f03,xy,3.485534216422791
L396_f03,xy,0.990131858331466
L396_f03,xy,3.8577385933748833
L396_f03,xy,2.719143123806436
L396_f03,xy,1.6889822603530096
L396_f03,xy,1.6246261504488766
L396_f03,xy,0.4896122518021462
L396_f03,xy,0.9414062517456278
L396_f03,xy,1.2338004672941787
L396_f03,xy,1.2684246975433258
L396_f03,xy,2.8085033027147133
L396_f03,xy,0.4329527674193575
L396_f03,xy,2.905991901962327
L396_f03,xy,2.3020302232965606
L396_f03,xy,11.157319171638871
L396_f03,xy,1.9499349967099704
L396_f03,xy,1.198614852414322
L396_f03,xy,1.0945720298617665
L396_f03,xy,2.5993545034394274
L396_f03,xy,0.3705710482870432
L396_f03,xy,3.6279590553038337
L396_f03,xy,4.44377053569042
L396_f03,xy,0.411656557628458
L396_f03,xy,0.7342867594862895
L396_f03,xy,2.4046372671745253
L396_f03,xy,2.8502075633108888
L396_f03,xy,0.7337951540678768
L396_f03,xy,1.5229312179400412
L396_f03,xy,0.9408807540158004
L396_f03,xy,1.7897299556823894
L396_f03,xy,0.2285117255720816
L396_f03,xy,3.767662688396959
L396_f03,xy,0.922963138330071
L396_f03,xy,3.907939687860056
L396_f03,xy,1.072981477710747
L396_f03,xy,2.0241489850791488
L396_f03,xy,1.253997046696573
L396_f03,xy,1.775535759846341
L396_f03,xy,3.901574002884206
L396_f03,xy,1.5814577542601935
L396_f03,xy,1.0222867014019628
L396_f03,xy,1.8999314122033275
L396_f03,xy,1.0354099504608083
L396_f03,xy,5.078199005548935
L396_f03,xy,1.0896342109812542
L396_f03,xy,3.577156011060815
L396_f03,xy,6.266718804139113
L396_f03,xy,2.7337974398131535
L396_f03,xy,4.62417539794175
L396_f03,xy,2.917902992778373
L396_f03,xy,2.9020962284192287
L396_f03,xy,0.4989228724324262
L396_f03,xy,1.6883575736604317
L396_f03,xy,2.7246839250638537
L396_f03,xy,5.03915865027198
L396_f03,xy,3.07459698171678
L396_f03,xy,0.8934822321259882
L396_f03,xy,0.1299966681250675
L396_f03,xy,0.3507553195146184
L396_f03,xy,1.73551792674883
L396_f03,xy,0.8193420993118994
L396_f03,xy,1.9618342608801744
L396_f03,xy,5.568592152439404
L396_f03,xy,3.095743744202344
L396_f03,xy,19.04762397128948
L396_f03,xy,1.6902141634716703
L396_f03,xy,0.4815924736760507
L396_f03,xy,1.3444007314544228
L396_f03,xy,0.5023420185694749
L396_f03,xy,4.880878954571942
L396_f03,xy,1.9965274868582632
L396_f03,xy,0.9211570737484208
L396_f03,xy,5.964840729953791
L396_f03,xy,2.7330025859006093
L396_f03,xy,2.7519957076826995
L396_f03,xy,4.6134874703889395
L396_f03,xy,1.0006489359008637
L396_f03,xy,0.6708153758726326
L396_f03,xy,1.1484754400409072
L396_f03,xy,2.068065714047494
L396_f03,xy,2.4416372183224513
L396_f03,xy,2.8021821999333443
L396_f03,xy,1.7696632624368025
L396_f03,xy,3.3483589734785375
L396_f03,xy,2.6975413443466345
L396_f03,xy,0.6997992558173277
L396_f03,xy,2.1750719731342714
L396_f03,xy,1.5991382839243364
L396_f03,xy,2.5470546748573986
L396_f03,xy,0.4365965659863804
L396_f03,xy,0.9089106471505384
L396_f03,xy,2.364776370887096
L396_f03,xy,2.9764198237951303
L396_f03,xy,2.66469971428857
L396_f03,xy,0.2708134706802529
L396_f03,xy,1.1750197634619637
L396_f03,xy,0.7357766474277325
L396_f03,xy,0.6057467118210359
L396_f03,xy,2.4465906503048447
L396_f03,xy,1.1333362638051203
L396_f03,xy,0.632334754360243
L396_f03,xy,2.0741494121607604
L396_f03,xy,3.2407716031253173
L396_f03,xy,0.2540587761509142
L396_f03,xy,1.754499829309572
L396_f03,xy,2.0244196432258494
L396_f03,xy,0.6426763054567212
L396_f03,xy,3.96804860629776
L396_f03,xy,1.1501211004287817
L396_f03,xy,0.5719819516056417
L396_f03,xy,1.603311150674785
L396_f03,xy,1.295530233868795
L396_f03,xy,7.096163069012486
L396_f03,xy,0.9720121191628998
L396_f03,xy,0.3840003788417082
L396_f03,xy,0.7428867164526137
L396_f03,xy,1.6207185073439736
L396_f03,xy,0.4511637783190904
L396_f03,xy,0.7668747196449278
L396_f03,xy,1.1236239478109882
L396_f03,xy,1.5535772602366495
L396_f03,xy,0.7357990468520873
L396_f03,xy,1.4502460418701204
L396_f03,xy,1.041669098546859
L396_f03,xy,0.8925593528054353
L396_f03,xy,3.1069638562614568
L396_f03,xy,0.9459782053795937
L396_f03,xy,0.5424320195258828
L396_f03,xy,1.3348757644206424
L396_f03,xy,0.838099044865459
L396_f03,xy,0.5152798564655039
L396_f03,xy,1.329919283321765
L396_f03,xy,0.4926051299383988
L396_f03,xy,1.5956822131401889
L396_f03,xy,0.971773432817691
L396_f03,xy,0.5998151843045324
L396_f03,xy,0.7101203963005303
L396_f03,xy,1.0215427840396791
L396_f03,xy,1.0199679838598084
L396_f03,xy,0.2964101210131034
L396_f03,xy,1.1752001078475784
L396_f03,xy,0.7116116282117899
L396_f03,xy,0.2905678015921044
L396_f03,xy,3.616342549935677
L396_f03,xy,1.5280638302752592
L396_f03,xy,2.057031352441383
L396_f03,xy,1.7335031292896457
L396_f03,xy,2.2315818497835527
L396_f03,xy,0.417477312227053
L396_f03,xy,0.8218454477458929
L396_f03,xy,3.8914388777430178
L396_f03,xy,2.012658635169597
L396_f03,xy,1.510393010707079
L396_f03,xy,1.5684256177900802
L396_f03,xy,0.8674386908209903
L396_f03,xy,0.472350726404837
L396_f03,xy,0.7728498438989639
L396_f03,xy,1.9149451182659307
L396_f03,xy,0.4322717431069537
L396_f03,xy,2.867775677735057
L396_f03,xy,1.8505860527354752
L396_f03,xy,0.8267281497849504
L396_f03,xy,0.9285806830151996
L396_f03,xy,0.2324537069108145
L396_f03,xy,0.6292422328033715
L396_f03,xy,1.6699468547967498
L396_f03,xy,2.326067856933781
L396_f03,xy,1.1468564928553842
L396_f03,xy,0.822565963359391
L396_f03,xy,1.7521873901600025
L396_f03,xy,0.7568171564797335
L396_f03,xy,1.536604286936087
L396_f03,xy,0.759114845006855
L396_f03,xy,0.7902060333119254
L396_f03,xy,2.2489085015912327
L396_f03,xy,0.6391813550689808
L396_f03,xy,3.910734865448046
L396_f03,xy,0.670932330489709
L396_f03,xy,0.7709003776580643
L396_f03,xy,0.6160977969853138
L396_f03,xy,0.7448831624081595
L396_f03,xy,0.689518698040737
L396_f03,xy,1.096359029761672
L396_f03,xy,1.3903290895852989
L396_f03,xy,0.4160598741395754
L396_f03,xy,1.957790032820968
L396_f03,xy,2.545179050879466
L396_f03,xy,0.4899952892251181
L396_f03,xy,3.45991937477917
L396_f03,xy,0.0902573863488944
L396_f03,xy,0.5114721772898598
L396_f03,xy,1.352294208702963
L396_f03,xy,0.2692304931155629
L396_f03,xy,0.6988643061029707
L396_f03,xy,0.610945134311554
L396_f03,xy,1.3179418693122067
L396_f03,xy,0.444361328431433
L396_f03,xy,0.5115773559225908
L396_f03,xy,0.2314411433052128
L396_f03,xy,0.7264192279651649
L396_f03,xy,0.7018030398501501
L396_f03,xy,1.4100723817741716
L396_f03,xy,0.8413223065787503
L396_f03,xy,1.2245763177966198
L396_f03,xy,4.731518940775284
L396_f03,xy,0.5523648942171735
L396_f03,xy,1.2865756889176845
L396_f03,xy,0.506161586059469
L396_f03,xy,0.8912672481675329
L396_f03,xy,0.7406058174109298
L396_f03,xy,0.3729205771724273
L396_f03,xy,0.7986518567989734
L396_f03,xy,1.2382291056081518
L396_f03,xy,0.1835650162928116
L396_f03,xy,0.6231356405744265
L396_f03,xy,0.0955392731403483
L396_f03,xy,2.632806909902621
L396_f03,xy,0.7429246213115216
L396_f03,xy,0.2814077816196076
L396_f03,xy,0.8912781741923472
L396_f03,xy,1.5019844490976846
L396_f03,xy,1.217354561225943
L396_f03,xy,1.946136405822793
L396_f03,xy,0.5028668340856091
L396_f03,xy,2.6123950780690812
L396_f03,xy,0.6883776616764189
L396_f03,xy,0.3525668755546983
L396_f03,xy,1.973665878237495
L396_f03,xy,1.622319005511554
L396_f03,xy,0.4128106680481472
L396_f03,xy,0.3109911127545315
L396_f03,xy,1.7443359015737754
L396_f03,xy,0.9580995332101484
L396_f03,xy,1.4437429570151847
L396_f03,xy,0.6043939186324839
L396_f03,xy,0.7485001561166181
L396_f03,xy,0.961231993876982
L396_f03,xy,1.4541688101799082
L396_f03,xy,2.960754627142081
L396_f03,xy,1.73453952384999
L396_f03,z,8.166666666666657
L396_f03,z,0.7414634146341541
L396_f03,z,1.8028846153846132
L396_f03,z,3.3144208037824967
L396_f03,z,2.818181818181813
L396_f03,z,0.9358490566037858
L396_f03,z,3.6979865771812115
L396_f03,z,6.590425531914889
L396_f03,z,3.261261261261268
L396_f03,z,5.482062780269047
L396_f03,z,3.7960526315789593
L396_f03,z,0.9138276553106266
L396_f03,z,7.85812356979406
L396_f03,z,3.1152482269503423
L396_f03,z,2.842406876790818
L396_f03,z,2.7252747252747156
L396_f03,z,4.399433427762034
L396_f03,z,0.5235602094240903
L396_f03,z,6.180094786729853
L396_f03,z,4.123893805309734
L396_f03,z,3.0990990990991065
L396_f03,z,6.062937062937067
L396_f03,z,0.17297297297298542
L396_f03,z,0.5432098765432158
L396_f03,z,5.433460076045634
L396_f03,z,2.9157509157509196
L396_f03,z,2.0975609756097526
L396_f03,z,0.2926829268292579
L396_f03,z,10.852173913043487
L396_f03,z,2.7132867132867204
L396_f03,z,9.104199066874031
L396_f03,z,0.6666666666666572
L396_f03,z,2.7777777777777715
L396_f03,z,3.3526570048309168
L396_f03,z,2.607142857142861
L396_f03,z,5.955823293172699
L396_f03,z,1.8662420382165692
L396_f03,z,5.397701149425274
L396_f03,z,1.5064102564102484
L396_f03,z,7.635338345864653
L396_f03,z,2.672413793103459
L396_f03,z,2.0763723150357976
L396_f03,z,3.3658536585365937
L396_f03,z,2.233644859813097
L396_f03,z,4.1522842639593875
L396_f03,z,0.4375
L396_f03,z,4.723404255319139
L396_f03,z,3.4581939799330996
L396_f03,z,1.3333333333333428
L396_f03,z,1.077586206896541
L396_f03,z,1.3546666666666738
L396_f03,z,5.832653061224477
L396_f03,z,3.202072538860108
L396_f03,z,6.528497409326434
L396_f03,z,0.9270833333333428
L396_f03,z,4.946708463949847
L396_f03,z,7.428571428571416
L396_f03,z,5.959044368600672
L396_f03,z,0.24915824915825624
L396_f03,z,1.0129870129870255
L396_f03,z,2.796714579055447
L396_f03,z,3.6195652173913118
L396_f03,z,2.6840855106888455
L396_f03,z,0.46610169491526676
L396_f03,z,0.3461538461538396
L396_f03,z,0.3564356435643674
L396_f03,z,3.945454545454538
L396_f03,z,0.06837606837606813
L396_f03,z,1.8808933002481467
L396_f03,z,11.077509529860237
L396_f03,z,1.64169381107493
L396_f03,z,0.550458715596335
L396_f03,z,2.8908554572271328
L396_f03,z,3.9233226837060613
L396_f03,z,2.1813333333333276
L396_f03,z,0.771929824561397
L396_f03,z,2.171122994652393
L396_f03,z,3.6521739130434696
L396_f03,z,5.8237704918032875
L396_f03,z,0.5051546391752595
L396_f03,z,4.224999999999994
L396_f03,z,6.187969924812023
L396_f03,z,1.219298245614027
L396_f03,z,0.5508982035928227
L396_f03,z,10.29945054945054
L396_f03,z,7.965183752417801
L396_f03,z,1.640776699029118
L396_f03,z,2.182965299684554
L396_f03,z,4.36097560975611
L396_f03,z,0.125
L396_f03,z,1.7235772357723533
L396_f03,z,7.896907216494839
L396_f03,z,0.5950413223140458
L396_f03,z,0.9315068493150704
L396_f03,z,0.9069767441860392
L396_f03,z,2.0750853242320773
L396_f03,z,4.99619771863118
L396_f03,z,0.520634920634933
L396_f03,z,3.284345047923324
L396_f03,z,7.482352941176458
L396_f03,z,4.096256684491976
L396_f03,z,1.1875
L396_f03,z,1.2764044943820352
L396_f03,z,1.9548872180451156
L396_f03,z,1.3164556962025245
L396_f03,z,12.517094017094024
L396_f03,z,3.0308724832214864
L396_f03,z,2.8323699421965216
L396_f03,z,2.3346303501945442
L396_f03,z,1.9741935483870918
L396_f03,z,1.988439306358373
L396_f03,z,4.448818897637807
L396_f03,z,2.7559055118110223
L396_f03,z,3.1744186046511516
L396_f03,z,1.4011627906976685
L396_f03,z,1.3951612903225907
L396_f03,z,3.7066666666666777
L396_f03,z,5.638190954773876
L396_f03,z,1.5891238670694747
L396_f03,z,2.0056338028169023
L396_f03,z,6.16704288939053
L396_f03,z,0.7331670822942726
L396_f03,z,5.4193548387096655
L396_f03,z,6.219409282700411
L396_f03,z,3.874439461883412
L396_f03,z,9.556064073226537
L396_f03,z,1.8826291079812165
L396_f03,z,4.4163265306122526
L396_f03,z,5.633082706766913
L396_f03,z,0.26011560693640945
L396_f03,z,4.532871972318333
L396_f03,z,3.2131147540983704
L396_f03,z,4.870942201108477
L396_f03,z,3.542028985507244
L396_f03,z,1.17073170731706
L396_f03,z,3.5500000000000114
L396_f03,z,2.5861386138613796
L396_f03,z,1.0951008645533022
L396_f03,z,4.114035087719287
L396_f03,z,2.6962616822429766
L396_f03,z,3.0689655172413666
L396_f03,z,5.782608695652186
L396_f03,z,7.411585365853654
L396_f03,z,6.44987775061125
L396_f03,z,5.65517241379311
L396_f03,z,2.4259740259740283
L396_f03,z,3.3347732181425442
L396_f03,z,2.9527896995708147
L396_f03,z,0.8818011257035607
L396_f03,z,1.7872340425531945
L396_f03,z,1.9160839160839203
L396_f03,z,5.585139318885439
L396_f03,z,5.800524934383191
L396_f03,z,0.6361031518624713
L396_f03,z,2.5619834710743703
L396_f03,z,1.1659574468085054
L396_f03,z,3.8079999999999927
L396_f03,z,7.705521472392633
L396_f03,z,2.2105263157894797
L396_f03,z,3.2225201072386085
L396_f03,z,10.254110612855015
L396_f03,z,1.473170731707313
L396_f03,z,5.566724436741765
L396_f03,z,0.48484848484849863
L396_f03,z,1.9195046439628527
L396_f03,z,2.7257019438444843
L396_f03,z,4.767441860465112
L396_f03,z,2.1788079470198625
L396_f03,z,2.0039215686274474
L396_f03,z,0.7915518824609649
L396_f03,z,0.03703703703703809
L396_f03,z,0.021978021978014795
L396_f03,z,8.893528183716086
L396_f03,z,0.8674698795180689
L396_f03,z,1.8169209431345337
L396_f03,z,0.6724137931034591
L396_f03,z,1.5999999999999943
L396_f03,z,4.5590361445783
L396_f03,z,0.44171779141103684
L396_f03,z,4.2869565217391425
L396_f03,z,2.3485148514851346
L396_f03,z,2.1599999999999966
L396_f03,z,4.090322580645164
L396_f03,z,2.422535211267615
L396_f03,z,2.3505154639175316
L396_f03,z,1.1111111111111143
L396_f03,z,1.4942148760330554
L396_f03,z,2.3035714285714164
L396_f03,z,4.238726790450926
L396_f03,z,5.038461538461547
L396_f03,z,1.1475409836065467
L396_f03,z,3.0757575757575637
L396_f03,z,10.851948051948057
L396_f03,z,6.92763157894737
L396_f03,z,2.6413502109704723
L396_f03,z,4.896551724137936
L396_f03,z,0.5153061224489761
L396_f03,z,0.06004618937643613
L396_f03,z,0.533152909336934
L396_f03,z,1.9551999999999907
L396_f03,z,10.47577092511014
L396_f03,z,1.468779123951549
L396_f03,z,4.533333333333331
L396_f03,z,4.830769230769221
L396_f03,z,0.7725631768953178
L396_f03,z,0.0891719745222872
L396_f03,z,4.620034542314329
L396_f03,z,4.581673306772899
L396_f03,z,0.3232323232323324
L396_f03,z,1.3076923076923208
L396_f03,z,3.9663865546218346
L396_f03,z,22.671368124118487
L396_f03,z,1.0060606060606005
L396_f03,z,5.814128546612636
L396_f03,z,5.510407993338873
L396_f03,z,10.563035495716036
L396_f03,z,1.0186335403726616
L396_f03,z,3.123287671232873
L396_f03,z,1.2840909090909065
L396_f03,z,0.9777777777777885
L396_f03,z,9.856850715746418
L396_f03,z,0.07153179190751757
L396_f03,z,3.0695187165775337
L396_f03,z,3.5270270270270316
L396_f03,z,0.7890625
L396_f03,z,1.531914893617028
L396_f03,z,5.346801346801357
L396_f03,z,7.53526970954357
L396_f03,z,7.461016949152537
L396_f03,z,0.18390804597700594
L396_f03,z,1.6444444444444457
L396_f03,z,43.944399807166974
L396_f03,z,6.072507552870093
L396_f03,z,0.6839378238341851
L396_f03,z,3.8034682080924824
L396_f03,z,5.75014526438116
L396_f03,z,2.927536231884062
L396_f03,z,1.4523809523809632
L396_f03,z,0.040831206707991896
L396_f03,z,1.6261682242990787
L396_f03,z,2.3888888888888857
L396_f03,z,2.579766536964968
L396_f03,z,6.4767580452920015
L396_f03,z,1.5051546391752595
L396_f03,z,7.547286821705427
L396_f03,z,4.113475177304963
L396_f03,z,0.4285714285714164
L396_f03,z,0.9787234042553052
L396_f03,z,3.6781609195402325
L396_f03,z,4.860643185298613
L396_f03,z,9.527657527657539
L396_f03,z,2.3577235772357596
L396_f03,z,9.822175732217573
L396_f03,z,9.350526315789466
L396_f03,z,1.2487899322362068
L396_f03,z,18.517786561264813
L396_f03,z,7.565762004175355
L396_f03,z,1.76735459662288
L396_f03,z,2.583333333333343
L396_f03,z,6.012811867835467
L396_f03,z,6.866571018651371
L396_f03,z,4.233716475095775
L396_f03,z,1.201970443349751
L396_f03,z,8.10526315789474
L396_f03,z,10.414634146341456
L396_f03,z,0.288770053475929
L396_f03,z,2.062052505966591
L396_f03,z,3.8070175438596436
L396_f03,z,4.2222222222222285
L396_f03,z,1.6382978723404165
L396_f03,z,0.392405063291136
L396_f03,z,1.0462962962963047
L396_f03,z,6.581891348088533
L396_f03,z,4.730077120822614
L396_f03,z,4.0
L396_f03,z,2.9300911854103333
L396_f03,z,27.625
L396_f03,z,11.373985624855095
L396_f03,z,6.197183098591552
L396_f03,z,2.572222222222223
L396_f03,z,1.0909090909090935
L396_f03,z,5.836923076923085
L396_f03,z,3.738181818181829
L396_f03,z,0.43661971830985635
L396_f03,z,13.056056056056065
L396_f03,z,0.22222222222222854
L396_f03,z,0.9408740359897081
L396_f03,z,0.984375
L396_f03,z,5.027027027027032
L396_f03,z,5.296551724137942
L396_f03,z,5.142857142857139
L396_f03,z,1.9175257731958766
L396_f03,z,8.996825396825386
L396_f03,z,5.316939890710387
L396_f03,z,8.57324840764332
L396_f03,z,0.9764309764309758
L396_f03,z,0.3214285714285836
L396_f03,z,2.5412262156448264
L396_f03,z,4.5547226386806585
L396_f03,z,0.4540229885057556
L396_f03,z,7.5494327390599665
L396_f03,z,1.8346666666666636
L396_f03,z,0.5471698113207424
L396_f03,z,1.363636363636374
L396_f03,z,1.6619718309859195
L396_f03,z,0.27225130890053606
L396_f03,z,5.965770171149131
L396_f03,z,6.292410714285722
L396_f03,z,0.6536585365853682
L396_f03,z,0.5589519650654893
L396_f03,z,0.9670329670329636
L396_f03,z,0.46073298429320175
L396_f03,z,3.4516853932584297
L396_f03,z,0.22222222222222854
L396_f03,z,1.1970802919707921
L396_f03,z,2.630182421227204
L396_f03,z,0.7669172932330923
L396_f03,z,3.813953488372107
L396_f03,z,2.9787234042553052
L396_f03,z,1.1071428571428612
L396_f03,z,2.8783505154639215
L396_f03,z,22.314143567874908
L396_f03,z,3.0788381742738693
L396_f03,z,0.8614045991298838
L396_f03,z,2.694214876033044
L396_f03,z,2.2377850162866366
L396_f03,z,3.851551956815115
L396_f03,z,0.6352941176470495
L396_f03,z,0.03629032258064058
L396_f03,z,2.9063444108761303
L396_f03,z,2.3786982248520587
L396_f03,z,13.369146005509634
L396_f03,z,5.1553133514986484
L396_f03,z,1.8333333333333428
L396_f03,z,0.7062314540059447
L396_f03,z,7.892830188679255
L396_f03,z,8.26421404682273
L396_f03,z,2.413373860182361
L396_f03,z,16.421579786023216
L396_f03,z,5.306772908366526
L396_f03,z,2.8801128349788314
L396_f03,z,2.6261682242990787
L396_f03,z,4.386768447837142
L396_f03,z,9.195097037793659
L396_f03,z,0.38043478260868824
L396_f03,z,0.7040816326530717
L396_f03,z,0.2916666666666572
L396_f03,z,6.849840255591062
L396_f03,z,6.109725685785548
L396_f03,z,16.24143302180684
L396_f03,z,4.376000000000005
L396_f03,z,5.4375
L396_f03,z,3.076923076923066
L396_f03,z,6.793313069908805
L396_f03,z,2.392857142857139
L396_f03,z,20.611138491867905
L396_f03,z,0.24126984126985462
L396_f03,z,1.364161849710996
L396_f03,z,5.382239382239391
L396_f03,z,4.4783216783216915
L396_f03,z,1.8101694915254143
L396_f03,z,5.162162162162161
L396_f03,z,6.863157894736844
L396_f03,z,0.67073170731706
L396_f03,z,2.443285528031282
L396_f03,z,4.47999999999999
L396_f03,z,2.0375586854460153
L396_f03,z,0.49710982658959324
L396_f03,z,1.0264900662251648
L396_f03,z,26.77118952346308
L396_f03,z,3.969465648854964
L396_f03,z,1.580246913580254
L396_f03,z,0.810810810810807
L396_f03,z,6.514851485148512
L396_f03,z,2.672619047619037
L396_f03,z,5.938271604938279
L396_f03,z,2.7458193979933014
L396_f03,z,2.987531172069822
L396_f03,z,8.333895446880263
L396_f03,z,11.361014994232988
L396_f03,z,8.057877813504831
L396_f03,z,4.424000000000007
L396_f03,z,10.984313725490182
L396_f03,z,4.0623052959501535
L396_f03,z,5.724550898203603
L396_f03,z,0.19417475728155864
L396_f03,z,3.7441860465116292
L396_f03,z,1.0284360189573363
L396_f03,z,1.8000000000000114
L396_f03,z,1.8617511520737366
L396_f03,z,2.97506925207756
L396_f03,z,3.9170984455958546
L396_f03,z,2.2973523421588595
L396_f03,z,3.3073170731707364
L396_f03,z,4.300984528832629
L396_f03,z,3.8045112781954913
L396_f03,z,3.332225913621272
L396_f03,z,5.1934731934731815
L396_f03,z,0.14479638009049722
L396_f03,z,0.5492957746478737
L396_f03,z,1.0461538461538566
L396_f03,z,6.1908177905308435
L396_f03,z,2.7446808510638334
L396_f03,z,6.541353383458642
L396_f03,z,5.749469214437369
L396_f03,z,1.3600000000000136
L396_f03,z,5.5
L396_f03,z,3.010416666666657
L396_f03,z,4.172910662824194
L396_f03,z,7.120346320346329
L396_f03,z,3.1882640586796924
L396_f03,z,2.055555555555543
L396_f03,z,7.750465549348235
L396_f03,z,11.806728704366492
L396_f03,z,4.366863905325431
L396_f03,z,2.0392156862745026
L396_f03,z,4.1673640167364
L396_f03,z,2.3848396501457785
L396_f03,z,2.815950920245399
L396_f03,z,1.6836461126005418
L396_f03,z,3.209944751381215
L396_f03,z,10.896706586826355
L396_f03,z,7.566617862371885
L396_f03,z,6.666666666666657
L396_f03,z,1.805157593123198
L396_f03,z,1.1654676258992822
L396_f03,z,1.5375375375375313
L396_f03,z,5.266821345707655
L396_f03,z,0.6711864406779569
L396_f03,z,0.7321428571428612
L396_f03,z,3.225806451612897
L396_f03,z,3.3099630996310054
L396_f03,z,1.1598173515981784
L396_f03,z,0.276243093922659
L396_f03,z,1.1434184675835013
L396_f03,z,5.148514851485146
L396_f03,z,3.4065934065934016
L396_f03,z,4.42954856361149
L396_f03,z,1.5189873417721458
L396_f03,z,6.048706240487064
L396_f03,z,4.092307692307685
L396_f03,z,0.6293333333333351
L396_f03,z,1.7823529411764696
L396_f03,z,0.8990825688073301
L396_f03,z,0.4650112866817153
L396_f03,z,0.024390243902445263
L396_f03,z,0.13333333333332575
L396_f03,z,5.256360078277879
L396_f03,z,1.009600000000006
L396_f03,z,5.01010101010101
L396_f03,z,1.868708971553616
L396_f03,z,0.6185567010309398
L396_f03,z,0.8923076923076962
L396_f03,z,0.31543624161074035
L396_f03,z,7.5528978840846435
L396_f03,z,5.69496855345912
L396_f03,z,3.333333333333343
L396_f03,z,2.1550802139037444
L396_f03,z,2.354948805460765
L396_f03,z,1.0887290167865729
L396_f03,z,4.900489396411103
L396_f03,z,8.432989690721655
L396_f03,z,5.960170697012813
L396_f03,z,5.656957928802598
L396_f03,z,3.192156862745094
L396_f03,z,9.395079594790161
L396_f03,z,4.427807486631025
L396_f03,z,7.436031331592687
L396_f03,z,4.971922246220316
L396_f03,z,1.424317617865995
L396_f03,z,2.7413793103448256
L396_f03,z,1.1472868217054213
L396_f03,z,5.00266666666667
L396_f03,z,0.09719626168225659
L396_f03,z,1.143119266055038
L396_f03,z,1.0807291666666572
L396_f03,z,1.0205761316872497
L396_f03,z,6.638844301765658
L396_f03,z,1.2137931034482676
L396_f03,z,1.690821256038646
L396_f03,z,1.3295454545454675
L396_f03,z,10.367579908675793
L396_f03,z,1.1039260969976965
L396_f03,z,4.142857142857139
L396_f03,z,5.745596868884547
L396_f03,z,7.980792316926767
L396_f03,z,1.8613861386138524
L396_f03,z,3.75555555555556
L396_f03,z,0.13953488372092693
L396_f03,z,8.004264392324103
L396_f03,z,3.292035398230098
L396_f03,z,2.1018099547511326
L396_f03,z,2.330097087378647
L396_f03,z,3.309904153354637
L396_f03,z,0.4771929824561312
L396_f03,z,4.639676113360338
L396_f03,z,5.663299663299654
L396_f03,z,6.3412526997840075
L396_f03,z,1.807792207792204
L396_f03,z,4.671403197158071
L396_f03,z,3.072463768115938
L396_f03,z,0.5625
L396_f03,z,0.21661721068250017
L396_f03,z,3.062215477996972
L396_f03,z,0.5357967667436583
L396_f03,z,1.3688212927756638
L396_f03,z,8.02447552447552
L396_f03,z,6.406779661016941
L396_f03,z,5.843434343434353
L396_f03,z,1.8294930875576085
L396_f03,z,9.827900912646669
L396_f03,z,1.5009980039920094
L396_f03,z,4.208211143695024
L396_f03,z,0.3149284253578628
L396_f03,z,8.961892247043352
L396_f03,z,2.7845659163987193
L396_f03,z,1.9551569506726594
L396_f03,z,1.7448275862068954
L396_f03,z,5.28205128205127
L396_f03,z,5.221674876847288
L396_f03,z,5.555555555555543
L396_f03,z,5.793510324483776
L396_f03,z,1.653333333333336
L396_f03,z,8.355179704016905
L396_f03,z,4.0085836909871375
L396_f03,z,0.5970149253731449
L396_f03,z,2.177215189873408
L396_f03,z,0.29447852760736737
L396_f03,z,0.3344262295082103
L396_f03,z,0.1567010309278487
L396_f03,z,5.221122112211219
L396_f03,z,2.873646209386294
L396_f03,z,2.855721393034827
L396_f03,z,2.8000000000000114
L396_f03,z,0.4462151394422449
L396_f03,z,2.78474114441417
L396_f03,z,0.00589970501474113
L396_f03,z,0.7179487179487296
L396_f03,z,2.9595959595959584
L396_f03,z,0.34553440702782723
L396_f03,z,0.4040404040404155
L396_f03,z,1.6504854368932058
L396_f03,z,8.051282051282044
L396_f03,z,4.5049999999999955
L396_f03,z,4.181159420289845
L396_f03,z,2.5825825825825746
L396_f03,z,3.655737704918039
L396_f03,z,1.601449275362313
L396_f03,z,0.125714285714281
L396_f03,z,4.69736842105263
L396_f03,z,2.261682242990645
L396_f03,z,0.059405940594047024
L396_f03,z,1.2587859424920111
L396_f03,z,0.8228228228228147
L396_f03,z,1.657303370786508
L396_f03,z,1.641791044776113
L396_f03,z,0.3003663003663064
L396_f03,z,0.25
L396_f03,z,5.157342657342667
L396_f03,z,0.8744326777609785
L396_f03,z,4.193668528864066
L396_f03,z,1.6024844720496958
L396_f03,z,4.348008385744237
L396_f03,z,2.204204204204217
L396_f03,z,3.787878787878782
L396_f03,z,1.0196078431372655
L396_f03,z,4.864197530864203
L396_f03,z,0.5044510385756666
L396_f03,z,1.6909090909090878
L396_f03,z,0.12274368231047106
L396_f03,z,4.915094339622641
L396_f03,z,1.485029940119773
L396_f03,z,0.6500000000000057
L396_f03,z,2.228310502283108
L396_f03,z,0.5587044534412939
L396_f03,z,2.2512562814070236
L396_f03,z,0.8549618320610648
L396_f03,z,3.4492753623188435
L396_f03,z,0.4454976303317437
L396_f03,z,2.89473684210526
L396_f03,z,2.5999999999999943
L396_f03,z,4.601503759398497
L396_f03,z,1.5727272727272634
L396_f03,z,2.9983305509181832
L396_f03,z,1.3721682847896375
L396_f03,z,4.807228915662648
L396_f03,z,0.13924050632911644
L396_f03,z,0.4933333333333394
L396_f03,z,5.454005934718111
L396_f03,z,4.934823091247665
L396_f03,z,0.8873239436619826
L396_f03,z,0.21052631578947967
L396_f03,z,1.0172413793103487
L396_f03,z,0.36619718309859195
L396_f03,z,4.907014681892321
L396_f03,z,0.9747899159663973
L396_f03,z,3.4101995565410164
L396_f03,z,1.3399339933993417
L396_f03,z,3.740932642487053
L396_f03,z,9.30595482546201
L396_f03,z,9.337295690936116
L396_f03,z,3.2526315789473585
L396_f03,z,2.3146067415730442
L396_f03,z,3.2316715542521877
L396_f03,z,3.15862068965518
L396_f03,z,0.7160493827160508
L396_f03,z,0.3111111111111029
L396_f03,z,3.099715099715098
L396_f03,z,1.6170212765957501
L396_f03,z,3.3366336633663423
L396_f03,z,6.356846473029037
L396_f03,z,3.6370967741935374
L396_f03,z,1.9310344827586334
L396_f03,z,1.7680000000000007
L396_f03,z,1.0826446280991604
L396_f03,z,2.1013513513513544
L396_f03,z,0.28930817610063286
L396_f03,z,0.3650190114068437
L396_f03,z,1.408450704225345
L396_f03,z,0.12345679012346977
L396_f03,z,1.0593220338982974
L396_f03,z,0.9970326409495556
L396_f03,z,0.5124999999999886
L396_f03,z,0.6433121019108228
L396_f03,z,1.6540880503144706
L396_f03,z,4.312625250501014
L396_f03,z,7.424603174603163
L396_f03,z,0.8985507246376869
L396_f03,z,6.966442953020135
L396_f03,z,3.8499999999999943
L396_f03,z,2.3949730700179543
L396_f03,z,0.1279999999999859
L396_f03,z,0.9903381642511988
L396_f03,z,4.079326923076934
L396_f03,z,1.1415525114155116
L396_f03,z,2.584946236559148
L396_f03,z,5.697406340057626
L396_f03,z,2.0948275862068897
L396_f03,z,5.236580516898613
L396_f03,z,2.957055214723937
L396_f03,z,3.6399999999999864
L396_f03,z,1.9847908745247196
L396_f03,z,4.197115384615387
L396_f03,z,5.0909090909090935
L396_f03,z,0.5904255319148888
L396_f03,z,0.4477611940298516
L396_f03,z,0.9688888888888982
L396_f03,z,5.258536585365846
L396_f03,z,6.935849056603786
L396_f03,z,11.482062780269047
L396_f03,z,1.85812356979406
L396_f03,z,9.115248226950342
L396_f03,z,1.9593908629441614
L396_f03,z,5.086172344689373
L396_f03,z,1.8058252427184414
L396_f03,z,4.67813267813267
L396_f03,z,3.157593123209182
L396_f03,z,0.5454545454545325
L396_f03,z,3.930909090909097
L396_f03,z,1.159533073929964
L396_f03,z,2.161849710982665
L396_f03,z,1.8761061946902657
L396_f03,z,6.279883381924208
L396_f03,z,4.276785714285722
L396_f03,z,12.180094786729853
L396_f03,z,3.7448405253283283
L396_f03,z,1.5011876484560673
L396_f03,z,2.9009009009008935
L396_f03,z,0.06293706293706691
L396_f03,z,7.268217054263573
L396_f03,z,0.566539923954366
L396_f03,z,12.686886708296157
L396_f03,z,4.0
L396_f03,z,3.0842490842490804
L396_f03,z,1.9461883408071685
L396_f03,z,3.9024390243902474
L396_f03,z,6.847368421052636
L396_f03,z,6.859154929577471
L396_f03,z,5.333333333333343
L396_f03,z,3.104199066874031
L396_f03,z,0.044176706827300904
L396_f03,z,2.121457489878537
L396_f03,z,3.2222222222222285
L396_f03,z,1.4020618556700981
L396_f03,z,4.133757961783431
L396_f03,z,1.6353383458646533
L396_f03,z,2.9072164948453576
L396_f03,z,6.869879518072281
L396_f03,z,4.815189873417722
L396_f03,z,4.561194029850753
L396_f03,z,3.9236276849642024
L396_f03,z,1.8477157360406125
L396_f03,z,2.254416961130744
L396_f03,z,2.5418060200669004
L396_f03,z,5.045602605863195
L396_f03,z,1.6132075471698215
L396_f03,z,4.645333333333326
L396_f03,z,1.1684210526315724
L396_f03,z,0.5284974093264339
L396_f03,z,2.0
L396_f03,z,2.797927461139892
L396_f03,z,0.020408163265301482
L396_f03,z,5.5972222222222285
L396_f03,z,1.459854014598534
L396_f03,z,0.040955631399327785
L396_f03,z,1.0532915360501534
L396_f03,z,3.1387387387387378
L396_f03,z,3.0489795918367406
L396_f03,z,3.3392857142857224
L396_f03,z,4.899383983572903
L396_f03,z,2.9682997118155754
L396_f03,z,4.260869565217405
L396_f03,z,0.0
L396_f03,z,1.0086956521739125
L396_f03,z,0.8275862068965409
L396_f03,z,2.051282051282044
L396_f03,z,3.3159144893111545
L396_f03,z,2.054545454545462
L396_f03,z,3.636363636363626
L396_f03,z,2.3232876712328903
L396_f03,z,4.293216630196923
L396_f03,z,1.0208333333333428
L396_f03,z,2.0
L396_f03,z,4.35830618892507
L396_f03,z,3.8186666666666724
L396_f03,z,5.493069306930693
L396_f03,z,4.133333333333326
L396_f03,z,2.3255813953488484
L396_f03,z,0.18796992481202324
L396_f03,z,1.7750000000000057
L396_f03,z,1.9651837524178006
L396_f03,z,3.1591836734693857
L396_f03,z,4.761609907120743
L396_f03,z,1.8969072164948386
L396_f03,z,5.533333333333331
L396_f03,z,4.016949152542367
L396_f03,z,1.8078602620087452
L396_f03,z,6.125
L396_f03,z,2.676409185803749
L396_f03,z,4.276422764227647
L396_f03,z,4.478873239436609
L396_f03,z,1.00380228136882
L396_f03,z,0.8602941176470722
L396_f03,z,2.3577586206896513
L396_f03,z,2.715654952076676
L396_f03,z,4.3435582822085905
L396_f03,z,4.239669421487605
L396_f03,z,2.240000000000009
L396_f03,z,2.2222222222222285
L396_f03,z,1.4823529411764582
L396_f03,z,0.5404475043029322
L396_f03,z,2.9373040752351187
L396_f03,z,2.263565891472865
L396_f03,z,8.663247863247875
L396_f03,z,4.723595505617965
L396_f03,z,1.551181102362193
L396_f03,z,3.178082191780817
L396_f03,z,2.5423728813559308
L396_f03,z,4.025806451612908
L396_f03,z,4.5988372093023315
L396_f03,z,3.2440944881889777
L396_f03,z,2.2933333333333223
L396_f03,z,1.0779661016949262
L396_f03,z,0.16704288939052958
L396_f03,z,0.4084507042253449
L396_f03,z,3.3865814696485756
L396_f03,z,0.21940928270041127
L396_f03,z,0.9893617021276668
L396_f03,z,6.35546038543896
L396_f03,z,15.556064073226537
L396_f03,z,6.2601156069364094
L396_f03,z,3.5889570552147347
L396_f03,z,0.36691729323308664
L396_f03,z,4.1173708920187835
L396_f03,z,13.5546875
L396_f03,z,4.571428571428584
L396_f03,z,1.5714285714285836
L396_f03,z,2.418719211822662
L396_f03,z,2.4499999999999886
L396_f03,z,2.7868852459016296
L396_f03,z,2.8097165991902955
L396_f03,z,1.4671280276816674
L396_f03,z,2.4078947368421098
L396_f03,z,1.8321678321678405
L396_f03,z,1.1458333333333428
L396_f03,z,3.4138613861386204
L396_f03,z,1.6071428571428612
L396_f03,z,3.1252796420581603
L396_f03,z,9.068965517241367
L396_f03,z,1.8859649122807127
L396_f03,z,1.5473684210526244
L396_f03,z,4.904899135446698
L396_f03,z,10.870942201108477
L396_f03,z,2.457971014492756
L396_f03,z,0.44987775061125035
L396_f03,z,0.8172043010752645
L396_f03,z,13.411585365853654
L396_f03,z,2.9296875
L396_f03,z,1.0350877192982466
L396_f03,z,2.897959183673464
L396_f03,z,1.9923076923076906
L396_f03,z,23.870681145113537
L396_f03,z,2.172413793103459
L396_f03,z,4.3496932515337505
L396_f03,z,6.881801125703561
L396_f03,z,0.39154929577463804
L396_f03,z,5.148036253776439
L396_f03,z,1.8813559322033768
L396_f03,z,2.9027777777777715
L396_f03,z,0.19935691318326576
L396_f03,z,3.7818181818181813
L396_f03,z,3.017094017094024
L396_f03,z,3.2279909706546164
L396_f03,z,1.2529182879377458
L396_f03,z,5.829351535836167
L396_f03,z,4.08391608391608
L396_f03,z,5.879275653923543
L396_f03,z,4.489311163895479
L396_f03,z,2.453731343283579
L396_f03,z,3.7894736842105203
L396_f03,z,3.5645161290322562
L396_f03,z,0.9862258953168066
L396_f03,z,1.3103448275862206
L396_f03,z,3.303462321792267
L396_f03,z,4.183079056865466
L396_f03,z,4.2541106128550155
L396_f03,z,0.35983263598325266
L396_f03,z,2.1920000000000073
L396_f03,z,0.4332755632582348
L396_f03,z,2.620370370370381
L396_f03,z,4.243902439024396
L396_f03,z,1.2325581395348877
L396_f03,z,3.150684931506845
L396_f03,z,3.180722891566262
L396_f03,z,4.080495356037147
L396_f03,z,2.5743944636678293
L396_f03,z,1.4491978609625562
L396_f03,z,2.8935281837160858
L396_f03,z,5.533333333333331
L396_f03,z,4.013071895424844
L396_f03,z,1.9090909090909065
L396_f03,z,2.5841924398625338
L396_f03,z,1.4409638554216997
L396_f03,z,5.208448117539035
L396_f03,z,1.7130434782608575
L396_f03,z,5.81684981684981
L396_f03,z,8.530755711775043
L396_f03,z,3.8400000000000034
L396_f03,z,2.0184049079754516
L396_f03,z,3.1884057971014386
L396_f03,z,7.494214876033055
L396_f03,z,13.374117647058824
L396_f03,z,1.196506550218345
L396_f03,z,6.61486486486487
L396_f03,z,3.6514851485148654
L396_f03,z,2.1917808219178028
L396_f03,z,1.7612732095490742
L396_f03,z,3.308333333333337
L396_f03,z,4.47577092511014
L396_f03,z,16.830616583982987
L396_f03,z,7.25673249551167
L396_f03,z,0.9453125
L396_f03,z,1.4666666666666686
L396_f03,z,7.404026845637588
L396_f03,z,4.044800000000009
L396_f03,z,1.0981432360742645
L396_f03,z,3.4095238095238187
L396_f03,z,3.4045584045584008
L396_f03,z,5.484693877551024
L396_f03,z,1.379965457685671
L396_f03,z,1.9572649572649539
L396_f03,z,1.418326693227101
L396_f03,z,2.0615384615384755
L396_f03,z,11.814128546612636
L396_f03,z,2.0336134453781654
L396_f03,z,4.531220876048451
L396_f03,z,16.671368124118487
L396_f03,z,1.8499999999999943
L396_f03,z,3.8568507157464182
L396_f03,z,2.9178082191780845
L396_f03,z,0.9902912621359121
L396_f03,z,0.4895920066611268
L396_f03,z,0.08482871125610814
L396_f03,z,37.944399807166974
L396_f03,z,5.928468208092482
L396_f03,z,1.4610169491525369
L396_f03,z,7.029013539651828
L396_f03,z,3.7326732673267315
L396_f03,z,4.7159090909090935
L396_f03,z,0.6531986531986433
L396_f03,z,29.503526858383083
L396_f03,z,2.2789115646258438
L396_f03,z,21.589664082687335
L396_f03,z,0.24985473561883964
L396_f03,z,3.072463768115938
L396_f03,z,6.9580573951434985
L396_f03,z,6.040831206707992
L396_f03,z,14.163677130044846
L396_f03,z,2.7570621468926504
L396_f03,z,8.579766536964968
L396_f03,z,6.969957081545061
L396_f03,z,20.3051742344245
L396_f03,z,0.9493087557603701
L396_f03,z,2.3218390804597675
L396_f03,z,15.527657527657539
L396_f03,z,4.751210067763793
L396_f03,z,6.504570383912238
L396_f03,z,1.5657620041753546
L396_f03,z,4.414634146341456
L396_f03,z,3.937947494033409
L396_f03,z,4.23264540337712
L396_f03,z,3.416666666666657
L396_f03,z,12.517786561264813
L396_f03,z,3.350526315789466
L396_f03,z,0.012811867835466728
L396_f03,z,0.8665710186513707
L396_f03,z,3.8221757322175733
L396_f03,z,5.520891364902496
L396_f03,z,0.9473684210526301
L396_f03,z,1.7777777777777715
L396_f03,z,4.055452865064694
L396_f03,z,4.953703703703695
L396_f03,z,1.818615751789963
L396_f03,z,8.930091185410333
L396_f03,z,0.5818913480885328
L396_f03,z,4.3617021276595835
L396_f03,z,2.375886524822704
L396_f03,z,8.257985257985268
L396_f03,z,2.0
L396_f03,z,2.0
L396_f03,z,14.10526315789474
L396_f03,z,21.625
L396_f03,z,3.4790286975717493
L396_f03,z,2.261818181818171
L396_f03,z,5.059125964010292
L396_f03,z,25.8613924050633
L396_f03,z,10.239401496259347
L396_f03,z,0.1971830985915517
L396_f03,z,0.8571428571428612
L396_f03,z,17.373985624855095
L396_f03,z,0.5560538116591829
L396_f03,z,2.7876923076923106
L396_f03,z,7.056056056056065
L396_f03,z,1.5
L396_f03,z,2.0794701986754944
L396_f03,z,0.7034482758620584
L396_f03,z,4.448430493273548
L396_f03,z,7.917525773195877
L396_f03,z,5.023569023569024
L396_f03,z,7.834666666666664
L396_f03,z,0.19607843137254122
L396_f03,z,2.5732484076433195
L396_f03,z,21.059453668987686
L396_f03,z,1.101796407185617
L396_f03,z,1.7962962962963047
L396_f03,z,8.541226215644826
L396_f03,z,3.528662420382176
L396_f03,z,6.547169811320742
L396_f03,z,15.147449336128574
L396_f03,z,1.1830985915492818
L396_f03,z,2.688372093023247
L396_f03,z,7.9226713532513315
L396_f03,z,2.2935779816513673
L396_f03,z,3.0212765957446948
L396_f03,z,6.861404599129884
L396_f03,z,16.314143567874908
L396_f03,z,5.233082706766908
L396_f03,z,3.7622149837133634
L396_f03,z,1.940594059405953
L396_f03,z,3.369817578772796
L396_f03,z,5.187347931873489
L396_f03,z,17.0393509127789
L396_f03,z,2.186046511627893
L396_f03,z,3.863636363636374
L396_f03,z,1.9603960396039497
L396_f03,z,2.148448043184885
L396_f03,z,6.036290322580641
L396_f03,z,3.1982758620689538
L396_f03,z,1.2982456140350962
L396_f03,z,3.6213017751479413
L396_f03,z,10.421579786023216
L396_f03,z,4.5871056241426515
L396_f03,z,0.6932270916334744
L396_f03,z,8.90634441087613
L396_f03,z,1.8928301886792553
L396_f03,z,6.706231454005945
L396_f03,z,0.8387096774193594
L396_f03,z,7.369146005509634
L396_f03,z,6.180412371134025
L396_f03,z,0.8498402555910616
L396_f03,z,3.8579234972677625
L396_f03,z,3.4019607843137294
L396_f03,z,1.15625
L396_f03,z,0.7933130699088053
L396_f03,z,1.1782178217821695
L396_f03,z,2.346007604562743
L396_f03,z,1.5200000000000102
L396_f03,z,3.540636042402838
L396_f03,z,6.903047091412731
L396_f03,z,11.34304635761589
L396_f03,z,0.5625
L396_f03,z,4.504885993485345
L396_f03,z,1.6239999999999952
L396_f03,z,3.607142857142861
L396_f03,z,22.24143302180684
L396_f03,z,0.5071090047393341
L396_f03,z,6.1967213114754145
L396_f03,z,2.1954022988505812
L396_f03,z,0.6177606177606094
L396_f03,z,3.556714471968718
L396_f03,z,1.621951219512198
L396_f03,z,8.095477386934675
L396_f03,z,0.690476190476204
L396_f03,z,9.076923076923066
L396_f03,z,1.388535031847141
L396_f03,z,0.8378378378378386
L396_f03,z,3.9063829787234
L396_f03,z,6.497109826589593
L396_f03,z,3.9624413145539847
L396_f03,z,4.973509933774835
L396_f03,z,2.9042553191489446
L396_f03,z,0.37606837606838894
L396_f03,z,20.77118952346308
L396_f03,z,2.9032258064516157
L396_f03,z,7.580246913580254
L396_f03,z,2.030534351145036
L396_f03,z,3.466019417475735
L396_f03,z,3.3705583756345163
L396_f03,z,6.290827740492176
L396_f03,z,4.8603773584905525
L396_f03,z,0.5148514851485118
L396_f03,z,5.361014994232988
L396_f03,z,3.327380952380963
L396_f03,z,6.923611111111114
L396_f03,z,4.054669703872435
L396_f03,z,16.984313725490182
L396_f03,z,3.012468827930178
L396_f03,z,1.5759999999999934
L396_f03,z,3.2541806020066986
L396_f03,z,0.27544910179639714
L396_f03,z,10.808051761322787
L396_f03,z,6.481203007518786
L396_f03,z,14.89924812030074
L396_f03,z,6.194174757281559
L396_f03,z,1.4827586206896513
L396_f03,z,21.96469104665826
L396_f03,z,1.699015471167371
L396_f03,z,4.138248847926263
L396_f03,z,3.7026476578411405
L396_f03,z,2.0829015544041454
L396_f03,z,0.1551724137931103
L396_f03,z,20.407710280373834
L396_f03,z,2.6926829268292636
L396_f03,z,4.321199143468959
L396_f03,z,0.061728395061720676
L396_f03,z,6.276453765490942
L396_f03,z,2.667774086378728
L396_f03,z,1.214899713467048
L396_f03,z,10.236111111111114
L396_f03,z,3.4065934065934016
L396_f03,z,1.2291220556745088
L396_f03,z,3.841269841269849
L396_f03,z,2.606060606060595
L396_f03,z,4.693877551020421
L396_f03,z,0.5413533834586417
L396_f03,z,1.8163771712158905
L396_f03,z,7.458239277652382
L396_f03,z,1.4691689008042772
L396_f03,z,0.9811320754716917
L396_f03,z,5.551847437425494
L396_f03,z,1.3802816901408335
L396_f03,z,1.085714285714289
L396_f03,z,1.1203463203463286
L396_f03,z,11.5
L396_f03,z,0.2505307855626313
L396_f03,z,1.8270893371758063
L396_f03,z,5.855203619909503
L396_f03,z,5.225375626043416
L396_f03,z,3.944444444444457
L396_f03,z,1.5999999999999943
L396_f03,z,0.9685534591195051
L396_f03,z,3.003021148036254
L396_f03,z,5.014662756598227
L396_f03,z,1.633136094674569
L396_f03,z,4.865753424657527
L396_f03,z,5.778129952456425
L396_f03,z,3.9607843137254974
L396_f03,z,2.790055248618785
L396_f03,z,5.806728704366492
L396_f03,z,10.1545157780196
L396_f03,z,5.429305912596391
L396_f03,z,4.316353887399458
L396_f03,z,2.542750929368026
L396_f03,z,16.896706586826355
L396_f03,z,0.7331786542923453
L396_f03,z,3.577060931899638
L396_f03,z,0.2935779816513673
L396_f03,z,1.1986062717770096
L396_f03,z,4.856581532416499
L396_f03,z,0.9425287356321803
L396_f03,z,2.6900369003689946
L396_f03,z,3.7959183673469283
L396_f03,z,4.8401826484018216
L396_f03,z,3.3087818696883744
L396_f03,z,2.5934065934065984
L396_f03,z,9.343030303030304
L396_f03,z,6.465011286681715
L396_f03,z,5.869791666666657
L396_f03,z,3.4842975206611584
L396_f03,z,6.572972972972963
L396_f03,z,10.42954856361149
L396_f03,z,1.8444444444444343
L396_f03,z,2.102222222222224
L396_f03,z,1.302325581395337
L396_f03,z,6.89908256880733
L396_f03,z,5.820175438596493
L396_f03,z,5.370666666666665
L396_f03,z,1.608163265306132
L396_f03,z,6.021691973969638
L396_f03,z,2.8915662650602485
L396_f03,z,13.032175032175019
L396_f03,z,5.0567375886524815
L396_f03,z,1.818181818181813
L396_f03,z,5.68456375838926
L396_f03,z,4.6193548387096826
L396_f03,z,3.9290187891440382
L396_f03,z,4.131291028446384
L396_f03,z,2.991935483870975
L396_f03,z,5.047169811320742
L396_f03,z,5.169642857142861
L396_f03,z,0.9898989898989896
L396_f03,z,3.203125
L396_f03,z,5.107692307692304
L396_f03,z,2.962962962962962
L396_f03,z,5.431578947368422
L396_f03,z,3.645051194539235
L396_f03,z,1.2342857142857042
L396_f03,z,2.666666666666657
L396_f03,z,4.990399999999994
L396_f03,z,2.807843137254906
L396_f03,z,3.2586206896551744
L396_f03,z,1.5721925133689751
L396_f03,z,1.4158075601374662
L396_f03,z,4.856880733944962
L396_f03,z,2.5786163522012657
L396_f03,z,4.367579908675793
L396_f03,z,2.432989690721655
L396_f03,z,1.4360313315926874
L396_f03,z,0.9973333333333301
L396_f03,z,6.097196261682257
L396_f03,z,4.575682382134005
L396_f03,z,7.080729166666657
L396_f03,z,3.395079594790161
L396_f03,z,6.139534883720927
L396_f03,z,7.690821256038646
L396_f03,z,4.6704545454545325
L396_f03,z,4.861751152073737
L396_f03,z,0.34304207119740227
L396_f03,z,4.8960739030023035
L396_f03,z,3.7664000000000044
L396_f03,z,4.786206896551732
L396_f03,z,5.770676691729335
L396_f03,z,4.225490196078425
L396_f03,z,2.690095846645363
L396_f03,z,5.823232323232332
L396_f03,z,1.9807923169267667
L396_f03,z,6.047058823529426
L396_f03,z,8.101809954751133
L396_f03,z,3.669902912621353
L396_f03,z,2.064864864864859
L396_f03,z,2.7109375
L396_f03,z,0.3157894736842195
L396_f03,z,0.33670033670034627
L396_f03,z,4.71599045346062
L396_f03,z,5.522807017543869
L396_f03,z,9.072463768115938
L396_f03,z,4.573913043478257
L396_f03,z,4.192207792207796
L396_f03,z,2.6814159292035527
L396_f03,z,0.6776470588235384
L396_f03,z,2.445807770961153
L396_f03,z,1.5757575757575637
L396_f03,z,5.464203233256342
L396_f03,z,0.5749999999999886
L396_f03,z,0.1565656565656468
L396_f03,z,2.0244755244755197
L396_f03,z,1.1591836734693857
L396_f03,z,1.7917888563049758
L396_f03,z,5.516224188790574
L396_f03,z,0.9322709163346588
L396_f03,z,6.314928425357863
L396_f03,z,2.728888888888889
L396_f03,z,0.4423076923076792
L396_f03,z,7.5009980039920094
L396_f03,z,0.3034482758620811
L396_f03,z,3.1906779661017026
L396_f03,z,3.168949771689512
L396_f03,z,3.935860058309032
L396_f03,z,2.141176470588249
L396_f03,z,0.7837837837837753
L396_f03,z,0.4444444444444571
L396_f03,z,0.1428571428571388
L396_f03,z,2.760456273764248
L396_f03,z,0.036231884057968955
L396_f03,z,3.8376511226252035
L396_f03,z,4.255172413793105
L396_f03,z,0.20648967551622377
L396_f03,z,4.541935483870958
L396_f03,z,2.355179704016905
L396_f03,z,3.822784810126592
L396_f03,z,4.683673469387742
L396_f03,z,1.7894736842105203
L396_f03,z,7.429553264604806
L396_f03,z,1.9914163090128625
L396_f03,z,5.763676148796492
L396_f03,z,5.843298969072151
L396_f03,z,2.394666666666666
L396_f03,z,0.7788778877887808
L396_f03,z,3.144278606965173
L396_f03,z,2.4559585492227995
L396_f03,z,5.094339622641513
L396_f03,z,2.9548022598870034
L396_f03,z,4.608938547486019
L396_f03,z,5.28205128205127
L396_f03,z,6.345534407027827
L396_f03,z,2.0528634361233458
L396_f03,z,1.4590163934426243
L396_f03,z,2.051282051282044
L396_f03,z,4.085918854415269
L396_f03,z,2.764925373134332
L396_f03,z,8.230392156862735
L396_f03,z,1.038596491228077
L396_f03,z,5.82421875
L396_f03,z,5.177177177177185
L396_f03,z,4.741214057507989
L396_f03,z,1.6519916142557634
L396_f03,z,5.1255673222390215
L396_f03,z,2.212121212121218
L396_f03,z,1.806331471135934
L396_f03,z,2.7651006711409423
L396_f03,z,0.6470588235294201
L396_f03,z,3.795795795795783
L396_f03,z,0.7050847457627185
L396_f03,z,1.084905660377359
L396_f03,z,3.1079545454545325
L396_f03,z,3.2852459016393425
L396_f03,z,5.145038167938935
L396_f03,z,2.5507246376811565
L396_f03,z,6.535652173913036
L396_f03,z,2.5121555915721103
L396_f03,z,2.580086580086572
L396_f03,z,0.5398230088495666
L396_f03,z,1.398496240601503
L396_f03,z,1.8549222797927598
L396_f03,z,1.1927710843373518
L396_f03,z,6.493333333333339
L396_f03,z,2.143712574850298
L396_f03,z,4.6278317152103625
L396_f03,z,0.5734265734265875
L396_f03,z,0.5459940652818887
L396_f03,z,1.0651769087523348
L396_f03,z,1.0929853181076794
L396_f03,z,3.10288065843622
L396_f03,z,5.025210084033603
L396_f03,z,3.3059548254620097
L396_f03,z,2.5
L396_f03,z,4.660066006600658
L396_f03,z,5.938679245283026
L396_f03,z,3.705215419501144
L396_f03,z,3.3372956909361164
L396_f03,z,5.201072386058968
L396_f03,z,4.052356020942398
L396_f03,z,4.38297872340425
L396_f03,z,2.7683284457478123
L396_f03,z,2.6633663366336577
L396_f03,z,5.688888888888897
L396_f03,z,2.900284900284902
L396_f03,z,2.855172413793099
L396_f03,z,2.7473684210526415
L396_f03,z,0.35684647302903727
L396_f03,z,3.4296296296296305
L396_f03,z,3.3491124260355036
L396_f03,z,3.4339622641509493
L396_f03,z,2.8929503916449164
L396_f03,z,0.9242424242424363
L396_f03,z,5.979797979797979
L396_f03,z,5.438356164383549
L396_f03,z,1.8984126984126988
L396_f03,z,1.0462107208872453
L396_f03,z,1.4246031746031633
L396_f03,z,5.356687898089177
L396_f03,z,1.7216117216117084
L396_f03,z,4.769230769230774
L396_f03,z,0.3025936599423744
L396_f03,z,1.576763485477187
L396_f03,z,6.6922300706357305
L396_f03,z,5.526143790849687
L396_f03,z,0.04250559284116662
L396_f03,z,1.2412645590682132
L396_f03,z,1.8640776699029118
L396_f03,z,1.7714285714285722
L396_f03,z,5.443037974683534
L396_f03,z,2.763419483101387
L396_f03,z,2.040955631399328
L396_f03,z,0.22429906542055278
L396_f03,z,5.272311212814657
L396_f03,z,2.9090909090909065
L396_f03,z,0.1545454545454561
L396_f03,z,1.9330855018587272
L396_f03,z,0.23684210526315042
L396_f03,z,3.9925925925925867
L396_f03,z,2.301013024602014
L396_f03,z,1.4605809128630654
L396_f03,z,5.9595959595959584
L396_f03,z,2.3695652173913118
L396_f03,z,1.850220264317187
L396_f03,z,4.740909090909099
L396_f03,z,0.6113744075829288
L396_f03,z,5.4098360655737565
L396_f03,z,3.2251908396946476
L396_f03,z,0.576923076923066
L396_f03,z,4.069090909090903
L396_f03,z,3.3218673218673302
L396_f03,z,3.7232142857142776
L396_f03,z,5.838150289017335
L396_f03,z,5.360215053763454
L396_f03,z,1.7201166180757923
L396_f03,z,2.436974789915979
L396_f03,z,6.498812351543933
L396_f03,z,4.78947368421052
L396_f03,z,4.686886708296157
L396_f03,z,1.1526315789473642
L396_f03,z,0.7317829457364269
L396_f03,z,2.9296636085626915
L396_f03,z,1.1408450704225288
L396_f03,z,4.0
L396_f03,z,3.5500000000000114
L396_f03,z,2.0440528634361215
L396_f03,z,5.642857142857139
L396_f03,z,6.364661654135347
L396_f03,z,4.837500000000006
L396_f03,z,5.878542510121463
L396_f03,z,4.895800933125969
L396_f03,z,1.1301204819277189
L396_f03,z,8.602298850574726
L396_f03,z,4.253968253968253
L396_f03,z,0.8551724137930989
L396_f03,z,3.1848101265822777
L396_f03,z,3.4388059701492466
L396_f03,z,5.745583038869256
L396_f03,z,2.514657980456036
L396_f03,z,1.8461538461538396
L396_f03,z,7.864527629233521
L396_f03,z,2.0560747663551524
L396_f03,z,2.4027777777777715
L396_f03,z,2.820388349514559
L396_f03,z,0.06060606060606233
L396_f03,z,1.6412556053811613
L396_f03,z,1.3312101910827892
L396_f03,z,5.14592274678111
L396_f03,z,1.42978723404255
L396_f03,z,2.546391752577307
L396_f03,z,3.739130434782595
L396_f03,z,4.861261261261262
L396_f03,z,4.458937198067645
L396_f03,z,0.8442776735459745
L396_f03,z,4.725321888412026
L396_f03,z,5.74545454545455
L396_f03,z,1.5500000000000114
L396_f03,z,3.076923076923066
L396_f03,z,4.951020408163259
L396_f03,z,3.1006160164270966
L396_f03,z,0.5311203319502056
L396_f03,z,2.633962264150938
L396_f03,z,6.9913043478260875
L396_f03,z,0.5503875968992133
L396_f03,z,4.660714285714278
L396_f03,z,2.9224904701397634
L396_f03,z,5.67671232876711
L396_f03,z,3.7067833698030768
L396_f03,z,5.8306451612903345
L396_f03,z,5.948717948717956
L396_f03,z,1.8373983739837456
L396_f03,z,1.3929411764706003
L396_f03,z,2.066838046272494
L396_f03,z,0.27450980392157476
L396_f03,z,3.3620689655172384
L396_f03,z,0.9549549549549567
L396_f03,z,3.8666666666666742
L396_f03,z,0.625
L396_f03,z,0.3844155844155921
L396_f03,z,2.5069306930693074
L396_f03,z,3.585106382978722
L396_f03,z,7.812030075187977
L396_f03,z,0.62561576354679
L396_f03,z,4.840816326530614
L396_f03,z,6.034816247582199
L396_f03,z,6.367892976588621
L396_f03,z,3.9830508474576334
L396_f03,z,0.3977900552486062
L396_f03,z,7.755905511811022
L396_f03,z,3.238390092879257
L396_f03,z,3.344262295081961
L396_f03,z,2.9503105590061978
L396_f03,z,5.323590814196251
L396_f03,z,2.4666666666666686
L396_f03,z,9.63902439024389
L396_f03,z,2.941798941798936
L396_f03,z,1.915057915057929
L396_f03,z,2.145038167938935
L396_f03,z,0.40462427745663376
L396_f03,z,4.333333333333343
L396_f03,z,3.3954545454545553
L396_f03,z,0.10256410256411641
L396_f03,z,3.5211267605633907
L396_f03,z,3.346733668341699
L396_f03,z,3.760330578512395
L396_f03,z,5.642241379310349
L396_f03,z,7.459552495697068
L396_f03,z,2.2184873949579753
L396_f03,z,6.517647058823542
L396_f03,z,5.062695924764881
L396_f03,z,10.969127516778514
L396_f03,z,1.1282051282051384
L396_f03,z,6.970414201183445
L396_f03,z,5.457627118644069
L396_f03,z,0.1625282167042883
L396_f03,z,4.821917808219183
L396_f03,z,3.3103448275862206
L396_f03,z,3.25
L396_f03,z,1.037037037037038
L396_f03,z,4.526539278131622
L396_f03,z,0.49019607843138147
L396_f03,z,4.411042944785265
L396_f03,z,0.33918128654971724
L396_f03,z,0.022346368715091103
L396_f03,z,14.26011560693641
L396_f03,z,4.613418530351424
L396_f03,z,3.845410628019323
L396_f03,z,1.6445396145610403
L396_f03,z,5.596412556053821
L396_f03,z,1.0326797385620807
L396_f03,z,2.3911439114391158
L396_f03,z,8.366917293233087
L396_f03,z,2.180758017492707
L396_f03,z,2.4293785310734393
L396_f03,z,3.4285714285714164
L396_f03,z,1.0578158458244218
L396_f03,z,1.9915966386554658
L396_f03,z,5.1902834008097045
L396_f03,z,6.1678321678321595
L396_f03,z,5.581280788177338
L396_f03,z,0.21836228287841664
L396_f03,z,2.1555555555555657
L396_f03,z,1.9288888888888778
L396_f03,z,4.87472035794184
L396_f03,z,5.102040816326536
L396_f03,z,3.281138790035584
L396_f03,z,2.467213114754088
L396_f03,z,1.531914893617028
L396_f03,z,5.051851851851865
L396_f03,z,1.704347826086945
L396_f03,z,0.1428571428571388
L396_f03,z,7.55012224938875
L396_f03,z,0.5542168674698758
L396_f03,z,2.8519637462235607
L396_f03,z,2.54421768707482
L396_f03,z,8.391549295774638
L396_f03,z,2.0227272727272805
L396_f03,z,17.60368663594471
L396_f03,z,0.9180327868852487
L396_f03,z,5.0972222222222285
L396_f03,z,0.7012987012986969
L396_f03,z,3.6503067484662495
L396_f03,z,2.529680365296798
L396_f03,z,2.818181818181813
L396_f03,z,10.230215827338128
L396_f03,z,31.870681145113537
L396_f03,z,1.6160714285714164
L396_f03,z,0.5099601593625493
L396_f03,z,8.194907813871822
L396_f03,z,4.24293785310735
L396_f03,z,3.5106888361045208
L396_f03,z,4.153225806451616
L396_f03,z,0.7280000000000086
L396_f03,z,4.708333333333343
L396_f03,z,4.982905982905976
L396_f03,z,2.1706484641638326
L396_f03,z,2.3738656987295883
L396_f03,z,4.772009029345384
L396_f03,z,4.218181818181819
L396_f03,z,0.4285714285714164
L396_f03,z,0.3646408839778985
L396_f03,z,2.549199084668203
L396_f03,z,4.271428571428572
L396_f03,z,11.653379549393406
L396_f03,z,2.427807486631025
L396_f03,z,2.55399061032864
L396_f03,z,1.1141552511415398
L396_f03,z,5.379629629629619
L396_f03,z,0.17543859649123306
L396_f03,z,0.6320346320346459
L396_f03,z,2.1207243460764573
L396_f03,z,0.09090909090909349
L396_f03,z,0.06451612903225623
L396_f03,z,4.435483870967744
L396_f03,z,5.106471816283914
L396_f03,z,8.433275563258235
L396_f03,z,3.7458893871449845
L396_f03,z,6.437362637362639
L396_f03,z,3.756097560975604
L396_f03,z,0.7142857142857224
L396_f03,z,4.696537678207733
L396_f03,z,0.51111111111112
L396_f03,z,3.8518518518518476
L396_f03,z,2.4666666666666686
L396_f03,z,2.472727272727269
L396_f03,z,2.0896358543417364
L396_f03,z,1.2689075630252091
L396_f03,z,0.3908045977011625
L396_f03,z,0.5307557117750434
L396_f03,z,7.909224011713036
L396_f03,z,11.128557409224726
L396_f03,z,3.9869281045751563
L396_f03,z,3.617647058823536
L396_f03,z,2.469565217391306
L396_f03,z,4.691666666666663
L396_f03,z,5.415807560137466
L396_f03,z,2.1831501831501896
L396_f03,z,3.9384615384615245
L396_f03,z,8.830616583982987
L396_f03,z,0.13821138211380912
L396_f03,z,1.3851351351351298
L396_f03,z,13.208448117539035
L396_f03,z,0.826923076923066
L396_f03,z,2.0
L396_f03,z,9.973509933774835
L396_f03,z,0.7432675044883297
L396_f03,z,4.811594202898561
L396_f03,z,5.383458646616532
L396_f03,z,1.365461847389554
L396_f03,z,3.1480519480519433
L396_f03,z,3.8212765957446777
L396_f03,z,12.190782422293665
L396_f03,z,4.595441595441599
L396_f03,z,3.5242290748898597
L396_f03,z,12.531220876048451
L396_f03,z,4.143149284253582
L396_f03,z,4.483116883116878
L396_f03,z,1.0461538461538566
L396_f03,z,5.531343283582089
L396_f03,z,0.7076923076922981
L396_f03,z,7.545691906005231
L396_f03,z,5.172839506172835
L396_f03,z,9.379965457685671
L396_f03,z,2.0562248995983907
L396_f03,z,27.57446808510639
L396_f03,z,5.7800687285223376
L396_f03,z,4.590476190476181
L396_f03,z,0.48128342245988165
L396_f03,z,4.624113475177296
L396_f03,z,6.9018567639257355
L396_f03,z,2.5217391304347814
L396_f03,z,13.357421875
L396_f03,z,8.671368124118487
L396_f03,z,19.814128546612636
L396_f03,z,0.5959731543624116
L396_f03,z,6.150000000000006
L396_f03,z,8.653198653198643
L396_f03,z,55.55215729109776
L396_f03,z,21.503526858383083
L396_f03,z,4.89473684210526
L396_f03,z,1.0169491525423666
L396_f03,z,2.666666666666657
L396_f03,z,7.915171288743892
L396_f03,z,8.489592006661127
L396_f03,z,0.9709864603481719
L396_f03,z,12.027443293195176
L396_f03,z,29.944399807166974
L396_f03,z,1.058823529411768
L396_f03,z,0.08823529411765207
L396_f03,z,13.928468208092482
L396_f03,z,1.220543806646532
L396_f03,z,1.8851351351351298
L396_f03,z,6.538983050847463
L396_f03,z,1.0419426048565015
L396_f03,z,1.460992907801426
L396_f03,z,8.244565217391312
L396_f03,z,0.880597014925371
L396_f03,z,8.24985473561884
L396_f03,z,0.5882352941176521
L396_f03,z,0.5683453237409992
L396_f03,z,13.589664082687335
L396_f03,z,23.52765752765754
L396_f03,z,1.8617886178861909
L396_f03,z,1.543859649122794
L396_f03,z,14.420082911100877
L396_f03,z,7.011363636363626
L396_f03,z,7.910052910052912
L396_f03,z,2.980198019801975
L396_f03,z,5.455399061032864
L396_f03,z,12.305174234424499
L396_f03,z,14.040831206707992
L396_f03,z,1.0300429184549387
L396_f03,z,3.418604651162781
L396_f03,z,0.1773399014778363
L396_f03,z,12.751210067763793
L396_f03,z,1.34375
L396_f03,z,1.4954296160877618
L396_f03,z,6.163677130044846
L396_f03,z,4.517786561264813
L396_f03,z,3.585365853658544
L396_f03,z,4.649473684210534
L396_f03,z,15.339837398373987
L396_f03,z,7.987188132164533
L396_f03,z,7.133428981348629
L396_f03,z,0.6696832579185639
L396_f03,z,0.5538461538461661
L396_f03,z,2.4791086350975036
L396_f03,z,9.612600536193042
L396_f03,z,0.7017543859649038
L396_f03,z,5.7777777777777715
L396_f03,z,9.703703703703695
L396_f03,z,3.9445471349353056
L396_f03,z,0.0
L396_f03,z,17.8613924050633
L396_f03,z,1.1001042752867534
L396_f03,z,5.212307692307689
L396_f03,z,4.177824267782427
L396_f03,z,7.418108651911467
L396_f03,z,6.181384248210037
L396_f03,z,1.421487603305792
L396_f03,z,20.095524956970735
L396_f03,z,36.3068758652515
L396_f03,z,3.5515695067264517
L396_f03,z,1.8807947019867584
L396_f03,z,25.373985624855095
L396_f03,z,9.5
L396_f03,z,5.624113475177296
L396_f03,z,8.589887640449433
L396_f03,z,10.521954236239964
L396_f03,z,2.2394014962593474
L396_f03,z,5.163346613545826
L396_f03,z,5.920529801324506
L396_f03,z,2.2325581395348877
L396_f03,z,13.625
L396_f03,z,6.3937360178970835
L396_f03,z,0.5674603174603305
L396_f03,z,8.857142857142861
L396_f03,z,0.9439439439439354
L396_f03,z,7.531728665207879
L396_f03,z,1.6226415094339757
L396_f03,z,1.9589743589743591
L396_f03,z,8.703448275862058
L396_f03,z,0.7587168758716984
L396_f03,z,0.31746031746033054
L396_f03,z,11.694275274056025
L396_f03,z,6.053050397877996
L396_f03,z,5.4267515923566805
L396_f03,z,0.6666666666666572
L396_f03,z,1.90625
L396_f03,z,6.898203592814383
L396_f03,z,13.059453668987686
L396_f03,z,2.3093922651933667
L396_f03,z,5.003174603174614
L396_f03,z,0.2579852579852684
L396_f03,z,2.2249999999999943
L396_f03,z,2.206896551724128
L396_f03,z,0.03022670025188745
L396_f03,z,0.8000000000000114
L396_f03,z,3.4358078602620026
L396_f03,z,7.505747126436773
L396_f03,z,5.453874538745396
L396_f03,z,2.1276595744680833
L396_f03,z,5.638225255972685
L396_f03,z,6.878326996197728
L396_f03,z,34.92461287693561
L396_f03,z,2.4215797860232158
L396_f03,z,7.707589285714278
L396_f03,z,8.968127490039848
L396_f03,z,1.0709677419354762
L396_f03,z,3.944444444444457
L396_f03,z,2.537190082644628
L396_f03,z,0.0826446280991604
L396_f03,z,4.8217821782178305
L396_f03,z,0.06378132118450708
L396_f03,z,2.9385665529010225
L396_f03,z,2.5984251968503997
L396_f03,z,11.762214983713363
L396_f03,z,8.721568627450978
L396_f03,z,4.0711610486891345
L396_f03,z,1.8716577540106982
L396_f03,z,1.2390572390572459
L396_f03,z,0.4633663366336691
L396_f03,z,4.9550561797752835
L396_f03,z,14.861404599129884
L396_f03,z,1.6106194690265454
L396_f03,z,1.764210526315793
L396_f03,z,2.8126520681265106
L396_f03,z,9.0393509127789
L396_f03,z,10.148448043184885
L396_f03,z,0.07732864674866846
L396_f03,z,0.818823529411759
L396_f03,z,1.7310924369747909
L396_f03,z,9.623999999999995
L396_f03,z,7.147449336128574
L396_f03,z,1.956140350877206
L396_f03,z,1.5064935064935128
L396_f03,z,4.801724137931046
L396_f03,z,2.9927007299270088
L396_f03,z,9.116117850953202
L396_f03,z,5.653992395437257
L396_f03,z,5.718592964824126
L396_f03,z,4.459363957597162
L396_f03,z,1.0969529085872693
L396_f03,z,3.4951140065146546
L396_f03,z,7.206686930091195
L396_f03,z,6.84375
L396_f03,z,2.0221169036335027
L396_f03,z,2.6631578947368553
L396_f03,z,0.6308539944903657
L396_f03,z,2.191304347826076
L396_f03,z,2.905263157894723
L396_f03,z,1.8032786885245855
L396_f03,z,3.34304635761589
L396_f03,z,3.2407407407407334
L396_f03,z,8.61776061776061
L396_f03,z,11.556714471968718
L396_f03,z,4.0936170212766
L396_f03,z,5.804597701149419
L396_f03,z,2.688821752265852
L396_f03,z,3.8373983739837456
L396_f03,z,15.829787234042556
L396_f03,z,0.048387096774206384
L396_f03,z,4.629441624365484
L396_f03,z,0.6390977443608961
L396_f03,z,1.462857142857132
L396_f03,z,30.24143302180684
L396_f03,z,11.763894212341881
L396_f03,z,1.6909090909090878
L396_f03,z,12.771189523463079
L396_f03,z,2.6389850057670117
L396_f03,z,5.095744680851055
L396_f03,z,3.9453302961275654
L396_f03,z,6.89924812030074
L396_f03,z,4.533980582524265
L396_f03,z,3.2551724137931046
L396_f03,z,1.0763888888888857
L396_f03,z,1.803773584905656
L396_f03,z,3.1396226415094475
L396_f03,z,1.265625
L396_f03,z,3.1399082568807444
L396_f03,z,5.352435530085955
L396_f03,z,2.3393939393939434
L396_f03,z,2.795366795366789
L396_f03,z,1.1007751937984551
L396_f03,z,1.6155507559395232
L396_f03,z,5.942122186495169
L396_f03,z,1.8400000000000034
L396_f03,z,0.946236559139777
L396_f03,z,9.575999999999993
L396_f03,z,12.407710280373834
L396_f03,z,9.059479553903344
L396_f03,z,13.96469104665826
L396_f03,z,1.5187969924812137
L396_f03,z,2.4565217391304373
L396_f03,z,3.6788008565310406
L396_f03,z,2.808051761322787
L396_f03,z,6.862007168458774
L396_f03,z,6.785100286532952
L396_f03,z,2.2361111111111143
L396_f03,z,4.339152119700742
L396_f03,z,2.5751072961373325
L396_f03,z,3.039999999999992
L396_f03,z,6.770877944325491
L396_f03,z,2.084656084656075
L396_f03,z,4.097435897435901
L396_f03,z,1.7235462345090582
L396_f03,z,11.841269841269849
L396_f03,z,3.306122448979579
L396_f03,z,2.4481525625745064
L396_f03,z,2.2348484848484986
L396_f03,z,5.393939393939405
L396_f03,z,7.8091822094691565
L396_f03,z,1.980952380952374
L396_f03,z,2.774624373956584
L396_f03,z,3.731958762886592
L396_f03,z,6.879653679653671
L396_f03,z,0.5417607223476182
L396_f03,z,2.3361823361823326
L396_f03,z,1.8969072164948386
L396_f03,z,4.9971346704871
L396_f03,z,0.01282051282052521
L396_f03,z,8.250530785562631
L396_f03,z,5.721822541966418
L396_f03,z,0.4732824427480864
L396_f03,z,4.996978851963746
L396_f03,z,0.04444444444445139
L396_f03,z,3.1342465753424733
L396_f03,z,2.2218700475435753
L396_f03,z,4.3836317135549905
L396_f03,z,1.6535433070866077
L396_f03,z,2.985337243401773
L396_f03,z,2.193271295633508
L396_f03,z,0.2234957020057209
L396_f03,z,4.422939068100362
L396_f03,z,1.8197932053175805
L396_f03,z,2.416666666666657
L396_f03,z,6.485488126649074
L396_f03,z,3.922891566265065
L396_f03,z,5.457249070631974
L396_f03,z,2.1545157780196007
L396_f03,z,0.827838827838832
L396_f03,z,0.07194244604315259
L396_f03,z,0.5943775100401467
L396_f03,z,2.5706940874036093
L396_f03,z,8.69811320754718
L396_f03,z,5.702233250620338
L396_f03,z,2.130208333333343
L396_f03,z,0.5673758865248146
L396_f03,z,4.894568690095838
L396_f03,z,4.691218130311626
L396_f03,z,4.515702479338842
L396_f03,z,0.24043715846994473
L396_f03,z,4.204081632653072
L396_f03,z,8.443017656500814
L396_f03,z,3.621951219512198
L396_f03,z,1.4270270270270373
L396_f03,z,1.8689217758985137
L396_f03,z,2.190476190476204
L396_f03,z,6.155555555555566
L396_f03,z,2.1798245614035068
L396_f03,z,2.6386138613861476
L396_f03,z,5.897777777777776
L396_f03,z,1.978308026030362
L396_f03,z,3.5196078431372655
L396_f03,z,1.0508474576271283
L396_f03,z,3.6601307189542354
L396_f03,z,0.8752941176470586
L396_f03,z,2.1099656357388312
L396_f03,z,2.3176470588235247
L396_f03,z,4.817258883248741
L396_f03,z,2.9432624113475185
L396_f03,z,1.771331058020479
L396_f03,z,0.4234527687296463
L396_f03,z,5.032175032175019
L396_f03,z,12.990399999999994
L396_f03,z,2.8615384615384585
L396_f03,z,1.0602409638554207
L396_f03,z,4.070981210855962
L396_f03,z,2.475836431226753
L396_f03,z,5.1084337349397515
L396_f03,z,2.9528301886792576
L396_f03,z,1.0138248847926263
L396_f03,z,0.8000000000000114
L396_f03,z,4.4619164619164735
L396_f03,z,2.0813008130081414
L396_f03,z,0.3680387409200989
L396_f03,z,1.4504950495049513
L396_f03,z,2.3478260869565304
L396_f03,z,2.9015873015873126
L396_f03,z,0.3752759381898443
L396_f03,z,2.830357142857139
L396_f03,z,2.775862068965523
L396_f03,z,3.3806451612903174
L396_f03,z,0.48016701461378375
L396_f03,z,1.1404494382022392
L396_f03,z,2.0311284046692606
L396_f03,z,0.7384615384615358
L396_f03,z,1.7840375586854407
L396_f03,z,2.3540229885057613
L396_f03,z,5.567010309278345
L396_f03,z,1.032407407407419
L396_f03,z,2.6590909090909065
L396_f03,z,2.345864661654133
L396_f03,z,0.13333333333332575
L396_f03,z,0.4677419354838719
L396_f03,z,3.826086956521749
L396_f03,z,6.584192439862534
L396_f03,z,8.675508399646333
L396_f03,z,4.463157894736838
L396_f03,z,3.7745098039215748
L396_f03,z,3.469728601252598
L396_f03,z,3.1382488479262634
L396_f03,z,1.9529411764705742
L396_f03,z,1.8387096774193594
L396_f03,z,0.2127659574468055
L396_f03,z,1.9243697478991635
L396_f03,z,2.1767676767676676
L396_f03,z,2.229323308270665
L396_f03,z,0.4407894736842195
L396_f03,z,2.94285714285715
L396_f03,z,6.37675350701403
L396_f03,z,2.9736842105263293
L396_f03,z,6.019207683073233
L396_f03,z,5.306306306306311
L396_f03,z,1.5770392749244593
L396_f03,z,6.578052550231831
L396_f03,z,3.970627503337795
L396_f03,z,1.078571428571422
L396_f03,z,0.9704918032786907
L396_f03,z,1.2708333333333428
L396_f03,z,3.28400954653938
L396_f03,z,0.9282296650717683
L396_f03,z,2.642857142857139
L396_f03,z,0.9277566539923896
L396_f03,z,3.4260869565217433
L396_f03,z,2.3580246913580254
L396_f03,z,7.322352941176462
L396_f03,z,4.540268456375827
L396_f03,z,9.758807588075882
L396_f03,z,4.835106382978722
L396_f03,z,2.4837758112094264
L396_f03,z,5.554192229038847
L396_f03,z,5.97552447552448
L396_f03,z,0.5690021231422406
L396_f03,z,6.111282843894912
L396_f03,z,2.1727574750830456
L396_f03,z,10.279749478079339
L396_f03,z,1.4451612903225737
L396_f03,z,3.838150289017335
L396_f03,z,3.607843137254889
L396_f03,z,2.927083333333343
L396_f03,z,0.28717948717948616
L396_f03,z,5.083333333333343
L396_f03,z,4.064139941690968
L396_f03,z,6.732394366197184
L396_f03,z,0.5342706502636076
L396_f03,z,5.644820295983095
L396_f03,z,1.2481572481572414
L396_f03,z,5.239543726235752
L396_f03,z,4.809322033898297
L396_f03,z,8.206489675516224
L396_f03,z,6.356164383561634
L396_f03,z,3.8034682080924824
L396_f03,z,0.17627118644068673
L396_f03,z,1.9844155844155864
L396_f03,z,6.21052631578948
L396_f03,z,3.458064516129042
L396_f03,z,0.6805555555555429
L396_f03,z,1.141868512110733
L396_f03,z,1.5662650602409656
L396_f03,z,1.6793388429751985
L396_f03,z,2.236323851203508
L396_f03,z,3.3163265306122582
L396_f03,z,0.5704467353951941
L396_f03,z,0.16858237547893395
L396_f03,z,3.7297297297297405
L396_f03,z,4.147999999999996
L396_f03,z,1.2134831460674036
L396_f03,z,3.0678899082568876
L396_f03,z,5.045197740112997
L396_f03,z,3.3910614525139806
L396_f03,z,1.1827242524916812
L396_f03,z,2.905660377358487
L396_f03,z,3.078125
L396_f03,z,2.7166666666666686
L396_f03,z,2.7705382436260493
L396_f03,z,2.4285714285714164
L396_f03,z,5.948717948717956
L396_f03,z,8.28450106157112
L396_f03,z,4.84615384615384
L396_f03,z,5.9156626506024
L396_f03,z,5.235074626865668
L396_f03,z,0.2303921568627345
L396_f03,z,2.8414634146341484
L396_f03,z,0.5119047619047592
L396_f03,z,1.8534031413612695
L396_f03,z,2.5855513307984666
L396_f03,z,7.115562403697993
L396_f03,z,2.194331983805654
L396_f03,z,1.469750889679716
L396_f03,z,3.9393939393939377
L396_f03,z,2.17578125
L396_f03,z,0.125
L396_f03,z,1.671532846715337
L396_f03,z,1.3289036544850603
L396_f03,z,3.4302788844621546
L396_f03,z,2.9680365296803757
L396_f03,z,4.8920454545454675
L396_f03,z,4.7147540983606575
L396_f03,z,1.5673469387755006
L396_f03,z,5.2702702702702595
L396_f03,z,1.4643478260869642
L396_f03,z,3.4247491638795964
L396_f03,z,3.538860103626945
L396_f03,z,5.48784440842789
L396_f03,z,4.855813953488365
L396_f03,z,1.1419753086419746
L396_f03,z,2.6555555555555657
L396_f03,z,4.69404517453799
L396_f03,z,3.7546468401486948
L396_f03,z,4.294784580498856
L396_f03,z,2.0784313725490335
L396_f03,z,2.4000000000000057
L396_f03,z,0.7747747747747837
L396_f03,z,4.650887573964496
L396_f03,z,4.662704309063884
L396_f03,z,3.9476439790576023
L396_f03,z,0.5521126760563391
L396_f03,z,2.798927613941032
L396_f03,z,0.584905660377359
L396_f03,z,1.5638297872340559
L396_f03,z,1.5893536121672867
L396_f03,z,0.4678362573099548
L396_f03,z,5.144827586206901
L396_f03,z,3.753086419753089
L396_f03,z,0.04878048780489053
L396_f03,z,2.903508771929836
L396_f03,z,5.107049608355084
L396_f03,z,2.561643835616451
L396_f03,z,1.3740458015267052
L396_f03,z,2.666666666666657
L396_f03,z,7.970717423133237
L396_f03,z,4.473856209150313
L396_f03,z,8.758735440931787
L396_f03,z,2.123308270676688
L396_f03,z,0.7199999999999989
L396_f03,z,10.042505592841167
L396_f03,z,1.962962962962962
L396_f03,z,4.556962025316466
L396_f03,z,5.22821576763485
L396_f03,z,1.734375
L396_f03,z,4.727688787185343
L396_f03,z,5.022653721682843
L396_f03,z,5.807531380753147
L396_f03,z,3.375
L396_f03,z,2.322580645161281
L396_f03,z,4.324324324324323
L396_f03,z,1.2669902912621467
L396_f03,z,1.2800000000000011
L396_f03,z,7.698986975397986
L396_f03,z,3.0712909441233194
L396_f03,z,1.8127208480565287
L396_f03,z,4.441176470588232
L396_f03,z,5.259090909090901
L396_f03,z,3.119496855345915
L396_f03,z,6.67109634551494
L396_f03,z,4.0404040404040416
L396_f03,z,7.630434782608688
L396_f03,z,2.5789473684210407
L396_f03,z,3.0808510638297832
L396_f03,z,6.774809160305352
L396_f03,z,2.696696696696705
L396_f03,z,4.639784946236546
L396_f03,z,3.3561643835616337
L396_f03,z,4.936708860759495
L396_f03,z,2.03125
L396_f03,z,5.313113291703843
L396_f03,z,0.6334519572953639
L396_f03,z,6.517241379310349
L396_f03,z,1.7826086956521863
L396_f03,z,4.154302670623139
L396_f03,z,1.479452054794507
L396_f03,z,0.6103286384976627
L396_f03,z,2.063999999999993
L396_f03,z,4.234636871508371
L396_f03,z,3.441558441558442
L396_f03,z,5.746031746031747
L396_f03,z,0.05833333333333712
L396_f03,z,3.3209876543209873
L396_f03,z,2.075801749271136
L396_f03,z,0.1338912133891199
L396_f03,z,11.130120481927719
L396_f03,z,6.919732441471581
L396_f03,z,2.135472370766479
L396_f03,z,0.9286577992744753
L396_f03,z,1.741293532338318
L396_f03,z,2.2545454545454504
L396_f03,z,1.6833333333333371
L396_f03,z,4.85407725321889
L396_f03,z,1.7953488372093034
L396_f03,z,0.8433734939759177
L396_f03,z,5.694352159468451
L396_f03,z,4.176678445229669
L396_f03,z,5.541062801932355
L396_f03,z,4.731591448931113
L396_f03,z,5.093425605536339
L396_f03,z,6.228571428571428
L396_f03,z,7.788617886178855
L396_f03,z,10.436363636363637
L396_f03,z,2.6343612334801776
L396_f03,z,6.746113989637308
L396_f03,z,4.25454545454545
L396_f03,z,4.509090909090901
L396_f03,z,0.42156862745096646
L396_f03,z,2.0960000000000036
L396_f03,z,2.928406466512712
L396_f03,z,0.42500000000001137
L396_f03,z,2.8115942028985614
L396_f03,z,4.181459566074949
L396_f03,z,2.266343825665871
L396_f03,z,2.928909952606631
L396_f03,z,3.0749999999999886
L396_f03,z,4.1693548387096655
L396_f03,z,7.264916467780438
L396_f03,z,2.4702549575070805
L396_f03,z,4.502890173410407
L396_f03,z,0.2510822510822379
L396_f03,z,0.913242009132432
L396_f03,z,0.10335917312661991
L396_f03,z,4.31657355679701
L396_f03,z,3.025089605734763
L396_f03,z,3.446236559139777
L396_f03,z,1.7458193979933014
L396_f03,z,29.911545988258325
L396_f03,z,1.4269449715370115
L396_f03,z,2.0394736842105203
L396_f03,z,0.13084112149533667
L396_f03,z,1.0149253731343322
L396_f03,z,1.463768115942031
L396_f03,z,0.505050505050491
L396_f03,z,5.679487179487182
L396_f03,z,7.335149863760222
L396_f03,z,3.1370143149284218
L396_f03,z,4.438888888888897
L396_f03,z,2.2440944881889777
L396_f03,z,4.860465116279073
L396_f03,z,1.6549707602339083
L396_f03,z,3.1999999999999886
L396_f03,z,0.7391304347825951
L396_f03,z,3.786163522012572
L396_f03,z,3.2150537634408636
L396_f03,z,2.1896024464831783
L396_f03,z,0.8548057259713744
L396_f03,z,2.539325842696627
L396_f03,z,3.8075313807531472
L396_f03,z,3.682008368200826
L396_f03,z,9.49442896935932
L396_f03,z,2.1747572815534113
L396_f03,z,12.620352250489248
L396_f03,z,5.473460721868378
L396_f03,z,2.8862275449101844
L396_f03,z,4.2530120481927725
L396_f03,z,4.032786885245912
L396_f03,z,4.4453125
L396_f03,z,0.9090909090909065
L396_f03,z,0.1528497409326519
L396_f03,z,0.8763440860215042
L396_f03,z,2.6267605633802873
L396_f03,z,1.363636363636374
L396_f03,z,7.262096774193537
L396_f03,z,2.0931372549019613
L396_f03,z,0.3790849673202672
L396_f03,z,6.659793814432987
L396_f03,z,1.805092186128178
L396_f03,z,2.3268482490272504
L396_f03,z,1.5388127853881315
L396_f03,z,6.891509433962256
L396_f03,z,0.7898089171974618
L396_f03,z,4.948148148148135
L396_f03,z,1.57633587786259
L396_f03,z,1.9746031746031747
L396_f03,z,0.23021582733812807
L396_f03,z,12.22358722358723
L396_f03,z,4.124352331606218
L396_f03,z,4.496062992125985
L396_f03,z,2.3142857142857167
L396_f03,z,5.75706214689265
L396_f03,z,3.330677290836661
L396_f03,z,1.6533795493934065
L396_f03,z,0.8601694915254257
L396_f03,z,2.0049999999999955
L396_f03,z,4.056939501779368
L396_f03,z,1.2066115702479294
L396_f03,z,5.035087719298247
L396_f03,z,0.0066225165562912025
L396_f03,z,5.291666666666657
L396_f03,z,3.30136986301369
L396_f03,z,2.510978043912189
L396_f03,z,3.400593471810083
L396_f03,z,5.101449275362313
L396_f03,z,8.47765006385697
L396_f03,z,4.377118644067792
L396_f03,z,2.2285714285714278
L396_f03,z,2.1907824222936654
L396_f03,z,3.043062200956939
L396_f03,z,12.558404558404561
L396_f03,z,3.5626373626373606
L396_f03,z,5.728571428571428
L396_f03,z,12.171717171717177
L396_f03,z,3.777108433734952
L396_f03,z,1.5714285714285836
L396_f03,z,0.02649006622516481
L396_f03,z,2.6266924564797023
L396_f03,z,1.128557409224726
L396_f03,z,3.9482200647249215
L396_f03,z,1.7149877149877284
L396_f03,z,6.0615384615384755
L396_f03,z,3.75
L396_f03,z,3.759689922480618
L396_f03,z,0.40625
L396_f03,z,4.468656716417911
L396_f03,z,5.883928571428584
L396_f03,z,1.1693834160170127
L396_f03,z,4.687999999999988
L396_f03,z,2.4543080939947686
L396_f03,z,12.967213114754088
L396_f03,z,4.581250000000011
L396_f03,z,2.5052631578947455
L396_f03,z,0.0
L396_f03,z,5.861027190332322
L396_f03,z,6.857142857142861
L396_f03,z,1.0452674897119323
L396_f03,z,6.425000000000011
L396_f03,z,5.516883116883122
L396_f03,z,3.857142857142861
L396_f03,z,4.2199312714776624
L396_f03,z,2.0274432931951765
L396_f03,z,3.6583143507972693
L396_f03,z,48.051356643356655
L396_f03,z,2.1771217712177133
L396_f03,z,3.4948805460750805
L396_f03,z,3.395543175487461
L396_f03,z,18.489592006661127
L396_f03,z,1.7554347826086882
L396_f03,z,23.928468208092482
L396_f03,z,11.503526858383083
L396_f03,z,7.333333333333343
L396_f03,z,4.493150684931493
L396_f03,z,2.842857142857156
L396_f03,z,1.3286318758815128
L396_f03,z,1.6231884057970944
L396_f03,z,1.170068027210874
L396_f03,z,3.589664082687335
L396_f03,z,8.779456193353468
L396_f03,z,3.7538461538461547
L396_f03,z,1.2121212121212182
L396_f03,z,18.24985473561884
L396_f03,z,4.544600938967136
L396_f03,z,0.0
L396_f03,z,3.357421875
L396_f03,z,4.420082911100877
L396_f03,z,2.988636363636374
L396_f03,z,9.744728079911198
L396_f03,z,0.09139784946236773
L396_f03,z,5.482213438735187
L396_f03,z,13.585365853658544
L396_f03,z,1.205976520811106
L396_f03,z,2.0899470899470884
L396_f03,z,3.836322869955154
L396_f03,z,11.030042918454939
L396_f03,z,10.76371308016877
L396_f03,z,5.339837398373987
L396_f03,z,3.325301204819283
L396_f03,z,6.430741733690809
L396_f03,z,5.031578947368416
L396_f03,z,17.987188132164533
L396_f03,z,2.3051742344244985
L396_f03,z,3.625
L396_f03,z,26.3068758652515
L396_f03,z,14.649473684210534
L396_f03,z,3.323711340206188
L396_f03,z,7.861392405063299
L396_f03,z,4.17073170731706
L396_f03,z,3.6625766871165695
L396_f03,z,14.177824267782427
L396_f03,z,0.2962962962963047
L396_f03,z,8.899895724713247
L396_f03,z,35.373985624855095
L396_f03,z,9.662256809338515
L396_f03,z,3.181069958847729
L396_f03,z,6.564192139737997
L396_f03,z,4.938337801608583
L396_f03,z,17.418108651911467
L396_f03,z,0.5245901639344197
L396_f03,z,0.818181818181813
L396_f03,z,0.5219542362399636
L396_f03,z,0.4000000000000057
L396_f03,z,10.095524956970735
L396_f03,z,2.414253897550111
L396_f03,z,0.7164179104477739
L396_f03,z,1.0177514792899274
L396_f03,z,4.836653386454174
L396_f03,z,4.122641509433976
L396_f03,z,3.6062639821029165
L396_f03,z,2.557939914163086
L396_f03,z,7.690607734806633
L396_f03,z,2.468271334792121
L396_f03,z,1.6942752740560252
L396_f03,z,2.595121951219511
L396_f03,z,2.94736842105263
L396_f03,z,3.946949602122004
L396_f03,z,4.361774744027315
L396_f03,z,7.758157389635329
L396_f03,z,2.4942528735632266
L396_f03,z,1.410112359550567
L396_f03,z,6.694704049844233
L396_f03,z,4.546125461254604
L396_f03,z,1.1700404858299578
L396_f03,z,4.354166666666657
L396_f03,z,24.924612876935612
L396_f03,z,3.059453668987686
L396_f03,z,0.9338842975206489
L396_f03,z,3.1216730038022718
L396_f03,z,1.6858564321250924
L396_f03,z,1.0318725099601522
L396_f03,z,4.926118626430792
L396_f03,z,5.9288389513108655
L396_f03,z,5.1782178217821695
L396_f03,z,10.063781321184507
L396_f03,z,0.8264462809917461
L396_f03,z,2.98795180722891
L396_f03,z,1.2784313725490222
L396_f03,z,2.852550663871426
L396_f03,z,1.657407407407419
L396_f03,z,0.1756756756756772
L396_f03,z,7.0614334470989775
L396_f03,z,3.162534435261705
L396_f03,z,8.760942760942754
L396_f03,z,5.0449438202247165
L396_f03,z,0.9606490872210998
L396_f03,z,3.3215999999999894
L396_f03,z,5.5257731958762975
L396_f03,z,3.6804733727810515
L396_f03,z,0.8838821490467978
L396_f03,z,1.4571428571428555
L396_f03,z,6.568595041322311
L396_f03,z,5.338266384778024
L396_f03,z,0.8903225806451474
L396_f03,z,7.632107023411379
L396_f03,z,0.123260437375734
L396_f03,z,7.578420213976784
L396_f03,z,0.0
L396_f03,z,4.281407035175874
L396_f03,z,16.107169811320745
L396_f03,z,20.62640449438203
L396_f03,z,4.325301204819283
L396_f03,z,7.563549160671471
L396_f03,z,1.227467811158789
L396_f03,z,0.8148148148148096
L396_f03,z,13.863313990973552
L396_f03,z,4.444771723122244
L396_f03,z,4.851405622489949
L396_f03,z,5.969696969696969
L396_f03,z,5.829787234042556
L396_f03,z,2.138554216867476
L396_f03,z,6.162601626016254
L396_f03,z,1.4219948849104753
L396_f03,z,6.791666666666657
L396_f03,z,5.459090909090918
L396_f03,z,4.550943396226415
L396_f03,z,1.4824561403508767
L396_f03,z,2.833333333333343
L396_f03,z,5.64705882352942
L396_f03,z,3.10075187969926
L396_f03,z,0.3802163833075838
L396_f03,z,0.6068111455108465
L396_f03,z,4.369747899159677
L396_f03,z,0.7757575757575808
L396_f03,z,4.647564469914045
L396_f03,z,1.7638942123418815
L396_f03,z,1.6744186046511516
L396_f03,z,3.605714285714299
L396_f03,z,1.7983651226157917
L396_f03,z,7.3958990536277724
L396_f03,z,4.979899497487423
L396_f03,z,1.3000000000000114
L396_f03,z,1.2362948960302447
L396_f03,z,1.7216828478964317
L396_f03,z,6.860091743119256
L396_f03,z,3.9646910466582597
L396_f03,z,0.23265306122448237
L396_f03,z,2.863829787234039
L396_f03,z,8.176576576576565
L396_f03,z,5.25595238095238
L396_f03,z,0.1245421245421312
L396_f03,z,2.407710280373834
L396_f03,z,9.053763440860223
L396_f03,z,3.0159574468084998
L396_f03,z,7.191948238677213
L396_f03,z,1.246006389776369
L396_f03,z,2.8802946593001764
L396_f03,z,0.9405204460966559
L396_f03,z,7.763888888888886
L396_f03,z,2.4040920716112453
L396_f03,z,2.7953091684435094
L396_f03,z,7.915343915343925
L396_f03,z,1.4426229508196684
L396_f03,z,3.717121588089327
L396_f03,z,3.1379928315412258
L396_f03,z,6.280701754385973
L396_f03,z,0.14482758620690106
L396_f03,z,2.669527896995703
L396_f03,z,5.4730538922155745
L396_f03,z,0.9425287356321803
L396_f03,z,3.8469565217391164
L396_f03,z,0.5673758865248146
L396_f03,z,6.172839506172835
L396_f03,z,2.0496894409938022
L396_f03,z,5.398692810457504
L396_f03,z,2.3413461538461604
L396_f03,z,8.156321839080448
L396_f03,z,3.033210332103323
L396_f03,z,1.5327102803738342
L396_f03,z,5.0028653295129
L396_f03,z,5.832369942196522
L396_f03,z,13.599210266535039
L396_f03,z,10.541760722347618
L396_f03,z,7.890728476821181
L396_f03,z,3.275862068965523
L396_f03,z,8.18020679468242
L396_f03,z,1.1386138613861476
L396_f03,z,1.3018867924528195
L396_f03,z,6.666666666666657
L396_f03,z,4.278177458033582
L396_f03,z,6.953307392996095
L396_f03,z,3.157534246575352
L396_f03,z,5.391585760517813
L396_f03,z,5.774390243902445
L396_f03,z,4.297766749379662
L396_f03,z,7.845484221980399
L396_f03,z,1.762711864406782
L396_f03,z,0.8472222222222285
L396_f03,z,1.9179104477611872
L396_f03,z,0.1630434782608745
L396_f03,z,7.300771208226223
L396_f03,z,12.193271295633508
L396_f03,z,1.592356687898075
L396_f03,z,4.38095238095238
L396_f03,z,0.1945701357466021
L396_f03,z,7.987804878048792
L396_f03,z,8.744014732965013
L396_f03,z,5.704797047970487
L396_f03,z,1.556982343499186
L396_f03,z,8.131078224101486
L396_f03,z,3.9716981132075375
L396_f03,z,3.474332648870643
L396_f03,z,6.1779661016949206
L396_f03,z,1.1920529801324449
L396_f03,z,5.787878787878782
L396_f03,z,7.361386138613852
L396_f03,z,3.0128440366972598
L396_f03,z,2.8148148148148096
L396_f03,z,6.455840455840445
L396_f03,z,4.967824967824981
L396_f03,z,3.3000000000000114
L396_f03,z,0.9257142857142924
L396_f03,z,0.8769716088328039
L396_f03,z,2.142259414225947
L396_f03,z,1.5274725274725256
L396_f03,z,4.010928961748647
L396_f03,z,4.758620689655174
L396_f03,z,5.182741116751259
L396_f03,z,1.486988847583632
L396_f03,z,4.840425531914889
L396_f03,z,1.7062146892655505
L396_f03,z,5.851717902350828
L396_f03,z,5.5380835380835265
L396_f03,z,1.6346749226006239
L396_f03,z,3.168724279835402
L396_f03,z,6.769784172661872
L396_f03,z,0.893203883495147
L396_f03,z,6.283185840707972
L396_f03,z,2.4666666666666686
L396_f03,z,0.42888402625820277
L396_f03,z,3.975999999999999
L396_f03,z,3.165680473372788
L396_f03,z,1.0424242424242323
L396_f03,z,3.7894736842105203
L396_f03,z,1.3244916003536673
L396_f03,z,4.490028490028493
L396_f03,z,0.13824884792626335
L396_f03,z,4.973451327433622
L396_f03,z,3.094696969696969
L396_f03,z,1.826086956521749
L396_f03,z,2.1975903614457764
L396_f03,z,4.189655172413779
L396_f03,z,7.400000000000006
L396_f03,z,5.22018348623854
L396_f03,z,1.0892857142857224
L396_f03,z,0.543554006968634
L396_f03,z,4.722891566265048
L396_f03,z,3.6232464929859702
L396_f03,z,1.7742663656884758
L396_f03,z,1.6797385620915009
L396_f03,z,3.2020202020202078
L396_f03,z,3.984031936127735
L396_f03,z,1.25
L396_f03,z,3.421947449768169
L396_f03,z,0.9826589595375594
L396_f03,z,0.34817813765181427
L396_f03,z,6.029372496662205
L396_f03,z,4.693693693693689
L396_f03,z,5.459731543624173
L396_f03,z,1.2511013215859066
L396_f03,z,2.316258351893083
L396_f03,z,6.194805194805184
L396_f03,z,3.9606557377049114
L396_f03,z,6.349514563106794
L396_f03,z,5.164893617021278
L396_f03,z,0.258766626360341
L396_f03,z,2.192307692307679
L396_f03,z,3.062344139650861
L396_f03,z,2.6716981132075546
L396_f03,z,0.2797494780793386
L396_f03,z,0.24119241192411778
L396_f03,z,5.275779376498804
L396_f03,z,1.5855855855855907
L396_f03,z,1.560975609756099
L396_f03,z,3.8887171561050877
L396_f03,z,5.703007518796994
L396_f03,z,0.8270676691729193
L396_f03,z,0.22310756972112245
L396_f03,z,3.2633181126331863
L396_f03,z,1.1872509960159334
L396_f03,z,3.0030581039755475
L396_f03,z,3.267605633802816
L396_f03,z,4.875862068965517
L396_f03,z,4.0972222222222285
L396_f03,z,6.84457478005865
L396_f03,z,5.34210526315789
L396_f03,z,1.0958605664488061
L396_f03,z,4.327586206896541
L396_f03,z,4.411458333333343
L396_f03,z,4.901140684410649
L396_f03,z,0.5084745762711975
L396_f03,z,3.6438356164383663
L396_f03,z,3.6275862068965523
L396_f03,z,4.484375
L396_f03,z,2.613636363636374
L396_f03,z,3.7953488372093034
L396_f03,z,0.18181818181818699
L396_f03,z,4.227642276422756
L396_f03,z,6.932110091743112
L396_f03,z,7.940691927512347
L396_f03,z,1.6419753086419746
L396_f03,z,2.7433628318584056
L396_f03,z,0.6695842450765781
L396_f03,z,2.597101449275357
L396_f03,z,2.8337028824833794
L396_f03,z,4.30857142857144
L396_f03,z,5.427350427350433
L396_f03,z,6.774358974358961
L396_f03,z,2.0317460317460245
L396_f03,z,2.7988165680473287
L396_f03,z,3.2747252747252844
L396_f03,z,5.8489065606361805
L396_f03,z,0.9562790697674473
L396_f03,z,3.619277108433721
L396_f03,z,3.9030837004405328
L396_f03,z,0.24669603524228023
L396_f03,z,4.0843373493976
L396_f03,z,3.33806146572104
L396_f03,z,1.7154989384288797
L396_f03,z,5.15384615384616
L396_f03,z,3.1015228426395822
L396_f03,z,9.769607843137265
L396_f03,z,0.8653061224489704
L396_f03,z,7.756799999999998
L396_f03,z,1.7302631578947398
L396_f03,z,2.884437596302007
L396_f03,z,2.4782608695652186
L396_f03,z,0.5403624382207681
L396_f03,z,1.8542510121457383
L396_f03,z,5.2804428044280485
L396_f03,z,0.7479674796747986
L396_f03,z,6.569721115537845
L396_f03,z,2.9775784753363155
L396_f03,z,1.560975609756099
L396_f03,z,0.3219512195121865
L396_f03,z,0.4761904761904816
L396_f03,z,3.2795969773299873
L396_f03,z,2.2270270270270203
L396_f03,z,4.7297297297297405
L396_f03,z,2.478350515463916
L396_f03,z,4.369565217391312
L396_f03,z,0.08275862068964557
L396_f03,z,4.986193293885606
L396_f03,z,0.25984251968503713
L396_f03,z,0.4571428571428555
L396_f03,z,0.983606557377044
L396_f03,z,5.144186046511635
L396_f03,z,1.3667205169628573
L396_f03,z,0.13761467889906953
L396_f03,z,0.851485148514854
L396_f03,z,2.1824817518248096
L396_f03,z,12.123308270676688
L396_f03,z,0.4090909090909065
L396_f03,z,4.77178423236515
L396_f03,z,4.977346278317157
L396_f03,z,5.900990099009903
L396_f03,z,9.00242130750604
L396_f03,z,4.192468619246853
L396_f03,z,5.675675675675677
L396_f03,z,4.643884892086334
L396_f03,z,2.312056737588648
L396_f03,z,7.891970802919701
L396_f03,z,3.9783783783783804
L396_f03,z,2.680089485458609
L396_f03,z,12.383739837398366
L396_f03,z,12.181046676096173
L396_f03,z,3.4766355140186818
L396_f03,z,5.558823529411768
L396_f03,z,2.493902439024396
L396_f03,z,1.5940740740740864
L396_f03,z,6.983240223463696
L396_f03,z,1.2626931567328938
L396_f03,z,4.492857142857133
L396_f03,z,3.965870307167222
L396_f03,z,0.348258706467675
L396_f03,z,2.0533333333333417
L396_f03,z,3.1111111111111143
L396_f03,z,3.4827586206896513
L396_f03,z,1.5186440677966004
L396_f03,z,9.366548042704636
L396_f03,z,15.313113291703843
L396_f03,z,2.7727272727272805
L396_f03,z,0.807174887892387
L396_f03,z,3.26666666666668
L396_f03,z,6.744274809160316
L396_f03,z,5.845697329376861
L396_f03,z,5.874055415617136
L396_f03,z,2.262008733624441
L396_f03,z,3.382187147688825
L396_f03,z,2.298429319371735
L396_f03,z,3.1771428571428544
L396_f03,z,8.430167597765376
L396_f03,z,2.8637168141592895
L396_f03,z,0.8554572271386292
L396_f03,z,0.48275862068965125
L396_f03,z,3.840764331210181
L396_f03,z,3.048034934497821
L396_f03,z,1.2490706319702554
L396_f03,z,3.080267558528419
L396_f03,z,8.212949640287775
L396_f03,z,6.764267990074444
L396_f03,z,3.009950248756212
L396_f03,z,2.857142857142861
L396_f03,z,1.9064935064935185
L396_f03,z,2.2146892655367196
L396_f03,z,0.4535637149027991
L396_f03,z,1.3865030674846537
L396_f03,z,5.093023255813961
L396_f03,z,3.8470588235294088
L396_f03,z,2.2966292134831576
L396_f03,z,1.0
L396_f03,z,3.7102272727272805
L396_f03,z,7.682242990654203
L396_f03,z,4.305647840531549
L396_f03,z,4.906574394463661
L396_f03,z,1.3025404157043852
L396_f03,z,5.344537815126046
L396_f03,z,7.329305135951671
L396_f03,z,3.2538860103626916
L396_f03,z,5.19860627177701
L396_f03,z,0.8976377952755854
L396_f03,z,1.7056277056277054
L396_f03,z,5.312977099236633
L396_f03,z,2.2804597701149305
L396_f03,z,7.038647342995176
L396_f03,z,0.20846905537459293
L396_f03,z,2.532786885245912
L396_f03,z,2.854961832061065
L396_f03,z,0.4363636363636374
L396_f03,z,9.787003610108314
L396_f03,z,3.5980392156862706
L396_f03,z,1.9267015706806205
L396_f03,z,1.4728033472803475
L396_f03,z,4.269230769230774
L396_f03,z,6.569721115537845
L396_f03,z,5.113105924596056
L396_f03,z,9.148936170212778
L396_f03,z,4.2489270386266185
L396_f03,z,2.1575178997613307
L396_f03,z,1.654901960784315
L396_f03,z,2.563265306122446
L396_f03,z,1.9211469534050138
L396_f03,z,19.911545988258325
L396_f03,z,2.3552311435523166
L396_f03,z,0.5333333333333314
L396_f03,z,0.07010309278351201
L396_f03,z,7.484615384615381
L396_f03,z,1.872791519434628
L396_f03,z,2.4980842911877517
L396_f03,z,2.1696969696969575
L396_f03,z,2.294117647058812
L396_f03,z,6.553763440860223
L396_f03,z,2.857142857142861
L396_f03,z,1.3304347826087053
L396_f03,z,11.544284632853902
L396_f03,z,0.4807256235827708
L396_f03,z,6.974910394265237
L396_f03,z,2.664850136239778
L396_f03,z,1.5103448275862092
L396_f03,z,0.007194244604306732
L396_f03,z,4.201600000000013
L396_f03,z,2.4901960784313815
L396_f03,z,4.320512820512818
L396_f03,z,1.4968553459119391
L396_f03,z,2.580204778156997
L396_f03,z,1.7702702702702595
L396_f03,z,1.2909090909090821
L396_f03,z,2.839694656488547
L396_f03,z,0.6666666666666572
L396_f03,z,6.99396378269617
L396_f03,z,2.4210526315789593
L396_f03,z,1.8920187793427203
L396_f03,z,1.0508474576271283
L396_f03,z,2.1254125412541214
L396_f03,z,4.719817767653751
L396_f03,z,0.10079575596816426
L396_f03,z,6.8564476885644865
L396_f03,z,3.3809523809523796
L396_f03,z,1.1742424242424363
L396_f03,z,0.48635235732010074
L396_f03,z,5.769230769230774
L396_f03,z,0.4275862068965637
L396_f03,z,1.3333333333333428
L396_f03,z,0.6582278481012622
L396_f03,z,3.7546468401486948
L396_f03,z,1.0
L396_f03,z,2.8325358851674594
L396_f03,z,1.2941176470588118
L396_f03,z,2.6203522504892476
L396_f03,z,1.3488372093023315
L396_f03,z,1.711382113821145
L396_f03,z,1.064377682403432
L396_f03,z,3.3402061855670127
L396_f03,z,1.5599128540305003
L396_f03,z,1.4435483870967687
L396_f03,z,1.7410714285714164
L396_f03,z,0.3571428571428612
L396_f03,z,0.9082125603864597
L396_f03,z,4.67012987012987
L396_f03,z,4.288107202680067
L396_f03,z,3.4435483870967687
L396_f03,z,0.5055710306406809
L396_f03,z,2.2235872235872307
L396_f03,z,1.6426512968299676
L396_f03,z,3.5079872204472906
L396_f03,z,0.18328840970349347
L396_f03,z,1.6981132075471805
L396_f03,z,0.17647058823530415
L396_f03,z,2.5523465703971056
L396_f03,z,2.7379032258064626
L396_f03,z,9.769784172661872
L396_f03,z,6.257009345794387
L396_f03,z,0.28919860627178196
L396_f03,z,2.364741641337389
L396_f03,z,7.521951219512204
L396_f03,z,4.412322274881518
L396_f03,z,11.22529644268775
L396_f03,z,3.7862068965517324
L396_f03,z,6.591760299625463
L396_f03,z,8.346620450606594
L396_f03,z,7.809217577706335
L396_f03,z,6.316577540106948
L396_f03,z,3.063829787234056
L396_f03,z,2.1717171717171766
L396_f03,z,0.8546255506607849
L396_f03,z,0.932989690721655
L396_f03,z,1.52234993614303
L396_f03,z,3.9418604651162923
L396_f03,z,8.871442590775274
L396_f03,z,2.185303514376983
L396_f03,z,38.051356643356655
L396_f03,z,4.1495016611295625
L396_f03,z,7.373307543520298
L396_f03,z,4.116071428571416
L396_f03,z,4.032432432432444
L396_f03,z,1.7665615141955868
L396_f03,z,3.2705601907032076
L396_f03,z,4.138972809667678
L396_f03,z,6.606382978723417
L396_f03,z,3.142857142857139
L396_f03,z,0.1599999999999966
L396_f03,z,1.8109965635738945
L396_f03,z,2.967213114754088
L396_f03,z,0.1867321867322005
L396_f03,z,11.169383416017013
L396_f03,z,6.168674698795172
L396_f03,z,0.7872340425531945
L396_f03,z,3.0209205020920535
L396_f03,z,3.5749999999999886
L396_f03,z,1.5176470588235418
L396_f03,z,7.157142857142844
L396_f03,z,3.3444816053511772
L396_f03,z,16.803816338700074
L396_f03,z,1.2307692307692264
L396_f03,z,8.241379310344826
L396_f03,z,8.71885336273428
L396_f03,z,3.6074074074074076
L396_f03,z,4.328097731239097
L396_f03,z,2.172413793103459
L396_f03,z,5.579917088899123
L396_f03,z,33.92846820809248
L396_f03,z,10.131914893617022
L396_f03,z,11.328631875881513
L396_f03,z,6.720386784850916
L396_f03,z,1.5035268583830828
L396_f03,z,1.3426573426573327
L396_f03,z,0.7637130801687704
L396_f03,z,1.546391752577307
L396_f03,z,4.094890510948915
L396_f03,z,26.99499328367321
L396_f03,z,2.138607594936701
L396_f03,z,0.25527192008880206
L396_f03,z,4.06332453825857
L396_f03,z,4.282685512367493
L396_f03,z,0.3678160919540119
L396_f03,z,16.706739526411667
L396_f03,z,1.0738255033556925
L396_f03,z,10.617042115572957
L396_f03,z,3.569258266309191
L396_f03,z,4.660162601626013
L396_f03,z,24.818992805755386
L396_f03,z,9.527896995708147
L396_f03,z,0.8000000000000114
L396_f03,z,2.764705882352928
L396_f03,z,3.848739495798327
L396_f03,z,5.061662198391417
L396_f03,z,0.3377431906614845
L396_f03,z,4.212121212121218
L396_f03,z,6.375
L396_f03,z,13.703225806451627
L396_f03,z,1.9176029962546863
L396_f03,z,0.09552495697073482
L396_f03,z,3.142857142857139
L396_f03,z,1.2868852459016296
L396_f03,z,2.241842610364671
L396_f03,z,5.645833333333343
L396_f03,z,2.871035940803381
L396_f03,z,11.685856432125092
L396_f03,z,14.924612876935612
L396_f03,z,8.305724725943975
L396_f03,z,3.5913734392735535
L396_f03,z,0.5625
L396_f03,z,6.940546331012314
L396_f03,z,4.4742268041237025
L396_f03,z,1.772594752186592
L396_f03,z,3.431404958677689
L396_f03,z,0.7894736842105203
L396_f03,z,4.982258064516117
L396_f03,z,1.0775075987841944
L396_f03,z,0.19999999999998863
L396_f03,z,5.555228276877756
L396_f03,z,0.6956521739130324
L396_f03,z,8.5
L396_f03,z,2.238683127572017
L396_f03,z,2.3844856661045526
L396_f03,z,8.414431082331163
L396_f03,z,0.2392638036809842
L396_f03,z,4.170212765957444
L396_f03,z,2.6041009463722276
L396_f03,z,13.10075187969926
L396_f03,z,0.09790209790210724
L396_f03,z,4.030303030303031
L396_f03,z,4.35294117647058
L396_f03,z,7.228810476536921
L396_f03,z,1.422480620155028
L396_f03,z,6.03530895334174
L396_f03,z,5.037131882202317
L396_f03,z,3.9922480620155056
L396_f03,z,8.236105787658119
L396_f03,z,7.592289719626166
L396_f03,z,4.74404761904762
L396_f03,z,8.173553719008254
L396_f03,z,3.9718309859154886
L396_f03,z,5.758241758241752
L396_f03,z,3.719298245614027
L396_f03,z,6.884366327474567
L396_f03,z,2.897755610972581
L396_f03,z,3.977064220183479
L396_f03,z,0.2313253012048051
L396_f03,z,7.119705340699824
L396_f03,z,4.601307189542496
L396_f03,z,2.091324200913249
L396_f03,z,6.960451977401135
L396_f03,z,0.997076023391827
L396_f03,z,12.026217228464418
L396_f03,z,0.9139072847682144
L396_f03,z,3.5992102665350387
L396_f03,z,8.789719626168221
L396_f03,z,2.38438438438439
L396_f03,z,4.225609756097555
L396_f03,z,3.333333333333343
L396_f03,z,1.9497907949790658
L396_f03,z,4.761904761904759
L396_f03,z,2.5466237942122234
L396_f03,z,5.253918495297796
L396_f03,z,0.36599423631125205
L396_f03,z,1.8359788359788354
L396_f03,z,3.036777583187387
L396_f03,z,2.9605263157894797
L396_f03,z,2.0121951219512084
L396_f03,z,5.61904761904762
L396_f03,z,0.7547169811320771
L396_f03,z,3.8220338983050794
L396_f03,z,5.241379310344826
L396_f03,z,1.9742489270386159
L396_f03,z,6.699999999999989
L396_f03,z,4.212121212121218
L396_f03,z,7.071583514099785
L396_f03,z,4.148282097649172
L396_f03,z,1.4870466321243612
L396_f03,z,19.111817700052995
L396_f03,z,0.6744868035190734
L396_f03,z,3.716814159292028
L396_f03,z,3.230215827338128
L396_f03,z,1.2482014388489233
L396_f03,z,1.6088435374149697
L396_f03,z,1.8578512396694293
L396_f03,z,8.099078341013836
L396_f03,z,8.3202614379085
L396_f03,z,6.7954545454545325
L396_f03,z,2.5999999999999943
L396_f03,z,4.981707317073159
L396_f03,z,5.177419354838719
L396_f03,z,5.47899159663865
L396_f03,z,2.978647686832744
L396_f03,z,1.5755517826825098
L396_f03,z,0.941956882255397
L396_f03,z,3.108571428571423
L396_f03,z,1.3429319371727786
L396_f03,z,6.500616522811356
L396_f03,z,1.3630831643002068
L396_f03,z,2.290322580645153
L396_f03,z,4.112852664576792
L396_f03,z,4.131578947368411
L396_f03,z,3.650485436893206
L396_f03,z,4.0478087649402426
L396_f03,z,1.1417624521072867
L396_f03,z,3.8660714285714164
L396_f03,z,6.039344262295089
L396_f03,z,3.9034852546917023
L396_f03,z,3.071684587813621
L396_f03,z,6.955696202531641
L396_f03,z,4.296992481203006
L396_f03,z,2.556900726392257
L396_f03,z,2.8967136150234865
L396_f03,z,4.935837245696405
L396_f03,z,1.2134292565947362
L396_f03,z,3.139534883720927
L396_f03,z,0.1354166666666572
L396_f03,z,8.904139433551194
L396_f03,z,2.5933333333333337
L396_f03,z,0.5035971223021534
L396_f03,z,0.9319727891156333
L396_f03,z,6.699604743083
L396_f03,z,2.555555555555543
L396_f03,z,0.4444444444444571
L396_f03,z,6.51558073654391
L396_f03,z,4.4733727810650805
L396_f03,z,7.0413943355119955
L396_f03,z,1.284518828451894
L396_f03,z,2.059308072487653
L396_f03,z,3.288537549407124
L396_f03,z,3.225641025641039
L396_f03,z,4.5459610027855035
L396_f03,z,2.1823899371069047
L396_f03,z,10.930379746835456
L396_f03,z,4.1510934393638195
L396_f03,z,0.08152173913043725
L396_f03,z,9.043720930232553
L396_f03,z,2.8517823639774917
L396_f03,z,6.380722891566279
L396_f03,z,2.19742489270385
L396_f03,z,1.6739446870451218
L396_f03,z,6.66193853427896
L396_f03,z,5.726415094339615
L396_f03,z,1.3778801843317865
L396_f03,z,6.524305555555543
L396_f03,z,0.47204968944100756
L396_f03,z,0.3510848126232702
L396_f03,z,4.759493670886087
L396_f03,z,5.675000000000011
L396_f03,z,3.9801587301587347
L396_f03,z,5.962848297213611
L396_f03,z,3.380352644836279
L396_f03,z,5.535714285714278
L396_f03,z,2.006734006734007
L396_f03,z,4.7195571955719515
L396_f03,z,2.660465116279056
L396_f03,z,3.7897091722595064
L396_f03,z,2.550335570469798
L396_f03,z,5.69633507853402
L396_f03,z,4.605405405405406
L396_f03,z,1.3116883116883002
L396_f03,z,5.059925093632955
L396_f03,z,5.013806706114394
L396_f03,z,3.549549549549539
L396_f04,xy,2.0420607216136877
L396_f04,xy,0.7191813266437057
L396_f04,xy,0.2599319832352516
L396_f04,xy,3.944168801902628
L396_f04,xy,0.9254139319251028
L396_f04,xy,0.5352239678209713
L396_f04,xy,2.6945413091562114
L396_f04,xy,0.6892245407178585
L396_f04,xy,0.2444333341578993
L396_f04,xy,0.6904269236716424
L396_f04,xy,1.1879259589922215
L396_f04,xy,0.9448858804769146
L396_f04,xy,1.9753154989221409
L396_f04,xy,1.2022339888297937
L396_f04,xy,0.6130669113890812
L396_f04,xy,0.8204248281092816
L396_f04,xy,0.9155483871152008
L396_f04,xy,1.9945795575096197
L396_f04,xy,0.271043384901275
L396_f04,xy,0.107061603660028
L396_f04,xy,1.8076326188156997
L396_f04,xy,2.289159110274462
L396_f04,xy,0.7040257825894402
L396_f04,xy,0.7317545863360744
L396_f04,xy,0.9053655436329238
L396_f04,xy,1.4469153662827228
L396_f04,xy,0.3034225973280518
L396_f04,xy,0.1799046851746962
L396_f04,xy,1.1964653067918942
L396_f04,xy,1.0843748709807213
L396_f04,xy,0.6258075204629913
L396_f04,xy,0.5162493218835983
L396_f04,xy,1.292799641796358
L396_f04,xy,1.7787505675112276
L396_f04,xy,0.4214660395206069
L396_f04,xy,0.7726853283704069
L396_f04,xy,1.188321423861421
L396_f04,xy,1.3822584274971743
L396_f04,xy,0.4230452802050652
L396_f04,xy,1.8815408919779617
L396_f04,xy,0.6146753943537522
L396_f04,xy,0.4978613564863708
L396_f04,xy,0.1790380802304955
L396_f04,xy,2.860799951625012
L396_f04,xy,1.66499929131319
L396_f04,xy,0.209157983082805
L396_f04,xy,0.4428831182041564
L396_f04,xy,1.0080197551886805
L396_f04,xy,2.8166506639972617
L396_f04,xy,2.8394538024811147
L396_f04,xy,1.4013467527363834
L396_f04,xy,0.3213184088457419
L396_f04,xy,0.9575210095086336
L396_f04,xy,0.6802813292265174
L396_f04,xy,1.8549541502352067
L396_f04,xy,1.1542639499558682
L396_f04,xy,0.5725853634312236
L396_f04,xy,0.8868792464779925
L396_f04,xy,0.119882796078393
L396_f04,xy,0.5511828051878165
L396_f04,xy,0.36785014472215
L396_f04,xy,0.6224556988890061
L396_f04,xy,0.4569499443791108
L396_f04,xy,0.6694315492930594
L396_f04,xy,1.479374027391936
L396_f04,xy,0.2188703483443702
L396_f04,xy,0.190814077476664
L396_f04,xy,0.0821647621219724
L396_f04,xy,0.2006155079294183
L396_f04,xy,0.7334268415534706
L396_f04,xy,0.4395111124914573
L396_f04,xy,0.9395777949506656
L396_f04,xy,0.6472593951092429
L396_f04,xy,0.8050973020744051
L396_f04,xy,1.4420185533208822
L396_f04,xy,0.5584592010907509
L396_f04,xy,0.5511314502903807
L396_f04,xy,0.7062511928597887
L396_f04,xy,0.9410758974488744
L396_f04,xy,0.4800681912542797
L396_f04,xy,1.0874676756697863
L396_f04,xy,0.6535301970221091
L396_f04,xy,0.9111086914673124
L396_f04,xy,0.5772943165418319
L396_f04,xy,0.4365255770240062
L396_f04,xy,0.3015152755794584
L396_f04,xy,5.107500680294781
L396_f04,xy,1.333902093715163
L396_f04,xy,1.502594870370355
L396_f04,xy,0.1497833488837399
L396_f04,xy,2.502505144509852
L396_f04,xy,2.1267063148139127
L396_f04,xy,0.2955667665479159
L396_f04,xy,0.1980151921343765
L396_f04,xy,0.6024261809856635
L396_f04,xy,0.7326475915480581
L396_f04,xy,2.3104061092897528
L396_f04,xy,0.768916040900343
L396_f04,xy,0.7731123597731834
L396_f04,xy,0.3698833263994522
L396_f04,xy,0.6191006242909108
L396_f04,xy,0.6951477676589843
L396_f04,xy,0.1355648878481086
L396_f04,xy,0.2121105336856329
L396_f04,xy,0.504751616122292
L396_f04,xy,0.1756349040598439
L396_f04,xy,0.9476141261198726
L396_f04,xy,1.8195387400452736
L396_f04,xy,0.4221810737957688
L396_f04,xy,0.3233661989359513
L396_f04,xy,0.8287109267262347
L396_f04,xy,2.526035393217747
L396_f04,xy,0.8459620439568512
L396_f04,xy,0.6914129419700248
L396_f04,xy,0.2983634328308907
L396_f04,xy,0.3865280334681648
L396_f04,xy,2.1393621766737736
L396_f04,xy,2.5014966097194153
L396_f04,xy,1.7230391986736615
L396_f04,xy,1.7328898954467338
L396_f04,xy,0.5461286554399439
L396_f04,xy,0.4179944609803119
L396_f04,xy,0.3500826995324693
L396_f04,xy,1.2558754638675589
L396_f04,xy,1.837032897406075
L396_f04,xy,0.7061080934717303
L396_f04,xy,1.154031618083588
L396_f04,xy,3.5864102964310507
L396_f04,xy,3.0117530770655794
L396_f04,xy,1.4299315062920184
L396_f04,xy,0.4192942786358025
L396_f04,xy,0.4816501871921022
L396_f04,xy,2.4638127412762514
L396_f04,xy,1.7283929913949776
L396_f04,xy,0.3617342540682713
L396_f04,xy,2.3724774662639705
L396_f04,xy,0.3878586965007341
L396_f04,xy,0.8362215514130619
L396_f04,xy,4.076809292805254
L396_f04,xy,2.223054295446776
L396_f04,xy,2.875945613514786
L396_f04,xy,4.281352569741769
L396_f04,xy,0.7994162244616713
L396_f04,xy,3.692336358950324
L396_f04,xy,0.5390425959414462
L396_f04,xy,0.902117148824303
L396_f04,xy,3.229601524341052
L396_f04,xy,0.5958444864926439
L396_f04,xy,1.1346354345016694
L396_f04,xy,0.331134971000783
L396_f04,xy,0.9729055411248958
L396_f04,xy,0.8669182495879354
L396_f04,xy,1.263800271812355
L396_f04,xy,2.0745430888277205
L396_f04,xy,1.165257070769815
L396_f04,xy,3.828935559184433
L396_f04,xy,1.3560077439080502
L396_f04,xy,0.3840718981071576
L396_f04,xy,1.8977901243405528
L396_f04,xy,1.5915701072534425
L396_f04,xy,0.6766442842962016
L396_f04,xy,0.3829846031376102
L396_f04,xy,0.694416663565389
L396_f04,xy,0.3591077471511808
L396_f04,xy,1.730587231352862
L396_f04,xy,0.6421179171087721
L396_f04,xy,0.1322860564831832
L396_f04,xy,1.243771212425967
L396_f04,xy,0.4861277397345274
L396_f04,xy,2.106044882657777
L396_f04,xy,1.217497989823229
L396_f04,xy,0.4804230570297315
L396_f04,xy,0.7983829170714267
L396_f04,xy,0.4011637009970373
L396_f04,xy,0.5704645877672128
L396_f04,xy,2.121532167845767
L396_f04,xy,0.40756274951975
L396_f04,xy,0.365615993474459
L396_f04,xy,1.156528638391433
L396_f04,xy,0.8473166607944308
L396_f04,xy,0.3252447760422636
L396_f04,xy,0.6964217290175984
L396_f04,xy,0.6723258495388902
L396_f04,xy,0.3678550997629947
L396_f04,xy,1.9842475016969872
L396_f04,xy,0.3439407477757454
L396_f04,xy,1.06711119075006
L396_f04,xy,0.2038496359777712
L396_f04,xy,1.1018016454610566
L396_f04,xy,1.1076184800401043
L396_f04,xy,0.2030647679037104
L396_f04,xy,0.4864043619042205
L396_f04,xy,1.8348975422330631
L396_f04,xy,0.5021872741205289
L396_f04,xy,1.9868543346824528
L396_f04,xy,4.997315550283231
L396_f04,xy,1.0550088035089464
L396_f04,xy,0.6627839380774924
L396_f04,xy,0.5830080151784379
L396_f04,xy,1.9269518188335517
L396_f04,xy,0.7912959263096159
L396_f04,xy,2.845264610851765
L396_f04,xy,0.4532528769495441
L396_f04,xy,0.345798075413761
L396_f04,xy,2.005985925989283
L396_f04,xy,3.815688393131963
L396_f04,xy,2.921295385657142
L396_f04,xy,0.7759664418033952
L396_f04,xy,0.4125008820541124
L396_f04,xy,0.1879109875812805
L396_f04,xy,1.0578095900139308
L396_f04,xy,3.4224704617718955
L396_f04,xy,4.199911718690944
L396_f04,xy,4.64342117361051
L396_f04,xy,4.158180731951752
L396_f04,xy,0.8597556475412704
L396_f04,xy,1.1708997472967837
L396_f04,xy,0.4173318774738965
L396_f04,xy,2.5605669030152525
L396_f04,xy,0.4915161423052188
L396_f04,xy,0.651180154173035
L396_f04,xy,1.3137546666512705
L396_f04,xy,2.0059060863842433
L396_f04,xy,1.257826715906977
L396_f04,xy,0.6967293534028495
L396_f04,xy,2.616386218313759
L396_f04,xy,0.7270796860225279
L396_f04,xy,0.9616057044859478
L396_f04,xy,0.5468118714043141
L396_f04,xy,1.2787022690659364
L396_f04,xy,0.2412956414041003
L396_f04,xy,0.6980206286161996
L396_f04,xy,0.9808437515856648
L396_f04,xy,3.333695853218261
L396_f04,xy,0.2232389427994336
L396_f04,xy,1.0980956135712707
L396_f04,xy,0.6320816551699677
L396_f04,xy,3.020166630828333
L396_f04,xy,0.3930799804705228
L396_f04,xy,1.4992827920717553
L396_f04,xy,0.0756451555314563
L396_f04,xy,1.3875792364283783
L396_f04,xy,0.4163768317477847
L396_f04,xy,1.811472900007591
L396_f04,xy,0.1984550243266603
L396_f04,xy,0.358954905425443
L396_f04,xy,2.4237178588969104
L396_f04,xy,0.5893611580180087
L396_f04,xy,1.7261592400550272
L396_f04,xy,1.1525152523703597
L396_f04,xy,1.3828659006618425
L396_f04,xy,2.890223129379399
L396_f04,xy,1.4781590817407355
L396_f04,xy,0.5383098811510514
L396_f04,xy,0.6018287897615201
L396_f04,xy,1.5438661440835788
L396_f04,xy,0.9188095237756798
L396_f04,xy,1.0519060266869291
L396_f04,xy,0.627807804749805
L396_f04,xy,0.3262667243359025
L396_f04,xy,5.285137241865655
L396_f04,xy,0.1144395197075794
L396_f04,xy,0.086991567639104
L396_f04,xy,1.272115527454814
L396_f04,xy,0.5409503898916909
L396_f04,xy,1.4119682246943623
L396_f04,xy,2.519421366910132
L396_f04,xy,0.9715940212018296
L396_f04,xy,0.5897025809233859
L396_f04,xy,0.8044864408536588
L396_f04,xy,2.5740752397692295
L396_f04,xy,0.9896148003728216
L396_f04,xy,0.6045352643558627
L396_f04,xy,1.177344778383939
L396_f04,xy,2.843569510685436
L396_f04,xy,1.5809951041525154
L396_f04,xy,0.8599670478685144
L396_f04,xy,0.6773020790199392
L396_f04,xy,0.9449031147815566
L396_f04,xy,0.927053776497626
L396_f04,xy,0.1282224539230587
L396_f04,xy,0.6482218936102813
L396_f04,xy,1.3964118610850016
L396_f04,xy,0.5683935116921084
L396_f04,xy,0.658820524271249
L396_f04,xy,0.9157227042606308
L396_f04,xy,2.432022186251344
L396_f04,xy,1.282609428598111
L396_f04,xy,1.129120846476429
L396_f04,xy,0.4093808819684441
L396_f04,xy,1.634412511215953
L396_f04,xy,2.8514622977136983
L396_f04,xy,0.3448280832212697
L396_f04,xy,0.4868061758318259
L396_f04,xy,1.16900595001223
L396_f04,xy,1.545589631478455
L396_f04,xy,0.3805072461175201
L396_f04,xy,0.8733461714787666
L396_f04,xy,1.7608947186853412
L396_f04,xy,0.623235244485389
L396_f04,xy,3.218888926371738
L396_f04,xy,1.0365702842206328
L396_f04,xy,1.8556604288787453
L396_f04,xy,0.9599264972138224
L396_f04,xy,0.5979817588682189
L396_f04,xy,1.219653841393115
L396_f04,xy,1.8810013124680984
L396_f04,xy,2.396817298754739
L396_f04,xy,2.4480616630073877
L396_f04,xy,0.5984198123988513
L396_f04,xy,1.2975144075836809
L396_f04,xy,0.072789544685626
L396_f04,xy,0.5259394769428809
L396_f04,xy,0.1776179524064184
L396_f04,xy,0.4740996144364962
L396_f04,xy,0.4992002910071906
L396_f04,xy,0.2688184573048668
L396_f04,xy,0.1114037854329717
L396_f04,xy,0.8447386331546965
L396_f04,xy,2.488525567812077
L396_f04,xy,1.1779179774347317
L396_f04,xy,0.5042306908199561
L396_f04,xy,2.656074695982041
L396_f04,xy,0.119110281328114
L396_f04,xy,0.6763164498839777
L396_f04,xy,0.1925780840773026
L396_f04,xy,5.640553806243571
L396_f04,xy,1.2854163245371364
L396_f04,xy,1.6802244933607828
L396_f04,xy,0.4966980579933315
L396_f04,xy,0.8557566565788243
L396_f04,xy,1.4229456615874174
L396_f04,xy,2.307909673676771
L396_f04,xy,0.767457278685914
L396_f04,xy,1.8403605703678212
L396_f04,xy,0.4164279173424681
L396_f04,xy,0.5325513865225603
L396_f04,xy,0.5202535589334802
L396_f04,xy,0.3380958606960199
L396_f04,xy,1.9192928745633513
L396_f04,xy,2.822730733069572
L396_f04,xy,1.856601366455333
L396_f04,xy,1.7875007323706198
L396_f04,xy,3.0547497034781994
L396_f04,xy,0.8224066955820906
L396_f04,xy,0.5509299484542379
L396_f04,xy,1.660351407651102
L396_f04,xy,0.0349661727768451
L396_f04,xy,1.591300403549838
L396_f04,xy,1.0009664952306767
L396_f04,xy,1.83620838106659
L396_f04,xy,0.8336142649508895
L396_f04,xy,0.5713348550190172
L396_f04,xy,0.8813762548001021
L396_f04,xy,0.6058627183890682
L396_f04,xy,0.420632020964053
L396_f04,xy,2.900130119296263
L396_f04,xy,0.7756491447214064
L396_f04,xy,0.2267278695081816
L396_f04,xy,1.659625173788169
L396_f04,xy,0.4107429564245959
L396_f04,xy,2.6077148885216617
L396_f04,xy,0.8455085464597256
L396_f04,xy,1.6622966626330578
L396_f04,xy,0.8597878343639691
L396_f04,xy,0.9660012027879148
L396_f04,xy,1.6269031812251586
L396_f04,xy,1.3304469301261206
L396_f04,xy,0.6046785117941988
L396_f04,xy,0.7721011727535294
L396_f04,xy,0.7238583192339495
L396_f04,xy,1.2675826332774962
L396_f04,xy,1.8879257642011689
L396_f04,xy,1.514217910279028
L396_f04,xy,0.2605244588316112
L396_f04,xy,1.3565492446752356
L396_f04,xy,0.2753163254336587
L396_f04,xy,0.6766688682798618
L396_f04,xy,1.6321582707974036
L396_f04,xy,0.2674412990326468
L396_f04,xy,1.047928146791405
L396_f04,xy,0.4384249268398285
L396_f04,xy,1.2486657708469724
L396_f04,xy,1.4769021413406311
L396_f04,xy,0.5719718514012594
L396_f04,xy,1.545525647790493
L396_f04,xy,0.4041063557155315
L396_f04,xy,1.0997877474585545
L396_f04,xy,0.2222656885988239
L396_f04,xy,1.1520284024443246
L396_f04,xy,0.8503905276956374
L396_f04,xy,0.8827130361002156
L396_f04,xy,0.5309582791412549
L396_f04,xy,1.397150237325699
L396_f04,xy,0.4772958764871902
L396_f04,xy,1.0239695036507488
L396_f04,xy,0.4806269511191829
L396_f04,xy,2.1213186626756664
L396_f04,xy,2.665522179743685
L396_f04,xy,1.4266073295379664
L396_f04,xy,0.8969792729152124
L396_f04,xy,0.3489156109132843
L396_f04,xy,0.6481551194992561
L396_f04,xy,3.3670602695426424
L396_f04,xy,0.5860633757950022
L396_f04,xy,1.141034003836862
L396_f04,xy,0.387349945800183
L396_f04,xy,1.5496024883588475
L396_f04,xy,0.6286366423237074
L396_f04,xy,0.5388460448335971
L396_f04,xy,2.1168447829761727
L396_f04,xy,2.464774383640025
L396_f04,xy,0.9414454209575988
L396_f04,xy,0.6741521989441898
L396_f04,xy,2.794925677545776
L396_f04,xy,0.7722016450135768
L396_f04,xy,1.2550556849941108
L396_f04,xy,0.8160629702361857
L396_f04,xy,1.098106576317997
L396_f04,xy,1.5353474191134802
L396_f04,xy,0.963050201627458
L396_f04,xy,0.3491935234950178
L396_f04,xy,1.129280411512925
L396_f04,xy,0.4927964205754919
L396_f04,xy,0.426494503941931
L396_f04,xy,0.976643480694352
L396_f04,xy,2.3279696659918696
L396_f04,xy,0.5232256409530283
L396_f04,xy,0.575934941789597
L396_f04,xy,1.1856106076601378
L396_f04,xy,1.8467591317668677
L396_f04,xy,0.2308169914586408
L396_f04,xy,0.4993342208731373
L396_f04,xy,1.5932878676470177
L396_f04,xy,0.5018750986822291
L396_f04,xy,0.9831100770270608
L396_f04,xy,1.3864608172345132
L396_f04,xy,1.8243857525000928
L396_f04,xy,0.2951045190629564
L396_f04,xy,0.2316648667397551
L396_f04,xy,0.6633316514651263
L396_f04,xy,2.0724859467813017
L396_f04,xy,0.2054654788391475
L396_f04,xy,1.1615936798685698
L396_f04,xy,0.943634471476452
L396_f04,xy,0.9469487751384248
L396_f04,xy,0.9071968768949688
L396_f04,xy,2.333497712014762
L396_f04,xy,0.4255955138636073
L396_f04,xy,0.278816934660431
L396_f04,xy,0.892660871409752
L396_f04,xy,0.5166431592947958
L396_f04,xy,4.544833560702583
L396_f04,xy,1.018559527837948
L396_f04,xy,1.6639100334843582
L396_f04,xy,0.3200010588331416
L396_f04,xy,0.4610866272542796
L396_f04,xy,0.258921734320049
L396_f04,xy,1.3568571641918932
L396_f04,xy,0.6587022807017626
L396_f04,xy,0.5186583604836335
L396_f04,xy,0.4361794923618561
L396_f04,xy,0.5914999873414146
L396_f04,xy,0.7557611622477458
L396_f04,xy,0.417693944769388
L396_f04,xy,0.9718542910221554
L396_f04,xy,3.2927290225545325
L396_f04,xy,0.4421863546205851
L396_f04,xy,1.1875728748586891
L396_f04,xy,0.522935136757158
L396_f04,xy,0.720044969125053
L396_f04,xy,1.4831322226452517
L396_f04,xy,1.0393139796215152
L396_f04,xy,2.1436365045745034
L396_f04,xy,0.738909935726119
L396_f04,xy,0.6093909058168504
L396_f04,xy,1.776351036024177
L396_f04,xy,0.4917454395897127
L396_f04,xy,3.4681220168792986
L396_f04,xy,1.5227586420106158
L396_f04,xy,0.1618579645410824
L396_f04,xy,0.3240791662308958
L396_f04,xy,1.1253866326730877
L396_f04,xy,1.2311672694052649
L396_f04,xy,0.3758430451966453
L396_f04,xy,4.616892842799693
L396_f04,xy,0.210977901726437
L396_f04,xy,0.3221584001923331
L396_f04,xy,2.025276363154584
L396_f04,xy,0.5916428772217801
L396_f04,xy,0.7685227621345666
L396_f04,xy,0.4217386181736657
L396_f04,xy,0.9726289003598292
L396_f04,xy,0.54645519481459
L396_f04,xy,1.4382727298700664
L396_f04,xy,0.6235017118521846
L396_f04,xy,0.3519685246883395
L396_f04,xy,1.9573311812956091
L396_f04,xy,0.4047839958623732
L396_f04,xy,0.3886807971274781
L396_f04,xy,0.6349295871342411
L396_f04,xy,0.2346642730954114
L396_f04,xy,1.2798308945668275
L396_f04,xy,0.4796092011746073
L396_f04,xy,2.4569278793697387
L396_f04,xy,0.0753304515430543
L396_f04,xy,1.1076123987684845
L396_f04,xy,0.2359859512203109
L396_f04,xy,0.463136596688124
L396_f04,xy,1.2203857848482993
L396_f04,xy,0.2970485974480025
L396_f04,xy,1.2008177784604908
L396_f04,xy,0.5105127295134679
L396_f04,xy,0.8403987787046904
L396_f04,xy,1.3327037042714536
L396_f04,xy,2.5855577272738444
L396_f04,xy,1.0182418900803956
L396_f04,xy,0.1015309565910869
L396_f04,xy,0.1971561982433662
L396_f04,xy,1.469275135195351
L396_f04,xy,0.7142802240339173
L396_f04,xy,0.7317111859036417
L396_f04,xy,0.1874436722315986
L396_f04,xy,1.4913917060752244
L396_f04,xy,0.4750269523211269
L396_f04,xy,0.8634632095222465
L396_f04,xy,0.6082894344776355
L396_f04,xy,1.9479743951491415
L396_f04,xy,0.558472098856004
L396_f04,xy,0.1325693104436301
L396_f04,xy,0.4770581812521314
L396_f04,xy,0.8645345396078921
L396_f04,xy,1.398274028155034
L396_f04,xy,0.1587928928729462
L396_f04,xy,0.2770907576917645
L396_f04,xy,1.0160494079475522
L396_f04,xy,0.4985018108580585
L396_f04,xy,0.3469734781234977
L396_f04,xy,1.8551702427986807
L396_f04,xy,0.146694637101664
L396_f04,xy,0.4117016353184489
L396_f04,xy,0.1537192845944323
L396_f04,xy,0.3947294454543222
L396_f04,xy,2.7897252407508852
L396_f04,xy,2.733918532447906
L396_f04,xy,0.2116623026352553
L396_f04,xy,0.3674559091642421
L396_f04,xy,1.7563416707961672
L396_f04,xy,0.2816968084166496
L396_f04,xy,0.8145548440919737
L396_f04,xy,0.3339595746727745
L396_f04,xy,0.1405475775118075
L396_f04,xy,0.2642252026948401
L396_f04,xy,0.173598306852437
L396_f04,xy,0.3231828926206255
L396_f04,xy,1.723327683589772
L396_f04,xy,1.5911789877241902
L396_f04,xy,1.5262408041348812
L396_f04,xy,1.1361512548914992
L396_f04,xy,1.8776578751359991
L396_f04,xy,1.8466434878020572
L396_f04,xy,0.2577620386074737
L396_f04,xy,3.0060911118655778
L396_f04,xy,0.0556048186624945
L396_f04,xy,0.9245868819442892
L396_f04,xy,0.5756408086058097
L396_f04,xy,1.8091416570014216
L396_f04,xy,0.6689367377463689
L396_f04,xy,0.5780557563414501
L396_f04,xy,2.3626797644770208
L396_f04,xy,1.4335622743278462
L396_f04,xy,1.1638510121524592
L396_f04,xy,1.2648227271312495
L396_f04,xy,1.2390266107458443
L396_f04,xy,1.3052395011496198
L396_f04,xy,1.297768131483903
L396_f04,xy,3.4147170832687705
L396_f04,xy,0.8590671037688108
L396_f04,xy,2.315085668630869
L396_f04,xy,0.5633982723202806
L396_f04,xy,0.7213244823257929
L396_f04,xy,1.2670358437001308
L396_f04,xy,0.5208657820438041
L396_f04,xy,1.693412076601624
L396_f04,xy,4.091575248667962
L396_f04,xy,1.0547470885086525
L396_f04,xy,0.1185660515204846
L396_f04,xy,1.1083770991447133
L396_f04,xy,1.274573376253398
L396_f04,xy,3.600829251735439
L396_f04,xy,4.208435152869958
L396_f04,xy,3.0788654799383823
L396_f04,xy,0.3520774022313581
L396_f04,xy,1.1529454269517947
L396_f04,xy,1.478530419525786
L396_f04,xy,4.355345325584964
L396_f04,xy,1.405873586397076
L396_f04,xy,0.5990035565680172
L396_f04,xy,1.314168628533812
L396_f04,xy,1.7642956394420664
L396_f04,xy,0.7115357466634425
L396_f04,xy,3.0506800775942633
L396_f04,xy,2.8829784793527953
L396_f04,xy,0.7656052459261746
L396_f04,xy,0.7205103022149872
L396_f04,xy,1.595821209473742
L396_f04,xy,1.973294890646192
L396_f04,xy,0.5625470392785475
L396_f04,xy,1.087302806699619
L396_f04,xy,1.0320701069909095
L396_f04,xy,0.8472231764741291
L396_f04,xy,0.4586881690221967
L396_f04,xy,1.818010072604104
L396_f04,xy,0.9955307490540948
L396_f04,xy,1.315052278160292
L396_f04,xy,0.549623666468893
L396_f04,xy,0.8315884472579348
L396_f04,xy,2.2674165697600595
L396_f04,xy,0.3107085708430132
L396_f04,xy,0.4764482312301101
L396_f04,xy,0.7783598447147033
L396_f04,xy,1.7615652078586987
L396_f04,xy,0.1585781255617606
L396_f04,xy,0.1360832147190396
L396_f04,xy,0.9249516059781064
L396_f04,xy,0.6899013835360325
L396_f04,xy,0.3827430988563232
L396_f04,xy,0.7293904712324817
L396_f04,xy,2.452402665879958
L396_f04,xy,1.2595386467771053
L396_f04,xy,0.5307835505441684
L396_f04,xy,1.4938457547467143
L396_f04,xy,0.5338332492780681
L396_f04,xy,0.8195367898979807
L396_f04,xy,0.2993575068776244
L396_f04,xy,0.4451413700045593
L396_f04,xy,1.5651953775136156
L396_f04,xy,0.2347737517427802
L396_f04,xy,1.1256340520017074
L396_f04,xy,2.8207292859725537
L396_f04,xy,0.3076110230728544
L396_f04,xy,0.6337892975041279
L396_f04,xy,0.938972298548963
L396_f04,xy,0.714515664487077
L396_f04,xy,0.6325762148021403
L396_f04,xy,1.2830646569205262
L396_f04,xy,0.6373333450739327
L396_f04,xy,0.7449488925488079
L396_f04,xy,0.6812736085777484
L396_f04,xy,0.8034752467800855
L396_f04,xy,0.2700178986893524
L396_f04,xy,0.771346182614892
L396_f04,xy,2.271140412554541
L396_f04,xy,0.405691543645307
L396_f04,xy,3.52886243729419
L396_f04,xy,2.420060556192789
L396_f04,xy,0.8759683290674397
L396_f04,xy,1.6455526359855466
L396_f04,xy,0.159414498355076
L396_f04,xy,0.8053021260114661
L396_f04,xy,2.833834072038107
L396_f04,xy,0.6901002465325959
L396_f04,xy,0.3638500252966246
L396_f04,xy,0.970255655214064
L396_f04,xy,0.9854902483250244
L396_f04,xy,1.3500229417368197
L396_f04,xy,0.4615657815174209
L396_f04,xy,1.6350574408301888
L396_f04,xy,1.1958766758759876
L396_f04,xy,0.3685861370990329
L396_f04,xy,0.4591082642878473
L396_f04,xy,0.4224585004423371
L396_f04,xy,1.4309510085774977
L396_f04,xy,0.5835838417207659
L396_f04,xy,0.6898594927577006
L396_f04,xy,0.5539122681168067
L396_f04,xy,0.7449374833256505
L396_f04,xy,0.4796364560151381
L396_f04,xy,4.9473581488376155
L396_f04,xy,0.80669891724644
L396_f04,xy,1.554343045459968
L396_f04,xy,0.6352475178651764
L396_f04,xy,0.7053922142595908
L396_f04,xy,5.658847711369794
L396_f04,xy,1.7361577338223555
L396_f04,xy,0.4776128775872664
L396_f04,xy,4.332632671392005
L396_f04,xy,1.425733759446539
L396_f04,xy,0.0982685964107813
L396_f04,xy,0.3144724937547676
L396_f04,xy,4.6964925713576475
L396_f04,xy,2.1037333674185867
L396_f04,xy,0.4037800424948335
L396_f04,xy,1.7756016825023566
L396_f04,xy,0.0402375946950401
L396_f04,xy,0.2547647227997991
L396_f04,xy,0.963238764283335
L396_f04,xy,2.0986318793652767
L396_f04,xy,1.613746334959966
L396_f04,xy,1.0775811019716417
L396_f04,xy,0.1228251039319177
L396_f04,xy,0.2498695783035398
L396_f04,xy,1.00645916603175
L396_f04,xy,0.2629520812020608
L396_f04,xy,1.1161212536147729
L396_f04,xy,0.4651223082041669
L396_f04,xy,0.7872498830159587
L396_f04,xy,1.336130896129472
L396_f04,xy,0.3898015898532176
L396_f04,xy,1.2468722273066368
L396_f04,xy,1.319426562356296
L396_f04,xy,0.2782511122572039
L396_f04,xy,1.8598384152263765
L396_f04,xy,0.1564690302806921
L396_f04,xy,1.1721266794493286
L396_f04,xy,0.2123421250354182
L396_f04,xy,0.7740862178137495
L396_f04,xy,0.9588181214716632
L396_f04,xy,1.2177405819892513
L396_f04,xy,0.8802408495702055
L396_f04,xy,0.7563783352434374
L396_f04,xy,1.1461532428447834
L396_f04,xy,2.7087473265407938
L396_f04,xy,0.8835492926539414
L396_f04,xy,0.5238393073496606
L396_f04,xy,1.503348071473443
L396_f04,xy,1.7088318749290956
L396_f04,xy,0.3889238741236394
L396_f04,xy,1.7688990334949466
L396_f04,xy,1.1822447304341095
L396_f04,xy,1.000417406736278
L396_f04,xy,2.6143967286775824
L396_f04,xy,1.085406740481424
L396_f04,xy,0.4914517253326353
L396_f04,xy,0.862627061685703
L396_f04,xy,0.1643991549770007
L396_f04,xy,5.370620554817351
L396_f04,xy,0.8926972820079503
L396_f04,xy,0.5993324101072502
L396_f04,xy,0.1661385431489286
L396_f04,xy,1.2545078442990034
L396_f04,xy,0.3734065785201896
L396_f04,xy,1.014372068243498
L396_f04,xy,0.5951535361536818
L396_f04,xy,1.5321775908976296
L396_f04,xy,2.1331022371141284
L396_f04,xy,0.3609693675955161
L396_f04,xy,0.6344811583958341
L396_f04,xy,1.3620888825011042
L396_f04,xy,0.2824421145438975
L396_f04,xy,1.4119492430525176
L396_f04,xy,0.0898199703058416
L396_f04,xy,1.207713226759065
L396_f04,xy,1.67464368724258
L396_f04,xy,0.3659379614922494
L396_f04,xy,1.2580877943241535
L396_f04,xy,1.65194942130338
L396_f04,xy,0.6246989537435333
L396_f04,xy,0.7771889560410636
L396_f04,xy,2.113109795549712
L396_f04,xy,4.975273994339695
L396_f04,xy,0.5061218773624511
L396_f04,xy,0.5931955987772752
L396_f04,xy,0.6085680953535437
L396_f04,xy,0.1040097964188048
L396_f04,xy,2.8831085414961057
L396_f04,xy,0.8131563974375827
L396_f04,xy,0.8383378718057172
L396_f04,xy,0.8543209468499655
L396_f04,xy,3.654576973247519
L396_f04,xy,1.7884089008895216
L396_f04,xy,2.486680965152914
L396_f04,xy,0.3663332763455922
L396_f04,xy,0.5446372671957646
L396_f04,xy,2.585416900256158
L396_f04,xy,0.9358982414431214
L396_f04,xy,1.614604714701211
L396_f04,xy,0.5132326222998028
L396_f04,xy,1.2492892003834413
L396_f04,xy,0.6044220952998384
L396_f04,xy,0.5411596216165576
L396_f04,xy,1.6425283895968867
L396_f04,xy,0.2532266818977414
L396_f04,xy,0.6895223313932806
L396_f04,xy,0.581948035641867
L396_f04,xy,0.9839448788237012
L396_f04,xy,0.6550193520305595
L396_f04,xy,0.6219303785000382
L396_f04,xy,0.9431377323077802
L396_f04,xy,0.3822273551944546
L396_f04,xy,0.5150042078381017
L396_f04,xy,0.3019888147352805
L396_f04,xy,1.425941657701574
L396_f04,xy,1.092789553811902
L396_f04,xy,0.2403709906982102
L396_f04,xy,1.792168284542624
L396_f04,xy,0.8894426196986547
L396_f04,xy,0.6812724242891683
L396_f04,xy,1.0410964580174256
L396_f04,xy,0.9654927199505736
L396_f04,xy,3.421234199614952
L396_f04,xy,0.6705928406454381
L396_f04,xy,0.4974963262622608
L396_f04,xy,0.268779589350051
L396_f04,xy,0.8221434504630443
L396_f04,xy,0.7072664293920119
L396_f04,xy,0.6304937637606702
L396_f04,xy,1.2187755289818512
L396_f04,xy,0.6688550929007054
L396_f04,xy,0.4952043280721127
L396_f04,xy,0.5330575370886986
L396_f04,xy,1.0119174594213176
L396_f04,xy,0.8991371322325004
L396_f04,xy,1.5873106447802523
L396_f04,xy,1.3670341499001004
L396_f04,xy,0.8478448325199783
L396_f04,xy,1.136030676834888
L396_f04,xy,0.3293519982658945
L396_f04,xy,0.677533963089243
L396_f04,xy,2.201196503654499
L396_f04,xy,0.6752818859398922
L396_f04,xy,0.6905169767119794
L396_f04,xy,0.9584645330912996
L396_f04,xy,0.1557073974710851
L396_f04,xy,0.6444507507685892
L396_f04,xy,0.2468362692669387
L396_f04,xy,0.7484304898903881
L396_f04,xy,0.7519025833997541
L396_f04,xy,0.5620035825625942
L396_f04,xy,0.9800476505940098
L396_f04,xy,0.6545100619329539
L396_f04,xy,1.423177638256242
L396_f04,xy,0.5435804449600452
L396_f04,xy,0.2950136424440531
L396_f04,xy,2.4122618047341127
L396_f04,xy,1.112375624305624
L396_f04,xy,0.4611713292938933
L396_f04,xy,1.5621919210122517
L396_f04,xy,1.424311947407659
L396_f04,xy,0.6900045588343944
L396_f04,xy,0.5735508113633685
L396_f04,xy,0.1431583684253419
L396_f04,xy,0.7660642488224291
L396_f04,xy,0.3789531319331927
L396_f04,xy,0.8596358572590249
L396_f04,xy,0.4879662991236454
L396_f04,xy,0.9514164285486296
L396_f04,xy,0.5262365528181463
L396_f04,xy,1.2060744159792245
L396_f04,xy,1.935348921209656
L396_f04,xy,2.055260063242984
L396_f04,xy,1.0933183048205533
L396_f04,xy,0.7111978351587861
L396_f04,xy,0.6192898065569207
L396_f04,xy,0.341771292666572
L396_f04,xy,0.7554817330114195
L396_f04,xy,0.6792241850093687
L396_f04,xy,4.71314358180193
L396_f04,xy,1.0152805835049996
L396_f04,xy,2.284682225484222
L396_f04,xy,1.220482642899403
L396_f04,xy,0.8138667227504243
L396_f04,xy,2.3114089529148214
L396_f04,xy,3.791512621499499
L396_f04,xy,1.613474763494532
L396_f04,xy,0.8302569638605022
L396_f04,xy,0.6045836012200663
L396_f04,xy,0.791824639124433
L396_f04,xy,0.6398233449308786
L396_f04,xy,0.2220138325364212
L396_f04,xy,1.60353532826038
L396_f04,xy,2.7274659081334045
L396_f04,xy,0.3470899979821988
L396_f04,xy,0.5001417320054553
L396_f04,xy,0.8458056594386283
L396_f04,xy,1.0951412310581294
L396_f04,xy,0.7626523792489677
L396_f04,xy,0.2721783650189827
L396_f04,xy,0.3793686540205812
L396_f04,xy,1.2014460497089705
L396_f04,xy,0.767150254714891
L396_f04,xy,0.4953986374732835
L396_f04,xy,0.5357326527226014
L396_f04,xy,1.7355269652257586
L396_f04,xy,1.7615671462725842
L396_f04,xy,3.519931837146471
L396_f04,xy,1.1908907634876795
L396_f04,xy,0.2860876748460438
L396_f04,xy,0.3580771027633899
L396_f04,xy,0.3721754616148907
L396_f04,xy,1.3050748080385606
L396_f04,xy,0.3666872005261392
L396_f04,xy,0.5657092024113423
L396_f04,xy,0.3084846542312073
L396_f04,xy,2.2379475076838484
L396_f04,xy,4.028869371662293
L396_f04,xy,1.8800862892400092
L396_f04,xy,1.4460977182594057
L396_f04,xy,0.4128932952880904
L396_f04,xy,1.4794578569544394
L396_f04,xy,2.0684139734508102
L396_f04,xy,0.4960629247351661
L396_f04,xy,1.2873938653936292
L396_f04,xy,2.422742610098704
L396_f04,xy,0.2403279352159955
L396_f04,xy,0.0885171024873007
L396_f04,xy,0.7855366380827972
L396_f04,xy,0.557628348268009
L396_f04,xy,0.6844054393637311
L396_f04,xy,0.5909849443250265
L396_f04,xy,1.538953989469375
L396_f04,xy,0.314582515682017
L396_f04,xy,0.4285258925440602
L396_f04,xy,0.9554855864030444
L396_f04,xy,1.3192001114673595
L396_f04,xy,1.0829798842345233
L396_f04,xy,3.59209095710758
L396_f04,xy,1.1948964589837183
L396_f04,xy,1.4510558685695438
L396_f04,xy,2.424897191616768
L396_f04,xy,0.9814509128007952
L396_f04,xy,4.680548894837838
L396_f04,xy,0.7680387176111789
L396_f04,xy,1.1312943701381246
L396_f04,xy,1.1507874549388435
L396_f04,xy,0.577511291366493
L396_f04,xy,3.2083523601629067
L396_f04,xy,1.25592325910454
L396_f04,xy,1.8093903229090167
L396_f04,xy,0.358018553797611
L396_f04,xy,0.7362936836836607
L396_f04,xy,0.3915915228436561
L396_f04,xy,0.675130746420883
L396_f04,xy,0.3655215041335221
L396_f04,xy,0.9349027481863688
L396_f04,xy,0.8428966755753047
L396_f04,xy,0.3411944483640844
L396_f04,xy,1.9850655669256232
L396_f04,xy,1.0412962353691615
L396_f04,xy,0.5820760274410232
L396_f04,xy,0.4084040719110743
L396_f04,xy,1.2304863265436543
L396_f04,xy,1.871587397850415
L396_f04,xy,1.114650524417793
L396_f04,xy,0.8154455279041288
L396_f04,xy,1.2413909660791114
L396_f04,xy,2.893127201857938
L396_f04,xy,0.7805413998232023
L396_f04,xy,1.7770385443053704
L396_f04,xy,2.1694877831707733
L396_f04,xy,1.6757950477273211
L396_f04,xy,1.0873146141300831
L396_f04,xy,0.3971337217039564
L396_f04,xy,0.0746324163551296
L396_f04,xy,0.5878939221141253
L396_f04,xy,1.0040283453541077
L396_f04,xy,0.9741150853963344
L396_f04,xy,0.2692618773152412
L396_f04,xy,0.2699759216196036
L396_f04,xy,0.2513135280640169
L396_f04,xy,0.9580306603641658
L396_f04,xy,0.5861045269659139
L396_f04,xy,3.0305241896542414
L396_f04,xy,0.5869262036735166
L396_f04,xy,0.1455660911910309
L396_f04,xy,0.5736630418284506
L396_f04,xy,0.5467163740877211
L396_f04,xy,0.8224629662385494
L396_f04,xy,0.6565953289657793
L396_f04,xy,1.996525395354737
L396_f04,xy,0.4633622955361212
L396_f04,xy,6.0311237053405655
L396_f04,xy,3.71537722564905
L396_f04,xy,0.6519336838725164
L396_f04,xy,0.4707061220764575
L396_f04,xy,2.03178801104926
L396_f04,xy,0.2882375271819633
L396_f04,xy,2.082751852281696
L396_f04,xy,0.181054743129567
L396_f04,xy,0.6386798979878832
L396_f04,xy,1.370550131982544
L396_f04,xy,0.2572783928811617
L396_f04,xy,0.425961383679786
L396_f04,xy,1.0596755329068832
L396_f04,xy,0.6548526123864878
L396_f04,xy,0.3304736947820893
L396_f04,xy,0.4358831871772991
L396_f04,xy,0.917233743691914
L396_f04,xy,1.4565483690639949
L396_f04,xy,2.205262446406136
L396_f04,xy,1.1311381559472315
L396_f04,xy,0.2547804778052636
L396_f04,xy,0.5306262666284918
L396_f04,xy,0.1073346348438294
L396_f04,xy,0.8989291919882335
L396_f04,xy,0.60916006750452
L396_f04,xy,2.248027167574715
L396_f04,xy,1.03617864964853
L396_f04,xy,1.001831956003715
L396_f04,xy,3.5405371171891256
L396_f04,xy,0.1735108499655324
L396_f04,xy,1.4651317230311491
L396_f04,xy,3.653373442867278
L396_f04,xy,0.5614973729446521
L396_f04,xy,0.6052112448498883
L396_f04,xy,0.2364464162017476
L396_f04,xy,3.652442157242025
L396_f04,xy,0.3937913825596081
L396_f04,xy,0.3804476363426537
L396_f04,xy,2.071233527708798
L396_f04,xy,5.127005261192888
L396_f04,xy,2.336538719611759
L396_f04,xy,0.213584463933743
L396_f04,xy,0.8251440621473889
L396_f04,xy,3.188412729973109
L396_f04,xy,0.8269983717385602
L396_f04,xy,0.3827329466915656
L396_f04,xy,2.8137009824968
L396_f04,xy,2.426586707083207
L396_f04,xy,0.9591034144417876
L396_f04,xy,2.599810119623085
L396_f04,xy,0.6418844989329594
L396_f04,xy,2.414849482773249
L396_f04,xy,1.5264125978101994
L396_f04,xy,0.3293759067035777
L396_f04,xy,3.617914294909993
L396_f04,xy,0.9666218080298192
L396_f04,xy,2.1206208516293463
L396_f04,xy,0.3365992299104375
L396_f04,xy,2.9606513817743423
L396_f04,xy,0.2892264001772971
L396_f04,xy,0.2958262785286334
L396_f04,xy,0.5643252276196276
L396_f04,xy,0.8830231867547785
L396_f04,xy,0.7733196893853891
L396_f04,xy,1.484404562963361
L396_f04,xy,0.4917611174245457
L396_f04,xy,0.961267975814944
L396_f04,xy,0.7333235746504637
L396_f04,xy,0.434343890422514
L396_f04,xy,0.558636665553446
L396_f04,xy,0.5848324208628499
L396_f04,xy,1.5681026716686766
L396_f04,xy,1.920594510128269
L396_f04,xy,0.3643949895945323
L396_f04,xy,1.3096319664344935
L396_f04,xy,1.574056446868431
L396_f04,xy,0.9371860775986204
L396_f04,xy,0.3993259283267045
L396_f04,xy,0.4120637617041732
L396_f04,xy,0.6058979943385925
L396_f04,xy,0.7164936960105212
L396_f04,xy,1.17823445986718
L396_f04,xy,1.2765845180229798
L396_f04,xy,1.659738541097899
L396_f04,xy,0.722035658565964
L396_f04,xy,2.0166799571302687
L396_f04,xy,0.7901170567325256
L396_f04,xy,1.459526419497137
L396_f04,xy,0.3517483761760732
L396_f04,xy,2.2686671465244657
L396_f04,xy,0.2986385091392357
L396_f04,xy,0.9382054783705966
L396_f04,xy,0.9890368743547812
L396_f04,xy,0.4299673899963758
L396_f04,xy,1.2192347088568336
L396_f04,xy,1.97452828857476
L396_f04,xy,0.1983732005243482
L396_f04,xy,1.155094736046669
L396_f04,xy,0.3756332539061014
L396_f04,xy,1.498164215287171
L396_f04,xy,4.669688649971104
L396_f04,xy,0.4613556833036081
L396_f04,xy,0.6964354506186191
L396_f04,xy,0.2029610903398999
L396_f04,xy,4.894466232325684
L396_f04,xy,1.7120167061003853
L396_f04,xy,0.9981238005724042
L396_f04,xy,1.2454595318046195
L396_f04,xy,0.273504669628773
L396_f04,xy,3.497595532846351
L396_f04,xy,1.0573738152718055
L396_f04,xy,1.11443039030505
L396_f04,xy,1.5159686641048276
L396_f04,xy,1.4797337078870705
L396_f04,xy,0.3128051026526904
L396_f04,xy,0.2306230263260565
L396_f04,xy,0.2538532299172837
L396_f04,xy,0.8034558494948124
L396_f04,xy,0.986420054506058
L396_f04,xy,2.399739207365347
L396_f04,xy,0.337190399644171
L396_f04,xy,1.0293366801996824
L396_f04,xy,2.1571007719355455
L396_f04,xy,1.6082383717638318
L396_f04,xy,0.3922377610368467
L396_f04,xy,0.1554581143662383
L396_f04,xy,0.7621457996674065
L396_f04,xy,0.7032253628369187
L396_f04,xy,1.0071567959988337
L396_f04,xy,0.7507549086403318
L396_f04,xy,1.29133585758061
L396_f04,xy,1.8057723256273983
L396_f04,xy,0.9485083467676102
L396_f04,xy,1.0676403981348843
L396_f04,xy,3.527847902433435
L396_f04,xy,2.559917044307878
L396_f04,xy,0.704976986221001
L396_f04,xy,1.9613473113015856
L396_f04,xy,3.6803659416557206
L396_f04,xy,0.4697645276519009
L396_f04,xy,1.1575246425538293
L396_f04,xy,1.257014923395533
L396_f04,xy,2.0256941080950965
L396_f04,xy,2.0035217388756683
L396_f04,xy,0.2363954900404843
L396_f04,xy,1.200296092005167
L396_f04,xy,1.210522424624017
L396_f04,xy,1.355184120836811
L396_f04,xy,0.1883836909196055
L396_f04,xy,3.122196794331562
L396_f04,xy,0.3319551267151044
L396_f04,xy,0.7753368988910961
L396_f04,xy,0.3809871525077339
L396_f04,xy,0.6732332408821802
L396_f04,xy,0.2713676902808067
L396_f04,xy,3.635252124850945
L396_f04,xy,0.4152584947048752
L396_f04,xy,3.835658291809584
L396_f04,xy,1.768036486038205
L396_f04,xy,0.4170585152750729
L396_f04,xy,0.3146082426053802
L396_f04,xy,0.9026846453161098
L396_f04,xy,0.3392461749953244
L396_f04,xy,0.6440794028323845
L396_f04,xy,0.1041387619708008
L396_f04,xy,0.5140569740298321
L396_f04,xy,0.7789876249918999
L396_f04,xy,0.6899336061083421
L396_f04,xy,1.536812653187286
L396_f04,xy,0.4091152262617842
L396_f04,xy,1.2540560089716395
L396_f04,xy,0.4960335904018588
L396_f04,xy,1.0023869911947638
L396_f04,xy,0.4398187685858237
L396_f04,xy,0.1291361581196352
L396_f04,xy,0.6687875047987386
L396_f04,xy,2.9361787543824596
L396_f04,xy,0.4520603825013214
L396_f04,xy,1.3748866546409486
L396_f04,xy,0.3250829422016935
L396_f04,xy,0.6413814267201822
L396_f04,xy,0.7840000731977538
L396_f04,xy,0.4587848635594249
L396_f04,xy,0.3545650637481709
L396_f04,xy,3.72427480652855
L396_f04,xy,0.1556181197441455
L396_f04,xy,0.7685963389456923
L396_f04,xy,1.0777162997637495
L396_f04,xy,0.4409578075313149
L396_f04,xy,0.4716187150702557
L396_f04,xy,1.8551408227826909
L396_f04,xy,1.5840134995067472
L396_f04,xy,1.0612245275236296
L396_f04,xy,1.8784979133950843
L396_f04,xy,0.6851339106088556
L396_f04,xy,0.9849733204880968
L396_f04,xy,0.870088952542387
L396_f04,xy,0.5993305975160362
L396_f04,xy,2.190240607242569
L396_f04,xy,0.5025941272065838
L396_f04,xy,3.4541416785486314
L396_f04,xy,1.4737685155350555
L396_f04,xy,0.3605597405134306
L396_f04,xy,1.3368428871275413
L396_f04,xy,0.425416921688321
L396_f04,xy,0.6190554148204714
L396_f04,xy,1.0698890679595754
L396_f04,xy,0.342382776220986
L396_f04,xy,0.5099751158076186
L396_f04,xy,0.5033226026034405
L396_f04,xy,0.2728510328219788
L396_f04,xy,1.9239013216054996
L396_f04,xy,1.5149510563427158
L396_f04,xy,0.645678781435754
L396_f04,xy,0.3705485678107104
L396_f04,xy,0.8198448260195651
L396_f04,xy,0.2758781857681112
L396_f04,xy,0.2795072404718957
L396_f04,xy,0.906501222384376
L396_f04,xy,0.8835120900325094
L396_f04,xy,1.5637244634671148
L396_f04,xy,1.142120080121812
L396_f04,xy,2.774633557993426
L396_f04,xy,2.1658174089066233
L396_f04,xy,0.825410936367163
L396_f04,xy,0.8761420956364232
L396_f04,xy,2.4657263193455283
L396_f04,xy,4.556945062716925
L396_f04,xy,1.4496284338200975
L396_f04,xy,1.240744331136682
L396_f04,xy,2.641095274843751
L396_f04,xy,1.2167489848511677
L396_f04,xy,0.3727003306231608
L396_f04,xy,0.2421750382672253
L396_f04,xy,0.2495660656046901
L396_f04,xy,1.7741885789091345
L396_f04,xy,1.5441421369972586
L396_f04,xy,2.202361665585188
L396_f04,xy,4.7147724499226715
L396_f04,xy,0.7155399654905594
L396_f04,xy,0.4412784165273581
L396_f04,xy,2.0870019442312864
L396_f04,xy,2.758095958200207
L396_f04,xy,0.8229041838473131
L396_f04,xy,2.171406783361873
L396_f04,xy,0.778175961420903
L396_f04,xy,0.3396249910677615
L396_f04,xy,3.027387395150812
L396_f04,xy,0.3767076205928882
L396_f04,xy,1.8217002194785985
L396_f04,xy,1.3391993297643705
L396_f04,xy,1.7272786584249034
L396_f04,xy,0.9750400814259256
L396_f04,xy,1.5686298991058338
L396_f04,xy,0.6471820192376141
L396_f04,xy,0.3463412406590633
L396_f04,xy,2.094551227036744
L396_f04,xy,1.7250793544858316
L396_f04,xy,0.5610251790534432
L396_f04,xy,1.350879736491997
L396_f04,xy,0.7460006772491073
L396_f04,xy,0.912919608444099
L396_f04,xy,0.9353879294134722
L396_f04,xy,2.666222830498656
L396_f04,xy,0.581084989165024
L396_f04,xy,0.5199689924585027
L396_f04,xy,2.213457951449163
L396_f04,xy,1.2993770637772588
L396_f04,xy,2.9822383958372036
L396_f04,xy,0.1588620042598398
L396_f04,xy,0.555196272852702
L396_f04,xy,0.3391386802345767
L396_f04,xy,1.506475237443518
L396_f04,xy,2.823608395719009
L396_f04,xy,0.6989234719059552
L396_f04,xy,3.3192522215371976
L396_f04,xy,3.0628964374210885
L396_f04,xy,0.9244708015700914
L396_f04,xy,0.4597220209657014
L396_f04,xy,0.898531647249264
L396_f04,xy,0.2147957183612735
L396_f04,xy,0.8622644975538069
L396_f04,xy,1.645036396555198
L396_f04,xy,3.292478673832942
L396_f04,xy,0.7416865588853021
L396_f04,xy,0.965653931115537
L396_f04,xy,1.004260055577239
L396_f04,xy,0.668912261274695
L396_f04,xy,1.558264833751397
L396_f04,xy,0.6480605239065682
L396_f04,xy,1.4492129892037504
L396_f04,xy,1.0563277810944576
L396_f04,xy,1.0372522760656326
L396_f04,xy,0.8388556596932427
L396_f04,xy,0.9729329740394992
L396_f04,xy,1.5988692644926306
L396_f04,xy,0.6921268444455572
L396_f04,xy,0.7180473068777726
L396_f04,xy,1.3070315755069024
L396_f04,xy,0.3291900582567281
L396_f04,xy,0.1712942866402033
L396_f04,xy,0.4941832747800397
L396_f04,xy,0.6424654821298509
L396_f04,xy,0.2527809133618795
L396_f04,xy,2.5790689684016463
L396_f04,xy,0.8708478528241058
L396_f04,xy,0.9908523627908628
L396_f04,xy,1.230265352855225
L396_f04,xy,1.1729206630655886
L396_f04,xy,0.3987069172203364
L396_f04,xy,3.2884047664907627
L396_f04,xy,1.768639196758753
L396_f04,xy,0.2824081690431854
L396_f04,xy,3.5025524617049957
L396_f04,xy,0.5002958329267143
L396_f04,xy,0.6435442538820324
L396_f04,xy,2.074048780716633
L396_f04,xy,0.867301295059463
L396_f04,xy,0.1991968431217493
L396_f04,xy,0.427170536268518
L396_f04,xy,1.4463991499741435
L396_f04,xy,2.847694388461071
L396_f04,xy,0.5785432948803686
L396_f04,xy,0.3250813875858638
L396_f04,xy,0.413457397686216
L396_f04,xy,4.020531395518649
L396_f04,xy,1.180514543593838
L396_f04,xy,0.6018395295985544
L396_f04,xy,1.549166045827072
L396_f04,xy,1.027299891560279
L396_f04,xy,1.8959579583251511
L396_f04,xy,1.657142196719836
L396_f04,xy,0.4171650822310045
L396_f04,xy,0.5902756943629837
L396_f04,xy,0.5475216237533432
L396_f04,xy,0.3618239895711905
L396_f04,xy,1.0214269355992631
L396_f04,xy,0.6961565746156211
L396_f04,xy,0.6930823660299956
L396_f04,xy,0.949316908564396
L396_f04,xy,2.2628655705784
L396_f04,xy,1.9499397868602248
L396_f04,xy,2.038911275614752
L396_f04,xy,1.5220144326180294
L396_f04,xy,0.4947192137221201
L396_f04,xy,2.216515352631235
L396_f04,xy,0.3130879813788002
L396_f04,xy,1.6445694919693752
L396_f04,xy,0.6997601127416906
L396_f04,xy,2.282028184846037
L396_f04,xy,0.7469743636209502
L396_f04,xy,0.8198066434122262
L396_f04,xy,2.19467179545225
L396_f04,xy,2.008983424853586
L396_f04,xy,2.2287697011860725
L396_f04,xy,1.2524223742732177
L396_f04,xy,4.703329067732045
L396_f04,xy,0.1237836688103108
L396_f04,xy,2.2564822561825904
L396_f04,xy,1.3455829710622629
L396_f04,xy,2.0091911887600964
L396_f04,xy,1.6072038986537576
L396_f04,xy,2.8672740236518295
L396_f04,xy,0.292674733368549
L396_f04,xy,1.4737002952601868
L396_f04,xy,2.2350642347102254
L396_f04,xy,2.9381179590762345
L396_f04,xy,0.9341110569137634
L396_f04,xy,1.6520016844446497
L396_f04,xy,1.5604112206812475
L396_f04,xy,1.281815240904297
L396_f04,xy,1.3747327451867015
L396_f04,xy,0.6805798972072421
L396_f04,xy,0.2979116357451145
L396_f04,xy,1.894169400822581
L396_f04,xy,0.831607979369881
L396_f04,xy,4.019786955758976
L396_f04,xy,0.6624052112269563
L396_f04,xy,0.1044399879911045
L396_f04,xy,0.9984822306232404
L396_f04,xy,1.638047293889321
L396_f04,xy,1.4837332304176185
L396_f04,xy,1.1648808881232449
L396_f04,xy,4.076098739064211
L396_f04,xy,2.166376129125579
L396_f04,xy,1.293580307395171
L396_f04,xy,0.4416646817732754
L396_f04,xy,0.2087364727710446
L396_f04,xy,2.764482860469843
L396_f04,xy,0.7852207367490839
L396_f04,xy,0.6915334697193463
L396_f04,xy,1.5115034745582456
L396_f04,xy,0.3473134232220917
L396_f04,xy,5.1614587355508865
L396_f04,xy,1.6255375264067606
L396_f04,xy,0.8286399697707845
L396_f04,xy,0.3934163635213764
L396_f04,xy,2.7688953390271185
L396_f04,xy,2.4752843541843017
L396_f04,xy,0.959360347952296
L396_f04,xy,1.3102252558223373
L396_f04,xy,1.5275275284303746
L396_f04,xy,0.1545469609353033
L396_f04,xy,0.3358855674826787
L396_f04,xy,1.7030769522691556
L396_f04,xy,1.2433247108429786
L396_f04,xy,0.4805162158798357
L396_f04,xy,1.7028502374599743
L396_f04,xy,2.215014527348637
L396_f04,xy,0.2319659760190262
L396_f04,xy,1.6513953455873838
L396_f04,xy,0.4783003681342171
L396_f04,xy,0.3323633660514739
L396_f04,xy,4.044112617393393
L396_f04,xy,0.4311533922170577
L396_f04,xy,2.652486940810008
L396_f04,xy,0.7341958955919621
L396_f04,xy,3.47633102775427
L396_f04,xy,0.7277956161405877
L396_f04,xy,0.6431020629803009
L396_f04,xy,0.7387254889174604
L396_f04,xy,1.0822881332144938
L396_f04,xy,2.007636288031168
L396_f04,xy,0.9459647535795072
L396_f04,xy,1.291999318022065
L396_f04,xy,1.306189374128569
L396_f04,xy,0.9409391392120572
L396_f04,xy,0.3359850617803154
L396_f04,xy,3.50798522159866
L396_f04,xy,0.5492283317709408
L396_f04,xy,2.891345797785122
L396_f04,xy,0.7882125486517333
L396_f04,xy,0.686979493838818
L396_f04,xy,0.690376383318985
L396_f04,xy,1.948608041384783
L396_f04,xy,2.080341472993667
L396_f04,xy,1.1403186957592937
L396_f04,xy,1.799795996774229
L396_f04,xy,0.91343836140497
L396_f04,xy,0.1367262209743386
L396_f04,xy,0.7452950096792091
L396_f04,xy,1.6733376955682198
L396_f04,xy,1.4872085880213657
L396_f04,xy,1.7354678417083205
L396_f04,xy,0.7435517996770573
L396_f04,xy,0.7594278792671955
L396_f04,xy,1.667910445438054
L396_f04,xy,0.5170297301301842
L396_f04,xy,1.3524924558600246
L396_f04,xy,1.8833774367831264
L396_f04,xy,0.4370910984731816
L396_f04,xy,0.2529824145752654
L396_f04,xy,1.5522008736978123
L396_f04,xy,1.976570063479998
L396_f04,xy,2.211708586041003
L396_f04,xy,2.900691731240403
L396_f04,xy,0.0803611236355584
L396_f04,xy,1.7860724897639582
L396_f04,xy,2.0664176573175443
L396_f04,xy,1.6058351305733969
L396_f04,xy,0.9026815690529802
L396_f04,xy,1.232169503116061
L396_f04,xy,1.2596973127644469
L396_f04,xy,0.3141368010528939
L396_f04,xy,0.5461163400323362
L396_f04,xy,0.6243857610561181
L396_f04,xy,0.8979178191668364
L396_f04,xy,0.426895438354091
L396_f04,xy,1.5770128005806687
L396_f04,xy,1.1863013288288666
L396_f04,xy,1.9238299503222465
L396_f04,xy,1.5162315668569004
L396_f04,xy,0.4566913744178382
L396_f04,xy,1.0085170097518934
L396_f04,xy,1.5869414444229817
L396_f04,xy,1.1762731884854225
L396_f04,xy,0.0380276878571911
L396_f04,xy,2.232997122098691
L396_f04,xy,0.5223199346972048
L396_f04,xy,0.706659664664864
L396_f04,xy,0.7147739822210998
L396_f04,xy,0.8266681612857454
L396_f04,xy,1.8900276384611825
L396_f04,xy,0.580557767756933
L396_f04,xy,1.350764669031649
L396_f04,xy,4.190375769694808
L396_f04,xy,0.2404399316553017
L396_f04,xy,0.887358820292792
L396_f04,xy,1.0703043084942945
L396_f04,xy,0.5204589175067942
L396_f04,xy,2.5492037795356772
L396_f04,xy,1.2182162184845398
L396_f04,xy,3.844160848917293
L396_f04,xy,1.2190679813553853
L396_f04,xy,0.4869871388773004
L396_f04,xy,0.3614068800346288
L396_f04,xy,2.226251069056783
L396_f04,xy,0.8039050110211584
L396_f04,xy,1.1300782428735094
L396_f04,xy,2.4365432629131285
L396_f04,xy,0.9794701293996206
L396_f04,xy,0.4702022617856209
L396_f04,xy,1.184918328522703
L396_f04,xy,0.9186342482558644
L396_f04,xy,0.3161302178261559
L396_f04,xy,1.00952366899372
L396_f04,xy,1.286095657508398
L396_f04,xy,1.2857397102936106
L396_f04,xy,0.5157087493018166
L396_f04,xy,1.165676783489032
L396_f04,xy,1.1696159686217351
L396_f04,xy,1.0941378687787306
L396_f04,xy,2.1270258834746447
L396_f04,xy,0.0906372000717842
L396_f04,xy,0.2201028936904552
L396_f04,xy,2.930848004005167
L396_f04,xy,0.9257290708722598
L396_f04,xy,0.6869998803904654
L396_f04,xy,0.4919603547118851
L396_f04,xy,1.2645898281775532
L396_f04,xy,0.5483809193082622
L396_f04,xy,3.1152489156230767
L396_f04,xy,0.5365946315480891
L396_f04,xy,4.562112914838516
L396_f04,xy,2.113190375593759
L396_f04,xy,0.7568515829259093
L396_f04,xy,1.1482428720287696
L396_f04,xy,2.083176445439549
L396_f04,xy,0.2823750195586114
L396_f04,xy,0.5701688701717439
L396_f04,xy,0.2896305411208787
L396_f04,xy,2.0640548945018926
L396_f04,xy,1.7502629492367865
L396_f04,xy,1.0756190039231566
L396_f04,xy,0.9966129333202236
L396_f04,xy,0.9942364009047568
L396_f04,xy,2.2463811873460235
L396_f04,xy,0.070493830761582
L396_f04,xy,0.7945077507272501
L396_f04,xy,2.8356609329537794
L396_f04,xy,1.2773589961176306
L396_f04,xy,4.254607781868071
L396_f04,xy,3.346917713195097
L396_f04,xy,2.7590674776085695
L396_f04,xy,0.950074019392652
L396_f04,xy,0.591616114747827
L396_f04,xy,0.6698101683406634
L396_f04,xy,0.7026898649785952
L396_f04,xy,0.4071698237163667
L396_f04,xy,2.7050252573638596
L396_f04,xy,1.9619713438794677
L396_f04,xy,1.7150904019285105
L396_f04,xy,0.0913949068773848
L396_f04,xy,0.4741274031714309
L396_f04,xy,1.1140548255091045
L396_f04,xy,3.4473986048996013
L396_f04,xy,0.4617408452720144
L396_f04,xy,1.8612897829437955
L396_f04,xy,0.4244140638703972
L396_f04,xy,2.037691609399497
L396_f04,xy,0.4722732217544597
L396_f04,xy,0.9817644289265078
L396_f04,xy,0.8597940976713538
L396_f04,xy,2.188814736953936
L396_f04,xy,0.5667089288322646
L396_f04,xy,1.0186708789152126
L396_f04,xy,0.4055968207139139
L396_f04,xy,1.4255868457632956
L396_f04,xy,0.6052890307369244
L396_f04,xy,0.7506088350738139
L396_f04,xy,0.3840021540130554
L396_f04,xy,0.3914740848097867
L396_f04,xy,1.8071643950531528
L396_f04,xy,0.4542507413337872
L396_f04,xy,1.272300930750953
L396_f04,xy,0.7740947405734648
L396_f04,xy,1.386430120411753
L396_f04,xy,1.5137214852943257
L396_f04,xy,0.506507965450181
L396_f04,xy,0.4683682895349175
L396_f04,xy,0.7931897966814945
L396_f04,xy,1.977257644968691
L396_f04,xy,0.95206601074956
L396_f04,xy,0.2975680302503521
L396_f04,xy,2.990949603526227
L396_f04,xy,0.7202441444342307
L396_f04,xy,0.3699916251714709
L396_f04,xy,3.869027466500559
L396_f04,xy,0.9213931978408846
L396_f04,xy,0.4793302863879582
L396_f04,xy,0.914261116902635
L396_f04,xy,2.0474204169026504
L396_f04,xy,3.072382092232228
L396_f04,xy,0.6948496106666947
L396_f04,xy,0.5062209701087497
L396_f04,xy,0.7903553174623885
L396_f04,xy,2.2819532495955386
L396_f04,xy,1.503822859333807
L396_f04,xy,0.5166569978771522
L396_f04,xy,0.7342910526633594
L396_f04,xy,0.4798903865500254
L396_f04,xy,7.661966886665973
L396_f04,xy,2.0808426049981374
L396_f04,xy,0.3516405504904265
L396_f04,xy,0.5515693228778288
L396_f04,xy,0.2248763256629455
L396_f04,xy,0.6862293316461051
L396_f04,xy,1.1925500738256951
L396_f04,xy,0.5635890501995154
L396_f04,xy,1.6147635031550729
L396_f04,xy,0.3000202183166431
L396_f04,xy,2.415036975359961
L396_f04,xy,1.5645805678624665
L396_f04,xy,1.2333511796119698
L396_f04,xy,0.8948341437718892
L396_f04,xy,0.5258330326880366
L396_f04,xy,0.5344449365390989
L396_f04,xy,0.2597086833338954
L396_f04,xy,1.4474759829581254
L396_f04,xy,0.9289515943506622
L396_f04,xy,0.4051203216550575
L396_f04,xy,1.1022133846953888
L396_f04,xy,0.2895399976129009
L396_f04,xy,1.622321061614995
L396_f04,xy,0.6283828349476926
L396_f04,xy,0.2351444311060449
L396_f04,xy,0.1897807033420299
L396_f04,xy,1.0239792574949296
L396_f04,xy,3.4408382625576386
L396_f04,xy,0.5801406917234643
L396_f04,xy,0.7268507677483523
L396_f04,xy,0.9890044827852686
L396_f04,xy,0.2872357787439452
L396_f04,xy,2.56007065029629
L396_f04,xy,2.4250115493006663
L396_f04,xy,0.8976729605085251
L396_f04,xy,1.8080990083489203
L396_f04,xy,7.566080515696154
L396_f04,xy,0.2677485219332568
L396_f04,xy,0.7073544937266751
L396_f04,xy,1.9836733149937693
L396_f04,xy,3.916931932693577
L396_f04,xy,4.240074847897103
L396_f04,xy,1.1701951250498763
L396_f04,xy,0.5876104335603182
L396_f04,xy,5.05109716771825
L396_f04,xy,2.661389900760053
L396_f04,xy,0.2970255300260102
L396_f04,xy,2.5290249528577204
L396_f04,xy,1.4492078710770817
L396_f04,xy,6.859294864123076
L396_f04,xy,2.113813849557735
L396_f04,xy,0.4719765498798683
L396_f04,xy,1.5862590138965476
L396_f04,xy,0.8591696390260496
L396_f04,xy,0.6717121469654375
L396_f04,xy,1.2492969393332614
L396_f04,xy,0.5754960037681005
L396_f04,xy,0.8337814905429897
L396_f04,xy,2.772675050634555
L396_f04,xy,0.6358165175717985
L396_f04,xy,0.6299755299071836
L396_f04,xy,0.0857517465760334
L396_f04,xy,0.3215713988572186
L396_f04,xy,1.3298586276766036
L396_f04,xy,1.0404299926513247
L396_f04,xy,3.130455635922059
L396_f04,xy,2.5155064219950725
L396_f04,xy,0.4546984089378157
L396_f04,xy,0.4617057062643194
L396_f04,xy,0.8530322881241255
L396_f04,xy,1.1669698153060362
L396_f04,xy,2.248715499483966
L396_f04,xy,0.719466321385739
L396_f04,xy,1.9499964648656476
L396_f04,xy,1.0531155709962328
L396_f04,xy,1.4586892939177214
L396_f04,xy,0.5749825690447852
L396_f04,xy,0.6189947530655604
L396_f04,xy,2.335885444919735
L396_f04,xy,0.3633281571982689
L396_f04,xy,3.847458978601538
L396_f04,xy,0.7366107363334569
L396_f04,xy,0.6100009094940438
L396_f04,xy,1.32719245489025
L396_f04,xy,1.1628060354447118
L396_f04,xy,0.3657954365920255
L396_f04,xy,1.1584116577839518
L396_f04,xy,0.1399191473927788
L396_f04,xy,0.9904085320181216
L396_f04,xy,1.6651411523091866
L396_f04,xy,0.3042869437008814
L396_f04,xy,1.329604265194594
L396_f04,xy,1.9959279859524883
L396_f04,xy,0.2536023504397557
L396_f04,xy,0.3094731953179844
L396_f04,xy,1.0635528071199474
L396_f04,xy,0.7060477688218779
L396_f04,xy,2.0063284996664232
L396_f04,xy,0.5200921157751358
L396_f04,xy,0.7397274134561552
L396_f04,xy,0.9251486794773046
L396_f04,xy,1.4834677307007142
L396_f04,xy,0.5088921024133479
L396_f04,xy,0.9589886204451814
L396_f04,xy,1.540004518431893
L396_f04,xy,0.2525178650957844
L396_f04,xy,0.9216068172281
L396_f04,xy,0.5996400390468933
L396_f04,xy,1.5180027323672465
L396_f04,xy,0.9551391099016876
L396_f04,xy,1.3082754937209722
L396_f04,xy,0.7281321952203973
L396_f04,xy,1.455863468590297
L396_f04,xy,0.7681721456937922
L396_f04,xy,0.6446204118612386
L396_f04,xy,0.6483757899993841
L396_f04,xy,1.1535783129010138
L396_f04,xy,3.278074762294976
L396_f04,xy,0.5874467801205334
L396_f04,xy,0.7258591779483006
L396_f04,xy,0.2023395711067014
L396_f04,xy,1.0536828118965105
L396_f04,xy,0.9397106702383574
L396_f04,xy,0.0704634841253549
L396_f04,xy,2.53601952803417
L396_f04,xy,1.619548627831031
L396_f04,xy,0.2220927480045692
L396_f04,xy,4.01362701613728
L396_f04,xy,1.9802924956049337
L396_f04,xy,2.8483585528726016
L396_f04,xy,0.0522127436025709
L396_f04,xy,1.3042033544455895
L396_f04,xy,0.6358389887448728
L396_f04,xy,0.4265799280208709
L396_f04,xy,1.0175278319714594
L396_f04,xy,0.369630195228555
L396_f04,xy,0.4979750350988861
L396_f04,xy,0.6024349286616133
L396_f04,xy,0.262467954946041
L396_f04,xy,1.3073570739760425
L396_f04,xy,0.3531984294934506
L396_f04,xy,1.0133817431515109
L396_f04,xy,0.6699488741131413
L396_f04,xy,0.2861685603890481
L396_f04,xy,0.7770900935392782
L396_f04,xy,0.9202983527203074
L396_f04,xy,2.5647528419411474
L396_f04,xy,0.6766268253284926
L396_f04,xy,2.818737756807816
L396_f04,xy,0.2315073310440502
L396_f04,xy,0.1835619889950597
L396_f04,xy,1.3647666894846318
L396_f04,xy,0.9448628347321364
L396_f04,xy,0.3612798668724798
L396_f04,xy,1.17843247480587
L396_f04,xy,0.2101130982141944
L396_f04,xy,0.5361208330471015
L396_f04,xy,2.865424216932274
L396_f04,xy,1.2563726094110863
L396_f04,xy,2.4938773114023185
L396_f04,xy,0.3210725495009738
L396_f04,xy,0.7734298707400898
L396_f04,xy,0.1230974520112358
L396_f04,xy,0.3870833397728749
L396_f04,xy,0.2842852602992913
L396_f04,xy,0.9438572683575236
L396_f04,xy,3.1848012962438297
L396_f04,xy,1.1281297156718684
L396_f04,xy,2.1735396517690924
L396_f04,xy,1.3107276060971491
L396_f04,xy,0.826763093467773
L396_f04,xy,2.4106593132100382
L396_f04,xy,0.53895874497454
L396_f04,xy,1.2283793946834447
L396_f04,xy,1.6384783255468545
L396_f04,xy,2.0044232810053964
L396_f04,xy,1.2806560775956386
L396_f04,xy,1.2329242751855731
L396_f04,xy,3.0843209092754855
L396_f04,xy,1.2378932106451603
L396_f04,xy,0.2457017875185734
L396_f04,xy,0.5294332382968117
L396_f04,xy,1.186379858032745
L396_f04,xy,1.3199688841929085
L396_f04,xy,0.287858218059618
L396_f04,xy,4.294367350822234
L396_f04,xy,0.811140352572881
L396_f04,xy,2.247248894205468
L396_f04,xy,1.3620790080039955
L396_f04,xy,0.8264103421655471
L396_f04,xy,0.6327981936952023
L396_f04,xy,0.7808671885005158
L396_f04,xy,0.452079773630032
L396_f04,xy,1.3743304211550806
L396_f04,xy,0.331832121941763
L396_f04,xy,0.0984217046165952
L396_f04,xy,1.3841102627739093
L396_f04,xy,1.0688405160197292
L396_f04,xy,4.411706636864504
L396_f04,xy,0.8437266408486934
L396_f04,xy,0.2474122713025738
L396_f04,xy,0.9581423045270172
L396_f04,xy,0.4332457262280159
L396_f04,xy,0.4600360156592642
L396_f04,xy,2.2098064625212177
L396_f04,xy,1.1013755311007023
L396_f04,xy,3.324479293668934
L396_f04,xy,1.1682026027176502
L396_f04,xy,0.3009237450452356
L396_f04,xy,0.6191420835576031
L396_f04,xy,1.19298014727222
L396_f04,xy,0.4921208807598799
L396_f04,xy,0.9513885886217064
L396_f04,xy,0.233063929959313
L396_f04,xy,1.599408681982254
L396_f04,xy,2.8011305294240763
L396_f04,xy,1.338129327117941
L396_f04,xy,1.5708736521106583
L396_f04,xy,0.1194184894793437
L396_f04,xy,3.833982223571968
L396_f04,xy,1.0716872222400189
L396_f04,xy,2.65082236550213
L396_f04,xy,0.2782783900070865
L396_f04,xy,0.1797705574555857
L396_f04,xy,1.218979068592891
L396_f04,xy,5.012204020465708
L396_f04,xy,2.5200412765304825
L396_f04,xy,0.7984544704659561
L396_f04,xy,1.5512444499897815
L396_f04,xy,4.624864305665319
L396_f04,xy,2.351141856534376
L396_f04,xy,2.1114707880078725
L396_f04,xy,1.6215798295595485
L396_f04,xy,2.373544395875081
L396_f04,xy,1.472849113956638
L396_f04,xy,2.3248569212515187
L396_f04,xy,2.372065609558981
L396_f04,xy,2.623181850293794
L396_f04,xy,2.623703099746838
L396_f04,xy,1.5961554109681757
L396_f04,xy,2.1549925981373232
L396_f04,xy,2.6624268469929366
L396_f04,xy,1.6335479273872475
L396_f04,xy,1.9191988190376772
L396_f04,xy,2.6825402891144465
L396_f04,xy,0.539768381579365
L396_f04,xy,1.0359760335927175
L396_f04,xy,0.4408689818969072
L396_f04,xy,0.8230160230211729
L396_f04,xy,2.4237224749944133
L396_f04,xy,1.5230070309566637
L396_f04,xy,1.4588516083705396
L396_f04,xy,2.083594911444378
L396_f04,xy,0.3886814195054181
L396_f04,xy,0.7042436956188819
L396_f04,xy,1.4608624515753257
L396_f04,xy,0.4643082106739832
L396_f04,xy,1.0130941671430946
L396_f04,xy,1.428595987491152
L396_f04,xy,0.5842489498336466
L396_f04,xy,0.5511139552860854
L396_f04,xy,1.9888417628392816
L396_f04,xy,2.446711177823614
L396_f04,xy,0.9417545198241928
L396_f04,xy,2.9696695044099375
L396_f04,xy,0.7084246734602062
L396_f04,xy,0.45757750284114
L396_f04,xy,0.8733968429540171
L396_f04,xy,0.8380224164946984
L396_f04,xy,1.4888164137604591
L396_f04,xy,0.2976187664299913
L396_f04,xy,0.3678227801676528
L396_f04,xy,2.7285967052657503
L396_f04,xy,0.2783739022178426
L396_f04,xy,0.9360516159651728
L396_f04,xy,1.094334236097514
L396_f04,xy,0.6660939471179901
L396_f04,xy,1.524549506090895
L396_f04,xy,1.3424270089601038
L396_f04,xy,1.452066227821188
L396_f04,xy,0.8126971121486595
L396_f04,xy,1.146171896986119
L396_f04,xy,0.2562810384499946
L396_f04,xy,1.658639701860965
L396_f04,xy,2.2898695219203664
L396_f04,xy,2.8767547503851674
L396_f04,xy,1.1664274725514026
L396_f04,xy,0.3150382504789533
L396_f04,xy,1.9705005896099927
L396_f04,xy,0.7503667945465308
L396_f04,xy,1.8552104211962357
L396_f04,xy,1.3309115845204351
L396_f04,xy,0.3337598892556299
L396_f04,xy,0.6876927866090099
L396_f04,xy,1.3365015315394149
L396_f04,xy,1.2890374168193086
L396_f04,xy,2.2245797644943894
L396_f04,xy,0.2174109863283513
L396_f04,xy,4.780435826431708
L396_f04,xy,0.5839186572196161
L396_f04,xy,0.4524805224154579
L396_f04,xy,1.3435527596315229
L396_f04,xy,0.6504512373720001
L396_f04,xy,1.890909859224116
L396_f04,xy,1.1372023078212723
L396_f04,xy,1.671499443367081
L396_f04,xy,1.0428646659448702
L396_f04,xy,1.2788092070047063
L396_f04,xy,0.6199639233969486
L396_f04,xy,1.398975244986783
L396_f04,xy,0.1024908615291256
L396_f04,xy,0.216687915145648
L396_f04,xy,3.156714985770703
L396_f04,xy,0.676384374444203
L396_f04,xy,1.103308880949033
L396_f04,xy,2.4860568746336
L396_f04,xy,2.297482937741695
L396_f04,xy,0.070689365876605
L396_f04,xy,2.757198527009122
L396_f04,xy,0.867974790788241
L396_f04,xy,1.6068175163636258
L396_f04,xy,0.6460656209698
L396_f04,xy,1.23934395828753
L396_f04,xy,1.1251472333161232
L396_f04,xy,0.1779309349304188
L396_f04,xy,1.154638089441745
L396_f04,xy,0.381183054448705
L396_f04,xy,1.6184475894990398
L396_f04,xy,1.0409903459531162
L396_f04,xy,0.5288149218574112
L396_f04,xy,2.857983862634956
L396_f04,xy,2.0878009759285456
L396_f04,xy,0.5523505333236657
L396_f04,xy,1.3082012225041617
L396_f04,xy,1.4053869379562929
L396_f04,xy,3.8794888537647583
L396_f04,xy,0.5523926660129642
L396_f04,xy,0.3072527734763505
L396_f04,xy,0.621441122588755
L396_f04,xy,1.8827640760782556
L396_f04,xy,1.9370937787475095
L396_f04,xy,0.4696211053305381
L396_f04,xy,0.2276257264948074
L396_f04,xy,1.0008417194756687
L396_f04,xy,0.7148178259972238
L396_f04,xy,1.1537553751580656
L396_f04,xy,3.3020852957058486
L396_f04,xy,0.2462385125886826
L396_f04,xy,0.3613952327552166
L396_f04,xy,2.027879407237156
L396_f04,xy,4.687706781602671
L396_f04,xy,2.57877719123124
L396_f04,xy,2.254229835584557
L396_f04,xy,4.325925391446354
L396_f04,xy,0.6488119184936677
L396_f04,xy,0.1930178164046466
L396_f04,xy,1.2023027241855044
L396_f04,xy,0.1876717595444602
L396_f04,xy,0.5401152585605327
L396_f04,xy,0.3415526616821721
L396_f04,xy,3.3446370664362264
L396_f04,xy,2.3138627042623305
L396_f04,xy,4.283669200232898
L396_f04,xy,2.581883445945341
L396_f04,xy,0.7425265377197732
L396_f04,xy,1.4563411353220688
L396_f04,xy,1.6733969098017405
L396_f04,xy,0.2231607749257083
L396_f04,xy,0.5489412713657221
L396_f04,xy,1.5142897287327064
L396_f04,xy,2.483299673525295
L396_f04,xy,0.6213750545438694
L396_f04,xy,1.002129508259416
L396_f04,xy,1.5858647581135863
L396_f04,xy,1.1149795310763313
L396_f04,xy,0.7083180054254838
L396_f04,xy,1.66318348668547
L396_f04,xy,0.6015223013628457
L396_f04,xy,0.5737066468355936
L396_f04,xy,3.532648447303881
L396_f04,xy,0.9268166445549166
L396_f04,xy,1.1220848731349546
L396_f04,xy,1.0697929915366713
L396_f04,xy,0.6775187556488054
L396_f04,xy,0.6135837846668103
L396_f04,xy,1.6074866801926817
L396_f04,xy,0.829963412981598
L396_f04,xy,2.7522795882133773
L396_f04,xy,2.026082060452575
L396_f04,xy,0.4605368667310097
L396_f04,xy,0.3254809775932359
L396_f04,xy,0.8089457308703963
L396_f04,xy,0.6246117385547222
L396_f04,xy,0.3523006425088656
L396_f04,xy,0.1390959533619774
L396_f04,xy,0.5819298031186962
L396_f04,xy,2.070720064902359
L396_f04,xy,0.7887269919617438
L396_f04,xy,0.3155304671869404
L396_f04,xy,4.068730894421601
L396_f04,xy,1.0595779309063464
L396_f04,xy,1.591260002285945
L396_f04,xy,0.715249847765383
L396_f04,xy,0.9654286909705352
L396_f04,xy,1.146056914269595
L396_f04,xy,0.1284408627550481
L396_f04,xy,0.8531667194544664
L396_f04,xy,2.076628346327368
L396_f04,xy,0.7750231850602145
L396_f04,xy,0.5108318380897219
L396_f04,xy,0.5971079462146448
L396_f04,xy,1.431375107024875
L396_f04,xy,0.7735865521546392
L396_f04,xy,1.231391194043298
L396_f04,xy,1.7027037773458062
L396_f04,xy,1.2869361859468726
L396_f04,xy,0.2558166014778322
L396_f04,xy,0.4547419000871185
L396_f04,xy,0.679449273569569
L396_f04,xy,1.0830717814152313
L396_f04,xy,0.3192443021464917
L396_f04,xy,3.793194978647949
L396_f04,xy,1.5839663726972697
L396_f04,xy,0.4266238336737945
L396_f04,xy,1.1002318198256842
L396_f04,xy,0.3432547984267452
L396_f04,xy,0.1646530967641363
L396_f04,xy,1.141811879345958
L396_f04,xy,0.1667280151042784
L396_f04,xy,0.8004246194364094
L396_f04,xy,2.2238878970071045
L396_f04,xy,3.987126388704642
L396_f04,xy,0.6776085463619148
L396_f04,xy,0.2993392185970764
L396_f04,xy,1.891138533417865
L396_f04,xy,0.1745309591474395
L396_f04,xy,1.1968812305244665
L396_f04,xy,0.2548054126990149
L396_f04,xy,0.3231448229311443
L396_f04,xy,2.9462570821620067
L396_f04,xy,1.9507860910421888
L396_f04,xy,1.6896945768696636
L396_f04,xy,0.5405021445772767
L396_f04,xy,1.6503093008604628
L396_f04,xy,0.4025469911261102
L396_f04,xy,0.8359242141749125
L396_f04,xy,1.6785502350946593
L396_f04,xy,0.3647201792296197
L396_f04,xy,0.8968893289735358
L396_f04,xy,0.9550885027367196
L396_f04,xy,1.029073245879168
L396_f04,xy,0.4706650514498688
L396_f04,xy,0.8253381562682912
L396_f04,xy,0.2707003103271467
L396_f04,xy,2.0050774484099008
L396_f04,xy,0.7163555635578138
L396_f04,xy,0.4119075648553005
L396_f04,xy,0.9519157432303212
L396_f04,xy,1.3475539045217595
L396_f04,xy,0.8503984135214362
L396_f04,xy,0.8978655657653517
L396_f04,xy,0.8437629525657259
L396_f04,xy,0.283210968062779
L396_f04,xy,1.0617327333112223
L396_f04,xy,0.931813509551172
L396_f04,xy,1.1694458693933791
L396_f04,xy,1.0192886401089063
L396_f04,xy,1.0295711613988618
L396_f04,xy,0.7580999038321157
L396_f04,xy,0.6558132236481904
L396_f04,xy,2.5167109918774733
L396_f04,xy,1.0743283942068813
L396_f04,xy,2.0025001588176323
L396_f04,xy,1.3084743387698874
L396_f04,xy,0.4669406970282228
L396_f04,xy,1.0792939272080229
L396_f04,xy,0.3091077014217244
L396_f04,xy,0.1265191771294048
L396_f04,xy,0.8436499174991153
L396_f04,xy,0.9568894807631318
L396_f04,xy,2.0064516835863495
L396_f04,xy,0.990201263586618
L396_f04,xy,0.2757589109542043
L396_f04,xy,0.1886188001336614
L396_f04,xy,0.7988959239605865
L396_f04,xy,0.6486941888200243
L396_f04,xy,1.0719939615060226
L396_f04,xy,0.4005064981577014
L396_f04,xy,1.7722277636556691
L396_f04,xy,1.1030307171963982
L396_f04,xy,0.3449328214232947
L396_f04,xy,3.5798292595225676
L396_f04,xy,0.8041009788703947
L396_f04,xy,0.5800146880208317
L396_f04,xy,1.1497799922823138
L396_f04,xy,1.0598468828554362
L396_f04,xy,1.018065554040052
L396_f04,xy,3.581638749918998
L396_f04,xy,1.7082338218914894
L396_f04,xy,0.7711085954510526
L396_f04,xy,0.4417518603931153
L396_f04,xy,1.6049246655485296
L396_f04,xy,0.4082135513748748
L396_f04,xy,0.5543190416230046
L396_f04,xy,1.1018111999589728
L396_f04,xy,1.447480881926999
L396_f04,xy,2.0021032713456415
L396_f04,xy,0.7024726094678938
L396_f04,xy,0.6181205384260459
L396_f04,xy,1.265803803458535
L396_f04,xy,0.9006026291863182
L396_f04,xy,0.4162573872338386
L396_f04,xy,0.0330487263407974
L396_f04,xy,5.196115633718391
L396_f04,xy,0.7895827550181044
L396_f04,xy,0.0915268133868984
L396_f04,xy,0.3069056247718851
L396_f04,xy,0.2269324378840875
L396_f04,xy,0.7847108879782768
L396_f04,xy,1.733720370604291
L396_f04,xy,0.4379425009113209
L396_f04,xy,1.3066276940599777
L396_f04,xy,1.5670841430164628
L396_f04,xy,0.5452983925146809
L396_f04,xy,0.7780342096698063
L396_f04,xy,4.978323667922904
L396_f04,xy,0.7508864450689051
L396_f04,xy,1.585628393484012
L396_f04,xy,0.5397915932864584
L396_f04,xy,0.7372341585289858
L396_f04,xy,0.2952693567231875
L396_f04,xy,0.5181027373281885
L396_f04,xy,1.314736047161231
L396_f04,xy,1.7437882229028463
L396_f04,xy,0.7120244507577627
L396_f04,xy,0.0298832416375781
L396_f04,xy,0.1780027239997154
L396_f04,xy,1.3445535153621748
L396_f04,xy,2.8944577975210666
L396_f04,xy,1.2052386015558638
L396_f04,xy,0.932386011490198
L396_f04,xy,1.1073678345497753
L396_f04,xy,0.3137479600229425
L396_f04,xy,0.6726829902323953
L396_f04,xy,0.5661950152945247
L396_f04,xy,1.089460834138381
L396_f04,xy,1.5491677110290396
L396_f04,xy,0.1403615070082979
L396_f04,xy,1.464014420139285
L396_f04,xy,0.6240161893503555
L396_f04,xy,0.3185999035518202
L396_f04,xy,0.4306940728121616
L396_f04,xy,1.2155923330827232
L396_f04,xy,4.354659968594459
L396_f04,xy,0.6986936204871275
L396_f04,xy,0.2266571719274798
L396_f04,xy,0.6595458134643115
L396_f04,xy,2.042104585157289
L396_f04,xy,2.174571892889357
L396_f04,xy,2.900317119469056
L396_f04,xy,0.4337266817897323
L396_f04,xy,0.985236758803388
L396_f04,xy,1.0649124716298857
L396_f04,xy,4.99394684581911
L396_f04,xy,1.517312903180173
L396_f04,xy,0.9201095819066456
L396_f04,xy,0.3771802746747831
L396_f04,xy,0.5735412000204326
L396_f04,xy,0.7342443855326825
L396_f04,xy,1.8992178453209163
L396_f04,xy,2.135416952552113
L396_f04,xy,1.0236796507770674
L396_f04,xy,0.8021789852897168
L396_f04,xy,0.5022405996992102
L396_f04,xy,0.9169211070843696
L396_f04,xy,1.19340502649046
L396_f04,xy,0.7553755099472274
L396_f04,xy,1.289218425101519
L396_f04,xy,0.7832265012309687
L396_f04,xy,0.6742548525081442
L396_f04,xy,0.5093803755531376
L396_f04,xy,2.3466294259418796
L396_f04,xy,0.6507800985586396
L396_f04,xy,2.289520721663314
L396_f04,xy,1.1741913238595378
L396_f04,xy,0.2504047623331701
L396_f04,xy,0.3436876485157907
L396_f04,xy,1.333096000737071
L396_f04,xy,1.3082900461682978
L396_f04,xy,1.3487909770580286
L396_f04,xy,1.0025804185605085
L396_f04,xy,0.9428105637652924
L396_f04,xy,4.196010651435302
L396_f04,xy,0.515815741026031
L396_f04,xy,0.7703077399458541
L396_f04,xy,0.9349124702460484
L396_f04,xy,0.6765046480186743
L396_f04,xy,1.3756819854148252
L396_f04,xy,0.1707312493875068
L396_f04,xy,0.8294743209161384
L396_f04,xy,1.5182775759489164
L396_f04,xy,1.6285299685580086
L396_f04,xy,0.2357400437858364
L396_f04,xy,1.484215978341085
L396_f04,xy,1.0483225074732072
L396_f04,xy,0.4899400769501991
L396_f04,xy,0.8605712835396297
L396_f04,xy,0.5658893090040258
L396_f04,xy,1.3552242889547543
L396_f04,xy,0.6771852291180581
L396_f04,xy,1.79376428743753
L396_f04,xy,0.5870984662994118
L396_f04,xy,0.8636609614124593
L396_f04,xy,1.0688111546020571
L396_f04,xy,0.9873937248682446
L396_f04,xy,0.3665196015936296
L396_f04,xy,0.964418551337132
L396_f04,xy,0.6535610252049894
L396_f04,xy,1.098665759224423
L396_f04,xy,1.086332943873721
L396_f04,xy,0.3530730275030198
L396_f04,xy,1.0884111698672974
L396_f04,xy,0.5905874249172034
L396_f04,xy,1.8692263293937372
L396_f04,xy,0.65073474390961
L396_f04,xy,2.1071379998168114
L396_f04,xy,2.0307538029282095
L396_f04,xy,1.3499612798979448
L396_f04,xy,1.481933296959108
L396_f04,xy,0.7784804699082272
L396_f04,xy,1.648148205845664
L396_f04,xy,3.71598884278647
L396_f04,xy,3.3878614677236407
L396_f04,xy,0.9906824756564112
L396_f04,xy,0.6145055469526651
L396_f04,xy,0.1413541037839337
L396_f04,xy,3.272497963861775
L396_f04,xy,3.512419311510074
L396_f04,xy,0.3803261198777684
L396_f04,xy,0.6652236667605799
L396_f04,xy,1.0564222944398085
L396_f04,xy,1.3491761872809702
L396_f04,xy,0.5013309125786444
L396_f04,xy,1.2044408007004508
L396_f04,xy,1.4059127897352257
L396_f04,xy,0.7866763069813639
L396_f04,xy,1.842390654644302
L396_f04,xy,2.341601703893596
L396_f04,xy,1.4639523525046467
L396_f04,xy,5.75712895035681
L396_f04,xy,0.1305683243722924
L396_f04,xy,0.4733163504958123
L396_f04,xy,2.3462899289735577
L396_f04,xy,1.5837010072330235
L396_f04,xy,2.225692855615765
L396_f04,xy,1.1418052376798435
L396_f04,xy,1.200527511399605
L396_f04,xy,2.334067615370871
L396_f04,xy,1.2240419856642968
L396_f04,xy,1.4874068011784038
L396_f04,xy,0.7326782705762795
L396_f04,xy,0.8116092597518494
L396_f04,xy,1.0603300582570536
L396_f04,xy,0.4686232910629194
L396_f04,xy,1.0032481245754314
L396_f04,xy,0.9417482001452856
L396_f04,xy,0.6410189769290968
L396_f04,xy,0.7399225832840785
L396_f04,xy,1.061903117790547
L396_f04,xy,0.9668557454047464
L396_f04,xy,0.7438464279698224
L396_f04,xy,2.77095702093072
L396_f04,xy,1.0860741336617112
L396_f04,xy,0.7969743743333073
L396_f04,xy,0.9110957535770816
L396_f04,xy,0.4996406238534557
L396_f04,xy,0.8196361550357518
L396_f04,xy,0.4691490804165656
L396_f04,xy,1.1752620609418034
L396_f04,xy,0.4332807338352934
L396_f04,xy,0.7860719079423814
L396_f04,xy,2.04214223805133
L396_f04,xy,0.9848813101689736
L396_f04,xy,1.1177547276273974
L396_f04,xy,2.286677258717728
L396_f04,xy,0.2805205041626554
L396_f04,xy,0.5601504596210056
L396_f04,xy,2.5271112265358617
L396_f04,xy,0.4733919565844883
L396_f04,xy,1.0491906657633965
L396_f04,xy,3.313774492566546
L396_f04,xy,0.7138719622029432
L396_f04,xy,0.3424678075311899
L396_f04,xy,2.5074423659235614
L396_f04,xy,0.4985881921097258
L396_f04,xy,0.9601284905562242
L396_f04,xy,0.8559400941596077
L396_f04,xy,1.3000529693330278
L396_f04,xy,1.735994987720154
L396_f04,xy,1.7460976638785632
L396_f04,xy,1.8222482513949143
L396_f04,xy,0.9765265970266316
L396_f04,xy,1.19730054753864
L396_f04,xy,0.3815211174749234
L396_f04,xy,0.6384855053622925
L396_f04,xy,1.1201024235786214
L396_f04,xy,0.6354119937393607
L396_f04,xy,0.6408034852423663
L396_f04,xy,0.6309619644882501
L396_f04,xy,0.809973481871032
L396_f04,xy,0.8511340500641
L396_f04,xy,0.7871843203888386
L396_f04,xy,0.3299743907376827
L396_f04,xy,1.0032749785787023
L396_f04,xy,0.6373738042051827
L396_f04,xy,1.3828798857569802
L396_f04,xy,0.761895710711794
L396_f04,xy,1.1437630376374213
L396_f04,xy,1.5639314736193826
L396_f04,xy,4.111544590877989
L396_f04,xy,0.6043686169724043
L396_f04,xy,2.6266935901934487
L396_f04,xy,4.449617312079388
L396_f04,xy,1.6048651889357457
L396_f04,xy,1.4591700046014602
L396_f04,xy,1.4942228646262683
L396_f04,xy,3.319730443315955
L396_f04,xy,1.8333879980291363
L396_f04,xy,1.6745510817335685
L396_f04,xy,0.4556513543121326
L396_f04,xy,1.1927690809517364
L396_f04,xy,1.14779267830581
L396_f04,xy,1.2680178648075118
L396_f04,xy,0.7854221210390911
L396_f04,xy,1.6456881536892711
L396_f04,xy,0.3142282494432831
L396_f04,xy,0.0990449248145042
L396_f04,xy,0.5253797091800987
L396_f04,xy,0.3879102658970331
L396_f04,xy,0.3114356012139342
L396_f04,xy,0.7232365370774853
L396_f04,xy,1.2148125401896863
L396_f04,xy,0.7737945655127466
L396_f04,xy,0.8917767200005947
L396_f04,xy,0.1107488202051796
L396_f04,xy,1.5177327162696164
L396_f04,xy,0.3952403284311633
L396_f04,xy,0.4648516547093159
L396_f04,xy,2.8034170892187293
L396_f04,xy,1.9642228958471952
L396_f04,xy,1.8438719984389875
L396_f04,xy,2.7871975614407303
L396_f04,xy,2.3000198996345484
L396_f04,xy,1.0385551873667016
L396_f04,xy,0.960943633842752
L396_f04,xy,1.5301870078287942
L396_f04,xy,1.4786710759890822
L396_f04,xy,1.32045634935897
L396_f04,xy,0.5335488586528472
L396_f04,xy,1.0808734325191354
L396_f04,xy,1.1460801223697965
L396_f04,xy,2.0437008922687028
L396_f04,xy,3.0103324751569924
L396_f04,xy,1.5687766057788397
L396_f04,xy,1.8742361748055116
L396_f04,xy,2.0235146928527983
L396_f04,xy,1.3596881098599145
L396_f04,xy,4.265894879857147
L396_f04,xy,0.8736963524749238
L396_f04,xy,2.3837171406407327
L396_f04,xy,2.170191729861218
L396_f04,xy,1.794161244598897
L396_f04,xy,0.9317569093288052
L396_f04,xy,1.323447082733238
L396_f04,xy,0.3381683722551574
L396_f04,xy,1.46036003966623
L396_f04,xy,2.2757252443618707
L396_f04,xy,2.2707036617412357
L396_f04,xy,1.7772834438066498
L396_f04,xy,1.1606447649533622
L396_f04,xy,4.252177108490757
L396_f04,xy,2.009246626708379
L396_f04,xy,0.331788891038566
L396_f04,xy,0.1645898751651393
L396_f04,xy,0.9716665396096656
L396_f04,xy,1.5473975086204914
L396_f04,xy,1.1309202119088269
L396_f04,xy,0.3820257810174876
L396_f04,xy,0.4975274175750345
L396_f04,xy,0.9390980909273824
L396_f04,xy,0.529798241811296
L396_f04,xy,0.8996196924291965
L396_f04,xy,0.6690086406777234
L396_f04,xy,0.4282887649847465
L396_f04,xy,3.184580093463187
L396_f04,xy,1.9582962241768511
L396_f04,xy,0.1119839105613075
L396_f04,xy,1.2663999313867882
L396_f04,xy,0.836271843761822
L396_f04,xy,1.1011133722700317
L396_f04,xy,3.2504466367240252
L396_f04,xy,3.3311297584451767
L396_f04,xy,0.8434896686316845
L396_f04,xy,0.6355676040808746
L396_f04,xy,1.5761398884402091
L396_f04,xy,0.8381125534705688
L396_f04,xy,0.7914510842609987
L396_f04,xy,1.7639764492090395
L396_f04,xy,0.7753240905843053
L396_f04,xy,0.3919671752865279
L396_f04,xy,0.082740567969891
L396_f04,xy,0.5896555101706707
L396_f04,xy,2.434118526229634
L396_f04,xy,0.5187063076084977
L396_f04,xy,1.050923573576969
L396_f04,xy,1.3675858066868298
L396_f04,xy,0.2057213992213113
L396_f04,xy,0.4019220904338725
L396_f04,xy,1.3176409149334594
L396_f04,xy,0.3096658209480217
L396_f04,xy,2.323820664247876
L396_f04,xy,2.805516403229538
L396_f04,xy,0.257856467066919
L396_f04,xy,0.6345676413902158
L396_f04,xy,0.8859231554196391
L396_f04,xy,1.861873797799106
L396_f04,xy,3.634633867523001
L396_f04,xy,0.8629261624490593
L396_f04,xy,0.6154765457082563
L396_f04,xy,0.300060358765249
L396_f04,xy,0.6541599045734162
L396_f04,xy,1.9046274031351764
L396_f04,xy,0.5050528479729363
L396_f04,xy,1.254326863289848
L396_f04,xy,1.5560899131207335
L396_f04,xy,0.8331310321709906
L396_f04,xy,4.507350473637817
L396_f04,xy,0.3995488419999111
L396_f04,xy,0.1514749250767344
L396_f04,xy,0.8136799801343236
L396_f04,xy,0.868975823099496
L396_f04,xy,1.0648419138601837
L396_f04,xy,0.7289616130036664
L396_f04,xy,0.7610433529093974
L396_f04,xy,0.1910973778715511
L396_f04,xy,1.3631909068162698
L396_f04,xy,2.097157878551514
L396_f04,xy,2.281988007326151
L396_f04,xy,0.9538194089059446
L396_f04,xy,0.8332627044863044
L396_f04,xy,0.5411623365394994
L396_f04,xy,1.660838328185555
L396_f04,xy,0.8896836578173771
L396_f04,xy,2.3045014452647816
L396_f04,xy,0.4705401599635458
L396_f04,xy,1.028292918111505
L396_f04,xy,1.8021093766558745
L396_f04,xy,1.6267889105330453
L396_f04,xy,1.4910340530745183
L396_f04,xy,2.6213317499088253
L396_f04,xy,0.5195664296369743
L396_f04,xy,0.4236407366641045
L396_f04,xy,1.228390607211573
L396_f04,xy,1.9586678507480868
L396_f04,xy,0.834315820571407
L396_f04,xy,1.1524656516778895
L396_f04,xy,0.3658446854816917
L396_f04,xy,0.9364698921616206
L396_f04,xy,5.420972987523112
L396_f04,xy,1.8901415297900983
L396_f04,xy,1.6183954825939109
L396_f04,xy,0.8562580219341457
L396_f04,xy,1.6971567766840998
L396_f04,xy,2.1862424633352244
L396_f04,xy,0.1121057654631356
L396_f04,xy,0.6634617123438321
L396_f04,xy,0.9382524467294476
L396_f04,xy,0.760143793724141
L396_f04,xy,1.8538192379330003
L396_f04,xy,1.7474721341467627
L396_f04,xy,0.6015938926730953
L396_f04,xy,0.4869545134610119
L396_f04,xy,1.8675862799115368
L396_f04,xy,1.3299829610396838
L396_f04,xy,0.9151331468632016
L396_f04,xy,1.5965564748267915
L396_f04,xy,0.891317691949379
L396_f04,xy,0.1284464664625521
L396_f04,xy,2.7948793723339436
L396_f04,xy,1.1278802056820112
L396_f04,xy,0.4632610034051374
L396_f04,xy,2.649668728366268
L396_f04,xy,0.1923680135736369
L396_f04,xy,1.5483290435500223
L396_f04,xy,0.6447913989955895
L396_f04,xy,0.8505136852599485
L396_f04,xy,1.8239985139979609
L396_f04,xy,0.34202086597449
L396_f04,xy,1.2437227397996091
L396_f04,xy,1.4806775598992574
L396_f04,xy,2.652883104221771
L396_f04,xy,0.7834294204391203
L396_f04,xy,0.3150339042288604
L396_f04,xy,1.3306374383261874
L396_f04,xy,2.1390045246808844
L396_f04,xy,0.8965288441063652
L396_f04,xy,1.516494813621456
L396_f04,xy,0.3833309932984026
L396_f04,xy,1.2913199756912603
L396_f04,xy,0.8194063249236911
L396_f04,xy,1.12234835705327
L396_f04,xy,4.398496929203961
L396_f04,xy,1.2130805517348255
L396_f04,xy,0.6363765898034925
L396_f04,xy,0.2690617213527718
L396_f04,xy,1.9426064105355945
L396_f04,xy,0.4330269232912601
L396_f04,xy,4.078929416559444
L396_f04,xy,1.3021203679508122
L396_f04,xy,0.7157999526415684
L396_f04,xy,0.9061485586225164
L396_f04,xy,1.7216836394038109
L396_f04,xy,1.5001617277524115
L396_f04,xy,1.7180035175023969
L396_f04,xy,1.5881713920789806
L396_f04,xy,0.5231890440654131
L396_f04,xy,2.2853992949383546
L396_f04,xy,0.7425239294035367
L396_f04,xy,0.6612553645333207
L396_f04,xy,0.8325471365787575
L396_f04,xy,0.6232505919815268
L396_f04,xy,0.6579935771850955
L396_f04,xy,1.4215404304784474
L396_f04,xy,0.7935501426074956
L396_f04,xy,5.818621358815336
L396_f04,xy,0.8312542638965476
L396_f04,xy,1.0452270267737993
L396_f04,xy,3.4594696775467666
L396_f04,xy,0.7858693294617707
L396_f04,xy,1.3777269664752434
L396_f04,xy,2.16779693077417
L396_f04,xy,0.9933123488362186
L396_f04,xy,1.8742550139861065
L396_f04,xy,2.128521438964562
L396_f04,xy,2.974893559504463
L396_f04,xy,0.4117669296017626
L396_f04,xy,1.428726153873347
L396_f04,xy,1.3809116752172892
L396_f04,xy,4.97687952739156
L396_f04,xy,1.6152557419815143
L396_f04,xy,0.728837479152523
L396_f04,xy,2.886712444714119
L396_f04,xy,1.4039905896350189
L396_f04,xy,0.4711570876776705
L396_f04,xy,0.0665166347977306
L396_f04,xy,2.658367310684465
L396_f04,xy,0.9203798992499582
L396_f04,xy,0.1086855979206934
L396_f04,xy,1.618217595455402
L396_f04,xy,0.4967163910855769
L396_f04,xy,3.302854458769795
L396_f04,xy,0.3263208544398255
L396_f04,xy,3.040198994900269
L396_f04,xy,0.3479130311279624
L396_f04,xy,1.3413241098741364
L396_f04,xy,1.0258543403493776
L396_f04,xy,1.3796351956078134
L396_f04,xy,2.7526260779979785
L396_f04,xy,5.541154897943681
L396_f04,xy,1.597526164046417
L396_f04,xy,0.7318672903970339
L396_f04,xy,0.1917188433639276
L396_f04,xy,5.038025903872219
L396_f04,xy,0.4149769031376052
L396_f04,xy,0.8400177291683616
L396_f04,xy,0.7775264279785704
L396_f04,xy,3.31275440701494
L396_f04,xy,2.4847538317305964
L396_f04,xy,0.8012556705688038
L396_f04,xy,1.2423778250124624
L396_f04,xy,0.5410213592052773
L396_f04,xy,0.6586439071645871
L396_f04,xy,1.0635561088165617
L396_f04,xy,0.9121339489550314
L396_f04,xy,1.4029887990992955
L396_f04,xy,0.1447436552990964
L396_f04,xy,2.538596729015685
L396_f04,xy,1.294500572391365
L396_f04,xy,1.2507564352390317
L396_f04,xy,1.1717955874327162
L396_f04,xy,1.1492156522728256
L396_f04,xy,1.2941327894118364
L396_f04,xy,1.315934024482425
L396_f04,xy,2.1082810869886144
L396_f04,xy,1.6153893528273322
L396_f04,xy,1.1430472727137826
L396_f04,xy,0.9839515097323104
L396_f04,xy,3.6550053724333784
L396_f04,xy,5.429161325005161
L396_f04,xy,1.561466191484176
L396_f04,xy,0.7933432606856125
L396_f04,xy,0.4137223680607588
L396_f04,xy,0.0791771279447426
L396_f04,xy,2.4592940155776892
L396_f04,xy,1.349575479693456
L396_f04,xy,1.3213847379920152
L396_f04,xy,0.4262670474236699
L396_f04,xy,0.9308712979853904
L396_f04,xy,1.9032585521781915
L396_f04,xy,1.230070637756252
L396_f04,xy,1.1588524077666056
L396_f04,xy,0.2310219459706566
L396_f04,xy,1.9835330650629812
L396_f04,xy,0.6666220752845539
L396_f04,xy,0.7879839660900354
L396_f04,xy,0.9856279917744184
L396_f04,xy,1.684585000745075
L396_f04,xy,1.6736361306853509
L396_f04,xy,0.5081889554670855
L396_f04,xy,0.9371069956568656
L396_f04,xy,2.6698394513963315
L396_f04,xy,2.123624056202702
L396_f04,xy,1.469711493527867
L396_f04,xy,2.5118976326356144
L396_f04,xy,1.238597911717075
L396_f04,xy,1.0650133166213716
L396_f04,xy,1.0413978074087844
L396_f04,xy,2.574532740369347
L396_f04,xy,2.4882953758928625
L396_f04,xy,2.1844916273282915
L396_f04,xy,0.4134149870663632
L396_f04,xy,0.3623230401718935
L396_f04,xy,4.16603777500341
L396_f04,xy,0.5520736382196807
L396_f04,xy,2.3174141178638386
L396_f04,xy,0.6608395135652207
L396_f04,xy,0.1259467271693991
L396_f04,xy,0.4519300310095833
L396_f04,xy,1.7695483926048097
L396_f04,xy,1.187099375124936
L396_f04,xy,1.5852536505163948
L396_f04,xy,1.967576404848746
L396_f04,xy,3.111565566005996
L396_f04,xy,3.3970215719001446
L396_f04,xy,1.535931865725606
L396_f04,xy,0.4754400493123668
L396_f04,xy,1.0395704319988637
L396_f04,xy,3.048053561066951
L396_f04,xy,0.7950419064102878
L396_f04,xy,1.0199519626452758
L396_f04,xy,1.8132864688841113
L396_f04,xy,1.1223093276450242
L396_f04,xy,0.9358277531261612
L396_f04,xy,3.271052795615096
L396_f04,xy,0.9296049025910976
L396_f04,xy,1.46382847396718
L396_f04,xy,1.0959470327872038
L396_f04,xy,2.176824539737578
L396_f04,xy,1.562076961081741
L396_f04,xy,2.994898241178389
L396_f04,xy,2.22209880926862
L396_f04,xy,0.0699481850996826
L396_f04,xy,1.5043091949201255
L396_f04,xy,1.9955956479257235
L396_f04,xy,2.5749870989330423
L396_f04,xy,1.862533503003736
L396_f04,xy,0.5655159641596693
L396_f04,xy,0.2214885550276124
L396_f04,xy,4.996188582106527
L396_f04,xy,2.828916767510573
L396_f04,xy,4.475921811197948
L396_f04,xy,0.3606874505487805
L396_f04,xy,1.7245195023562006
L396_f04,xy,0.072306757630095
L396_f04,xy,0.5204856398048386
L396_f04,xy,1.0398261661732977
L396_f04,xy,2.1585184215775324
L396_f04,xy,1.3835557615357537
L396_f04,xy,2.740294195544769
L396_f04,xy,2.1399586608633734
L396_f04,xy,1.054159614477777
L396_f04,xy,0.3730291164318093
L396_f04,xy,0.9621775671536944
L396_f04,xy,1.1473023797042663
L396_f04,xy,1.7584641668433587
L396_f04,xy,1.4487288462840997
L396_f04,xy,2.0494477822710855
L396_f04,xy,5.803795054304184
L396_f04,xy,2.9756993563061775
L396_f04,xy,2.180145540513421
L396_f04,xy,0.8674439967288952
L396_f04,xy,2.166655990549183
L396_f04,xy,4.076935165190556
L396_f04,xy,1.3201977708003672
L396_f04,xy,1.698401901933625
L396_f04,xy,0.566675516022837
L396_f04,xy,1.4500742396893789
L396_f04,xy,4.320959846014173
L396_f04,xy,2.800463433247621
L396_f04,xy,1.5569871799678527
L396_f04,xy,1.7461934109816326
L396_f04,xy,0.5295196198501168
L396_f04,xy,0.6772638750509089
L396_f04,xy,0.740764531162637
L396_f04,xy,1.5705840358673004
L396_f04,xy,0.9465900176168917
L396_f04,xy,0.4270599719784063
L396_f04,xy,0.7380590645268271
L396_f04,xy,1.2419518487775545
L396_f04,xy,0.5424375801613502
L396_f04,xy,2.9439216172860316
L396_f04,xy,0.5479802910004938
L396_f04,xy,1.0619789868914975
L396_f04,xy,1.2897937764614755
L396_f04,xy,2.555500809540656
L396_f04,xy,2.030008884466425
L396_f04,xy,2.1375149171874113
L396_f04,xy,0.7067767462518143
L396_f04,xy,3.3760615836352863
L396_f04,xy,1.7293347511175043
L396_f04,xy,4.717826991910869
L396_f04,xy,0.7148515113085432
L396_f04,xy,1.822151891373725
L396_f04,xy,2.5772394275237107
L396_f04,xy,0.1614084822101447
L396_f04,xy,1.806313670831897
L396_f04,xy,0.5119738918018268
L396_f04,xy,1.2057311979084413
L396_f04,xy,0.7732612313373998
L396_f04,xy,0.8249553045004461
L396_f04,xy,0.8799256244611305
L396_f04,xy,1.645782495934335
L396_f04,xy,1.543820002743986
L396_f04,xy,0.589146386373992
L396_f04,xy,3.583454528532706
L396_f04,xy,1.0441543501403536
L396_f04,xy,1.720520964884244
L396_f04,xy,2.006337315810737
L396_f04,xy,1.1304155297352143
L396_f04,xy,1.1241783503848668
L396_f04,xy,0.8972628569327785
L396_f04,xy,2.532945886157691
L396_f04,xy,1.547280178187418
L396_f04,xy,1.6712750060246082
L396_f04,z,11.90751445086704
L396_f04,z,4.913319238900641
L396_f04,z,8.613065326633176
L396_f04,z,12.358974358974365
L396_f04,z,16.513761467889935
L396_f04,z,5.89318600368324
L396_f04,z,16.103106411103795
L396_f04,z,1.70859538784066
L396_f04,z,3.913978494623649
L396_f04,z,6.996168582375475
L396_f04,z,4.228971962616811
L396_f04,z,10.908136482939625
L396_f04,z,10.437869822485197
L396_f04,z,6.453159041394343
L396_f04,z,15.860240963855432
L396_f04,z,12.407142857142844
L396_f04,z,3.875409836065586
L396_f04,z,11.823863636363626
L396_f04,z,3.7198795180722755
L396_f04,z,4.659436008676778
L396_f04,z,6.569060773480658
L396_f04,z,13.254629629629619
L396_f04,z,5.943775100401609
L396_f04,z,13.688888888888897
L396_f04,z,6.618504435994936
L396_f04,z,12.854237288135607
L396_f04,z,9.203883495145618
L396_f04,z,5.990074441687341
L396_f04,z,6.346341463414632
L396_f04,z,7.256140350877189
L396_f04,z,4.98795180722891
L396_f04,z,14.474114441416901
L396_f04,z,12.234349919743181
L396_f04,z,9.818965517241367
L396_f04,z,14.083333333333343
L396_f04,z,4.972602739726028
L396_f04,z,11.970909090909089
L396_f04,z,13.552941176470597
L396_f04,z,5.697211155378483
L396_f04,z,8.91968503937008
L396_f04,z,7.820105820105823
L396_f04,z,3.507462686567152
L396_f04,z,13.471482889733835
L396_f04,z,1.841924398625423
L396_f04,z,7.183419689119177
L396_f04,z,8.065573770491795
L396_f04,z,12.759803921568619
L396_f04,z,8.234458259325038
L396_f04,z,5.450061652281136
L396_f04,z,11.823529411764696
L396_f04,z,17.326612903225794
L396_f04,z,4.7482993197278915
L396_f04,z,12.323943661971839
L396_f04,z,5.189189189189193
L396_f04,z,12.111111111111114
L396_f04,z,15.379209370424604
L396_f04,z,5.391304347826093
L396_f04,z,9.881856540084385
L396_f04,z,10.968299711815575
L396_f04,z,13.561797752808985
L396_f04,z,5.2939759036144665
L396_f04,z,3.809885931558938
L396_f04,z,14.724444444444458
L396_f04,z,3.222910216718276
L396_f04,z,14.989775051124752
L396_f04,z,10.765873015873012
L396_f04,z,6.440734557595988
L396_f04,z,9.830601092896188
L396_f04,z,8.379999999999995
L396_f04,z,11.320158102766811
L396_f04,z,1.0979757085020196
L396_f04,z,13.42619542619542
L396_f04,z,6.93464052287581
L396_f04,z,13.785522788203764
L396_f04,z,5.982708933717589
L396_f04,z,9.573770491803288
L396_f04,z,15.095384615384603
L396_f04,z,6.596306068601592
L396_f04,z,8.41732283464566
L396_f04,z,6.436123348017617
L396_f04,z,7.186274509803923
L396_f04,z,14.082191780821915
L396_f04,z,17.72758037225043
L396_f04,z,13.091743119266056
L396_f04,z,8.456692913385837
L396_f04,z,12.011560693641627
L396_f04,z,9.923482849604227
L396_f04,z,5.484029484029492
L396_f04,z,14.612143742255256
L396_f04,z,8.891396332863195
L396_f04,z,7.8326359832636
L396_f04,z,12.22368421052633
L396_f04,z,16.600790513834
L396_f04,z,10.63157894736841
L396_f04,z,6.979381443298962
L396_f04,z,7.304347826086968
L396_f04,z,5.874251497005986
L396_f04,z,12.389743589743603
L396_f04,z,9.617977528089881
L396_f04,z,5.690815744438112
L396_f04,z,8.963636363636368
L396_f04,z,6.436363636363637
L396_f04,z,6.765188834154344
L396_f04,z,6.48986486486487
L396_f04,z,10.872246696035234
L396_f04,z,10.47645429362882
L396_f04,z,8.463458110516939
L396_f04,z,13.293333333333322
L396_f04,z,8.193133047210296
L396_f04,z,7.4466403162055315
L396_f04,z,13.978807947019874
L396_f04,z,4.646288209606979
L396_f04,z,14.972010178117046
L396_f04,z,13.080074487895729
L396_f04,z,17.891696750902554
L396_f04,z,9.917378917378926
L396_f04,z,5.4668547249647474
L396_f04,z,8.258333333333326
L396_f04,z,8.141636141636155
L396_f04,z,14.356435643564367
L396_f04,z,12.585365853658544
L396_f04,z,8.101731601731615
L396_f04,z,8.582651391162017
L396_f04,z,12.9296875
L396_f04,z,4.665012406947881
L396_f04,z,8.816608996539799
L396_f04,z,6.368098159509202
L396_f04,z,11.359253499222405
L396_f04,z,11.358851674641159
L396_f04,z,6.5861182519280135
L396_f04,z,12.764705882352928
L396_f04,z,15.371428571428567
L396_f04,z,9.597122302158283
L396_f04,z,8.9510022271715
L396_f04,z,9.716312056737593
L396_f04,z,8.393442622950829
L396_f04,z,7.655502392344488
L396_f04,z,3.989232839838479
L396_f04,z,12.955938697318004
L396_f04,z,12.400728597449898
L396_f04,z,7.042979942693421
L396_f04,z,6.456989247311839
L396_f04,z,12.68965517241378
L396_f04,z,15.375426621160415
L396_f04,z,15.518218623481772
L396_f04,z,8.565517241379297
L396_f04,z,12.530567685589517
L396_f04,z,6.561085972850691
L396_f04,z,15.844994617868679
L396_f04,z,6.889719626168215
L396_f04,z,10.900608519269781
L396_f04,z,8.259999999999991
L396_f04,z,11.901185770750999
L396_f04,z,20.468085106383
L396_f04,z,11.042735042735046
L396_f04,z,14.062868369351662
L396_f04,z,11.144876325088347
L396_f04,z,8.221311475409834
L396_f04,z,8.05622489959839
L396_f04,z,8.114285714285728
L396_f04,z,6.839160839160826
L396_f04,z,5.802020202020202
L396_f04,z,10.97591888466414
L396_f04,z,13.153153153153141
L396_f04,z,16.42105263157896
L396_f04,z,7.712212817412336
L396_f04,z,8.796380090497735
L396_f04,z,15.02139037433156
L396_f04,z,11.437288135593207
L396_f04,z,12.553763440860223
L396_f04,z,16.038216560509568
L396_f04,z,10.842767295597497
L396_f04,z,10.641975308641975
L396_f04,z,9.552795031055894
L396_f04,z,12.438914027149309
L396_f04,z,7.6542810985460505
L396_f04,z,8.735694822888291
L396_f04,z,15.572222222222223
L396_f04,z,5.716381418092908
L396_f04,z,14.323922734026752
L396_f04,z,15.362500000000011
L396_f04,z,12.748010610079575
L396_f04,z,9.6893203883495
L396_f04,z,11.316513761467888
L396_f04,z,4.18803418803418
L396_f04,z,14.16015625
L396_f04,z,9.555555555555543
L396_f04,z,10.695652173913032
L396_f04,z,8.075999999999993
L396_f04,z,6.485029940119773
L396_f04,z,8.351906158357764
L396_f04,z,6.301169590643269
L396_f04,z,17.379537953795364
L396_f04,z,11.512104283054015
L396_f04,z,9.604395604395592
L396_f04,z,10.1638846737481
L396_f04,z,10.41441441441441
L396_f04,z,8.234354194407445
L396_f04,z,7.397101449275368
L396_f04,z,6.976190476190482
L396_f04,z,8.343612334801776
L396_f04,z,6.508379888268166
L396_f04,z,10.687872763419477
L396_f04,z,9.162227602905574
L396_f04,z,6.685271317829461
L396_f04,z,13.420195439739416
L396_f04,z,14.518518518518505
L396_f04,z,10.10227272727272
L396_f04,z,11.686832740213532
L396_f04,z,8.459016393442624
L396_f04,z,12.911458333333343
L396_f04,z,7.491935483870975
L396_f04,z,8.639999999999986
L396_f04,z,9.402790697674419
L396_f04,z,15.67407407407407
L396_f04,z,10.501510574018113
L396_f04,z,5.427884615384613
L396_f04,z,13.474782608695648
L396_f04,z,10.30515463917527
L396_f04,z,10.441471571906362
L396_f04,z,6.6132075471698215
L396_f04,z,9.354285714285709
L396_f04,z,7.5133819951338126
L396_f04,z,12.016393442622956
L396_f04,z,8.10852713178295
L396_f04,z,4.70458715596331
L396_f04,z,8.657534246575352
L396_f04,z,4.926315789473676
L396_f04,z,8.21230769230769
L396_f04,z,15.557959814528601
L396_f04,z,16.98265895953756
L396_f04,z,13.410764872521241
L396_f04,z,13.186943620178027
L396_f04,z,7.304761904761904
L396_f04,z,6.3916083916084006
L396_f04,z,14.784090909090907
L396_f04,z,8.155339805825236
L396_f04,z,4.591362126245855
L396_f04,z,18.48475609756099
L396_f04,z,2.375
L396_f04,z,15.271505376344095
L396_f04,z,9.390625
L396_f04,z,10.429245283018872
L396_f04,z,5.292875989445918
L396_f04,z,11.46122448979591
L396_f04,z,12.258600237247919
L396_f04,z,12.658682634730525
L396_f04,z,12.440604751619873
L396_f04,z,11.73734939759035
L396_f04,z,15.71988795518206
L396_f04,z,3.92776523702031
L396_f04,z,2.809022556390971
L396_f04,z,13.025316455696213
L396_f04,z,10.436090225563902
L396_f04,z,8.194736842105272
L396_f04,z,18.12755102040819
L396_f04,z,12.688796680497916
L396_f04,z,11.419525065963057
L396_f04,z,9.772307692307692
L396_f04,z,8.381502890173408
L396_f04,z,14.2645778938207
L396_f04,z,6.815584415584425
L396_f04,z,12.099099099099107
L396_f04,z,11.36405529953916
L396_f04,z,2.4006259780907726
L396_f04,z,19.71203599550057
L396_f04,z,5.473988439306368
L396_f04,z,10.190217391304344
L396_f04,z,6.344519015659955
L396_f04,z,18.025052192066823
L396_f04,z,3.98773006134968
L396_f04,z,9.003236245954696
L396_f04,z,8.65384615384616
L396_f04,z,4.670918367346928
L396_f04,z,15.731343283582078
L396_f04,z,9.763440860215042
L396_f04,z,12.414253897550111
L396_f04,z,7.225806451612897
L396_f04,z,5.043083900226748
L396_f04,z,6.917159763313606
L396_f04,z,6.192170818505332
L396_f04,z,16.3374613003096
L396_f04,z,5.1703056768558895
L396_f04,z,10.445747800586503
L396_f04,z,15.192660550458726
L396_f04,z,13.575150300601194
L396_f04,z,10.211055276381899
L396_f04,z,5.290322580645153
L396_f04,z,12.390109890109898
L396_f04,z,0.9513236549957185
L396_f04,z,5.16455696202533
L396_f04,z,11.411960132890357
L396_f04,z,8.741573033707851
L396_f04,z,13.714596949891074
L396_f04,z,13.288220551378458
L396_f04,z,7.147540983606547
L396_f04,z,13.818181818181813
L396_f04,z,13.14146341463416
L396_f04,z,19.674525589419204
L396_f04,z,15.908163265306115
L396_f04,z,0.5
L396_f04,z,15.140065146579815
L396_f04,z,19.32368896925857
L396_f04,z,6.530612244897952
L396_f04,z,13.828828828828819
L396_f04,z,14.322147651006702
L396_f04,z,6.013793103448279
L396_f04,z,7.890196078431359
L396_f04,z,4.616570327552978
L396_f04,z,10.858666666666664
L396_f04,z,2.6317626527050493
L396_f04,z,12.98338870431894
L396_f04,z,15.433333333333337
L396_f04,z,13.174872665534792
L396_f04,z,9.923371647509583
L396_f04,z,18.22335890878088
L396_f04,z,10.333333333333343
L396_f04,z,14.05027932960894
L396_f04,z,10.618834080717477
L396_f04,z,3.8996539792387637
L396_f04,z,13.927184466019412
L396_f04,z,4.056710775047264
L396_f04,z,6.938511326860834
L396_f04,z,15.5875169606513
L396_f04,z,8.008676789587867
L396_f04,z,7.3591160220994425
L396_f04,z,11.507494646680954
L396_f04,z,6.183760683760681
L396_f04,z,8.11072664359861
L396_f04,z,8.226415094339615
L396_f04,z,16.661354581673322
L396_f04,z,9.157190635451514
L396_f04,z,7.441860465116292
L396_f04,z,13.967532467532465
L396_f04,z,13.25490196078431
L396_f04,z,1.6263345195729642
L396_f04,z,16.473856209150313
L396_f04,z,8.560000000000002
L396_f04,z,15.870270270270282
L396_f04,z,9.036496350364956
L396_f04,z,0.6944444444444571
L396_f04,z,15.22727272727272
L396_f04,z,4.4509803921568505
L396_f04,z,16.582677165354312
L396_f04,z,15.29341317365268
L396_f04,z,9.420289855072468
L396_f04,z,10.791540785498484
L396_f04,z,9.261648745519722
L396_f04,z,15.339805825242706
L396_f04,z,13.349999999999994
L396_f04,z,17.09074410163339
L396_f04,z,7.483221476510067
L396_f04,z,12.458333333333343
L396_f04,z,11.430303030303037
L396_f04,z,16.688829787234056
L396_f04,z,12.790123456790127
L396_f04,z,6.36480686695279
L396_f04,z,7.19806763285024
L396_f04,z,13.542074363992185
L396_f04,z,6.459016393442624
L396_f04,z,20.375399361022346
L396_f04,z,11.970920840064622
L396_f04,z,10.736526946107773
L396_f04,z,10.465408805031444
L396_f04,z,9.584775086505203
L396_f04,z,8.222222222222229
L396_f04,z,17.814661134163202
L396_f04,z,13.502304147465452
L396_f04,z,16.048899755501225
L396_f04,z,13.202003338898152
L396_f04,z,6.015384615384619
L396_f04,z,6.572580645161281
L396_f04,z,6.5014084507042185
L396_f04,z,18.638766519823776
L396_f04,z,8.181318681318686
L396_f04,z,7.5301204819277245
L396_f04,z,9.12605042016807
L396_f04,z,12.851063829787222
L396_f04,z,5.509859154929586
L396_f04,z,15.69230769230768
L396_f04,z,8.936329588014985
L396_f04,z,14.809815950920239
L396_f04,z,9.508333333333326
L396_f04,z,27.03083700440527
L396_f04,z,12.129870129870142
L396_f04,z,7.512195121951208
L396_f04,z,5.28671328671328
L396_f04,z,12.319444444444457
L396_f04,z,6.7954545454545325
L396_f04,z,18.08115942028985
L396_f04,z,15.023952095808397
L396_f04,z,9.07509881422925
L396_f04,z,17.99364069952304
L396_f04,z,9.759999999999991
L396_f04,z,10.896551724137936
L396_f04,z,10.296296296296305
L396_f04,z,13.471947194719462
L396_f04,z,5.120754716981139
L396_f04,z,6.554347826086968
L396_f04,z,8.776223776223787
L396_f04,z,6.319999999999993
L396_f04,z,7.334161490683243
L396_f04,z,7.865546218487395
L396_f04,z,4.554347826086968
L396_f04,z,14.60396039603961
L396_f04,z,4.979405034324941
L396_f04,z,14.0
L396_f04,z,9.887096774193537
L396_f04,z,7.408450704225345
L396_f04,z,11.64402810304449
L396_f04,z,13.848670756646214
L396_f04,z,13.068893528183708
L396_f04,z,13.273311897106112
L396_f04,z,10.673684210526318
L396_f04,z,6.960563380281684
L396_f04,z,14.261635220125783
L396_f04,z,12.0
L396_f04,z,13.575757575757564
L396_f04,z,10.323488045007025
L396_f04,z,15.602150537634401
L396_f04,z,6.035398230088504
L396_f04,z,10.1875
L396_f04,z,10.077844311377248
L396_f04,z,10.581443298969077
L396_f04,z,10.699999999999989
L396_f04,z,14.821596244131456
L396_f04,z,6.843999999999994
L396_f04,z,12.00607902735561
L396_f04,z,13.114035087719287
L396_f04,z,13.772413793103453
L396_f04,z,15.158102766798407
L396_f04,z,17.805157593123226
L396_f04,z,10.170854271356774
L396_f04,z,10.252873563218401
L396_f04,z,12.09442060085837
L396_f04,z,13.707509881422936
L396_f04,z,12.65306122448979
L396_f04,z,6.269541778975736
L396_f04,z,8.0
L396_f04,z,14.029197080291965
L396_f04,z,11.607052896725435
L396_f04,z,4.526315789473671
L396_f04,z,5.626016260162601
L396_f04,z,21.227537922987153
L396_f04,z,14.029520295202957
L396_f04,z,3.6919831223628705
L396_f04,z,13.106719367588937
L396_f04,z,12.327819548872185
L396_f04,z,17.772621809744805
L396_f04,z,11.446808510638306
L396_f04,z,9.800000000000011
L396_f04,z,10.982035928143716
L396_f04,z,15.854304635761594
L396_f04,z,12.800000000000011
L396_f04,z,9.648604269293912
L396_f04,z,16.077348066298327
L396_f04,z,15.207865168539314
L396_f04,z,10.978835978835974
L396_f04,z,1.556122448979579
L396_f04,z,9.772575250836127
L396_f04,z,13.843373493975918
L396_f04,z,14.050193050193059
L396_f04,z,5.578947368421041
L396_f04,z,13.222506393861892
L396_f04,z,12.910112359550567
L396_f04,z,2.9159292035398323
L396_f04,z,7.022123893805315
L396_f04,z,17.841845140032945
L396_f04,z,15.23899371069183
L396_f04,z,17.349042709867433
L396_f04,z,13.134146341463406
L396_f04,z,13.97900262467192
L396_f04,z,9.65384615384616
L396_f04,z,13.313725490196077
L396_f04,z,13.127118644067792
L396_f04,z,9.767676767676761
L396_f04,z,8.748858447488573
L396_f04,z,14.40458015267177
L396_f04,z,3.277486910994753
L396_f04,z,13.348703170028813
L396_f04,z,10.400000000000006
L396_f04,z,14.986407766990283
L396_f04,z,13.040871934604894
L396_f04,z,8.110918544194107
L396_f04,z,17.970223325062022
L396_f04,z,4.027586206896558
L396_f04,z,13.987500000000011
L396_f04,z,12.388888888888886
L396_f04,z,6.804469273743024
L396_f04,z,12.180451127819538
L396_f04,z,6.666666666666657
L396_f04,z,9.0
L396_f04,z,12.407079646017706
L396_f04,z,4.406698564593313
L396_f04,z,5.393596986817329
L396_f04,z,20.12980769230768
L396_f04,z,14.522321428571416
L396_f04,z,1.5456570155901943
L396_f04,z,4.9731343283582135
L396_f04,z,11.817721518987355
L396_f04,z,11.111940298507449
L396_f04,z,6.882352941176464
L396_f04,z,7.9266666666666765
L396_f04,z,7.390070921985824
L396_f04,z,2.3255813953488484
L396_f04,z,11.572192513368975
L396_f04,z,7.4948805460750805
L396_f04,z,16.293859649122794
L396_f04,z,12.021276595744695
L396_f04,z,10.497835497835496
L396_f04,z,9.278350515463927
L396_f04,z,7.5752577319587715
L396_f04,z,7.706161137440745
L396_f04,z,1.496038034865279
L396_f04,z,10.74048442906573
L396_f04,z,6.525373134328362
L396_f04,z,12.34355828220859
L396_f04,z,17.42379958246346
L396_f04,z,8.422680412371136
L396_f04,z,5.484486873508359
L396_f04,z,18.044226044226036
L396_f04,z,10.926553672316373
L396_f04,z,9.574468085106389
L396_f04,z,12.590909090909093
L396_f04,z,9.801418439716315
L396_f04,z,3.9578947368420927
L396_f04,z,19.255411255411275
L396_f04,z,2.4868421052631504
L396_f04,z,3.1999999999999886
L396_f04,z,7.260330578512395
L396_f04,z,11.706293706293707
L396_f04,z,13.039548022598865
L396_f04,z,2.5043859649122737
L396_f04,z,12.302521008403374
L396_f04,z,9.644444444444446
L396_f04,z,8.10833333333332
L396_f04,z,9.532710280373834
L396_f04,z,11.71267605633804
L396_f04,z,10.795918367346928
L396_f04,z,8.765217391304361
L396_f04,z,14.259740259740255
L396_f04,z,11.661616161616166
L396_f04,z,17.503480278422273
L396_f04,z,11.0
L396_f04,z,16.698924731182785
L396_f04,z,13.53297297297297
L396_f04,z,3.4795539033457317
L396_f04,z,17.11974110032361
L396_f04,z,12.323624595469255
L396_f04,z,10.285714285714278
L396_f04,z,15.321608040201
L396_f04,z,9.973821989528801
L396_f04,z,15.613293051359506
L396_f04,z,4.378986866791735
L396_f04,z,6.698151950718682
L396_f04,z,5.642487046632112
L396_f04,z,16.520376175548563
L396_f04,z,13.240310077519382
L396_f04,z,7.405405405405418
L396_f04,z,12.188552188552194
L396_f04,z,17.931558935361238
L396_f04,z,10.735632183908052
L396_f04,z,9.989583333333343
L396_f04,z,11.780392156862746
L396_f04,z,14.846846846846859
L396_f04,z,7.694444444444457
L396_f04,z,8.812403100775185
L396_f04,z,15.794117647058812
L396_f04,z,4.268656716417922
L396_f04,z,12.927058823529421
L396_f04,z,9.754749568221058
L396_f04,z,12.431372549019613
L396_f04,z,17.086705202312146
L396_f04,z,6.209366391184574
L396_f04,z,8.911917098445599
L396_f04,z,9.881889763779526
L396_f04,z,3.6551724137931103
L396_f04,z,15.377245508982043
L396_f04,z,4.293193717277489
L396_f04,z,12.837782340862418
L396_f04,z,3.706329113924056
L396_f04,z,12.71674491392801
L396_f04,z,12.465753424657521
L396_f04,z,1.345218800648297
L396_f04,z,9.15194346289752
L396_f04,z,0.534914361001313
L396_f04,z,10.42763157894737
L396_f04,z,15.693023255813955
L396_f04,z,4.9918256130790155
L396_f04,z,7.296089385474858
L396_f04,z,17.673387096774206
L396_f04,z,7.2638297872340445
L396_f04,z,6.763888888888886
L396_f04,z,11.830721003134784
L396_f04,z,4.665584415584419
L396_f04,z,11.75206611570249
L396_f04,z,13.861313868613138
L396_f04,z,6.114832535885171
L396_f04,z,6.981132075471692
L396_f04,z,12.874285714285719
L396_f04,z,17.828125
L396_f04,z,2.1118881118881063
L396_f04,z,0.025000000000005684
L396_f04,z,4.506082725060821
L396_f04,z,0.913319238900641
L396_f04,z,2.203125
L396_f04,z,7.446153846153834
L396_f04,z,1.5140664961636787
L396_f04,z,4.613065326633176
L396_f04,z,3.1263157894736935
L396_f04,z,2.672521957340024
L396_f04,z,1.8931860036832404
L396_f04,z,12.103106411103795
L396_f04,z,2.4854368932038824
L396_f04,z,6.614268440145111
L396_f04,z,0.08602150537635112
L396_f04,z,2.996168582375475
L396_f04,z,6.951851851851842
L396_f04,z,0.22897196261681074
L396_f04,z,0.6601941747572937
L396_f04,z,2.4531590413943434
L396_f04,z,5.653284671532845
L396_f04,z,1.2093023255814046
L396_f04,z,0.12459016393441402
L396_f04,z,4.305000000000007
L396_f04,z,8.407142857142844
L396_f04,z,0.28012048192772454
L396_f04,z,0.15286624203821475
L396_f04,z,10.664077669902923
L396_f04,z,2.5690607734806576
L396_f04,z,0.6594360086767779
L396_f04,z,1.9437751004016093
L396_f04,z,3.639586410635161
L396_f04,z,1.9900744416873408
L396_f04,z,5.203883495145618
L396_f04,z,3.5
L396_f04,z,3.4603960396039497
L396_f04,z,0.9879518072289102
L396_f04,z,0.7974413646055325
L396_f04,z,2.346341463414632
L396_f04,z,3.256140350877189
L396_f04,z,4.360869565217399
L396_f04,z,5.396226415094333
L396_f04,z,0.2942779291552995
L396_f04,z,0.5534591194968641
L396_f04,z,0.42172523961662023
L396_f04,z,0.9726027397260282
L396_f04,z,5.818965517241367
L396_f04,z,3.820105820105823
L396_f04,z,1.6972111553784828
L396_f04,z,4.91968503937008
L396_f04,z,0.4925373134328481
L396_f04,z,4.739583333333343
L396_f04,z,9.471482889733835
L396_f04,z,7.824561403508767
L396_f04,z,2.705882352941188
L396_f04,z,3.1834196891191766
L396_f04,z,0.6190476190476204
L396_f04,z,4.065573770491795
L396_f04,z,2.076923076923066
L396_f04,z,2.158075601374577
L396_f04,z,6.896258503401356
L396_f04,z,4.234458259325038
L396_f04,z,2.2733812949640253
L396_f04,z,2.431318681318686
L396_f04,z,3.1437500000000114
L396_f04,z,1.4500616522811356
L396_f04,z,9.192740926157711
L396_f04,z,1.4565217391304373
L396_f04,z,0.7482993197278915
L396_f04,z,1.189189189189193
L396_f04,z,3.2275862068965466
L396_f04,z,2.108474576271192
L396_f04,z,3.134615384615387
L396_f04,z,5.881856540084385
L396_f04,z,1.3913043478260931
L396_f04,z,1.581673306772899
L396_f04,z,5.821969696969688
L396_f04,z,2.839857651245552
L396_f04,z,1.2939759036144665
L396_f04,z,0.19011406844106205
L396_f04,z,0.7770897832817241
L396_f04,z,1.6701570680628208
L396_f04,z,6.765873015873012
L396_f04,z,5.09797570850202
L396_f04,z,6.933155080213908
L396_f04,z,0.9156626506023997
L396_f04,z,3.4801444043321226
L396_f04,z,7.320158102766811
L396_f04,z,0.32931726907631287
L396_f04,z,2.440734557595988
L396_f04,z,2.93464052287581
L396_f04,z,1.9827089337175892
L396_f04,z,4.20779220779221
L396_f04,z,2.4361233480176168
L396_f04,z,2.596306068601592
L396_f04,z,3.1862745098039227
L396_f04,z,6.708206686930083
L396_f04,z,3.025641025641022
L396_f04,z,13.72758037225043
L396_f04,z,2.549763033175367
L396_f04,z,1.6852791878172582
L396_f04,z,3.6845637583892596
L396_f04,z,4.456692913385837
L396_f04,z,1.4840294840294916
L396_f04,z,8.011560693641627
L396_f04,z,15.889838556505225
L396_f04,z,4.295687885010267
L396_f04,z,3.8326359832636
L396_f04,z,4.891396332863195
L396_f04,z,2.979381443298962
L396_f04,z,3.064705882352939
L396_f04,z,5.923482849604227
L396_f04,z,1.8742514970059858
L396_f04,z,6.631578947368411
L396_f04,z,0.48297213622291224
L396_f04,z,8.22368421052633
L396_f04,z,3.3043478260869676
L396_f04,z,7.181818181818187
L396_f04,z,1.4219653179190743
L396_f04,z,4.963636363636368
L396_f04,z,5.617977528089881
L396_f04,z,4.193133047210296
L396_f04,z,2.4363636363636374
L396_f04,z,2.765188834154344
L396_f04,z,4.789783889980356
L396_f04,z,4.463458110516939
L396_f04,z,2.4898648648648702
L396_f04,z,6.496732026143803
L396_f04,z,0.7537313432835901
L396_f04,z,2.930693069306926
L396_f04,z,1.6900369003689946
L396_f04,z,10.933333333333337
L396_f04,z,6.476454293628819
L396_f04,z,3.4466403162055315
L396_f04,z,9.978807947019874
L396_f04,z,1.6908157444381118
L396_f04,z,4.101731601731615
L396_f04,z,0.07936507936508974
L396_f04,z,4.258333333333326
L396_f04,z,2.5714285714285836
L396_f04,z,1.1596244131455364
L396_f04,z,5.917378917378926
L396_f04,z,9.080074487895729
L396_f04,z,4.141636141636155
L396_f04,z,1.1355932203389898
L396_f04,z,8.585365853658544
L396_f04,z,1.4668547249647474
L396_f04,z,2.534296028880874
L396_f04,z,4.582651391162017
L396_f04,z,1.1174603174603135
L396_f04,z,0.41921397379911696
L396_f04,z,4.816608996539799
L396_f04,z,8.9296875
L396_f04,z,1.3846153846153868
L396_f04,z,3.6293929712460056
L396_f04,z,2.5861182519280135
L396_f04,z,7.3588516746411585
L396_f04,z,2.368098159509202
L396_f04,z,4.9510022271715
L396_f04,z,8.530567685589517
L396_f04,z,2.1058823529411654
L396_f04,z,5.770542635658927
L396_f04,z,4.393442622950829
L396_f04,z,1.841688654353561
L396_f04,z,1.651741293532325
L396_f04,z,7.359253499222405
L396_f04,z,0.50102669404518
L396_f04,z,2.3250688705234097
L396_f04,z,8.400728597449898
L396_f04,z,0.5696594427244577
L396_f04,z,0.010767160161520906
L396_f04,z,5.877707006369434
L396_f04,z,3.655502392344488
L396_f04,z,2.4569892473118387
L396_f04,z,8.955938697318004
L396_f04,z,0.3398058252427063
L396_f04,z,2.9759704251386268
L396_f04,z,2.9484536082474335
L396_f04,z,4.565517241379297
L396_f04,z,3.042979942693421
L396_f04,z,5.137820512820525
L396_f04,z,6.277526395173453
L396_f04,z,0.26774847870183294
L396_f04,z,2.561085972850691
L396_f04,z,1.2088452088452186
L396_f04,z,7.901185770750999
L396_f04,z,11.844994617868679
L396_f04,z,2.8897196261682154
L396_f04,z,4.114285714285728
L396_f04,z,6.900608519269781
L396_f04,z,2.5635738831615242
L396_f04,z,4.259999999999991
L396_f04,z,7.042735042735046
L396_f04,z,2.4144736842105203
L396_f04,z,0.0
L396_f04,z,1.040816326530603
L396_f04,z,8.629885057471256
L396_f04,z,1.238709677419365
L396_f04,z,6.122699386503058
L396_f04,z,5.410377358490564
L396_f04,z,3.7800776196636434
L396_f04,z,2.839160839160826
L396_f04,z,4.221311475409834
L396_f04,z,6.975918884664139
L396_f04,z,4.796380090497735
L396_f04,z,2.193784277879331
L396_f04,z,3.7602523659305973
L396_f04,z,6.641975308641975
L396_f04,z,8.098184263618009
L396_f04,z,4.056224899598391
L396_f04,z,1.802020202020202
L396_f04,z,3.6542810985460505
L396_f04,z,1.8642201834862249
L396_f04,z,3.712212817412336
L396_f04,z,0.4166666666666572
L396_f04,z,3.632432432432438
L396_f04,z,5.552795031055894
L396_f04,z,3.71875
L396_f04,z,1.6039603960396107
L396_f04,z,4.735694822888291
L396_f04,z,1.716381418092908
L396_f04,z,2.472945891783553
L396_f04,z,5.52459016393442
L396_f04,z,0.501845018450183
L396_f04,z,7.316513761467888
L396_f04,z,0.18803418803418026
L396_f04,z,11.362500000000011
L396_f04,z,1.3103448275862206
L396_f04,z,4.014742014742012
L396_f04,z,4.351906158357764
L396_f04,z,1.9725085910652922
L396_f04,z,2.181818181818187
L396_f04,z,2.485029940119773
L396_f04,z,8.748010610079575
L396_f04,z,3.0258175559380334
L396_f04,z,2.5083798882681663
L396_f04,z,4.443181818181813
L396_f04,z,1.2610441767068323
L396_f04,z,6.414414414414409
L396_f04,z,4.075999999999993
L396_f04,z,3.6416184971098176
L396_f04,z,1.0080000000000098
L396_f04,z,7.512104283054015
L396_f04,z,2.0
L396_f04,z,4.2343541944074445
L396_f04,z,1.4961832061068776
L396_f04,z,1.2162162162162247
L396_f04,z,6.1638846737481
L396_f04,z,4.343612334801776
L396_f04,z,6.689473684210526
L396_f04,z,2.301169590643269
L396_f04,z,2.9761904761904816
L396_f04,z,2.5563909774436127
L396_f04,z,3.397101449275368
L396_f04,z,2.6852713178294607
L396_f04,z,6.6878727634194775
L396_f04,z,5.162227602905574
L396_f04,z,0.6143497757847456
L396_f04,z,4.639999999999986
L396_f04,z,1.289940828402365
L396_f04,z,0.5629139072847806
L396_f04,z,5.402790697674419
L396_f04,z,8.911458333333343
L396_f04,z,12.717761557177596
L396_f04,z,1.9090909090909065
L396_f04,z,4.763915547024965
L396_f04,z,3.5927272727272737
L396_f04,z,4.459016393442624
L396_f04,z,0.2796833773087144
L396_f04,z,1.2871621621621614
L396_f04,z,5.354285714285709
L396_f04,z,6.305154639175271
L396_f04,z,3.491935483870975
L396_f04,z,6.441471571906362
L396_f04,z,3.356481481481495
L396_f04,z,1.4278846153846132
L396_f04,z,2.3718592964823983
L396_f04,z,2.6132075471698215
L396_f04,z,1.3183279742765137
L396_f04,z,3.5133819951338126
L396_f04,z,0.9263157894736764
L396_f04,z,9.474782608695648
L396_f04,z,11.557959814528601
L396_f04,z,0.7045871559633099
L396_f04,z,5.390625
L396_f04,z,4.657534246575352
L396_f04,z,4.212307692307689
L396_f04,z,0.39915966386553237
L396_f04,z,2.3916083916084006
L396_f04,z,0.6260162601626007
L396_f04,z,4.1553398058252355
L396_f04,z,2.690217391304344
L396_f04,z,1.7902912621359235
L396_f04,z,3.521367521367523
L396_f04,z,6.501510574018113
L396_f04,z,0.5913621262458548
L396_f04,z,1.625
L396_f04,z,9.186943620178027
L396_f04,z,2.0983606557377072
L396_f04,z,8.178694158075615
L396_f04,z,1.9734513274336223
L396_f04,z,1.8834355828220737
L396_f04,z,2.7959183673469283
L396_f04,z,0.8965517241379359
L396_f04,z,2.301703163017038
L396_f04,z,3.4761904761904816
L396_f04,z,6.429245283018872
L396_f04,z,7.0
L396_f04,z,1.2928759894459176
L396_f04,z,8.658682634730525
L396_f04,z,4.75
L396_f04,z,7.73734939759035
L396_f04,z,1.1909774436090288
L396_f04,z,3.8862559241706265
L396_f04,z,0.07223476297969
L396_f04,z,8.258600237247919
L396_f04,z,1.6929460580912803
L396_f04,z,0.1480144404332009
L396_f04,z,6.581024349286309
L396_f04,z,10.2645778938207
L396_f04,z,5.772307692307692
L396_f04,z,6.436090225563902
L396_f04,z,1.8010471204188434
L396_f04,z,1.6202531645569707
L396_f04,z,1.2698412698412653
L396_f04,z,0.8992248062015449
L396_f04,z,0.6936936936936888
L396_f04,z,8.688796680497916
L396_f04,z,2.815584415584425
L396_f04,z,0.6100386100386004
L396_f04,z,0.15068493150684503
L396_f04,z,4.381502890173408
L396_f04,z,5.877934272300479
L396_f04,z,3.298050139275773
L396_f04,z,1.4739884393063676
L396_f04,z,3.6353591160221015
L396_f04,z,7.419525065963057
L396_f04,z,7.36405529953916
L396_f04,z,8.099099099099107
L396_f04,z,2.45340050377834
L396_f04,z,1.286052009456256
L396_f04,z,1.9160104986876547
L396_f04,z,1.5993740219092274
L396_f04,z,3.944444444444457
L396_f04,z,3.9418344519015704
L396_f04,z,0.01226993865032
L396_f04,z,2.344519015659955
L396_f04,z,4.344023323615147
L396_f04,z,1.0430839002267476
L396_f04,z,6.190217391304344
L396_f04,z,0.3333333333333428
L396_f04,z,0.6709183673469283
L396_f04,z,4.65384615384616
L396_f04,z,2.9562982005141407
L396_f04,z,2.7007999999999868
L396_f04,z,11.731343283582078
L396_f04,z,2.192170818505332
L396_f04,z,2.917159763313606
L396_f04,z,3.225806451612897
L396_f04,z,8.414253897550111
L396_f04,z,2.386363636363626
L396_f04,z,5.7634408602150415
L396_f04,z,0.13584905660377444
L396_f04,z,0.9774436090225436
L396_f04,z,1.1703056768558895
L396_f04,z,4.085185185185196
L396_f04,z,3.8031496062992005
L396_f04,z,6.211055276381899
L396_f04,z,6.445747800586503
L396_f04,z,4.87972508591065
L396_f04,z,6.082539682539675
L396_f04,z,5.145228215767645
L396_f04,z,1.290322580645153
L396_f04,z,5.878172588832484
L396_f04,z,3.0486763450042815
L396_f04,z,1.1645569620253298
L396_f04,z,1.7208121827411276
L396_f04,z,5.356877323420065
L396_f04,z,9.714596949891074
L396_f04,z,3.721212121212119
L396_f04,z,3.5
L396_f04,z,3.1475409836065467
L396_f04,z,7.411960132890357
L396_f04,z,2.5306122448979522
L396_f04,z,0.599156118143469
L396_f04,z,2.013793103448279
L396_f04,z,3.8901960784313587
L396_f04,z,15.674525589419204
L396_f04,z,0.6165703275529779
L396_f04,z,1.3682373472949507
L396_f04,z,6.8586666666666645
L396_f04,z,0.10034602076123633
L396_f04,z,3.9598662207357904
L396_f04,z,0.6666666666666572
L396_f04,z,6.57263157894738
L396_f04,z,2.9385113268608336
L396_f04,z,6.333333333333343
L396_f04,z,0.056710775047264406
L396_f04,z,1.3989189189189233
L396_f04,z,4.0086767895878666
L396_f04,z,4.366288492706644
L396_f04,z,7.507494646680954
L396_f04,z,4.1107266435986105
L396_f04,z,6.383620689655174
L396_f04,z,4.226415094339615
L396_f04,z,3.3591160220994425
L396_f04,z,2.1837606837606813
L396_f04,z,5.157190635451514
L396_f04,z,9.25490196078431
L396_f04,z,1.0329670329670364
L396_f04,z,3.4418604651162923
L396_f04,z,2.373665480427036
L396_f04,z,12.473856209150313
L396_f04,z,5.036496350364956
L396_f04,z,4.560000000000002
L396_f04,z,4.694444444444457
L396_f04,z,4.374233128834362
L396_f04,z,2.2702702702702595
L396_f04,z,0.4509803921568505
L396_f04,z,2.6374781085814334
L396_f04,z,2.3326572008113544
L396_f04,z,3.384615384615387
L396_f04,z,0.22222222222222854
L396_f04,z,6.076109936575051
L396_f04,z,1.9327052489905725
L396_f04,z,2.546184738955816
L396_f04,z,7.142857142857139
L396_f04,z,5.2169014084506955
L396_f04,z,4.654891304347814
L396_f04,z,1.5597484276729574
L396_f04,z,3.4832214765100673
L396_f04,z,1.9452054794520564
L396_f04,z,3.1980676328502398
L396_f04,z,2.36480686695279
L396_f04,z,0.7832167832167727
L396_f04,z,4.2222222222222285
L396_f04,z,5.5847750865052035
L396_f04,z,2.4590163934426243
L396_f04,z,2.015384615384619
L396_f04,z,2.572580645161281
L396_f04,z,1.6498194945848468
L396_f04,z,8.537200504413619
L396_f04,z,2.961038961038952
L396_f04,z,2.592000000000013
L396_f04,z,1.5098591549295861
L396_f04,z,2.7064676616915335
L396_f04,z,4.936329588014985
L396_f04,z,4.181318681318686
L396_f04,z,2.5014084507042185
L396_f04,z,5.508333333333326
L396_f04,z,3.5301204819277245
L396_f04,z,3.5121951219512084
L396_f04,z,4.856677524429955
L396_f04,z,4.139072847682115
L396_f04,z,8.129870129870142
L396_f04,z,1.2867132867132796
L396_f04,z,4.25454545454545
L396_f04,z,2.7954545454545325
L396_f04,z,0.5405405405405475
L396_f04,z,0.543046357615907
L396_f04,z,1.1207547169811392
L396_f04,z,6.896551724137936
L396_f04,z,0.5543478260869676
L396_f04,z,1.7313432835820777
L396_f04,z,2.5543478260869676
L396_f04,z,10.60396039603961
L396_f04,z,3.3341614906832433
L396_f04,z,3.4277620396600526
L396_f04,z,2.319999999999993
L396_f04,z,9.068893528183708
L396_f04,z,10.261635220125783
L396_f04,z,0.979405034324941
L396_f04,z,3.408450704225345
L396_f04,z,1.4879999999999995
L396_f04,z,3.8125
L396_f04,z,6.323488045007025
L396_f04,z,2.960563380281684
L396_f04,z,5.721461187214601
L396_f04,z,3.280182232346249
L396_f04,z,6.077844311377248
L396_f04,z,1.6518218623481857
L396_f04,z,1.318681318681314
L396_f04,z,2.0353982300885036
L396_f04,z,6.581443298969077
L396_f04,z,2.843999999999994
L396_f04,z,0.12179487179486159
L396_f04,z,3.2714285714285722
L396_f04,z,2.6233269598470486
L396_f04,z,0.07284768211920323
L396_f04,z,8.00607902735561
L396_f04,z,6.170854271356774
L396_f04,z,2.311977715877447
L396_f04,z,6.252873563218401
L396_f04,z,2.2695417789757357
L396_f04,z,4.0
L396_f04,z,4.5248226950354535
L396_f04,z,3.666666666666657
L396_f04,z,2.223602484472053
L396_f04,z,8.65306122448979
L396_f04,z,1.6260162601626007
L396_f04,z,0.5263157894736707
L396_f04,z,0.8801652892562117
L396_f04,z,4.140127388535035
L396_f04,z,3.557840616966587
L396_f04,z,6.978835978835974
L396_f04,z,8.066518847006648
L396_f04,z,0.7102803738317789
L396_f04,z,5.648604269293912
L396_f04,z,8.327819548872185
L396_f04,z,2.062780269058294
L396_f04,z,2.8958990536277724
L396_f04,z,5.772575250836127
L396_f04,z,2.8782051282051384
L396_f04,z,2.443877551020421
L396_f04,z,1.819444444444457
L396_f04,z,10.050193050193059
L396_f04,z,3.0221238938053148
L396_f04,z,2.3859649122807127
L396_f04,z,0.897777777777776
L396_f04,z,1.5789473684210407
L396_f04,z,8.046258503401361
L396_f04,z,3.6632302405498365
L396_f04,z,0.7225130890052469
L396_f04,z,0.43093922651934236
L396_f04,z,0.35521235521235894
L396_f04,z,6.208178438661719
L396_f04,z,0.465753424657521
L396_f04,z,4.711246200607889
L396_f04,z,1.0840707964601677
L396_f04,z,5.767676767676761
L396_f04,z,4.748858447488573
L396_f04,z,6.400000000000006
L396_f04,z,1.1061946902654824
L396_f04,z,2.574468085106389
L396_f04,z,1.088161209068005
L396_f04,z,7.09706546275396
L396_f04,z,4.1109185441941065
L396_f04,z,2.804469273743024
L396_f04,z,3.9266666666666765
L396_f04,z,2.875
L396_f04,z,2.666666666666657
L396_f04,z,2.4543429844098057
L396_f04,z,5.5142314990512205
L396_f04,z,3.505518763796914
L396_f04,z,0.406698564593313
L396_f04,z,1.6744186046511516
L396_f04,z,2.882352941176464
L396_f04,z,6.477157360406096
L396_f04,z,3.4948805460750805
L396_f04,z,7.817721518987355
L396_f04,z,0.027586206896557997
L396_f04,z,1.3935969868173288
L396_f04,z,5.865384615384613
L396_f04,z,2.741035856573717
L396_f04,z,0.9731343283582135
L396_f04,z,4.903345724907069
L396_f04,z,2.525373134328362
L396_f04,z,1.2727272727272805
L396_f04,z,2.503961965134721
L396_f04,z,5.02773246329528
L396_f04,z,3.1888111888112007
L396_f04,z,3.3684210526315894
L396_f04,z,6.497835497835496
L396_f04,z,1.4844868735083594
L396_f04,z,6.740484429065731
L396_f04,z,5.574468085106389
L396_f04,z,4.422680412371136
L396_f04,z,5.097888675623807
L396_f04,z,3.5752577319587715
L396_f04,z,3.3154362416107404
L396_f04,z,8.302521008403374
L396_f04,z,0.0421052631579073
L396_f04,z,7.845132743362825
L396_f04,z,2.143617021276583
L396_f04,z,0.8000000000000114
L396_f04,z,1.5131578947368496
L396_f04,z,4.10833333333332
L396_f04,z,3.260330578512395
L396_f04,z,4.960824742268045
L396_f04,z,9.039548022598865
L396_f04,z,1.4956140350877263
L396_f04,z,4.992178770949721
L396_f04,z,3.1179321486268066
L396_f04,z,3.4000000000000057
L396_f04,z,2.2857142857142776
L396_f04,z,4.765217391304361
L396_f04,z,7.661616161616166
L396_f04,z,1.4042553191489446
L396_f04,z,5.671578947368431
L396_f04,z,0.51111111111112
L396_f04,z,1.3490196078431325
L396_f04,z,9.53297297297297
L396_f04,z,0.5204460966542683
L396_f04,z,5.973821989528801
L396_f04,z,1.6424870466321124
L396_f04,z,2.6981519507186817
L396_f04,z,5.389162561576342
L396_f04,z,13.119741100323608
L396_f04,z,1.8205689277899353
L396_f04,z,7.0
L396_f04,z,2.5102880658436106
L396_f04,z,0.37898686679173466
L396_f04,z,5.198329853862219
L396_f04,z,1.6230366492146686
L396_f04,z,3.4054054054054177
L396_f04,z,3.694444444444457
L396_f04,z,0.8407224958949087
L396_f04,z,0.3333333333333428
L396_f04,z,7.335784313725497
L396_f04,z,8.188552188552194
L396_f04,z,0.2686567164179223
L396_f04,z,4.812403100775185
L396_f04,z,2.7563025210083936
L396_f04,z,2.209366391184574
L396_f04,z,5.754749568221058
L396_f04,z,11.794117647058812
L396_f04,z,0.29319371727748944
L396_f04,z,14.868686868686865
L396_f04,z,22.483018867924528
L396_f04,z,22.483443708609258
L396_f04,z,17.65497076023391
L396_f04,z,8.49080882352942
L396_f04,z,9.233870967741922
L396_f04,z,25.06290672451192
L396_f04,z,15.666666666666657
L396_f04,z,20.809278350515456
L396_f04,z,8.22766570605188
L396_f04,z,11.561224489795904
L396_f04,z,19.56284153005464
L396_f04,z,24.874458874458867
L396_f04,z,19.339682539682542
L396_f04,z,20.458100558659225
L396_f04,z,14.053639846743295
L396_f04,z,10.995475113122183
L396_f04,z,23.961595273264408
L396_f04,z,23.261788617886168
L396_f04,z,15.94174757281553
L396_f04,z,12.672521957340024
L396_f04,z,2.0924855491329595
L396_f04,z,18.314496314496324
L396_f04,z,13.126315789473693
L396_f04,z,18.685534591194966
L396_f04,z,12.485436893203882
L396_f04,z,19.199040767386094
L396_f04,z,18.138364779874223
L396_f04,z,11.514066496163679
L396_f04,z,16.61426844014511
L396_f04,z,26.782412626832013
L396_f04,z,25.095238095238102
L396_f04,z,16.951851851851842
L396_f04,z,12.29140461215934
L396_f04,z,20.02661596958174
L396_f04,z,19.64705882352942
L396_f04,z,13.530434782608694
L396_f04,z,15.653284671532845
L396_f04,z,19.735294117647072
L396_f04,z,22.61698440207971
L396_f04,z,20.664077669902923
L396_f04,z,9.340563991323222
L396_f04,z,14.305000000000007
L396_f04,z,10.280120481927725
L396_f04,z,20.9544235924933
L396_f04,z,17.75918367346938
L396_f04,z,18.22340425531914
L396_f04,z,24.26610644257704
L396_f04,z,18.008403361344534
L396_f04,z,20.679156908665107
L396_f04,z,15.492537313432848
L396_f04,z,13.639586410635161
L396_f04,z,22.531645569620252
L396_f04,z,13.239344262295077
L396_f04,z,13.5
L396_f04,z,13.46039603960395
L396_f04,z,17.47619047619048
L396_f04,z,19.53149606299212
L396_f04,z,15.72727272727272
L396_f04,z,9.202558635394468
L396_f04,z,20.44599303135888
L396_f04,z,18.565880721220537
L396_f04,z,17.21111111111111
L396_f04,z,9.027397260273972
L396_f04,z,17.984585741811173
L396_f04,z,16.688796680497916
L396_f04,z,21.941333333333347
L396_f04,z,16.65465465465465
L396_f04,z,20.473053892215574
L396_f04,z,12.705882352941188
L396_f04,z,23.446808510638306
L396_f04,z,6.816580310880823
L396_f04,z,20.365688487584663
L396_f04,z,12.273381294964025
L396_f04,z,19.995381062355648
L396_f04,z,15.533936651583701
L396_f04,z,21.781922525107603
L396_f04,z,13.143750000000011
L396_f04,z,28.4321608040201
L396_f04,z,31.593258426966287
L396_f04,z,13.227586206896547
L396_f04,z,8.549938347718864
L396_f04,z,11.626506024096386
L396_f04,z,16.366666666666674
L396_f04,z,19.19274092615771
L396_f04,z,17.859649122807014
L396_f04,z,13.134615384615387
L396_f04,z,23.029649595687346
L396_f04,z,19.990543735224577
L396_f04,z,11.581673306772899
L396_f04,z,27.557117750439375
L396_f04,z,12.580121703853962
L396_f04,z,19.844155844155836
L396_f04,z,19.9277708592777
L396_f04,z,19.082997582594686
L396_f04,z,20.218527315914486
L396_f04,z,18.454545454545467
L396_f04,z,16.588235294117652
L396_f04,z,15.821969696969688
L396_f04,z,18.356435643564367
L396_f04,z,20.358649789029528
L396_f04,z,19.046413502109715
L396_f04,z,21.129220023282898
L396_f04,z,10.777089783281724
L396_f04,z,11.67015706806282
L396_f04,z,15.09797570850202
L396_f04,z,13.71988795518206
L396_f04,z,16.933155080213908
L396_f04,z,21.452054794520535
L396_f04,z,10.9156626506024
L396_f04,z,13.480144404332123
L396_f04,z,27.88583218707015
L396_f04,z,15.49600000000001
L396_f04,z,16.708206686930083
L396_f04,z,24.395036194415724
L396_f04,z,21.991452991453002
L396_f04,z,15.328467153284663
L396_f04,z,31.14168039538714
L396_f04,z,18.82749675745785
L396_f04,z,13.68456375838926
L396_f04,z,21.59259259259258
L396_f04,z,21.27699530516432
L396_f04,z,25.889838556505225
L396_f04,z,18.487309644670063
L396_f04,z,22.01886792452831
L396_f04,z,15.864077669902912
L396_f04,z,21.954682779456192
L396_f04,z,19.26172465960667
L396_f04,z,14.295687885010267
L396_f04,z,24.941176470588232
L396_f04,z,13.06470588235294
L396_f04,z,20.419098143236084
L396_f04,z,23.329545454545467
L396_f04,z,14.789783889980356
L396_f04,z,17.96561604584528
L396_f04,z,18.69724770642202
L396_f04,z,20.681967213114746
L396_f04,z,15.833528722157098
L396_f04,z,18.33616298811546
L396_f04,z,17.965601965601962
L396_f04,z,22.95081967213116
L396_f04,z,8.309963099631005
L396_f04,z,13.933884297520649
L396_f04,z,24.535714285714278
L396_f04,z,19.4070351758794
L396_f04,z,18.562318840579707
L396_f04,z,26.3598691384951
L396_f04,z,19.042253521126753
L396_f04,z,26.087260034904006
L396_f04,z,15.125
L396_f04,z,8.309184255561888
L396_f04,z,12.534296028880874
L396_f04,z,13.64983164983164
L396_f04,z,5.898268398268385
L396_f04,z,20.019801980198025
L396_f04,z,18.946564885496173
L396_f04,z,19.210884353741505
L396_f04,z,13.747368421052641
L396_f04,z,15.93092105263159
L396_f04,z,21.985374771480792
L396_f04,z,20.149659863945573
L396_f04,z,23.903966597077243
L396_f04,z,14.439999999999998
L396_f04,z,17.557788944723626
L396_f04,z,16.35103926096997
L396_f04,z,15.365558912386717
L396_f04,z,23.064456721915292
L396_f04,z,19.918727915194353
L396_f04,z,24.46255506607929
L396_f04,z,20.333333333333343
L396_f04,z,8.615384615384613
L396_f04,z,14.898550724637687
L396_f04,z,20.98333333333332
L396_f04,z,11.651741293532325
L396_f04,z,22.87188019966723
L396_f04,z,18.017699115044252
L396_f04,z,15.770542635658927
L396_f04,z,19.615384615384613
L396_f04,z,16.70253164556962
L396_f04,z,19.822222222222223
L396_f04,z,18.375939849624046
L396_f04,z,24.805839416058404
L396_f04,z,14.312101910828034
L396_f04,z,15.137820512820525
L396_f04,z,10.010767160161521
L396_f04,z,16.666666666666657
L396_f04,z,12.84516129032258
L396_f04,z,12.975970425138627
L396_f04,z,16.461538461538453
L396_f04,z,10.267748478701833
L396_f04,z,23.860158311345657
L396_f04,z,16.277526395173453
L396_f04,z,13.976744186046517
L396_f04,z,14.7590027700831
L396_f04,z,13.13469387755103
L396_f04,z,15.865671641791039
L396_f04,z,16.534090909090907
L396_f04,z,6.957020057306579
L396_f04,z,17.46242774566474
L396_f04,z,27.501611170784116
L396_f04,z,17.61567164179104
L396_f04,z,18.39737991266375
L396_f04,z,12.563573883161524
L396_f04,z,9.660194174757294
L396_f04,z,17.593667546174146
L396_f04,z,27.35833333333332
L396_f04,z,22.32565789473685
L396_f04,z,8.761290322580635
L396_f04,z,22.691943127962077
L396_f04,z,17.485714285714295
L396_f04,z,15.576923076923066
L396_f04,z,12.521929824561397
L396_f04,z,23.63005780346822
L396_f04,z,16.402154398563738
L396_f04,z,10.412044374009497
L396_f04,z,12.41447368421052
L396_f04,z,15.950704225352126
L396_f04,z,12.067264573991025
L396_f04,z,14.488188976377955
L396_f04,z,7.160839160839174
L396_f04,z,11.114197530864203
L396_f04,z,16.468468468468473
L396_f04,z,19.98627787307032
L396_f04,z,24.498039215686276
L396_f04,z,11.040816326530603
L396_f04,z,16.08470588235295
L396_f04,z,13.760252365930597
L396_f04,z,15.410377358490564
L396_f04,z,25.707865168539314
L396_f04,z,12.193784277879331
L396_f04,z,16.46376811594203
L396_f04,z,12.472945891783553
L396_f04,z,22.634615384615387
L396_f04,z,15.52459016393442
L396_f04,z,15.329729729729735
L396_f04,z,20.94084507042254
L396_f04,z,16.24197530864197
L396_f04,z,16.405405405405418
L396_f04,z,19.973770491803265
L396_f04,z,17.211538461538453
L396_f04,z,17.14236706689536
L396_f04,z,15.159663865546207
L396_f04,z,9.81196581196582
L396_f04,z,18.09818426361801
L396_f04,z,13.025817555938033
L396_f04,z,20.05731523378583
L396_f04,z,21.723076923076917
L396_f04,z,12.181818181818187
L396_f04,z,23.440956651718977
L396_f04,z,14.443181818181813
L396_f04,z,13.861878453038685
L396_f04,z,16.689473684210526
L396_f04,z,23.409395973154375
L396_f04,z,15.116751269035547
L396_f04,z,16.991452991453002
L396_f04,z,13.641618497109818
L396_f04,z,17.58651685393258
L396_f04,z,15.34375
L396_f04,z,20.012944983818784
L396_f04,z,22.677777777777777
L396_f04,z,13.590733590733578
L396_f04,z,20.45119305856832
L396_f04,z,18.382300884955754
L396_f04,z,17.80901856763927
L396_f04,z,16.481481481481495
L396_f04,z,20.85714285714286
L396_f04,z,15.297029702970292
L396_f04,z,19.433106575963706
L396_f04,z,18.52525252525251
L396_f04,z,13.592727272727274
L396_f04,z,14.763915547024965
L396_f04,z,21.24726477024069
L396_f04,z,14.255319148936167
L396_f04,z,20.557264957264948
L396_f04,z,21.916201117318423
L396_f04,z,14.533333333333331
L396_f04,z,29.73540856031127
L396_f04,z,21.230016313213696
L396_f04,z,19.25454545454545
L396_f04,z,20.104761904761915
L396_f04,z,13.356481481481495
L396_f04,z,17.2578125
L396_f04,z,17.94466403162056
L396_f04,z,16.59104477611939
L396_f04,z,11.790291262135923
L396_f04,z,17.111111111111114
L396_f04,z,16.87468030690536
L396_f04,z,13.88095238095238
L396_f04,z,15.114006514657973
L396_f04,z,22.778225806451616
L396_f04,z,16.600760456273775
L396_f04,z,14.506944444444457
L396_f04,z,19.73333333333332
L396_f04,z,13.521367521367523
L396_f04,z,10.07223476297969
L396_f04,z,21.37662337662337
L396_f04,z,17.0
L396_f04,z,11.625
L396_f04,z,14.165898617511516
L396_f04,z,19.84615384615384
L396_f04,z,17.34653465346534
L396_f04,z,15.887147335423208
L396_f04,z,19.158163265306115
L396_f04,z,22.923076923076934
L396_f04,z,11.883435582822074
L396_f04,z,21.13603818615752
L396_f04,z,13.639198218262806
L396_f04,z,14.13698630136986
L396_f04,z,11.62025316455697
L396_f04,z,21.26249999999999
L396_f04,z,11.190977443609029
L396_f04,z,15.025925925925918
L396_f04,z,16.58102434928631
L396_f04,z,13.7366255144033
L396_f04,z,15.506493506493513
L396_f04,z,20.294736842105266
L396_f04,z,10.148014440433201
L396_f04,z,13.795081967213122
L396_f04,z,17.80392156862746
L396_f04,z,22.202247191011224
L396_f04,z,11.801047120418843
L396_f04,z,16.548611111111114
L396_f04,z,14.918681318681308
L396_f04,z,17.04464285714286
L396_f04,z,23.7295492487479
L396_f04,z,19.447058823529403
L396_f04,z,14.214492753623176
L396_f04,z,20.867088607594923
L396_f04,z,28.161434977578466
L396_f04,z,20.686274509803923
L396_f04,z,17.111111111111114
L396_f04,z,20.35428571428571
L396_f04,z,13.635359116022101
L396_f04,z,12.45340050377834
L396_f04,z,12.575107296137332
L396_f04,z,22.25215889464593
L396_f04,z,14.344023323615147
L396_f04,z,23.790575916230353
L396_f04,z,16.494623655913983
L396_f04,z,11.599374021909227
L396_f04,z,19.595959595959584
L396_f04,z,9.329081632653072
L396_f04,z,8.956916099773252
L396_f04,z,12.95629820051414
L396_f04,z,15.919999999999987
L396_f04,z,12.700799999999987
L396_f04,z,6.774193548387103
L396_f04,z,19.189349112426044
L396_f04,z,15.680751173708927
L396_f04,z,20.52777777777777
L396_f04,z,26.43174603174603
L396_f04,z,18.46666666666667
L396_f04,z,19.844011142061277
L396_f04,z,20.574324324324323
L396_f04,z,8.83544303797467
L396_f04,z,14.085185185185196
L396_f04,z,17.97333333333333
L396_f04,z,23.519101123595505
L396_f04,z,21.538720538720526
L396_f04,z,16.082539682539675
L396_f04,z,20.224852071005927
L396_f04,z,14.87972508591065
L396_f04,z,16.018604651162804
L396_f04,z,8.709677419354847
L396_f04,z,23.913312693498455
L396_f04,z,21.625850340136054
L396_f04,z,15.878172588832484
L396_f04,z,22.648888888888877
L396_f04,z,21.73969631236443
L396_f04,z,23.927884615384613
L396_f04,z,19.411764705882348
L396_f04,z,13.721212121212119
L396_f04,z,13.5
L396_f04,z,16.24257425742573
L396_f04,z,15.145228215767645
L396_f04,z,15.356877323420065
L396_f04,z,23.759493670886087
L396_f04,z,20.094594594594582
L396_f04,z,15.267326732673268
L396_f04,z,19.105485232067508
L396_f04,z,13.048676345004282
L396_f04,z,8.601081081081077
L396_f04,z,14.320463320463318
L396_f04,z,23.953771289537713
L396_f04,z,19.835853131749474
L396_f04,z,19.63358778625954
L396_f04,z,21.13043478260869
L396_f04,z,19.617747440273035
L396_f04,z,17.036065573770486
L396_f04,z,23.910071942446052
L396_f04,z,16.50485436893203
L396_f04,z,13.95986622073579
L396_f04,z,14.173333333333346
L396_f04,z,16.400000000000006
L396_f04,z,23.08638360175695
L396_f04,z,9.943289224952736
L396_f04,z,24.071337579617847
L396_f04,z,16.383620689655174
L396_f04,z,18.67605633802816
L396_f04,z,24.11527377521614
L396_f04,z,22.881502890173408
L396_f04,z,18.492211838006227
L396_f04,z,16.57263157894738
L396_f04,z,14.694444444444457
L396_f04,z,30.541764246682277
L396_f04,z,14.088737201365177
L396_f04,z,16.19354838709677
L396_f04,z,18.33112582781456
L396_f04,z,12.373665480427036
L396_f04,z,15.573770491803288
L396_f04,z,19.132653061224488
L396_f04,z,20.073107049608353
L396_f04,z,9.54901960784315
L396_f04,z,19.062146892655363
L396_f04,z,14.49386503067484
L396_f04,z,22.05369127516778
L396_f04,z,18.168776371308013
L396_f04,z,14.374233128834362
L396_f04,z,16.07610993657505
L396_f04,z,24.09923664122138
L396_f04,z,17.14285714285714
L396_f04,z,29.761316872427983
L396_f04,z,15.216901408450695
L396_f04,z,18.170403587443957
L396_f04,z,11.559748427672957
L396_f04,z,13.89473684210526
L396_f04,z,17.009615384615387
L396_f04,z,19.858695652173907
L396_f04,z,21.77205882352942
L396_f04,z,18.311614730878176
L396_f04,z,20.888888888888886
L396_f04,z,17.395348837209298
L396_f04,z,22.669077757685358
L396_f04,z,11.649819494584847
L396_f04,z,13.879629629629619
L396_f04,z,25.05099778270511
L396_f04,z,16.237918215613377
L396_f04,z,21.426294820717118
L396_f04,z,17.59130434782608
L396_f04,z,18.6260162601626
L396_f04,z,14.139072847682115
L396_f04,z,14.527075812274376
L396_f04,z,19.90123456790124
L396_f04,z,18.145454545454555
L396_f04,z,20.806083650190118
L396_f04,z,19.878260869565224
L396_f04,z,8.71328671328672
L396_f04,z,23.850364963503637
L396_f04,z,14.967741935483872
L396_f04,z,20.678991596638667
L396_f04,z,14.856677524429955
L396_f04,z,19.657142857142844
L396_f04,z,16.469879518072275
L396_f04,z,15.309236947791163
L396_f04,z,14.87640449438203
L396_f04,z,14.074999999999989
L396_f04,z,15.603686635944712
L396_f04,z,17.853061224489807
L396_f04,z,6.665838509316757
L396_f04,z,24.82919254658384
L396_f04,z,17.77777777777777
L396_f04,z,15.330882352941188
L396_f04,z,9.020594965675059
L396_f04,z,18.85017421602788
L396_f04,z,20.856459330143537
L396_f04,z,13.427762039660053
L396_f04,z,19.966315789473697
L396_f04,z,21.54093959731543
L396_f04,z,13.280182232346249
L396_f04,z,15.7214611872146
L396_f04,z,18.876660341555976
L396_f04,z,20.914933837429118
L396_f04,z,11.651821862348186
L396_f04,z,16.931740614334473
L396_f04,z,17.761194029850742
L396_f04,z,17.239543726235752
L396_f04,z,19.559523809523796
L396_f04,z,12.623326959847049
L396_f04,z,19.21674876847291
L396_f04,z,20.52631578947367
L396_f04,z,20.759124087591232
L396_f04,z,7.964601769911496
L396_f04,z,20.99760191846522
L396_f04,z,23.128919860627178
L396_f04,z,13.718446601941736
L396_f04,z,19.661417322834637
L396_f04,z,19.3046875
L396_f04,z,18.443349753694577
L396_f04,z,20.550522648083614
L396_f04,z,20.0121212121212
L396_f04,z,13.271428571428572
L396_f04,z,22.055147058823536
L396_f04,z,22.854961832061065
L396_f04,z,22.982532751091696
L396_f04,z,18.562091503267965
L396_f04,z,12.311977715877447
L396_f04,z,17.14942528735631
L396_f04,z,15.975206611570258
L396_f04,z,12.586666666666673
L396_f04,z,13.666666666666657
L396_f04,z,18.879999999999995
L396_f04,z,14.664206642066432
L396_f04,z,20.0
L396_f04,z,10.880165289256212
L396_f04,z,17.407142857142844
L396_f04,z,15.47368421052633
L396_f04,z,14.140127388535035
L396_f04,z,13.557840616966587
L396_f04,z,18.983606557377044
L396_f04,z,20.39560439560441
L396_f04,z,15.739130434782595
L396_f04,z,17.874345549738223
L396_f04,z,15.421875
L396_f04,z,28.85081585081585
L396_f04,z,12.443877551020421
L396_f04,z,14.047058823529426
L396_f04,z,19.58865248226951
L396_f04,z,15.324675324675326
L396_f04,z,12.878205128205138
L396_f04,z,8.42105263157896
L396_f04,z,18.103019538188278
L396_f04,z,20.516483516483504
L396_f04,z,12.895899053627772
L396_f04,z,18.32621951219511
L396_f04,z,17.843537414965994
L396_f04,z,20.265895953757223
L396_f04,z,16.20817843866172
L396_f04,z,12.385964912280713
L396_f04,z,13.663230240549836
L396_f04,z,22.00350262697023
L396_f04,z,18.431535269709542
L396_f04,z,18.04625850340136
L396_f04,z,19.201426024955424
L396_f04,z,20.420233463035032
L396_f04,z,11.084070796460168
L396_f04,z,20.86577181208054
L396_f04,z,15.623931623931611
L396_f04,z,21.53072625698323
L396_f04,z,17.09706546275396
L396_f04,z,12.574468085106389
L396_f04,z,9.593301435406687
L396_f04,z,15.695067264573993
L396_f04,z,24.863309352517973
L396_f04,z,11.674418604651152
L396_f04,z,18.47567567567569
L396_f04,z,19.985964912280707
L396_f04,z,21.62535211267607
L396_f04,z,15.51423149905122
L396_f04,z,12.454342984409806
L396_f04,z,15.508196721311464
L396_f04,z,8.606403013182671
L396_f04,z,14.707692307692298
L396_f04,z,23.866666666666674
L396_f04,z,14.90334572490707
L396_f04,z,16.412698412698404
L396_f04,z,28.512396694214885
L396_f04,z,16.802259887005647
L396_f04,z,12.503961965134721
L396_f04,z,13.36842105263159
L396_f04,z,15.02773246329528
L396_f04,z,18.588548601864176
L396_f04,z,16.486274509803934
L396_f04,z,16.98173515981736
L396_f04,z,8.51551312649164
L396_f04,z,17.013422818791952
L396_f04,z,20.283687943262407
L396_f04,z,14.960824742268045
L396_f04,z,15.470319634703202
L396_f04,z,12.143617021276583
L396_f04,z,19.95555555555555
L396_f04,z,18.537142857142868
L396_f04,z,17.845132743362825
L396_f04,z,24.10781671159029
L396_f04,z,21.822222222222223
L396_f04,z,16.234332425068118
L396_f04,z,11.495614035087726
L396_f04,z,11.51315789473685
L396_f04,z,15.097888675623807
L396_f04,z,13.117932148626807
L396_f04,z,23.146025878003684
L396_f04,z,22.972043010752685
L396_f04,z,22.537499999999994
L396_f04,z,14.992178770949721
L396_f04,z,25.68938547486033
L396_f04,z,10.042105263157907
L396_f04,z,22.215213358070514
L396_f04,z,23.036065573770486
L396_f04,z,22.614840989399283
L396_f04,z,15.671578947368431
L396_f04,z,17.548387096774206
L396_f04,z,17.727019498607234
L396_f04,z,21.753424657534254
L396_f04,z,15.19832985386222
L396_f04,z,29.32258064516128
L396_f04,z,39.93881453154876
L396_f04,z,29.748290013679878
L396_f04,z,32.73289183222957
L396_f04,z,30.483443708609258
L396_f04,z,35.595959595959584
L396_f04,z,36.908136482939625
L396_f04,z,35.984819734345365
L396_f04,z,33.114624505928845
L396_f04,z,35.65735567970205
L396_f04,z,27.56284153005464
L396_f04,z,32.323049001814894
L396_f04,z,32.87445887445887
L396_f04,z,30.681003584229387
L396_f04,z,37.09865470852017
L396_f04,z,33.52000000000001
L396_f04,z,31.961595273264408
L396_f04,z,35.76170212765956
L396_f04,z,40.57725947521865
L396_f04,z,33.463687150837984
L396_f04,z,31.261788617886168
L396_f04,z,31.422885572139307
L396_f04,z,36.551401869158866
L396_f04,z,36.27513227513228
L396_f04,z,32.41726618705036
L396_f04,z,35.11538461538461
L396_f04,z,34.643835616438366
L396_f04,z,29.235294117647072
L396_f04,z,34.66666666666666
L396_f04,z,42.792792792792795
L396_f04,z,34.78241262683201
L396_f04,z,33.0952380952381
L396_f04,z,31.76425855513307
L396_f04,z,28.625730994152036
L396_f04,z,40.95967741935485
L396_f04,z,24.61426844014511
L396_f04,z,35.94594594594594
L396_f04,z,39.88165680473372
L396_f04,z,27.64705882352942
L396_f04,z,28.02661596958174
L396_f04,z,30.61698440207971
L396_f04,z,35.30815109343936
L396_f04,z,28.664077669902923
L396_f04,z,28.9544235924933
L396_f04,z,33.08221225710014
L396_f04,z,31.264483627204044
L396_f04,z,32.26610644257704
L396_f04,z,22.305000000000007
L396_f04,z,41.17824773413898
L396_f04,z,32.44041450777203
L396_f04,z,40.41387856257745
L396_f04,z,40.00710479573712
L396_f04,z,34.93718166383701
L396_f04,z,42.03664921465969
L396_f04,z,34.232227488151665
L396_f04,z,34.906077348066304
L396_f04,z,25.47619047619048
L396_f04,z,30.531645569620252
L396_f04,z,38.04618937644341
L396_f04,z,28.679156908665107
L396_f04,z,36.10970464135022
L396_f04,z,37.565217391304344
L396_f04,z,27.53149606299212
L396_f04,z,34.66666666666666
L396_f04,z,39.52195945945945
L396_f04,z,35.15294117647059
L396_f04,z,40.73563218390805
L396_f04,z,33.232492997198875
L396_f04,z,33.312661498708025
L396_f04,z,34.64661654135338
L396_f04,z,31.228915662650593
L396_f04,z,32.315573770491795
L396_f04,z,34.56505576208178
L396_f04,z,29.941333333333347
L396_f04,z,34.87885985748218
L396_f04,z,34.356164383561634
L396_f04,z,32.191938579654504
L396_f04,z,31.446808510638306
L396_f04,z,34.87197231833909
L396_f04,z,28.473053892215574
L396_f04,z,28.365688487584663
L396_f04,z,29.781922525107603
L396_f04,z,35.534883720930225
L396_f04,z,32.264381884944925
L396_f04,z,38.518518518518505
L396_f04,z,27.995381062355648
L396_f04,z,40.72176308539946
L396_f04,z,34.465608465608454
L396_f04,z,32.22889305816136
L396_f04,z,36.4321608040201
L396_f04,z,31.029649595687346
L396_f04,z,27.19274092615771
L396_f04,z,39.59325842696629
L396_f04,z,34.035842293906796
L396_f04,z,35.557117750439375
L396_f04,z,26.454545454545467
L396_f04,z,27.082997582594686
L396_f04,z,27.9277708592777
L396_f04,z,40.45700245700246
L396_f04,z,30.68764044943819
L396_f04,z,29.129220023282898
L396_f04,z,35.83889528193325
L396_f04,z,37.962365591397855
L396_f04,z,29.452054794520535
L396_f04,z,42.69399999999999
L396_f04,z,29.728729963008618
L396_f04,z,35.88583218707015
L396_f04,z,28.449760765550252
L396_f04,z,38.701639344262304
L396_f04,z,38.137078651685385
L396_f04,z,38.61403508771929
L396_f04,z,43.23722627737226
L396_f04,z,35.65870307167236
L396_f04,z,35.56882591093117
L396_f04,z,35.916591115140534
L396_f04,z,35.71830985915494
L396_f04,z,36.84
L396_f04,z,38.21935483870968
L396_f04,z,34.56692913385828
L396_f04,z,36.06399999999999
L396_f04,z,38.44875346260389
L396_f04,z,35.393939393939405
L396_f04,z,32.395036194415724
L396_f04,z,35.76171875
L396_f04,z,38.09617486338797
L396_f04,z,40.04906204906206
L396_f04,z,46.91322901849219
L396_f04,z,39.14168039538714
L396_f04,z,26.82749675745785
L396_f04,z,40.6829268292683
L396_f04,z,26.487309644670063
L396_f04,z,33.889838556505225
L396_f04,z,34.39408866995075
L396_f04,z,30.01886792452831
L396_f04,z,39.37142857142857
L396_f04,z,38.029411764705884
L396_f04,z,27.26172465960667
L396_f04,z,31.94285714285715
L396_f04,z,35.19412724306687
L396_f04,z,33.6824512534819
L396_f04,z,33.28476821192052
L396_f04,z,29.954682779456192
L396_f04,z,36.418079096045204
L396_f04,z,31.626213592233
L396_f04,z,41.885650224215254
L396_f04,z,35.65009940357854
L396_f04,z,28.419098143236084
L396_f04,z,39.926380368098165
L396_f04,z,35.652631578947364
L396_f04,z,32.94117647058823
L396_f04,z,36.20253164556962
L396_f04,z,34.74789915966386
L396_f04,z,41.6056338028169
L396_f04,z,38.966153846153844
L396_f04,z,40.13518886679921
L396_f04,z,34.44498777506112
L396_f04,z,30.20108695652175
L396_f04,z,31.329545454545467
L396_f04,z,37.613186813186815
L396_f04,z,32.53571428571428
L396_f04,z,38.72727272727272
L396_f04,z,37.151051625239006
L396_f04,z,40.33886462882097
L396_f04,z,36.542190305206475
L396_f04,z,37.655
L396_f04,z,35.0
L396_f04,z,37.97791798107255
L396_f04,z,34.769423558897245
L396_f04,z,38.086956521739125
L396_f04,z,32.79428571428571
L396_f04,z,34.087260034904006
L396_f04,z,33.98561151079136
L396_f04,z,34.3598691384951
L396_f04,z,30.446460980036306
L396_f04,z,31.903966597077243
L396_f04,z,42.84257871064469
L396_f04,z,26.946564885496173
L396_f04,z,31.660167130919234
L396_f04,z,39.464696223316906
L396_f04,z,35.4207650273224
L396_f04,z,31.769110764430565
L396_f04,z,39.543209876543216
L396_f04,z,42.164133738601834
L396_f04,z,39.45256270447109
L396_f04,z,28.958579881656817
L396_f04,z,29.985374771480792
L396_f04,z,28.98333333333332
L396_f04,z,32.46255506607929
L396_f04,z,41.079563182527295
L396_f04,z,31.184407796101937
L396_f04,z,37.23874755381604
L396_f04,z,28.333333333333343
L396_f04,z,33.19280205655528
L396_f04,z,31.86956521739131
L396_f04,z,39.5052790346908
L396_f04,z,42.25602027883397
L396_f04,z,32.805839416058404
L396_f04,z,31.927927927927925
L396_f04,z,30.646370023419195
L396_f04,z,35.53692614770458
L396_f04,z,41.30941704035874
L396_f04,z,38.60703812316714
L396_f04,z,37.064516129032256
L396_f04,z,31.064456721915292
L396_f04,z,35.10084033613447
L396_f04,z,31.860158311345657
L396_f04,z,36.06791171477079
L396_f04,z,35.949820788530474
L396_f04,z,44.71382636655949
L396_f04,z,36.36876355748373
L396_f04,z,33.512345679012356
L396_f04,z,31.811764705882354
L396_f04,z,31.614117647058833
L396_f04,z,31.63005780346822
L396_f04,z,35.25274725274724
L396_f04,z,30.32565789473685
L396_f04,z,36.66666666666666
L396_f04,z,34.83116883116884
L396_f04,z,29.010504201680675
L396_f04,z,30.792307692307702
L396_f04,z,37.32167832167832
L396_f04,z,34.86734693877551
L396_f04,z,31.95180722891567
L396_f04,z,36.52719665271965
L396_f04,z,35.501611170784116
L396_f04,z,35.35833333333332
L396_f04,z,33.095327102803736
L396_f04,z,32.15637860082305
L396_f04,z,33.707865168539314
L396_f04,z,27.98627787307032
L396_f04,z,36.81862745098039
L396_f04,z,36.76254180602007
L396_f04,z,37.9330289193303
L396_f04,z,26.09818426361801
L396_f04,z,37.558303886925785
L396_f04,z,34.89473684210526
L396_f04,z,43.4158878504673
L396_f04,z,36.96894409937889
L396_f04,z,38.402255639097746
L396_f04,z,32.66375545851528
L396_f04,z,29.723076923076917
L396_f04,z,40.78584070796461
L396_f04,z,33.63573883161513
L396_f04,z,32.07960199004975
L396_f04,z,35.74852652259332
L396_f04,z,28.05731523378583
L396_f04,z,30.634615384615387
L396_f04,z,39.21146953405017
L396_f04,z,33.16535433070865
L396_f04,z,29.268022181146023
L396_f04,z,31.409395973154375
L396_f04,z,35.336477987421375
L396_f04,z,37.90909090909091
L396_f04,z,32.416938110749186
L396_f04,z,34.445859872611464
L396_f04,z,33.71702637889689
L396_f04,z,32.010126582278474
L396_f04,z,34.07843137254903
L396_f04,z,35.296137339055804
L396_f04,z,37.460992907801426
L396_f04,z,39.22921914357681
L396_f04,z,35.952267303102616
L396_f04,z,30.677777777777777
L396_f04,z,37.19230769230768
L396_f04,z,29.176470588235304
L396_f04,z,42.31432973805855
L396_f04,z,28.45119305856832
L396_f04,z,28.85714285714286
L396_f04,z,37.73540856031127
L396_f04,z,35.690217391304344
L396_f04,z,36.05174353205848
L396_f04,z,37.337883959044376
L396_f04,z,42.682986536107705
L396_f04,z,36.427118644067804
L396_f04,z,37.38524590163934
L396_f04,z,33.93421052631578
L396_f04,z,29.24726477024069
L396_f04,z,28.557264957264948
L396_f04,z,35.92551210428306
L396_f04,z,34.85217391304349
L396_f04,z,29.230016313213696
L396_f04,z,41.193798449612416
L396_f04,z,39.39562624254472
L396_f04,z,30.778225806451616
L396_f04,z,39.41258741258741
L396_f04,z,37.15303983228512
L396_f04,z,32.470588235294116
L396_f04,z,39.12820512820514
L396_f04,z,29.3979933110368
L396_f04,z,39.02514506769825
L396_f04,z,40.752327746741145
L396_f04,z,37.288948069241
L396_f04,z,30.923076923076934
L396_f04,z,27.158163265306115
L396_f04,z,47.11521547933157
L396_f04,z,34.915789473684214
L396_f04,z,31.3886462882096
L396_f04,z,36.770685579196225
L396_f04,z,35.213930348258714
L396_f04,z,29.26249999999999
L396_f04,z,30.202247191011224
L396_f04,z,33.63374485596708
L396_f04,z,28.247246022031817
L396_f04,z,28.294736842105266
L396_f04,z,35.55731225296444
L396_f04,z,39.01290322580644
L396_f04,z,28.867088607594923
L396_f04,z,31.7295492487479
L396_f04,z,34.81345565749234
L396_f04,z,28.686274509803923
L396_f04,z,36.161434977578466
L396_f04,z,33.702786377708975
L396_f04,z,31.88495575221239
L396_f04,z,34.20408163265307
L396_f04,z,35.23266219239375
L396_f04,z,35.53005464480876
L396_f04,z,34.620938628158854
L396_f04,z,30.25215889464593
L396_f04,z,36.72727272727272
L396_f04,z,43.54314720812184
L396_f04,z,31.16964285714286
L396_f04,z,35.175757575757586
L396_f04,z,35.97163120567376
L396_f04,z,30.972636815920396
L396_f04,z,31.254969749351773
L396_f04,z,38.28178694158075
L396_f04,z,33.36170212765958
L396_f04,z,37.08029197080293
L396_f04,z,39.14074074074074
L396_f04,z,35.12396694214877
L396_f04,z,28.52777777777777
L396_f04,z,36.136363636363626
L396_f04,z,38.789237668161434
L396_f04,z,31.519101123595505
L396_f04,z,37.29368029739777
L396_f04,z,35.788617886178855
L396_f04,z,37.3388429752066
L396_f04,z,35.69902912621359
L396_f04,z,43.52743561030235
L396_f04,z,36.225680933852146
L396_f04,z,33.397333333333336
L396_f04,z,34.247058823529414
L396_f04,z,29.625850340136054
L396_f04,z,31.927884615384613
L396_f04,z,29.538720538720526
L396_f04,z,33.96501457725947
L396_f04,z,29.73969631236443
L396_f04,z,33.40131578947367
L396_f04,z,28.224852071005927
L396_f04,z,30.648888888888877
L396_f04,z,23.878172588832484
L396_f04,z,34.5
L396_f04,z,35.391969407265776
L396_f04,z,41.57453936348409
L396_f04,z,33.15789473684211
L396_f04,z,29.84644913627639
L396_f04,z,31.953771289537713
L396_f04,z,39.3170731707317
L396_f04,z,34.028037383177576
L396_f04,z,27.835853131749474
L396_f04,z,37.31081081081081
L396_f04,z,41.18032786885246
L396_f04,z,37.83011583011583
L396_f04,z,31.25704225352112
L396_f04,z,36.455840455840445
L396_f04,z,37.59786476868328
L396_f04,z,33.115151515151524
L396_f04,z,34.06976744186048
L396_f04,z,31.910071942446052
L396_f04,z,30.881502890173408
L396_f04,z,32.84375
L396_f04,z,32.11527377521614
L396_f04,z,30.694300518134725
L396_f04,z,33.0
L396_f04,z,36.56
L396_f04,z,36.59113300492612
L396_f04,z,35.49724770642203
L396_f04,z,37.68627450980392
L396_f04,z,37.88221436984688
L396_f04,z,40.133603238866385
L396_f04,z,39.527472527472526
L396_f04,z,33.57866666666666
L396_f04,z,39.704834605597966
L396_f04,z,27.062146892655363
L396_f04,z,36.48514851485149
L396_f04,z,36.66853932584269
L396_f04,z,37.76131687242798
L396_f04,z,41.41798941798942
L396_f04,z,41.67441860465115
L396_f04,z,37.636363636363626
L396_f04,z,39.296493092454824
L396_f04,z,36.7076923076923
L396_f04,z,28.073107049608353
L396_f04,z,25.14285714285714
L396_f04,z,34.20366598778003
L396_f04,z,39.21585903083701
L396_f04,z,42.78754325259516
L396_f04,z,38.03560830860533
L396_f04,z,28.03470715835141
L396_f04,z,32.09923664122138
L396_f04,z,35.359477124183
L396_f04,z,38.04566210045661
L396_f04,z,40.50936329588015
L396_f04,z,38.40243902439025
L396_f04,z,35.77884615384616
L396_f04,z,39.036827195467424
L396_f04,z,30.669077757685358
L396_f04,z,33.76344086021504
L396_f04,z,41.22772277227722
L396_f04,z,33.05099778270511
L396_f04,z,34.274021352313156
L396_f04,z,32.54464285714286
L396_f04,z,33.04301075268816
L396_f04,z,29.426294820717118
L396_f04,z,40.43304843304844
L396_f04,z,28.806083650190118
L396_f04,z,37.11304347826086
L396_f04,z,31.850364963503637
L396_f04,z,27.878260869565224
L396_f04,z,37.12857142857143
L396_f04,z,30.785046728971963
L396_f04,z,28.678991596638667
L396_f04,z,31.147540983606547
L396_f04,z,37.13069908814589
L396_f04,z,35.37931034482759
L396_f04,z,33.82222222222222
L396_f04,z,41.19999999999999
L396_f04,z,31.610000000000014
L396_f04,z,33.03139013452915
L396_f04,z,22.856677524429955
L396_f04,z,33.21854304635761
L396_f04,z,36.04545454545453
L396_f04,z,30.07058823529411
L396_f04,z,27.657142857142844
L396_f04,z,37.43916913946589
L396_f04,z,32.63440860215053
L396_f04,z,33.54545454545453
L396_f04,z,34.526582278481015
L396_f04,z,32.82919254658384
L396_f04,z,42.68206521739131
L396_f04,z,27.966315789473697
L396_f04,z,29.54093959731543
L396_f04,z,35.72151898734177
L396_f04,z,35.77528089887642
L396_f04,z,34.4359756097561
L396_f04,z,28.914933837429118
L396_f04,z,26.876660341555976
L396_f04,z,36.754838709677415
L396_f04,z,27.21674876847291
L396_f04,z,31.128919860627178
L396_f04,z,38.825775656324595
L396_f04,z,28.99760191846522
L396_f04,z,33.54983922829581
L396_f04,z,34.86746987951807
L396_f04,z,36.83333333333334
L396_f04,z,35.937254901960785
L396_f04,z,36.65205479452055
L396_f04,z,28.0121212121212
L396_f04,z,31.876160990712066
L396_f04,z,31.801980198019805
L396_f04,z,36.92492492492494
L396_f04,z,30.854961832061065
L396_f04,z,30.982532751091696
L396_f04,z,36.521560574948666
L396_f04,z,33.84684684684686
L396_f04,z,33.91272727272727
L396_f04,z,35.50364963503651
L396_f04,z,37.278688524590166
L396_f04,z,37.056511056511056
L396_f04,z,35.9111111111111
L396_f04,z,40.28399999999999
L396_f04,z,39.33614627285513
L396_f04,z,35.39512195121952
L396_f04,z,31.660079051383406
L396_f04,z,36.840840840840855
L396_f04,z,36.104712041884824
L396_f04,z,31.137404580152662
L396_f04,z,32.45394736842104
L396_f04,z,34.850111856823276
L396_f04,z,37.824175824175825
L396_f04,z,39.86798679867988
L396_f04,z,36.793201133144464
L396_f04,z,36.85081585081585
L396_f04,z,40.43383947939262
L396_f04,z,36.49689440993788
L396_f04,z,40.83762732174955
L396_f04,z,31.588235294117652
L396_f04,z,32.82051282051282
L396_f04,z,28.516483516483504
L396_f04,z,40.459110473457685
L396_f04,z,30.00350262697023
L396_f04,z,44.528735632183896
L396_f04,z,41.313501144164746
L396_f04,z,36.02680067001674
L396_f04,z,39.43167028199565
L396_f04,z,28.420233463035032
L396_f04,z,40.27712854757931
L396_f04,z,26.04625850340136
L396_f04,z,46.23272090988627
L396_f04,z,36.7656967840735
L396_f04,z,33.327160493827165
L396_f04,z,38.05607476635515
L396_f04,z,40.12994350282486
L396_f04,z,33.961722488038276
L396_f04,z,28.86577181208054
L396_f04,z,32.86330935251797
L396_f04,z,34.51470588235293
L396_f04,z,36.540206185567
L396_f04,z,32.42222222222222
L396_f04,z,36.03852889667252
L396_f04,z,32.943143812709025
L396_f04,z,36.512396694214885
L396_f04,z,27.985964912280707
L396_f04,z,29.62535211267607
L396_f04,z,32.818505338078296
L396_f04,z,38.55882352941177
L396_f04,z,34.0
L396_f04,z,24.412698412698404
L396_f04,z,33.7094017094017
L396_f04,z,36.9271523178808
L396_f04,z,34.549222797927456
L396_f04,z,26.588548601864176
L396_f04,z,31.146025878003684
L396_f04,z,36.10118043844858
L396_f04,z,36.176759410801964
L396_f04,z,33.37471264367815
L396_f04,z,34.099667774086384
L396_f04,z,33.40697674418604
L396_f04,z,34.56289308176102
L396_f04,z,62.02390438247011
L396_f04,z,54.647773279352236
L396_f04,z,64.60884353741497
L396_f04,z,51.93881453154876
L396_f04,z,57.13926174496643
L396_f04,z,57.107692307692304
L396_f04,z,53.19999999999999
L396_f04,z,57.75595238095238
L396_f04,z,55.02727272727273
L396_f04,z,56.41132075471697
L396_f04,z,59.8787023977433
L396_f04,z,48.908136482939625
L396_f04,z,52.57725947521865
L396_f04,z,58.92015209125475
L396_f04,z,55.789029535864984
L396_f04,z,61.82539682539684
L396_f04,z,58.792332268370615
L396_f04,z,58.525164113785564
L396_f04,z,54.792792792792795
L396_f04,z,56.24309392265192
L396_f04,z,60.41493775933611
L396_f04,z,58.00930232558139
L396_f04,z,46.78241262683201
L396_f04,z,55.08383233532933
L396_f04,z,63.21212121212122
L396_f04,z,58.07707129094413
L396_f04,z,59.4329268292683
L396_f04,z,59.39759036144579
L396_f04,z,59.66666666666666
L396_f04,z,57.69579288025889
L396_f04,z,52.95967741935485
L396_f04,z,61.35225375626044
L396_f04,z,56.59322033898306
L396_f04,z,62.120000000000005
L396_f04,z,55.556250000000006
L396_f04,z,62.05555555555554
L396_f04,z,60.34090909090909
L396_f04,z,56.25641025641025
L396_f04,z,54.75117370892019
L396_f04,z,53.17824773413898
L396_f04,z,52.00710479573712
L396_f04,z,56.90909090909091
L396_f04,z,56.60377358490567
L396_f04,z,54.03664921465969
L396_f04,z,52.41387856257745
L396_f04,z,55.67924528301887
L396_f04,z,52.73563218390805
L396_f04,z,51.52195945945945
L396_f04,z,55.78089887640451
L396_f04,z,59.48727272727274
L396_f04,z,59.72649572649573
L396_f04,z,57.428571428571416
L396_f04,z,75.31491712707182
L396_f04,z,72.26551226551226
L396_f04,z,55.953216374269005
L396_f04,z,56.259541984732834
L396_f04,z,52.72176308539946
L396_f04,z,48.4321608040201
L396_f04,z,57.389969293756394
L396_f04,z,61.30249110320284
L396_f04,z,61.18973214285714
L396_f04,z,58.26915113871635
L396_f04,z,57.297391304347826
L396_f04,z,65.63565891472868
L396_f04,z,53.70532915360502
L396_f04,z,51.59325842696629
L396_f04,z,61.84126984126985
L396_f04,z,56.406181015452546
L396_f04,z,47.557117750439375
L396_f04,z,53.33476394849785
L396_f04,z,55.65294117647059
L396_f04,z,52.45700245700246
L396_f04,z,58.0
L396_f04,z,55.296296296296305
L396_f04,z,56.00701754385966
L396_f04,z,58.375350140056014
L396_f04,z,55.454022988505756
L396_f04,z,67.4707777266452
L396_f04,z,66.7703180212014
L396_f04,z,56.39047619047619
L396_f04,z,69.54330708661416
L396_f04,z,62.77435897435896
L396_f04,z,54.86153846153846
L396_f04,z,69.12789699570814
L396_f04,z,53.78807947019868
L396_f04,z,67.32737430167597
L396_f04,z,47.916591115140534
L396_f04,z,59.60869565217391
L396_f04,z,50.137078651685385
L396_f04,z,58.36935166994107
L396_f04,z,65.67741935483872
L396_f04,z,60.185421089879696
L396_f04,z,55.23722627737226
L396_f04,z,59.013035381750456
L396_f04,z,50.21935483870968
L396_f04,z,47.76171875
L396_f04,z,59.574759945130324
L396_f04,z,54.24296296296296
L396_f04,z,50.09617486338797
L396_f04,z,62.288568257491676
L396_f04,z,63.121212121212125
L396_f04,z,45.889838556505225
L396_f04,z,51.14168039538714
L396_f04,z,54.58682634730539
L396_f04,z,53.70535714285714
L396_f04,z,65.55905511811022
L396_f04,z,56.77209302325582
L396_f04,z,62.80684596577018
L396_f04,z,55.13793103448276
L396_f04,z,60.81038961038962
L396_f04,z,58.91322901849219
L396_f04,z,59.98314606741573
L396_f04,z,55.2202380952381
L396_f04,z,55.66666666666666
L396_f04,z,64.1098901098901
L396_f04,z,57.81418092909536
L396_f04,z,54.80099502487562
L396_f04,z,60.573304157549245
L396_f04,z,56.85046728971963
L396_f04,z,56.60169491525423
L396_f04,z,58.32432432432432
L396_f04,z,64.83856502242153
L396_f04,z,61.935790725326996
L396_f04,z,51.94350282485877
L396_f04,z,63.27629233511587
L396_f04,z,64.8875912408759
L396_f04,z,53.885650224215254
L396_f04,z,61.85375494071147
L396_f04,z,66.30316742081448
L396_f04,z,59.9945205479452
L396_f04,z,58.0
L396_f04,z,57.71174377224199
L396_f04,z,67.5485893416928
L396_f04,z,53.6056338028169
L396_f04,z,56.39330543933053
L396_f04,z,62.415300546448094
L396_f04,z,49.613186813186815
L396_f04,z,57.72897196261681
L396_f04,z,58.00269905533062
L396_f04,z,59.914831130690175
L396_f04,z,59.243243243243256
L396_f04,z,53.10510510510511
L396_f04,z,57.84674329501917
L396_f04,z,55.48427672955975
L396_f04,z,62.08288770053477
L396_f04,z,60.11740890688259
L396_f04,z,57.04655493482309
L396_f04,z,63.15087719298245
L396_f04,z,56.5529411764706
L396_f04,z,52.33886462882097
L396_f04,z,57.34152334152333
L396_f04,z,53.152263374485585
L396_f04,z,58.45229681978799
L396_f04,z,63.77600000000001
L396_f04,z,63.70447761194029
L396_f04,z,62.89500000000001
L396_f04,z,67.88550548112059
L396_f04,z,61.049411764705894
L396_f04,z,56.205029013539644
L396_f04,z,54.84257871064469
L396_f04,z,53.60869565217391
L396_f04,z,58.90956749672347
L396_f04,z,51.5052790346908
L396_f04,z,59.88258317025441
L396_f04,z,51.543209876543216
L396_f04,z,63.78888888888889
L396_f04,z,58.32550335570471
L396_f04,z,51.45256270447109
L396_f04,z,54.696721311475414
L396_f04,z,64.08695652173913
L396_f04,z,57.95013850415512
L396_f04,z,53.079563182527295
L396_f04,z,58.88380952380953
L396_f04,z,60.08000000000001
L396_f04,z,54.164133738601834
L396_f04,z,55.761363636363626
L396_f04,z,50.60703812316714
L396_f04,z,57.53103448275863
L396_f04,z,58.01133144475921
L396_f04,z,55.761538461538464
L396_f04,z,59.43096234309624
L396_f04,z,58.61904761904762
L396_f04,z,51.44483985765123
L396_f04,z,53.30941704035874
L396_f04,z,59.54880694143168
L396_f04,z,56.37125748502993
L396_f04,z,55.46794871794873
L396_f04,z,50.593080724876444
L396_f04,z,58.271844660194176
L396_f04,z,55.0670731707317
L396_f04,z,54.66323907455012
L396_f04,z,53.15112540192925
L396_f04,z,47.35833333333332
L396_f04,z,60.68316831683168
L396_f04,z,60.97435897435898
L396_f04,z,55.243697478991606
L396_f04,z,53.0
L396_f04,z,54.0212201591512
L396_f04,z,64.77590361445783
L396_f04,z,56.38157894736841
L396_f04,z,54.27350427350427
L396_f04,z,55.4158878504673
L396_f04,z,55.77777777777777
L396_f04,z,56.583850931677006
L396_f04,z,58.57377049180329
L396_f04,z,60.34482758620689
L396_f04,z,54.66438356164383
L396_f04,z,48.76254180602007
L396_f04,z,53.08280254777071
L396_f04,z,52.78584070796461
L396_f04,z,57.3375196232339
L396_f04,z,60.87898089171975
L396_f04,z,60.622023809523796
L396_f04,z,58.429577464788736
L396_f04,z,63.91397849462365
L396_f04,z,58.596187175043326
L396_f04,z,56.32804232804233
L396_f04,z,55.69323671497585
L396_f04,z,65.08751793400288
L396_f04,z,61.24803149606299
L396_f04,z,49.73540856031127
L396_f04,z,58.9047619047619
L396_f04,z,58.625
L396_f04,z,60.71604938271605
L396_f04,z,60.22727272727272
L396_f04,z,55.002915451895035
L396_f04,z,54.682986536107705
L396_f04,z,57.82743362831857
L396_f04,z,65.93462469733657
L396_f04,z,57.50549450549451
L396_f04,z,58.238267148014444
L396_f04,z,58.33168316831683
L396_f04,z,59.27536231884059
L396_f04,z,53.193798449612416
L396_f04,z,58.42911877394636
L396_f04,z,56.432569974554696
L396_f04,z,51.39562624254472
L396_f04,z,52.595
L396_f04,z,62.50158730158731
L396_f04,z,49.288948069241
L396_f04,z,51.12820512820514
L396_f04,z,61.98347107438016
L396_f04,z,58.62352941176471
L396_f04,z,56.458598726114644
L396_f04,z,52.752327746741145
L396_f04,z,56.9795918367347
L396_f04,z,63.11913357400721
L396_f04,z,61.08571428571429
L396_f04,z,59.65583173996177
L396_f04,z,53.10679611650485
L396_f04,z,55.928571428571416
L396_f04,z,48.161434977578466
L396_f04,z,57.469879518072275
L396_f04,z,55.54314720812184
L396_f04,z,59.58418740849194
L396_f04,z,54.15384615384616
L396_f04,z,48.72727272727272
L396_f04,z,54.03999999999999
L396_f04,z,55.860576923076934
L396_f04,z,62.675786593707244
L396_f04,z,58.067385444743934
L396_f04,z,54.07521367521369
L396_f04,z,63.36477611940299
L396_f04,z,56.28292682926829
L396_f04,z,52.09403254972875
L396_f04,z,53.57453936348409
L396_f04,z,53.96226415094338
L396_f04,z,54.3284457478006
L396_f04,z,54.70222222222222
L396_f04,z,55.43718592964825
L396_f04,z,65.2018288700196
L396_f04,z,56.35294117647058
L396_f04,z,62.26315789473685
L396_f04,z,53.63457760314341
L396_f04,z,62.69489894128969
L396_f04,z,56.76344086021504
L396_f04,z,49.59786476868328
L396_f04,z,53.18032786885246
L396_f04,z,48.455840455840445
L396_f04,z,61.60671462829737
L396_f04,z,57.35864978902953
L396_f04,z,64.94591728525981
L396_f04,z,52.133603238866385
L396_f04,z,61.08988764044943
L396_f04,z,62.29523809523809
L396_f04,z,49.76131687242798
L396_f04,z,53.67441860465115
L396_f04,z,63.85078909612625
L396_f04,z,60.82296650717703
L396_f04,z,51.296493092454824
L396_f04,z,62.993975903614455
L396_f04,z,47.359477124183
L396_f04,z,54.78754325259516
L396_f04,z,50.40243902439025
L396_f04,z,59.54181818181817
L396_f04,z,53.55115511551156
L396_f04,z,53.48287671232876
L396_f04,z,58.43454038997214
L396_f04,z,57.58579881656806
L396_f04,z,52.43304843304844
L396_f04,z,60.412017167381975
L396_f04,z,58.05925925925925
L396_f04,z,53.22772277227722
L396_f04,z,58.5139318885449
L396_f04,z,57.10780669144981
L396_f04,z,55.08771929824562
L396_f04,z,58.9607843137255
L396_f04,z,59.048327137546465
L396_f04,z,53.24928366762177
L396_f04,z,57.816
L396_f04,z,49.43916913946589
L396_f04,z,55.73053892215569
L396_f04,z,61.06857142857143
L396_f04,z,54.68206521739131
L396_f04,z,55.68301886792452
L396_f04,z,60.738461538461536
L396_f04,z,60.443438914027155
L396_f04,z,66.57534246575344
L396_f04,z,58.34567901234567
L396_f04,z,64.00564174894217
L396_f04,z,54.77979797979799
L396_f04,z,64.85185185185185
L396_f04,z,63.26829268292684
L396_f04,z,50.825775656324595
L396_f04,z,63.40533672172808
L396_f04,z,54.64578313253011
L396_f04,z,54.02836879432624
L396_f04,z,49.056511056511056
L396_f04,z,52.28399999999999
L396_f04,z,65.27395411605937
L396_f04,z,59.11839708561021
L396_f04,z,55.316195372750656
L396_f04,z,60.682706766917306
L396_f04,z,60.319727891156475
L396_f04,z,58.913043478260875
L396_f04,z,61.77583187390542
L396_f04,z,64.91217257318951
L396_f04,z,56.05769230769232
L396_f04,z,53.30666666666667
L396_f04,z,51.33614627285513
L396_f04,z,57.81777777777779
L396_f04,z,55.20987654320987
L396_f04,z,48.85081585081585
L396_f04,z,57.91637630662021
L396_f04,z,52.83762732174955
L396_f04,z,59.63549920760698
L396_f04,z,63.65189873417722
L396_f04,z,55.044871794871796
L396_f04,z,52.835978835978835
L396_f04,z,56.48780487804879
L396_f04,z,65.74835526315789
L396_f04,z,58.56140350877192
L396_f04,z,55.6987951807229
L396_f04,z,52.43383947939262
L396_f04,z,60.55284552845529
L396_f04,z,53.62114537444933
L396_f04,z,54.63013698630138
L396_f04,z,53.313501144164746
L396_f04,z,51.43167028199565
L396_f04,z,52.27712854757931
L396_f04,z,59.6694214876033
L396_f04,z,56.59514170040487
L396_f04,z,56.528735632183896
L396_f04,z,58.23272090988627
L396_f04,z,48.7656967840735
L396_f04,z,58.65943600867678
L396_f04,z,53.5
L396_f04,z,53.53409090909091
L396_f04,z,61.36206896551724
L396_f04,z,59.4177831912302
L396_f04,z,55.371727748691086
L396_f04,z,63.13962264150945
L396_f04,z,53.787234042553195
L396_f04,z,61.96153846153845
L396_f04,z,54.344086021505376
L396_f04,z,60.859375
